genus,family,order,class,phylum,n,n_res,f_res
Abditibacterium,Abditibacteriaceae,Abditibacteriales,Abditibacteriia,Armatimonadota,1,0,0
Abiotrophia,Aerococcaceae,Lactobacillales,Bacilli,Bacillota,1,1,1
Absicoccus,Erysipelotrichaceae,Erysipelotrichales,Bacilli,Bacillota,2,1,0.5
Abyssalbus,Flavobacteriaceae,Flavobacteriales,Bacteroidia,Bacteroidota,1,1,1
Abyssibius,Rhodobacteraceae,Rhodobacterales,Alphaproteobacteria,Pseudomonadota,1,0,0
Abyssicoccus,Abyssicoccaceae,Staphylococcales,Bacilli,Bacillota,1,0,0
Abyssisolibacter,MCWD3,Tissierellales,Clostridia,Bacillota,1,0,0
Abyssogena,NA,NA,NA,NA,1,1,1
Acanthopleuribacter,Acanthopleuribacteraceae,Acanthopleuribacterales,Holophagae,Acidobacteriota,1,0,0
Acaricomes,NA,NA,NA,NA,1,1,1
Acaryochloris,Thermosynechococcaceae,Thermosynechococcales,Cyanobacteriia,Cyanobacteriota,2,0,0
Acetatifactor,Lachnospiraceae,Lachnospirales,Clostridia,Bacillota,2,1,0.5
Acetilactobacillus,Lactobacillaceae,Lactobacillales,Bacilli,Bacillota,1,0,0
Acetivibrio,Acetivibrionaceae,Acetivibrionales,Clostridia,Bacillota,5,1,0.2
Acetoanaerobium,Filifactoraceae,Peptostreptococcales,Clostridia,Bacillota,1,1,1
Acetobacter,Acetobacteraceae,Acetobacterales,Alphaproteobacteria,Pseudomonadota,2,2,1
Acetobacterium,Eubacteriaceae,Eubacteriales,Clostridia,Bacillota,6,5,0.8333333333333334
Acetobacteroides,ZOR0009,Bacteroidales,Bacteroidia,Bacteroidota,1,0,0
Acetohalobium,Acetohalobiaceae,Halobacteroidales,Halanaerobiia,Bacillota,1,0,0
Acholeplasma,Acholeplasmataceae,Acholeplasmatales,Bacilli,Bacillota,6,2,0.3333333333333333
Achromobacter,Burkholderiaceae,Burkholderiales,Gammaproteobacteria,Pseudomonadota,15,7,0.4666666666666667
Acidaminococcus,Acidaminococcaceae,Acidaminococcales,Negativicutes,Bacillota,6,0,0
Acidibrevibacterium,Acetobacteraceae,Acetobacterales,Alphaproteobacteria,Pseudomonadota,1,0,0
Acidicapsa,Acidobacteriaceae,Terriglobales,Terriglobia,Acidobacteriota,3,3,1
Acididesulfobacillus,Desulfitobacteriaceae,Desulfitobacteriales,Desulfitobacteriia,Bacillota,1,1,1
Acidihalobacter,Acidihalobacteraceae,DSM-5130,Gammaproteobacteria,Pseudomonadota,4,1,0.25
Acidiphilium,Acetobacteraceae,Acetobacterales,Alphaproteobacteria,Pseudomonadota,2,0,0
Acidipila,Acidobacteriaceae,Terriglobales,Terriglobia,Acidobacteriota,1,1,1
Acidipropionibacterium,Propionibacteriaceae,Propionibacteriales,Actinomycetes,Actinomycetota,2,2,1
Acidisarcina,Acidobacteriaceae,Terriglobales,Terriglobia,Acidobacteriota,1,1,1
Acidisoma,Acetobacteraceae,Acetobacterales,Alphaproteobacteria,Pseudomonadota,3,0,0
Acidisphaera,Acetobacteraceae,Acetobacterales,Alphaproteobacteria,Pseudomonadota,1,1,1
Acidithiobacillus,Acidithiobacillaceae,Acidithiobacillales,Gammaproteobacteria,Pseudomonadota,15,12,0.8
Acidobacterium,Acidobacteriaceae,Terriglobales,Terriglobia,Acidobacteriota,1,1,1
Acidocella,Acetobacteraceae,Acetobacterales,Alphaproteobacteria,Pseudomonadota,4,0,0
Acidomonas,Acetobacteraceae,Acetobacterales,Alphaproteobacteria,Pseudomonadota,1,1,1
Acidothermus,Acidothermaceae,Acidothermales,Actinomycetes,Actinomycetota,1,0,0
Acidovorax,Burkholderiaceae,Burkholderiales,Gammaproteobacteria,Pseudomonadota,11,0,0
Aciduricibacillus,Amphibacillaceae,Bacillales_D,Bacilli,Bacillota,1,0,0
Acinetobacter,Moraxellaceae,Pseudomonadales,Gammaproteobacteria,Pseudomonadota,70,23,0.32857142857142857
Acrocarpospora,Streptosporangiaceae,Streptosporangiales,Actinomycetes,Actinomycetota,5,0,0
Actibacterium,Rhodobacteraceae,Rhodobacterales,Alphaproteobacteria,Pseudomonadota,5,0,0
Actinacidiphila,Streptomycetaceae,Streptomycetales,Actinomycetes,Actinomycetota,4,3,0.75
Actinoallomurus,Streptosporangiaceae,Streptosporangiales,Actinomycetes,Actinomycetota,6,4,0.6666666666666666
Actinoalloteichus,Pseudonocardiaceae,Mycobacteriales,Actinomycetes,Actinomycetota,5,0,0
Actinobacillus,Pasteurellaceae,Enterobacterales,Gammaproteobacteria,Pseudomonadota,12,0,0
Actinobaculum,Actinomycetaceae,Actinomycetales,Actinomycetes,Actinomycetota,2,0,0
Actinocatenispora,Micromonosporaceae,Mycobacteriales,Actinomycetes,Actinomycetota,3,0,0
Actinocorallia,Streptosporangiaceae,Streptosporangiales,Actinomycetes,Actinomycetota,4,3,0.75
Actinocrinis,Catenulisporaceae,Streptomycetales,Actinomycetes,Actinomycetota,1,0,0
Actinokineospora,Pseudonocardiaceae,Mycobacteriales,Actinomycetes,Actinomycetota,8,4,0.5
Actinomadura,Streptosporangiaceae,Streptosporangiales,Actinomycetes,Actinomycetota,32,22,0.6875
Actinomyces,Actinomycetaceae,Actinomycetales,Actinomycetes,Actinomycetota,30,9,0.3
Actinomycetospora,Pseudonocardiaceae,Mycobacteriales,Actinomycetes,Actinomycetota,12,5,0.4166666666666667
Actinophytocola,Pseudonocardiaceae,Mycobacteriales,Actinomycetes,Actinomycetota,6,1,0.16666666666666666
Actinoplanes,Micromonosporaceae,Mycobacteriales,Actinomycetes,Actinomycetota,21,0,0
Actinopolymorpha,Actinopolymorphaceae,Propionibacteriales,Actinomycetes,Actinomycetota,4,0,0
Actinopolyspora,Pseudonocardiaceae,Mycobacteriales,Actinomycetes,Actinomycetota,4,2,0.5
Actinorhabdospora,Micromonosporaceae,Mycobacteriales,Actinomycetes,Actinomycetota,1,0,0
Actinorugispora,Streptosporangiaceae,Streptosporangiales,Actinomycetes,Actinomycetota,1,1,1
Actinospica,Catenulisporaceae,Streptomycetales,Actinomycetes,Actinomycetota,2,0,0
Actinosynnema,Pseudonocardiaceae,Mycobacteriales,Actinomycetes,Actinomycetota,2,0,0
Actinotalea,Cellulomonadaceae,Actinomycetales,Actinomycetes,Actinomycetota,2,1,0.5
Actinotignum,Actinomycetaceae,Actinomycetales,Actinomycetes,Actinomycetota,1,0,0
Actirhodobacter,Sphingomonadaceae,Sphingomonadales,Alphaproteobacteria,Pseudomonadota,1,0,0
Actomonas,Opitutaceae,Opitutales,Verrucomicrobiia,Verrucomicrobiota,1,0,0
Acuticoccus,Amorphaceae,Rhizobiales,Alphaproteobacteria,Pseudomonadota,5,0,0
Adhaeretor,Lacipirellulaceae,Pirellulales,Planctomycetia,Planctomycetota,1,1,1
Adhaeribacter,Hymenobacteraceae,Cytophagales,Bacteroidia,Bacteroidota,5,3,0.6
Adlercreutzia,Eggerthellaceae,Coriobacteriales,Coriobacteriia,Actinomycetota,5,2,0.4
Adonisia,NA,NA,NA,NA,1,0,0
Advenella,Burkholderiaceae,Burkholderiales,Gammaproteobacteria,Pseudomonadota,2,0,0
Aedoeadaptatus,Peptoniphilaceae,Tissierellales,Clostridia,Bacillota,4,4,1
Aegicerativicinus,Flavobacteriaceae,Flavobacteriales,Bacteroidia,Bacteroidota,1,0,0
Aequoribacter,Halieaceae,Pseudomonadales,Gammaproteobacteria,Pseudomonadota,1,0,0
Aequorivita,Flavobacteriaceae,Flavobacteriales,Bacteroidia,Bacteroidota,17,1,0.058823529411764705
Aeribacillus,Aeribacillaceae,Bacillales,Bacilli,Bacillota,2,0,0
Aeriscardovia,Bifidobacteriaceae,Actinomycetales,Actinomycetes,Actinomycetota,1,0,0
Aerococcus,Aerococcaceae,Lactobacillales,Bacilli,Bacillota,1,0,0
Aerolutibacter,Xanthomonadaceae,Xanthomonadales,Gammaproteobacteria,Pseudomonadota,2,0,0
Aeromicrobium,Nocardioidaceae,Propionibacteriales,Actinomycetes,Actinomycetota,16,2,0.125
Aeromonas,Aeromonadaceae,Enterobacterales,Gammaproteobacteria,Pseudomonadota,28,0,0
Aerosakkonema,Aerosakkonemataceae,Cyanobacteriales,Cyanobacteriia,Cyanobacteriota,1,0,0
Aerosticca,Rhodanobacteraceae,Xanthomonadales,Gammaproteobacteria,Pseudomonadota,1,0,0
Aestuarierythrobacter,NA,NA,NA,NA,1,0,0
Aestuariibaculum,Flavobacteriaceae,Flavobacteriales,Bacteroidia,Bacteroidota,3,0,0
Aestuariibius,Rhodobacteraceae,Rhodobacterales,Alphaproteobacteria,Pseudomonadota,2,0,0
Aestuariimicrobium,Propionibacteriaceae,Propionibacteriales,Actinomycetes,Actinomycetota,1,1,1
Aestuariirhabdus,Aestuariirhabdaceae,Pseudomonadales,Gammaproteobacteria,Pseudomonadota,1,0,0
Aestuariivita,Rhodobacteraceae,Rhodobacterales,Alphaproteobacteria,Pseudomonadota,1,0,0
Aestuariivivens,Flavobacteriaceae,Flavobacteriales,Bacteroidia,Bacteroidota,2,2,1
Aetokthonos,Nostocaceae,Cyanobacteriales,Cyanobacteriia,Cyanobacteriota,1,0,0
Affinibrenneria,NA,NA,NA,NA,1,0,0
Agaribacillus,Cyclobacteriaceae,Cytophagales,Bacteroidia,Bacteroidota,1,1,1
Agaricicola,Methylopilaceae,Rhizobiales,Alphaproteobacteria,Pseudomonadota,1,0,0
Agarivorans,Celerinatantimonadaceae,Enterobacterales,Gammaproteobacteria,Pseudomonadota,3,0,0
Agathobacter,Lachnospiraceae,Lachnospirales,Clostridia,Bacillota,1,0,0
Agathobaculum,Butyricicoccaceae,Oscillospirales,Clostridia,Bacillota,4,3,0.75
Aggregatibacter,Pasteurellaceae,Enterobacterales,Gammaproteobacteria,Pseudomonadota,4,0,0
Aggregatilinea,Aggregatilineaceae,Aggregatilineales,Anaerolineae,Chloroflexota,1,0,0
Aggregatimonas,NA,NA,NA,NA,1,1,1
Agitococcus,Moraxellaceae,Pseudomonadales,Gammaproteobacteria,Pseudomonadota,1,0,0
Agreia,Microbacteriaceae,Actinomycetales,Actinomycetes,Actinomycetota,2,0,0
Agrilactobacillus,Lactobacillaceae,Lactobacillales,Bacilli,Bacillota,3,2,0.6666666666666666
Agrilutibacter,Xanthomonadaceae,Xanthomonadales,Gammaproteobacteria,Pseudomonadota,3,0,0
Agrobacterium,Rhizobiaceae,Rhizobiales,Alphaproteobacteria,Pseudomonadota,19,0,0
Agrococcus,Microbacteriaceae,Actinomycetales,Actinomycetes,Actinomycetota,5,5,1
Agromyces,Microbacteriaceae,Actinomycetales,Actinomycetes,Actinomycetota,26,19,0.7307692307692307
Ahniella,Ahniellaceae,Xanthomonadales,Gammaproteobacteria,Pseudomonadota,1,0,0
Ahrensia,Rhizobiaceae,Rhizobiales,Alphaproteobacteria,Pseudomonadota,2,0,0
Akkermansia,Akkermansiaceae,Verrucomicrobiales,Verrucomicrobiia,Verrucomicrobiota,1,0,0
Albibacillus,Rhodobacteraceae,Rhodobacterales,Alphaproteobacteria,Pseudomonadota,1,0,0
Albibacterium,Sphingobacteriaceae,Sphingobacteriales,Bacteroidia,Bacteroidota,2,0,0
Albidovulum,Rhodobacteraceae,Rhodobacterales,Alphaproteobacteria,Pseudomonadota,9,0,0
Albimonas,Rhodobacteraceae,Rhodobacterales,Alphaproteobacteria,Pseudomonadota,1,0,0
Alcaligenes,Burkholderiaceae,Burkholderiales,Gammaproteobacteria,Pseudomonadota,6,5,0.8333333333333334
Alcanivorax,Alcanivoracaceae,Pseudomonadales,Gammaproteobacteria,Pseudomonadota,1,0,0
Alexandriicola,Rhodobacteraceae,Rhodobacterales,Alphaproteobacteria,Pseudomonadota,1,0,0
Algibacter,Flavobacteriaceae,Flavobacteriales,Bacteroidia,Bacteroidota,4,2,0.5
Algihabitans,DSM-21159,Kiloniellales,Alphaproteobacteria,Pseudomonadota,1,0,0
Algimonas,NA,NA,NA,NA,1,0,0
Alginatibacterium,Celerinatantimonadaceae,Enterobacterales,Gammaproteobacteria,Pseudomonadota,1,0,0
Algiphilus,Algiphilaceae,Nevskiales,Gammaproteobacteria,Pseudomonadota,1,0,0
Algirhabdus,NA,NA,NA,NA,1,0,0
Algisphaera,Phycisphaeraceae,Phycisphaerales,Phycisphaerae,Planctomycetota,1,0,0
Algoriphagus,Cyclobacteriaceae,Cytophagales,Bacteroidia,Bacteroidota,20,13,0.65
Aliamphritea,NA,NA,NA,NA,1,0,0
Alicycliphilus,Burkholderiaceae,Burkholderiales,Gammaproteobacteria,Pseudomonadota,1,0,0
Alicyclobacillus,Alicyclobacillaceae,Alicyclobacillales,Bacilli,Bacillota,12,4,0.3333333333333333
Alienimonas,Planctomycetaceae,Planctomycetales,Planctomycetia,Planctomycetota,2,0,0
Aliidiomarina,Alteromonadaceae,Enterobacterales,Gammaproteobacteria,Pseudomonadota,8,2,0.25
Aliidongia,CGMCC-115725,ATCC43930,Alphaproteobacteria,Pseudomonadota,1,0,0
Aliigemmobacter,NA,NA,NA,NA,1,0,0
Aliihoeflea,Rhizobiaceae,Rhizobiales,Alphaproteobacteria,Pseudomonadota,1,0,0
Aliikangiella,Kangiellaceae,Enterobacterales,Gammaproteobacteria,Pseudomonadota,1,1,1
Aliirhizobium,NA,NA,NA,NA,3,0,0
Aliiroseovarius,Rhodobacteraceae,Rhodobacterales,Alphaproteobacteria,Pseudomonadota,4,0,0
Aliiruegeria,NA,NA,NA,NA,2,0,0
Aliisedimentitalea,NA,NA,NA,NA,1,0,0
Aliishimia,Rhodobacteraceae,Rhodobacterales,Alphaproteobacteria,Pseudomonadota,1,0,0
Aliivibrio,Vibrionaceae,Enterobacterales,Gammaproteobacteria,Pseudomonadota,4,0,0
Alishewanella,Alteromonadaceae,Enterobacterales,Gammaproteobacteria,Pseudomonadota,2,0,0
Alistipes,Rikenellaceae,Bacteroidales,Bacteroidia,Bacteroidota,11,4,0.36363636363636365
Alitabrizicola,NA,NA,NA,NA,1,0,0
Alkalibacillus,Alkalibacillaceae,Bacillales_D,Bacilli,Bacillota,2,2,1
Alkalibacter,Alkalibacteraceae,Eubacteriales,Clostridia,Bacillota,2,0,0
Alkalibacterium,Carnobacteriaceae,Lactobacillales,Bacilli,Bacillota,6,0,0
Alkalicoccus,Salisediminibacteriaceae,Bacillales_H,Bacilli,Bacillota,3,1,0.3333333333333333
Alkalidesulfovibrio,Desulfovibrionaceae,Desulfovibrionales,Desulfovibrionia,Desulfobacterota_I,1,0,0
Alkaliflexus,Marinilabiliaceae,Bacteroidales,Bacteroidia,Bacteroidota,1,0,0
Alkalihalobacillus,Bacillaceae_D,Bacillales_H,Bacilli,Bacillota,3,3,1
Alkalihalobacterium,Bacillaceae_F,Bacillales_H,Bacilli,Bacillota,4,1,0.25
Alkalihalophilus,Bacillaceae_D,Bacillales_H,Bacilli,Bacillota,3,0,0
Alkalilacustris,Rhodobacteraceae,Rhodobacterales,Alphaproteobacteria,Pseudomonadota,1,0,0
Alkalilimnicola,Halorhodospiraceae,Nitrococcales,Gammaproteobacteria,Pseudomonadota,1,0,0
Alkaliphilus,Natronincolaceae,Peptostreptococcales,Clostridia,Bacillota,4,2,0.5
Alkalisalibacterium,Xanthomonadaceae,Xanthomonadales,Gammaproteobacteria,Pseudomonadota,1,0,0
Alkalispirillum,NA,NA,NA,NA,1,0,0
Alkalispirochaeta,Alkalispirochaetaceae,DSM-27196,Spirochaetia,Spirochaetota,2,2,1
Alkalitalea,NA,NA,NA,NA,1,0,0
Alkalithermobacter,Peptostreptococcaceae,Peptostreptococcales,Clostridia,Bacillota,2,1,0.5
Alkanindiges,Moraxellaceae,Pseudomonadales,Gammaproteobacteria,Pseudomonadota,1,1,1
Alloacidobacterium,Acidobacteriaceae,Terriglobales,Terriglobia,Acidobacteriota,1,1,1
Alloalcanivorax,Alcanivoracaceae,Pseudomonadales,Gammaproteobacteria,Pseudomonadota,5,5,1
Allobacillus,Alkalibacillaceae,Bacillales_D,Bacilli,Bacillota,1,0,0
Allobaculum,Erysipelotrichaceae,Erysipelotrichales,Bacilli,Bacillota,3,2,0.6666666666666666
Allochromatium,NA,NA,NA,NA,4,0,0
Allofrancisella,Francisellaceae,Francisellales,Gammaproteobacteria,Pseudomonadota,2,1,0.5
Allofranklinella,NA,NA,NA,NA,1,0,0
Allofustis,Carnobacteriaceae,Lactobacillales,Bacilli,Bacillota,1,0,0
Allokutzneria,Pseudonocardiaceae,Mycobacteriales,Actinomycetes,Actinomycetota,1,0,0
Allomeiothermus,Thermaceae,Deinococcales,Deinococci,Deinococcota,1,0,0
Allomesorhizobium,NA,NA,NA,NA,1,0,0
Allonocardiopsis,Streptosporangiaceae,Streptosporangiales,Actinomycetes,Actinomycetota,1,0,0
Allopontixanthobacter,Sphingomonadaceae,Sphingomonadales,Alphaproteobacteria,Pseudomonadota,2,0,0
Alloprevotella,Bacteroidaceae,Bacteroidales,Bacteroidia,Bacteroidota,1,0,0
Allopusillimonas,Burkholderiaceae,Burkholderiales,Gammaproteobacteria,Pseudomonadota,2,1,0.5
Allorhizobium,Rhizobiaceae,Rhizobiales,Alphaproteobacteria,Pseudomonadota,6,0,0
Allorhodopirellula,NA,NA,NA,NA,2,2,1
Allosalinactinospora,Streptosporangiaceae,Streptosporangiales,Actinomycetes,Actinomycetota,1,1,1
Alloscardovia,Bifidobacteriaceae,Actinomycetales,Actinomycetes,Actinomycetota,4,1,0.25
Allosphingosinicella,Sphingomonadaceae,Sphingomonadales,Alphaproteobacteria,Pseudomonadota,6,0,0
Allostreptomyces,Streptomycetaceae,Streptomycetales,Actinomycetes,Actinomycetota,1,0,0
Allotamlana,NA,NA,NA,NA,1,0,0
Alloyangia,NA,NA,NA,NA,2,0,0
Alsobacter,Beijerinckiaceae,Rhizobiales,Alphaproteobacteria,Pseudomonadota,1,0,0
Alteraquisediminimonas,NA,NA,NA,NA,1,0,0
Alteraurantiacibacter,Sphingomonadaceae,Sphingomonadales,Alphaproteobacteria,Pseudomonadota,5,0,0
Altererythrobacter,Sphingomonadaceae,Sphingomonadales,Alphaproteobacteria,Pseudomonadota,9,0,0
Alteribacillus,Marinococcaceae,Bacillales_H,Bacilli,Bacillota,3,2,0.6666666666666666
Alteribacter,Salisediminibacteriaceae,Bacillales_H,Bacilli,Bacillota,3,3,1
Altericroceibacterium,Sphingomonadaceae,Sphingomonadales,Alphaproteobacteria,Pseudomonadota,4,0,0
Alterileibacterium,Anaerovoracaceae,Peptostreptococcales,Clostridia,Bacillota,1,0,0
Alterinioella,Rhodobacteraceae,Rhodobacterales,Alphaproteobacteria,Pseudomonadota,1,0,0
Alteripontixanthobacter,Sphingomonadaceae,Sphingomonadales,Alphaproteobacteria,Pseudomonadota,2,0,0
Alteriqipengyuania,Sphingomonadaceae,Sphingomonadales,Alphaproteobacteria,Pseudomonadota,4,0,0
Alterirhizorhabdus,NA,NA,NA,NA,1,1,1
Alterisphingorhabdus,NA,NA,NA,NA,1,0,0
Alterluteimonas,NA,NA,NA,NA,1,0,0
Alteromonas,Alteromonadaceae,Enterobacterales,Gammaproteobacteria,Pseudomonadota,8,0,0
Altibacter,Flavobacteriaceae,Flavobacteriales,Bacteroidia,Bacteroidota,1,0,0
Alysiella,NA,NA,NA,NA,1,0,0
Amantichitinum,Chitinibacteraceae,Burkholderiales,Gammaproteobacteria,Pseudomonadota,1,0,0
Amaricoccus,Rhodobacteraceae,Rhodobacterales,Alphaproteobacteria,Pseudomonadota,2,0,0
Amedibacillus,Erysipelotrichaceae,Erysipelotrichales,Bacilli,Bacillota,1,0,0
Amedibacterium,Erysipelotrichaceae,Erysipelotrichales,Bacilli,Bacillota,1,0,0
Ameyamaea,Acetobacteraceae,Acetobacterales,Alphaproteobacteria,Pseudomonadota,1,1,1
Aminiphilus,Aminiphilaceae,Synergistales,Synergistia,Synergistota,1,1,1
Aminipila,Anaerovoracaceae,Peptostreptococcales,Clostridia,Bacillota,3,2,0.6666666666666666
Aminirod,NA,NA,NA,NA,1,0,0
Aminithiophilus,Aminithiophilaceae,Synergistales,Synergistia,Synergistota,1,0,0
Aminobacter,Rhizobiaceae,Rhizobiales,Alphaproteobacteria,Pseudomonadota,5,0,0
Aminobacterium,Aminobacteriaceae,Synergistales,Synergistia,Synergistota,2,0,0
Aminomonas,Synergistaceae,Synergistales,Synergistia,Synergistota,1,0,0
Ammonicoccus,NA,NA,NA,NA,1,0,0
Ammonifex,Ammonificaceae,Desulfotomaculales,Desulfotomaculia,Bacillota,2,1,0.5
Ammoniphilus,RAOX-1,Aneurinibacillales,Bacilli,Bacillota,1,0,0
Amnibacterium,Microbacteriaceae,Actinomycetales,Actinomycetes,Actinomycetota,2,0,0
Amniculibacterium,Weeksellaceae,Flavobacteriales,Bacteroidia,Bacteroidota,1,1,1
Amnimonas,NA,NA,NA,NA,1,0,0
Amorphus,Amorphaceae,Rhizobiales,Alphaproteobacteria,Pseudomonadota,1,0,0
Amphibacillus,Amphibacillaceae,Bacillales_D,Bacilli,Bacillota,2,0,0
Amphibiibacter,NA,NA,NA,NA,1,1,1
Amphiplicatus,Parvularculaceae,Caulobacterales,Alphaproteobacteria,Pseudomonadota,1,0,0
Amphritea,Balneatricaceae,Pseudomonadales,Gammaproteobacteria,Pseudomonadota,1,0,0
Ampullimonas,NA,NA,NA,NA,1,0,0
Amycolatopsis,Pseudonocardiaceae,Mycobacteriales,Actinomycetes,Actinomycetota,75,29,0.38666666666666666
Amygdalobacter,Fastidiosipilaceae,Saccharofermentanales,Clostridia,Bacillota,2,0,0
Amylibacter,Rhodobacteraceae,Rhodobacterales,Alphaproteobacteria,Pseudomonadota,1,0,0
Anabaena,Nostocaceae,Cyanobacteriales,Cyanobacteriia,Cyanobacteriota,2,1,0.5
Anabaenopsis,Nostocaceae,Cyanobacteriales,Cyanobacteriia,Cyanobacteriota,1,0,0
Anaerobacillus,Anaerobacillaceae,Bacillales_H,Bacilli,Bacillota,2,0,0
Anaerobiospirillum,Succinivibrionaceae,Enterobacterales,Gammaproteobacteria,Pseudomonadota,1,0,0
Anaerobutyricum,Lachnospiraceae,Lachnospirales,Clostridia,Bacillota,1,0,0
Anaerocaecibacter,Pumilibacteraceae,Christensenellales,Clostridia,Bacillota,1,1,1
Anaerococcus,Peptoniphilaceae,Tissierellales,Clostridia,Bacillota,12,6,0.5
Anaerocolumna,Lachnospiraceae,Lachnospirales,Clostridia,Bacillota,3,3,1
Anaerofilum,Ruminococcaceae,Oscillospirales,Clostridia,Bacillota,1,0,0
Anaeroglobus,Megasphaeraceae,Veillonellales,Negativicutes,Bacillota,1,0,0
Anaerohalosphaera,Anaerohalosphaeraceae,Sedimentisphaerales,Phycisphaerae,Planctomycetota,1,0,0
Anaerolactibacter,NA,NA,NA,NA,1,0,0
Anaerolentibacter,Lachnospiraceae,Lachnospirales,Clostridia,Bacillota,1,0,0
Anaeromassilibacillus,Acutalibacteraceae,Oscillospirales,Clostridia,Bacillota,1,0,0
Anaeromicropila,Lachnospiraceae,Lachnospirales,Clostridia,Bacillota,1,0,0
Anaeromyxobacter,Anaeromyxobacteraceae,Myxococcales,Myxococcia,Myxococcota,6,0,0
Anaerophaga,Marinilabiliaceae,Bacteroidales,Bacteroidia,Bacteroidota,1,0,0
Anaerorhabdus,Erysipelotrichaceae,Erysipelotrichales,Bacilli,Bacillota,1,0,0
Anaerosacchariphilus,Lachnospiraceae,Lachnospirales,Clostridia,Bacillota,1,0,0
Anaerosalibacter,Sporanaerobacteraceae,Tissierellales,Clostridia,Bacillota,1,1,1
Anaeroselena,NA,NA,NA,NA,1,0,0
Anaerosoma,Anaerosomataceae,Anaerosomatales,Coriobacteriia,Actinomycetota,1,0,0
Anaerosphaera,Peptoniphilaceae,Tissierellales,Clostridia,Bacillota,1,0,0
Anaerosporobacter,Lachnospiraceae,Lachnospirales,Clostridia,Bacillota,1,0,0
Anaerosporomusa,Acetonemataceae,Sporomusales,Negativicutes,Bacillota,1,0,0
Anaerostipes,Lachnospiraceae,Lachnospirales,Clostridia,Bacillota,4,0,0
Anaerotaenia,NA,NA,NA,NA,1,1,1
Anaerotardibacter,Eggerthellaceae,Coriobacteriales,Coriobacteriia,Actinomycetota,1,0,0
Anaerotruncus,Ruminococcaceae,Oscillospirales,Clostridia,Bacillota,1,0,0
Anaerovibrio,Selenomonadaceae,Selenomonadales,Negativicutes,Bacillota,1,0,0
Anaerovirgula,Natronincolaceae,Peptostreptococcales,Clostridia,Bacillota,1,0,0
Anaplasma,Anaplasmataceae,Rickettsiales,Alphaproteobacteria,Pseudomonadota,6,0,0
Anatilimnocola,Pirellulaceae,Pirellulales,Planctomycetia,Planctomycetota,1,0,0
Ancylobacter,Xanthobacteraceae,Rhizobiales,Alphaproteobacteria,Pseudomonadota,2,0,0
Andreesenia,Gottschalkiaceae,Tissierellales,Clostridia,Bacillota,1,1,1
Andreprevotia,Chitinibacteraceae,Burkholderiales,Gammaproteobacteria,Pseudomonadota,1,0,0
Aneurinibacillus,Aneurinibacillaceae,Aneurinibacillales,Bacilli,Bacillota,5,2,0.4
Anianabacter,Rhodobacteraceae,Rhodobacterales,Alphaproteobacteria,Pseudomonadota,1,1,1
Anoxybacillus,Anoxybacillaceae,Bacillales,Bacilli,Bacillota,6,3,0.5
Anoxybacter,DY22613,DY22613,Halanaerobiia,Bacillota,1,0,0
Anoxybacterium,NA,NA,NA,NA,1,1,1
Anoxybacteroides,NA,NA,NA,NA,1,0,0
Anoxynatronum,Tindalliaceae,Peptostreptococcales,Clostridia,Bacillota,2,2,1
Anseongella,Sphingobacteriaceae,Sphingobacteriales,Bacteroidia,Bacteroidota,1,0,0
Antarcticibacterium,NA,NA,NA,NA,2,0,0
Antarcticimicrobium,Rhodobacteraceae,Rhodobacterales,Alphaproteobacteria,Pseudomonadota,2,0,0
Antarcticirhabdus,Rhizobiaceae,Rhizobiales,Alphaproteobacteria,Pseudomonadota,1,1,1
Antarctobacter,Rhodobacteraceae,Rhodobacterales,Alphaproteobacteria,Pseudomonadota,1,0,0
Anthocerotibacter,LV9,Gloeobacterales,Cyanobacteriia,Cyanobacteriota,1,1,1
Antiquaquibacter,NA,NA,NA,NA,2,1,0.5
Antribacter,Cellulomonadaceae,Actinomycetales,Actinomycetes,Actinomycetota,1,0,0
Antricoccus,Antricoccaceae,Mycobacteriales,Actinomycetes,Actinomycetota,1,1,1
Antrihabitans,Mycobacteriaceae,Mycobacteriales,Actinomycetes,Actinomycetota,4,0,0
Aphanizomenon,NA,NA,NA,NA,1,0,0
Aphanothece,Microcystaceae,Cyanobacteriales,Cyanobacteriia,Cyanobacteriota,3,2,0.6666666666666666
Apibacter,Weeksellaceae,Flavobacteriales,Bacteroidia,Bacteroidota,3,1,0.3333333333333333
Apilactobacillus,Lactobacillaceae,Lactobacillales,Bacilli,Bacillota,3,0,0
Aporhodopirellula,NA,NA,NA,NA,2,2,1
Aquabacter,Xanthobacteraceae,Rhizobiales,Alphaproteobacteria,Pseudomonadota,3,0,0
Aquabacterium,Burkholderiaceae,Burkholderiales,Gammaproteobacteria,Pseudomonadota,6,3,0.5
Aquariibacter,Burkholderiaceae,Burkholderiales,Gammaproteobacteria,Pseudomonadota,1,0,0
Aquaticitalea,Flavobacteriaceae,Flavobacteriales,Bacteroidia,Bacteroidota,1,0,0
Aquella,UBA11063,Burkholderiales,Gammaproteobacteria,Pseudomonadota,1,1,1
Aquibaculum,DSM-21159,Kiloniellales,Alphaproteobacteria,Pseudomonadota,2,2,1
Aquibium,Rhizobiaceae,Rhizobiales,Alphaproteobacteria,Pseudomonadota,4,0,0
Aquicella,DSM-16500,DSM-16500,Gammaproteobacteria,Pseudomonadota,2,0,0
Aquidulcibacter,TH1-2,Caulobacterales,Alphaproteobacteria,Pseudomonadota,1,0,0
Aquifex,Aquificaceae,Aquificales,Aquificia,Aquificota,1,0,0
Aquiflexum,Cyclobacteriaceae,Cytophagales,Bacteroidia,Bacteroidota,2,0,0
Aquilutibacter,NA,NA,NA,NA,1,0,0
Aquimarina,Flavobacteriaceae,Flavobacteriales,Bacteroidia,Bacteroidota,21,3,0.14285714285714285
Aquimonas,Xanthomonadaceae,Xanthomonadales,Gammaproteobacteria,Pseudomonadota,1,0,0
Aquincola,Burkholderiaceae,Burkholderiales,Gammaproteobacteria,Pseudomonadota,2,0,0
Aquipseudomonas,NA,NA,NA,NA,3,0,0
Aquipuribacter,JBBAYJ01,Actinomycetales,Actinomycetes,Actinomycetota,2,0,0
Aquirufa,Spirosomataceae,Cytophagales,Bacteroidia,Bacteroidota,13,0,0
Aquisalimonas,Aquisalimonadaceae,Nitrococcales,Gammaproteobacteria,Pseudomonadota,2,1,0.5
Aquisalinus,Parvularculaceae,Caulobacterales,Alphaproteobacteria,Pseudomonadota,2,0,0
Aquisediminimonas,Sphingomonadaceae,Sphingomonadales,Alphaproteobacteria,Pseudomonadota,1,0,0
Aquitalea,Chromobacteriaceae,Burkholderiales,Gammaproteobacteria,Pseudomonadota,4,3,0.75
Arachidicoccus,Chitinophagaceae,Chitinophagales,Bacteroidia,Bacteroidota,1,1,1
Arachnia,Propionibacteriaceae,Propionibacteriales,Actinomycetes,Actinomycetota,1,0,0
Arboricoccus,Geminicoccaceae,Geminicoccales,Alphaproteobacteria,Pseudomonadota,1,0,0
Arcanobacterium,Actinomycetaceae,Actinomycetales,Actinomycetes,Actinomycetota,4,2,0.5
Archangium,Myxococcaceae,Myxococcales,Myxococcia,Myxococcota,2,0,0
Arcicella,Spirosomataceae,Cytophagales,Bacteroidia,Bacteroidota,5,1,0.2
Arcobacter,Arcobacteraceae,Campylobacterales,Campylobacteria,Campylobacterota,12,6,0.5
Arcticibacterium,Spirosomataceae,Cytophagales,Bacteroidia,Bacteroidota,1,0,0
Arenibacter,Flavobacteriaceae,Flavobacteriales,Bacteroidia,Bacteroidota,8,5,0.625
Arenibaculum,Azospirillaceae,Azospirillales,Alphaproteobacteria,Pseudomonadota,1,0,0
Arenicella,Arenicellaceae,Arenicellales,Gammaproteobacteria,Pseudomonadota,2,0,0
Arenimonas,Xanthomonadaceae,Xanthomonadales,Gammaproteobacteria,Pseudomonadota,10,1,0.1
Argonema,Aerosakkonemataceae,Cyanobacteriales,Cyanobacteriia,Cyanobacteriota,2,0,0
Aridibaculum,NA,NA,NA,NA,1,1,1
Aristaeella,Aristaeellaceae,Christensenellales,Clostridia,Bacillota,2,2,1
Aromatoleum,Rhodocyclaceae,Burkholderiales,Gammaproteobacteria,Pseudomonadota,10,0,0
Arsenicibacter,Spirosomataceae,Cytophagales,Bacteroidia,Bacteroidota,1,0,0
Arsenicicoccus,Dermatophilaceae,Actinomycetales,Actinomycetes,Actinomycetota,3,1,0.3333333333333333
Arsenicitalea,Devosiaceae,Rhizobiales,Alphaproteobacteria,Pseudomonadota,1,0,0
Arsenophonus,Enterobacteriaceae_A,Enterobacterales_A,Gammaproteobacteria,Pseudomonadota,7,3,0.42857142857142855
Arsukibacterium,Alteromonadaceae,Enterobacterales,Gammaproteobacteria,Pseudomonadota,2,0,0
Arthrobacter,Micrococcaceae,Actinomycetales,Actinomycetes,Actinomycetota,51,9,0.17647058823529413
Arthrospiribacter,Cyclobacteriaceae,Cytophagales,Bacteroidia,Bacteroidota,1,1,1
Asaia,Acetobacteraceae,Acetobacterales,Alphaproteobacteria,Pseudomonadota,4,4,1
Ascidiaceihabitans,Rhodobacteraceae,Rhodobacterales,Alphaproteobacteria,Pseudomonadota,1,0,0
Asticcacaulis,Caulobacteraceae,Caulobacterales,Alphaproteobacteria,Pseudomonadota,7,0,0
Athalassotoga,Mesoaciditogaceae,Mesoaciditogales,Thermotogae,Thermotogota,1,1,1
Atlantibacter,Enterobacteriaceae,Enterobacterales,Gammaproteobacteria,Pseudomonadota,2,0,0
Atopobium,Atopobiaceae,Coriobacteriales,Coriobacteriia,Actinomycetota,1,0,0
Atopomonas,Pseudomonadaceae,Pseudomonadales,Gammaproteobacteria,Pseudomonadota,2,0,0
Atribacter,Atribacteraceae,Atribacterales,Atribacteria,Atribacterota,1,0,0
Atrimonas,NA,NA,NA,NA,1,0,0
Aurantiacibacter,Sphingomonadaceae,Sphingomonadales,Alphaproteobacteria,Pseudomonadota,16,0,0
Aurantibacillus,B-17BO,B-17B0,Bacteroidia,Bacteroidota,1,0,0
Aurantibacter,Flavobacteriaceae,Flavobacteriales,Bacteroidia,Bacteroidota,2,0,0
Aurantimonas,Rhizobiaceae,Rhizobiales,Alphaproteobacteria,Pseudomonadota,5,0,0
Auraticoccus,Propionibacteriaceae,Propionibacteriales,Actinomycetes,Actinomycetota,2,2,1
Aureibacillus,DSM-28697,DSM-28697,Bacilli,Bacillota,1,1,1
Aureibaculum,Flavobacteriaceae,Flavobacteriales,Bacteroidia,Bacteroidota,4,0,0
Aureicoccus,Flavobacteriaceae,Flavobacteriales,Bacteroidia,Bacteroidota,1,1,1
Aureimonas,Rhizobiaceae,Rhizobiales,Alphaproteobacteria,Pseudomonadota,11,0,0
Aureispira,Saprospiraceae,Chitinophagales,Bacteroidia,Bacteroidota,1,0,0
Aureitalea,Flavobacteriaceae,Flavobacteriales,Bacteroidia,Bacteroidota,1,0,0
Austwickia,Dermatophilaceae,Actinomycetales,Actinomycetes,Actinomycetota,1,1,1
Autumnicola,Flavobacteriaceae,Flavobacteriales,Bacteroidia,Bacteroidota,6,4,0.6666666666666666
Avibacterium,Pasteurellaceae,Enterobacterales,Gammaproteobacteria,Pseudomonadota,3,0,0
Avrilella,NA,NA,NA,NA,1,0,0
Azoarcus,Rhodocyclaceae,Burkholderiales,Gammaproteobacteria,Pseudomonadota,3,0,0
Azohydromonas,Burkholderiaceae,Burkholderiales,Gammaproteobacteria,Pseudomonadota,2,0,0
Azomonas,Pseudomonadaceae,Pseudomonadales,Gammaproteobacteria,Pseudomonadota,1,0,0
Azonexus,Rhodocyclaceae,Burkholderiales,Gammaproteobacteria,Pseudomonadota,3,0,0
Azorhizobium,Xanthobacteraceae,Rhizobiales,Alphaproteobacteria,Pseudomonadota,2,0,0
Azorhizophilus,NA,NA,NA,NA,1,0,0
Azospira,Rhodocyclaceae,Burkholderiales,Gammaproteobacteria,Pseudomonadota,3,0,0
Azospirillum,Azospirillaceae,Azospirillales,Alphaproteobacteria,Pseudomonadota,21,3,0.14285714285714285
Azotobacter,Pseudomonadaceae,Pseudomonadales,Gammaproteobacteria,Pseudomonadota,3,0,0
Azotosporobacter,SG130,SG130,Negativicutes,Bacillota,1,0,0
Azovibrio,Rhodocyclaceae,Burkholderiales,Gammaproteobacteria,Pseudomonadota,1,0,0
Bacilliculturomica,Anaerovoracaceae,Peptostreptococcales,Clostridia,Bacillota,1,1,1
Bacillus,Bacillaceae,Bacillales,Bacilli,Bacillota,83,7,0.08433734939759036
Bacterioplanes,DSM-6294,Pseudomonadales,Gammaproteobacteria,Pseudomonadota,1,1,1
Bacteriovorax,Bacteriovoracaceae,Bacteriovoracales,Bacteriovoracia,Bdellovibrionota,2,1,0.5
Bacteroides,Bacteroidaceae,Bacteroidales,Bacteroidia,Bacteroidota,26,8,0.3076923076923077
Bacteroidetes,NA,NA,NA,NA,1,0,0
Baekduia,Solirubrobacteraceae,Solirubrobacterales,Thermoleophilia,Actinomycetota,2,0,0
Bailinhaonella,Streptosporangiaceae,Streptosporangiales,Actinomycetes,Actinomycetota,1,0,0
Balneicella,Marinifilaceae,Bacteroidales,Bacteroidia,Bacteroidota,1,1,1
Balneola,Balneolaceae,Balneolales,Rhodothermia,Bacteroidota_A,1,0,0
Banduia,JAHZLQ01,Nevskiales,Gammaproteobacteria,Pseudomonadota,1,0,0
Bariatricus,Lachnospiraceae,Lachnospirales,Clostridia,Bacillota,1,0,0
Barnesiella,Barnesiellaceae,Bacteroidales,Bacteroidia,Bacteroidota,1,0,0
Barrientosiimonas,Dermatophilaceae,Actinomycetales,Actinomycetes,Actinomycetota,2,0,0
Bartonella,Rhizobiaceae,Rhizobiales,Alphaproteobacteria,Pseudomonadota,19,0,0
Basfia,Pasteurellaceae,Enterobacterales,Gammaproteobacteria,Pseudomonadota,1,0,0
Basilea,Burkholderiaceae,Burkholderiales,Gammaproteobacteria,Pseudomonadota,1,1,1
Bathymodiolus,NA,NA,NA,NA,2,1,0.5
Bauldia,Kaistiaceae,Rhizobiales,Alphaproteobacteria,Pseudomonadota,1,0,0
Bdellovibrio,Bdellovibrionaceae,Bdellovibrionales,Bdellovibrionia,Bdellovibrionota,3,0,0
Beduinella,Aristaeellaceae,Christensenellales,Clostridia,Bacillota,1,1,1
Beduini,Coprobacillaceae,Erysipelotrichales,Bacilli,Bacillota,1,1,1
Beijerinckia,Beijerinckiaceae,Rhizobiales,Alphaproteobacteria,Pseudomonadota,2,0,0
Belliella,Cyclobacteriaceae,Cytophagales,Bacteroidia,Bacteroidota,8,7,0.875
Belnapia,Acetobacteraceae,Acetobacterales,Alphaproteobacteria,Pseudomonadota,2,1,0.5
Benzoatithermus,NA,NA,NA,NA,1,1,1
Bergeriella,NA,NA,NA,NA,1,0,0
Bergeyella,Weeksellaceae,Flavobacteriales,Bacteroidia,Bacteroidota,2,0,0
Bernardetia,Bernardetiaceae,Cytophagales,Bacteroidia,Bacteroidota,1,0,0
Berryella,Eggerthellaceae,Coriobacteriales,Coriobacteriia,Actinomycetota,2,2,1
Beutenbergia,Beutenbergiaceae,Actinomycetales,Actinomycetes,Actinomycetota,1,1,1
Bhargavaea,Planococcaceae,Bacillales_A,Bacilli,Bacillota,1,0,0
Bianquea,Bianqueaceae,Lachnospirales,Clostridia,Bacillota,1,1,1
Bibersteinia,Pasteurellaceae,Enterobacterales,Gammaproteobacteria,Pseudomonadota,1,0,0
Bifidobacterium,Bifidobacteriaceae,Actinomycetales,Actinomycetes,Actinomycetota,77,35,0.45454545454545453
Biformimicrobium,NA,NA,NA,NA,1,0,0
Bilophila,Desulfovibrionaceae,Desulfovibrionales,Desulfovibrionia,Desulfobacterota_I,1,0,0
Biostraticola,Enterobacteriaceae_A,Enterobacterales_A,Gammaproteobacteria,Pseudomonadota,1,0,0
Bisgaardia,Pasteurellaceae,Enterobacterales,Gammaproteobacteria,Pseudomonadota,1,0,0
Bizionia,Flavobacteriaceae,Flavobacteriales,Bacteroidia,Bacteroidota,2,0,0
Blastococcus,Geodermatophilaceae,Mycobacteriales,Actinomycetes,Actinomycetota,6,3,0.5
Blastomonas,Sphingomonadaceae,Sphingomonadales,Alphaproteobacteria,Pseudomonadota,4,0,0
Blattabacterium,Blattabacteriaceae,Flavobacteriales_B,Bacteroidia,Bacteroidota,3,1,0.3333333333333333
Blautia,Lachnospiraceae,Lachnospirales,Clostridia,Bacillota,11,3,0.2727272727272727
Blochmannia,NA,NA,NA,NA,8,1,0.125
Bogoriella,Actinomycetaceae,Actinomycetales,Actinomycetes,Actinomycetota,1,1,1
Bombella,Acetobacteraceae,Acetobacterales,Alphaproteobacteria,Pseudomonadota,5,0,0
Bombilactobacillus,Lactobacillaceae,Lactobacillales,Bacilli,Bacillota,5,2,0.4
Bombiscardovia,Bifidobacteriaceae,Actinomycetales,Actinomycetes,Actinomycetota,1,0,0
Borborobacter,NA,NA,NA,NA,1,0,0
Bordetella,Burkholderiaceae,Burkholderiales,Gammaproteobacteria,Pseudomonadota,16,0,0
Borrelia,Borreliaceae,Borreliales,Spirochaetia,Spirochaetota,1,0,0
Borreliella,Borreliaceae,Borreliales,Spirochaetia,Spirochaetota,4,1,0.25
Bosea,Beijerinckiaceae,Rhizobiales,Alphaproteobacteria,Pseudomonadota,1,0,0
Boseongicola,Rhodobacteraceae,Rhodobacterales,Alphaproteobacteria,Pseudomonadota,1,0,0
Botrimarina,Lacipirellulaceae,Pirellulales,Planctomycetia,Planctomycetota,3,3,1
Botryobacter,NA,NA,NA,NA,1,0,0
Boudabousia,Actinomycetaceae,Actinomycetales,Actinomycetes,Actinomycetota,2,0,0
Bovifimicola,Lachnospiraceae,Lachnospirales,Clostridia,Bacillota,1,1,1
Bowdeniella,Actinomycetaceae,Actinomycetales,Actinomycetes,Actinomycetota,1,1,1
Bowmanella,Alteromonadaceae,Enterobacterales,Gammaproteobacteria,Pseudomonadota,1,0,0
Brachybacterium,Dermabacteraceae,Actinomycetales,Actinomycetes,Actinomycetota,17,5,0.29411764705882354
Brachymonas,Burkholderiaceae,Burkholderiales,Gammaproteobacteria,Pseudomonadota,1,1,1
Brachyspira,Brachyspiraceae,Brachyspirales,Brachyspiria,Spirochaetota,10,0,0
Brackiella,Burkholderiaceae,Burkholderiales,Gammaproteobacteria,Pseudomonadota,1,0,0
Bradymonas,Bradymonadaceae,Bradymonadales,Bradymonadia,Myxococcota,1,1,1
Branchiibius,Dermatophilaceae,Actinomycetales,Actinomycetes,Actinomycetota,2,0,0
Brasilonema,Nostocaceae,Cyanobacteriales,Cyanobacteriia,Cyanobacteriota,1,0,0
Brassicibacter,NA,NA,NA,NA,1,0,0
Brenneria,Enterobacteriaceae,Enterobacterales,Gammaproteobacteria,Pseudomonadota,9,1,0.1111111111111111
Brevibacillus,Brevibacillaceae,Brevibacillales,Bacilli,Bacillota,22,3,0.13636363636363635
Brevibacterium,Brevibacteriaceae,Actinomycetales,Actinomycetes,Actinomycetota,33,3,0.09090909090909091
Brevifollis,NA,NA,NA,NA,1,0,0
Brevirhabdus,Rhodobacteraceae,Rhodobacterales,Alphaproteobacteria,Pseudomonadota,1,0,0
Brevundimonas,Caulobacteraceae,Caulobacterales,Alphaproteobacteria,Pseudomonadota,32,0,0
Brockia,DSM-22653,Thermicanales,Bacilli,Bacillota,1,1,1
Brotomerdimonas,NA,NA,NA,NA,1,1,1
Brotonthovivens,Lachnospiraceae,Lachnospirales,Clostridia,Bacillota,1,0,0
Brucella,Rhizobiaceae,Rhizobiales,Alphaproteobacteria,Pseudomonadota,24,13,0.5416666666666666
Brucepastera,Treponemataceae,Treponematales,Spirochaetia,Spirochaetota,1,0,0
Brumicola,NA,NA,NA,NA,2,0,0
Brumimicrobium,Crocinitomicaceae,Flavobacteriales,Bacteroidia,Bacteroidota,4,1,0.25
Bryobacter,Bryobacteraceae,Bryobacterales,Terriglobia,Acidobacteriota,1,0,0
Bryocella,NA,NA,NA,NA,1,1,1
Brytella,Acetobacteraceae,Acetobacterales,Alphaproteobacteria,Pseudomonadota,1,1,1
Buchananella,Actinomycetaceae,Actinomycetales,Actinomycetes,Actinomycetota,2,0,0
Buchnera,Enterobacteriaceae_A,Enterobacterales_A,Gammaproteobacteria,Pseudomonadota,1,0,0
Budvicia,Enterobacteriaceae,Enterobacterales,Gammaproteobacteria,Pseudomonadota,2,0,0
Burkholderia,Burkholderiaceae,Burkholderiales,Gammaproteobacteria,Pseudomonadota,40,4,0.1
Buttiauxella,Enterobacteriaceae,Enterobacterales,Gammaproteobacteria,Pseudomonadota,4,0,0
Butyribacter,Lachnospiraceae,Lachnospirales,Clostridia,Bacillota,1,0,0
Butyricicoccus,Butyricicoccaceae,Oscillospirales,Clostridia,Bacillota,2,0,0
Butyricimonas,Marinifilaceae,Bacteroidales,Bacteroidia,Bacteroidota,4,0,0
Butyrivibrio,Lachnospiraceae,Lachnospirales,Clostridia,Bacillota,1,0,0
Caballeronia,Burkholderiaceae,Burkholderiales,Gammaproteobacteria,Pseudomonadota,25,2,0.08
Caenibacillus,Sporolactobacillaceae,Bacillales_K,Bacilli,Bacillota,1,1,1
Caenibius,Sphingomonadaceae,Sphingomonadales,Alphaproteobacteria,Pseudomonadota,1,0,0
Caenimonas,NA,NA,NA,NA,5,4,0.8
Caenispirillum,Rhodospirillaceae,Rhodospirillales,Alphaproteobacteria,Pseudomonadota,2,0,0
Caldalkalibacillus,Caldalkalibacillaceae,Caldalkalibacillales,Bacilli,Bacillota,3,1,0.3333333333333333
Caldanaerobacter,NA,NA,NA,NA,1,1,1
Caldicellulosiruptor,Caldicellulosiruptoraceae,Caldicellulosiruptorales,Thermoanaerobacteria,Bacillota,8,0,0
Caldichromatium,NA,NA,NA,NA,1,0,0
Caldicoprobacter,Caldicoprobacteraceae,Caldicoprobacterales,Clostridia,Bacillota,1,0,0
Caldifermentibacillus,Caldibacillaceae,Bacillales_B,Bacilli,Bacillota,1,0,0
Caldilinea,Caldilineaceae,Caldilineales,Anaerolineae,Chloroflexota,1,1,1
Caldimicrobium,Thermodesulfobacteriaceae,Thermodesulfobacteriales,Thermodesulfobacteria,Desulfobacterota,1,1,1
Caldimonas,Burkholderiaceae,Burkholderiales,Gammaproteobacteria,Pseudomonadota,7,5,0.7142857142857143
Caldisalinibacter,Caldisalinibacteraceae,Tissierellales,Clostridia,Bacillota,1,0,0
Caldisericum,Caldisericaceae,Caldisericales,Caldisericia,Caldisericota,1,1,1
Calditerricola,Calditerricolaceae,Calditerricolales,Bacilli,Bacillota,1,0,0
Calditerrivibrio,Calditerrivibrionaceae,Deferribacterales,Deferribacteres,Chrysiogenota,1,1,1
Caldithrix,Calditrichaceae,Calditrichales,Calditrichia,Calditrichota,1,0,0
Caldovatus,Acetobacteraceae,Acetobacterales,Alphaproteobacteria,Pseudomonadota,1,0,0
Calidifontibacillus,Bacillaceae_J,Bacillales_C,Bacilli,Bacillota,2,2,1
Calidifontibacter,NA,NA,NA,NA,1,0,0
Calidithermus,Thermaceae,Deinococcales,Deinococci,Deinococcota,4,0,0
Caloramator,Caloramatoraceae,Clostridiales,Clostridia,Bacillota,2,1,0.5
Calorimonas,UBA4877,Thermoanaerobacterales,Thermoanaerobacteria,Bacillota,1,0,0
Calycomorphotria,Planctomycetaceae,Planctomycetales,Planctomycetia,Planctomycetota,1,0,0
Camelimonas,Beijerinckiaceae,Rhizobiales,Alphaproteobacteria,Pseudomonadota,3,0,0
Camelliibacillus,NA,NA,NA,NA,1,1,1
Caminibacter,Nautiliaceae,Nautiliales,Campylobacteria,Campylobacterota,1,0,0
Campylobacter,Campylobacteraceae,Campylobacterales,Campylobacteria,Campylobacterota,14,0,0
Candidatus,NA,NA,NA,NA,265,79,0.2981132075471698
Candidimonas,Burkholderiaceae,Burkholderiales,Gammaproteobacteria,Pseudomonadota,2,0,0
Canibacter,Microbacteriaceae,Actinomycetales,Actinomycetes,Actinomycetota,3,3,1
Canicola,Pasteurellaceae,Enterobacterales,Gammaproteobacteria,Pseudomonadota,1,1,1
Caniella,NA,NA,NA,NA,1,0,0
Capillibacterium,UBA10575,UBA10575,UBA4882,Bacillota,1,1,1
Capilliphycus,NA,NA,NA,NA,1,0,0
Capnocytophaga,Flavobacteriaceae,Flavobacteriales,Bacteroidia,Bacteroidota,14,6,0.42857142857142855
Carbonactinospora,Carbonactinosporaceae,Streptomycetales,Actinomycetes,Actinomycetota,1,1,1
Carboxydocella,Carboxydocellaceae,Carboxydocellales,GCA-003054495,Bacillota,1,1,1
Carboxydothermus,Carboxydothermaceae,Carboxydothermales,Z-2901,Bacillota,2,1,0.5
Carboxylicivirga,Marinilabiliaceae,Bacteroidales,Bacteroidia,Bacteroidota,4,0,0
Cardinium,Amoebophilaceae,Cytophagales_A,Bacteroidia,Bacteroidota,7,2,0.2857142857142857
Cardiobacterium,Cardiobacteriaceae,Cardiobacteriales,Gammaproteobacteria,Pseudomonadota,1,0,0
Carnimonas,Halomonadaceae,Pseudomonadales,Gammaproteobacteria,Pseudomonadota,1,0,0
Carnobacterium,Carnobacteriaceae,Lactobacillales,Bacilli,Bacillota,12,5,0.4166666666666667
Caryophanon,Planococcaceae,Bacillales_A,Bacilli,Bacillota,2,0,0
Casimicrobium,Casimicrobiaceae,Burkholderiales,Gammaproteobacteria,Pseudomonadota,1,0,0
Castellaniella,Burkholderiaceae,Burkholderiales,Gammaproteobacteria,Pseudomonadota,3,1,0.3333333333333333
Catalinimonas,Cyclobacteriaceae,Cytophagales,Bacteroidia,Bacteroidota,2,0,0
Catellicoccus,Catellicoccaceae,Lactobacillales,Bacilli,Bacillota,1,0,0
Catelliglobosispora,Micromonosporaceae,Mycobacteriales,Actinomycetes,Actinomycetota,1,0,0
Catenibacterium,Coprobacillaceae,Erysipelotrichales,Bacilli,Bacillota,2,0,0
Catenovulum,Alteromonadaceae,Enterobacterales,Gammaproteobacteria,Pseudomonadota,1,0,0
Catenulispora,Catenulisporaceae,Streptomycetales,Actinomycetes,Actinomycetota,6,0,0
Catenuloplanes,Micromonosporaceae,Mycobacteriales,Actinomycetes,Actinomycetota,3,0,0
Catonella,Lachnospiraceae,Lachnospirales,Clostridia,Bacillota,2,0,0
Caulifigura,Planctomycetaceae,Planctomycetales,Planctomycetia,Planctomycetota,1,0,0
Caulobacter,Caulobacteraceae,Caulobacterales,Alphaproteobacteria,Pseudomonadota,9,0,0
Caviibacterium,Pasteurellaceae,Enterobacterales,Gammaproteobacteria,Pseudomonadota,1,0,0
Cecembia,Cyclobacteriaceae,Cytophagales,Bacteroidia,Bacteroidota,3,3,1
Cedecea,Enterobacteriaceae,Enterobacterales,Gammaproteobacteria,Pseudomonadota,4,1,0.25
Celeribacter,Rhodobacteraceae,Rhodobacterales,Alphaproteobacteria,Pseudomonadota,1,0,0
Celerinatantimonas,Celerinatantimonadaceae,Enterobacterales,Gammaproteobacteria,Pseudomonadota,1,1,1
Cellulomonas,Cellulomonadaceae,Actinomycetales,Actinomycetes,Actinomycetota,25,14,0.56
Cellulophaga,Flavobacteriaceae,Flavobacteriales,Bacteroidia,Bacteroidota,2,0,0
Cellulosilyticum,Cellulosilyticaceae,Lachnospirales,Clostridia,Bacillota,1,1,1
Cellulosimicrobium,Cellulomonadaceae,Actinomycetales,Actinomycetes,Actinomycetota,7,0,0
Cellulosispirillum,NA,NA,NA,NA,1,1,1
Cellvibrio,Cellvibrionaceae,Pseudomonadales,Gammaproteobacteria,Pseudomonadota,6,0,0
Cephaloticoccus,Opitutaceae,Opitutales,Verrucomicrobiia,Verrucomicrobiota,1,0,0
Cerasicoccus,Cerasicoccaceae,Opitutales,Verrucomicrobiia,Verrucomicrobiota,3,3,1
Cereibacter,Rhodobacteraceae,Rhodobacterales,Alphaproteobacteria,Pseudomonadota,6,0,0
Chachezhania,Rhodobacteraceae,Rhodobacterales,Alphaproteobacteria,Pseudomonadota,2,0,0
Chakrabartyella,Anaerotignaceae,Lachnospirales,Clostridia,Bacillota,1,0,0
Chamaesiphon,Chamaesiphonaceae,Cyanobacteriales,Cyanobacteriia,Cyanobacteriota,1,0,0
Chania,Enterobacteriaceae,Enterobacterales,Gammaproteobacteria,Pseudomonadota,1,0,0
Chelativorans,Rhizobiaceae,Rhizobiales,Alphaproteobacteria,Pseudomonadota,4,0,0
Chelatococcus,Beijerinckiaceae,Rhizobiales,Alphaproteobacteria,Pseudomonadota,6,0,0
Chelonobacter,Pasteurellaceae,Enterobacterales,Gammaproteobacteria,Pseudomonadota,1,0,0
Chenggangzhangella,NA,NA,NA,NA,1,0,0
Chengkuizengella,SCSIO-06110,Paenibacillales,Bacilli,Bacillota,2,2,1
Chiayiivirga,Xanthomonadaceae,Xanthomonadales,Gammaproteobacteria,Pseudomonadota,1,0,0
Chimaeribacter,Enterobacteriaceae,Enterobacterales,Gammaproteobacteria,Pseudomonadota,3,0,0
Chishuiella,Weeksellaceae,Flavobacteriales,Bacteroidia,Bacteroidota,1,0,0
Chitinasiproducens,Burkholderiaceae,Burkholderiales,Gammaproteobacteria,Pseudomonadota,1,0,0
Chitinibacter,Chitinibacteraceae,Burkholderiales,Gammaproteobacteria,Pseudomonadota,3,3,1
Chitinilyticum,Chitinibacteraceae,Burkholderiales,Gammaproteobacteria,Pseudomonadota,1,1,1
Chitinimonas,Chitinimonadaceae,Burkholderiales,Gammaproteobacteria,Pseudomonadota,5,1,0.2
Chitiniphilus,Chitinibacteraceae,Burkholderiales,Gammaproteobacteria,Pseudomonadota,2,1,0.5
Chitinolyticbacter,Chitinibacteraceae,Burkholderiales,Gammaproteobacteria,Pseudomonadota,1,1,1
Chitinophaga,Chitinophagaceae,Chitinophagales,Bacteroidia,Bacteroidota,23,4,0.17391304347826086
Chlamydia,Chlamydiaceae,Chlamydiales,Chlamydiia,Chlamydiota,6,0,0
Chlamydiifrater,Chlamydiaceae,Chlamydiales,Chlamydiia,Chlamydiota,2,0,0
Chloracidobacterium,Chloracidobacteriaceae,Chloracidobacteriales,Blastocatellia,Acidobacteriota,3,1,0.3333333333333333
Chlorobaculum,Chlorobiaceae,Chlorobiales,Chlorobiia,Bacteroidota_A,3,0,0
Chlorobium,Chlorobiaceae,Chlorobiales,Chlorobiia,Bacteroidota_A,4,4,1
Chloroflexus,Chloroflexaceae,Chloroflexales,Chloroflexia,Chloroflexota,3,1,0.3333333333333333
Chondrinema,Flammeovirgaceae,Cytophagales,Bacteroidia,Bacteroidota,1,1,1
Chondromyces,Polyangiaceae,Polyangiales,Polyangia,Myxococcota,2,0,0
Chordicoccus,Lachnospiraceae,Lachnospirales,Clostridia,Bacillota,1,0,0
Christensenella,Christensenellaceae,Christensenellales,Clostridia,Bacillota,1,0,0
Christiangramia,Flavobacteriaceae,Flavobacteriales,Bacteroidia,Bacteroidota,7,4,0.5714285714285714
Chromatium,Chromatiaceae,Chromatiales,Gammaproteobacteria,Pseudomonadota,1,0,0
Chromatocurvus,Halieaceae,Pseudomonadales,Gammaproteobacteria,Pseudomonadota,1,0,0
Chromobacterium,Chromobacteriaceae,Burkholderiales,Gammaproteobacteria,Pseudomonadota,14,10,0.7142857142857143
Chroococcidiopsis,Chroococcidiopsidaceae,Cyanobacteriales,Cyanobacteriia,Cyanobacteriota,2,2,1
Chroogloeocystis,Chroococcidiopsidaceae,Cyanobacteriales,Cyanobacteriia,Cyanobacteriota,1,0,0
Chryseobacterium,Weeksellaceae,Flavobacteriales,Bacteroidia,Bacteroidota,13,8,0.6153846153846154
Chryseomicrobium,Planococcaceae,Bacillales_A,Bacilli,Bacillota,2,0,0
Chrysiogenes,Chrysiogenaceae,Chrysiogenales,Chrysiogenetes,Chrysiogenota,1,0,0
Chthoniobacter,Chthoniobacteraceae,Chthoniobacterales,Verrucomicrobiia,Verrucomicrobiota,1,0,0
Chthonobacter,Pleomorphomonadaceae,Rhizobiales,Alphaproteobacteria,Pseudomonadota,2,0,0
Ciceribacter,NA,NA,NA,NA,7,0,0
Citricoccus,Micrococcaceae,Actinomycetales,Actinomycetes,Actinomycetota,2,0,0
Citrifermentans,NA,NA,NA,NA,2,0,0
Citrobacter,Enterobacteriaceae,Enterobacterales,Gammaproteobacteria,Pseudomonadota,17,2,0.11764705882352941
Citromicrobium,NA,NA,NA,NA,1,0,0
Citroniella,Peptoniphilaceae,Tissierellales,Clostridia,Bacillota,1,0,0
Claveliimonas,Lachnospiraceae,Lachnospirales,Clostridia,Bacillota,1,0,0
Cloacibacillus,Synergistaceae,Synergistales,Synergistia,Synergistota,2,0,0
Cloacibacterium,Weeksellaceae,Flavobacteriales,Bacteroidia,Bacteroidota,2,2,1
Clostridioides,Peptostreptococcaceae,Peptostreptococcales,Clostridia,Bacillota,1,1,1
Clostridium,Clostridiaceae,Clostridiales,Clostridia,Bacillota,57,21,0.3684210526315789
Cnuibacter,Microbacteriaceae,Actinomycetales,Actinomycetes,Actinomycetota,1,1,1
Cochlodiniinecator,Rhodobacteraceae,Rhodobacterales,Alphaproteobacteria,Pseudomonadota,1,0,0
Cocleimonas,Thiotrichaceae,Thiotrichales,Gammaproteobacteria,Pseudomonadota,1,0,0
Cognataquiflexum,Cyclobacteriaceae,Cytophagales,Bacteroidia,Bacteroidota,3,0,0
Cognatazoarcus,Rhodocyclaceae,Burkholderiales,Gammaproteobacteria,Pseudomonadota,1,0,0
Cognaticolwellia,Alteromonadaceae,Enterobacterales,Gammaproteobacteria,Pseudomonadota,1,0,0
Cognatiluteimonas,Xanthomonadaceae,Xanthomonadales,Gammaproteobacteria,Pseudomonadota,5,0,0
Cognatilysobacter,Xanthomonadaceae,Xanthomonadales,Gammaproteobacteria,Pseudomonadota,4,0,0
Cognatishimia,Rhodobacteraceae,Rhodobacterales,Alphaproteobacteria,Pseudomonadota,3,0,0
Cognatiyoonia,Rhodobacteraceae,Rhodobacterales,Alphaproteobacteria,Pseudomonadota,1,0,0
Cohaesibacter,Cohaesibacteraceae,Rhizobiales,Alphaproteobacteria,Pseudomonadota,4,0,0
Cohnella,Paenibacillaceae,Paenibacillales,Bacilli,Bacillota,15,8,0.5333333333333333
Collibacillus,BOQE01,Tumebacillales,Bacilli,Bacillota,1,0,0
Collimonas,Burkholderiaceae,Burkholderiales,Gammaproteobacteria,Pseudomonadota,7,1,0.14285714285714285
Collinsella,Coriobacteriaceae,Coriobacteriales,Coriobacteriia,Actinomycetota,8,0,0
Colwellia,Alteromonadaceae,Enterobacterales,Gammaproteobacteria,Pseudomonadota,8,0,0
Comamonas,Burkholderiaceae,Burkholderiales,Gammaproteobacteria,Pseudomonadota,27,10,0.37037037037037035
Commensalibacter,Acetobacteraceae,Acetobacterales,Alphaproteobacteria,Pseudomonadota,5,4,0.8
Companilactobacillus,Lactobacillaceae,Lactobacillales,Bacilli,Bacillota,18,1,0.05555555555555555
Compostimonas,Microbacteriaceae,Actinomycetales,Actinomycetes,Actinomycetota,1,1,1
Conchiformibius,Neisseriaceae,Burkholderiales,Gammaproteobacteria,Pseudomonadota,2,0,0
Conexibacter,Solirubrobacteraceae,Solirubrobacterales,Thermoleophilia,Actinomycetota,2,2,1
Confluentibacter,Flavobacteriaceae,Flavobacteriales,Bacteroidia,Bacteroidota,3,0,0
Congregibacter,Halieaceae,Pseudomonadales,Gammaproteobacteria,Pseudomonadota,3,0,0
Congzhengia,UBA9506,UBA1381,Clostridia,Bacillota,1,0,0
Conservatibacter,Pasteurellaceae,Enterobacterales,Gammaproteobacteria,Pseudomonadota,1,0,0
Consotaella,Rhizobiaceae,Rhizobiales,Alphaproteobacteria,Pseudomonadota,2,0,0
Constantimarinum,Flavobacteriaceae,Flavobacteriales,Bacteroidia,Bacteroidota,1,0,0
Conyzicola,Microbacteriaceae,Actinomycetales,Actinomycetes,Actinomycetota,2,0,0
Copranaerobaculum,Erysipelotrichaceae,Erysipelotrichales,Bacilli,Bacillota,1,0,0
Coprobacter,Coprobacteraceae,Bacteroidales,Bacteroidia,Bacteroidota,1,1,1
Coprococcus,Lachnospiraceae,Lachnospirales,Clostridia,Bacillota,2,2,1
Coprothermobacter,Coprothermobacteraceae,Coprothermobacterales,Coprothermobacteria,Coprothermobacterota,2,2,1
Coraliomargarita,Coraliomargaritaceae,Opitutales,Verrucomicrobiia,Verrucomicrobiota,4,0,0
Corallincola,Neiellaceae,Enterobacterales,Gammaproteobacteria,Pseudomonadota,3,0,0
Coralliovum,Cohaesibacteraceae,Rhizobiales,Alphaproteobacteria,Pseudomonadota,1,0,0
Corallococcus,Myxococcaceae,Myxococcales,Myxococcia,Myxococcota,14,7,0.5
Coralloluteibacterium,Xanthomonadaceae,Xanthomonadales,Gammaproteobacteria,Pseudomonadota,2,0,0
Coriobacterium,Coriobacteriaceae,Coriobacteriales,Coriobacteriia,Actinomycetota,1,1,1
Corticibacter,NA,NA,NA,NA,1,0,0
Corticicoccus,NA,NA,NA,NA,1,0,0
Corticimicrobacter,Burkholderiaceae,Burkholderiales,Gammaproteobacteria,Pseudomonadota,1,1,1
Corynebacterium,Mycobacteriaceae,Mycobacteriales,Actinomycetes,Actinomycetota,126,46,0.36507936507936506
Costertonia,Flavobacteriaceae,Flavobacteriales,Bacteroidia,Bacteroidota,1,1,1
Coxiella,Coxiellaceae,Coxiellales,Gammaproteobacteria,Pseudomonadota,3,1,0.3333333333333333
Coxiella-like,NA,NA,NA,NA,2,1,0.5
Crassaminicella,Thermotaleaceae,Peptostreptococcales,Clostridia,Bacillota,3,2,0.6666666666666666
Craterilacuibacter,Chromobacteriaceae,Burkholderiales,Gammaproteobacteria,Pseudomonadota,1,1,1
Crenobacter,Chromobacteriaceae,Burkholderiales,Gammaproteobacteria,Pseudomonadota,5,4,0.8
Cribrihabitans,Rhodobacteraceae,Rhodobacterales,Alphaproteobacteria,Pseudomonadota,3,0,0
Croceibacterium,Sphingomonadaceae,Sphingomonadales,Alphaproteobacteria,Pseudomonadota,8,0,0
Croceicoccus,Sphingomonadaceae,Sphingomonadales,Alphaproteobacteria,Pseudomonadota,10,0,0
Croceifilum,NA,NA,NA,NA,1,0,0
Croceimicrobium,Schleiferiaceae,Flavobacteriales,Bacteroidia,Bacteroidota,1,0,0
Croceitalea,Flavobacteriaceae,Flavobacteriales,Bacteroidia,Bacteroidota,2,0,0
Croceivirga,Flavobacteriaceae,Flavobacteriales,Bacteroidia,Bacteroidota,3,2,0.6666666666666666
Crocinitomix,Crocinitomicaceae,Flavobacteriales,Bacteroidia,Bacteroidota,1,0,0
Crocosphaera,Microcystaceae,Cyanobacteriales,Cyanobacteriia,Cyanobacteriota,1,0,0
Cronobacter,Enterobacteriaceae,Enterobacterales,Gammaproteobacteria,Pseudomonadota,7,1,0.14285714285714285
Cruoricaptor,Weeksellaceae,Flavobacteriales,Bacteroidia,Bacteroidota,1,1,1
Cryobacterium,Microbacteriaceae,Actinomycetales,Actinomycetes,Actinomycetota,26,19,0.7307692307692307
Cryomorpha,Cryomorphaceae,Flavobacteriales,Bacteroidia,Bacteroidota,1,0,0
Cryptosporangium,Cryptosporangiaceae,Mycobacteriales,Actinomycetes,Actinomycetota,3,0,0
Cucumibacter,Devosiaceae,Rhizobiales,Alphaproteobacteria,Pseudomonadota,1,0,0
Culicoidibacter,Culicoidibacteraceae,Culicoidibacterales,Bacilli,Bacillota,1,0,0
Culturomica,Marinifilaceae,Bacteroidales,Bacteroidia,Bacteroidota,1,1,1
Cuneatibacter,Lachnospiraceae,Lachnospirales,Clostridia,Bacillota,1,1,1
Cupriavidus,Burkholderiaceae,Burkholderiales,Gammaproteobacteria,Pseudomonadota,18,1,0.05555555555555555
Curtanaerobium,Eggerthellaceae,Coriobacteriales,Coriobacteriia,Actinomycetota,1,0,0
Curtobacterium,Microbacteriaceae,Actinomycetales,Actinomycetes,Actinomycetota,15,13,0.8666666666666667
Curvibacter,Burkholderiaceae,Burkholderiales,Gammaproteobacteria,Pseudomonadota,5,5,1
Cutibacterium,Propionibacteriaceae,Propionibacteriales,Actinomycetes,Actinomycetota,2,0,0
Cyanobacterium,Cyanobacteriaceae,Cyanobacteriales,Cyanobacteriia,Cyanobacteriota,1,0,0
Cyanobium,Cyanobiaceae,PCC-6307,Cyanobacteriia,Cyanobacteriota,2,0,0
Cyclobacterium,Cyclobacteriaceae,Cytophagales,Bacteroidia,Bacteroidota,7,5,0.7142857142857143
Cycloclasticus,Cycloclasticaceae,Methylococcales,Gammaproteobacteria,Pseudomonadota,1,0,0
Cyclonatronum,Cyclonatronaceae,Balneolales,Rhodothermia,Bacteroidota_A,1,1,1
Cylindrospermum,Nostocaceae,Cyanobacteriales,Cyanobacteriia,Cyanobacteriota,1,1,1
Cypionkella,Rhodobacteraceae,Rhodobacterales,Alphaproteobacteria,Pseudomonadota,2,0,0
Cysteiniphilum,Francisellaceae,Francisellales,Gammaproteobacteria,Pseudomonadota,1,0,0
Cytobacillus,DSM-18226,Bacillales_B,Bacilli,Bacillota,11,1,0.09090909090909091
Cytophaga,Cytophagaceae,Cytophagales,Bacteroidia,Bacteroidota,2,0,0
Dactylococcopsis,NA,NA,NA,NA,1,0,0
Dactylosporangium,Micromonosporaceae,Mycobacteriales,Actinomycetes,Actinomycetota,4,0,0
Daeguia,NA,NA,NA,NA,1,0,0
Dakarella,NA,NA,NA,NA,1,1,1
Dankookia,NA,NA,NA,NA,1,0,0
Dasania,DSM-21967,Pseudomonadales,Gammaproteobacteria,Pseudomonadota,2,0,0
Dawidia,NA,NA,NA,NA,2,0,0
Dechloromonas,NA,NA,NA,NA,5,0,0
Deefgea,Chitinibacteraceae,Burkholderiales,Gammaproteobacteria,Pseudomonadota,4,3,0.75
Deferribacter,Deferribacteraceae,Deferribacterales,Deferribacteres,Chrysiogenota,3,0,0
Deferrisoma,Deferrisomataceae,Deferrisomatales,Deferrisomatia,Desulfobacterota_C,1,0,0
Deferrivibrio,Deferrivibrionaceae,Deferribacterales,Deferribacteres,Chrysiogenota,1,1,1
Defluviicoccus,UXAT02,Rhodospirillales,Alphaproteobacteria,Pseudomonadota,1,0,0
Defluviimonas,NA,NA,NA,NA,1,0,0
Defluviitalea,Defluviitaleaceae,Lachnospirales,Clostridia,Bacillota,1,1,1
Defluviitoga,Petrotogaceae,Petrotogales,Thermotogae,Thermotogota,1,1,1
Dehalobacter,Syntrophobotulaceae,Desulfitobacteriales,Desulfitobacteriia,Bacillota,1,0,0
Dehalogenimonas,Dehalococcoidaceae,Dehalococcoidales,Dehalococcoidia,Chloroflexota,2,0,0
Deinococcus,Deinococcaceae,Deinococcales,Deinococci,Deinococcota,35,5,0.14285714285714285
Delftia,NA,NA,NA,NA,2,0,0
Dellaglioa,Lactobacillaceae,Lactobacillales,Bacilli,Bacillota,1,1,1
Demequina,Demequinaceae,Actinomycetales,Actinomycetes,Actinomycetota,15,1,0.06666666666666667
Demetria,Dermatophilaceae,Actinomycetales,Actinomycetes,Actinomycetota,1,0,0
Dendrosporobacter,Dendrosporobacteraceae,DSM-1736,Negativicutes,Bacillota,1,0,0
Denitratimonas,Xanthomonadaceae,Xanthomonadales,Gammaproteobacteria,Pseudomonadota,1,1,1
Denitratisoma,Rhodocyclaceae,Burkholderiales,Gammaproteobacteria,Pseudomonadota,1,0,0
Denitrificimonas,Pseudomonadaceae,Pseudomonadales,Gammaproteobacteria,Pseudomonadota,1,1,1
Denitrobacterium,Eggerthellaceae,Coriobacteriales,Coriobacteriia,Actinomycetota,1,0,0
Denitrobaculum,Kiloniellaceae,Kiloniellales,Alphaproteobacteria,Pseudomonadota,1,0,0
Denitromonas,NA,NA,NA,NA,2,0,0
Denitrovibrio,Geovibrionaceae,Deferribacterales,Deferribacteres,Chrysiogenota,1,0,0
Dentiradicibacter,NA,NA,NA,NA,1,0,0
Dermacoccus,Dermatophilaceae,Actinomycetales,Actinomycetes,Actinomycetota,3,0,0
Dermatobacter,Microtrichaceae,Acidimicrobiales,Acidimicrobiia,Actinomycetota,1,1,1
Dermatophilus,Dermatophilaceae,Actinomycetales,Actinomycetes,Actinomycetota,1,0,0
Derxia,Burkholderiaceae,Burkholderiales,Gammaproteobacteria,Pseudomonadota,1,1,1
Desertibacillus,KJ1-10-99,Bacillales_H,Bacilli,Bacillota,1,0,0
Desertibaculum,Ferrovibrionaceae,Ferrovibrionales,Alphaproteobacteria,Pseudomonadota,1,0,0
Desertimonas,Ilumatobacteraceae,Acidimicrobiales,Acidimicrobiia,Actinomycetota,1,0,0
Desmospora,DSM-45169,Thermoactinomycetales,Bacilli,Bacillota,1,1,1
Desnuesiella,Clostridiaceae,Clostridiales,Clostridia,Bacillota,1,0,0
Desulfacinum,DSM-9756,Syntrophobacterales,Syntrophobacteria,Desulfobacterota,1,1,1
Desulfarculus,Desulfarculaceae,Desulfarculales,Desulfarculia,Desulfobacterota,1,1,1
Desulfatirhabdium,Desulfatirhabdiaceae,Desulfobacterales,Desulfobacteria,Desulfobacterota,1,1,1
Desulfatitalea,Desulfosarcinaceae,Desulfobacterales,Desulfobacteria,Desulfobacterota,2,2,1
Desulfitibacter,Desulfitibacteraceae,Desulfitibacterales,DSM-16504,Bacillota,1,1,1
Desulfitobacterium,Desulfitobacteriaceae,Desulfitobacteriales,Desulfitobacteriia,Bacillota,5,4,0.8
Desulfobacca,Desulfobaccaceae,Desulfobaccales,Desulfobaccia,Desulfobacterota,1,1,1
Desulfobacter,Desulfobacteraceae,Desulfobacterales,Desulfobacteria,Desulfobacterota,2,1,0.5
Desulfobacula,Desulfobacteraceae,Desulfobacterales,Desulfobacteria,Desulfobacterota,2,1,0.5
Desulfobaculum,Desulfovibrionaceae,Desulfovibrionales,Desulfovibrionia,Desulfobacterota_I,2,0,0
Desulfobotulus,ASO4-4,Desulfobacterales,Desulfobacteria,Desulfobacterota,1,0,0
Desulfobulbus,Desulfobulbaceae,Desulfobulbales,Desulfobulbia,Desulfobacterota,4,1,0.25
Desulfocapsa,Desulfocapsaceae,Desulfobulbales,Desulfobulbia,Desulfobacterota,1,1,1
Desulfocicer,Desulfobacteraceae,Desulfobacterales,Desulfobacteria,Desulfobacterota,1,1,1
Desulfococcus,Desulfococcaceae,Desulfobacterales,Desulfobacteria,Desulfobacterota,1,0,0
Desulfocurvibacter,Desulfovibrionaceae,Desulfovibrionales,Desulfovibrionia,Desulfobacterota_I,1,0,0
Desulfofalx,Desulfohalotomaculaceae,Desulfotomaculales,Desulfotomaculia,Bacillota,1,0,0
Desulfofarcimen,Desulfofarciminaceae,Desulfotomaculales,Desulfotomaculia,Bacillota,1,0,0
Desulfoferrobacter,Syntrophobacteraceae,Syntrophobacterales,Syntrophobacteria,Desulfobacterota,1,0,0
Desulfoferula,Desulfarculaceae,Desulfarculales,Desulfarculia,Desulfobacterota,1,0,0
Desulfofundulus,Desulfovirgulaceae,Desulfotomaculales,Desulfotomaculia,Bacillota,1,1,1
Desulfofustis,Desulfocapsaceae,Desulfobulbales,Desulfobulbia,Desulfobacterota,2,0,0
Desulfogranum,Desulfobulbaceae,Desulfobulbales,Desulfobulbia,Desulfobacterota,2,0,0
Desulfohalobium,Desulfohalobiaceae,Desulfovibrionales,Desulfovibrionia,Desulfobacterota_I,1,1,1
Desulfohalovibrio,Desulfovibrionaceae,Desulfovibrionales,Desulfovibrionia,Desulfobacterota_I,1,0,0
Desulfolithobacter,Desulfobulbaceae,Desulfobulbales,Desulfobulbia,Desulfobacterota,1,0,0
Desulfoluna,Desulfolunaceae,Desulfobacterales,Desulfobacteria,Desulfobacterota,2,0,0
Desulfolutivibrio,Desulfovibrionaceae,Desulfovibrionales,Desulfovibrionia,Desulfobacterota_I,2,0,0
Desulfomarina,Desulfocapsaceae,Desulfobulbales,Desulfobulbia,Desulfobacterota,1,1,1
Desulfonatronospira,Desulfonatronovibrionaceae,Desulfovibrionales,Desulfovibrionia,Desulfobacterota_I,1,1,1
Desulfonatronovibrio,Desulfonatronovibrionaceae,Desulfovibrionales,Desulfovibrionia,Desulfobacterota_I,2,0,0
Desulfonauticus,Desulfonauticaceae,Desulfovibrionales,Desulfovibrionia,Desulfobacterota_I,1,1,1
Desulfonema,Desulfococcaceae,Desulfobacterales,Desulfobacteria,Desulfobacterota,1,1,1
Desulfonispora,Desulfonisporaceae,Peptococcales,Peptococcia,Bacillota,1,0,0
Desulfopila,Desulfocapsaceae,Desulfobulbales,Desulfobulbia,Desulfobacterota,1,1,1
Desulfoplanes,Desulfoplanaceae,Desulfovibrionales,Desulfovibrionia,Desulfobacterota_I,1,0,0
Desulfoprunum,Desulfocapsaceae,Desulfobulbales,Desulfobulbia,Desulfobacterota,1,1,1
Desulforamulus,NA,NA,NA,NA,3,1,0.3333333333333333
Desulforapulum,Desulfobacteraceae,Desulfobacterales,Desulfobacteria,Desulfobacterota,1,0,0
Desulforegula,Desulforegulaceae,Desulfobacterales,Desulfobacteria,Desulfobacterota,1,1,1
Desulforhabdus,Syntrophobacteraceae,Syntrophobacterales,Syntrophobacteria,Desulfobacterota,1,0,0
Desulforhopalus,Desulfocapsaceae,Desulfobulbales,Desulfobulbia,Desulfobacterota,2,2,1
Desulfosalsimonas,Desulfosalsimonadaceae,Desulfobacterales,Desulfobacteria,Desulfobacterota,1,0,0
Desulfosarcina,Desulfosarcinaceae,Desulfobacterales,Desulfobacteria,Desulfobacterota,5,5,1
Desulfoscipio,Desulfallaceae,Desulfotomaculales,Desulfotomaculia,Bacillota,1,0,0
Desulfosediminicola,NA,NA,NA,NA,2,2,1
Desulfosporosinus,Desulfitobacteriaceae,Desulfitobacteriales,Desulfitobacteriia,Bacillota,7,7,1
Desulfosudis,Desulfosudaceae,Desulfobacterales,Desulfobacteria,Desulfobacterota,1,1,1
Desulfotalea,Desulfocapsaceae,Desulfobulbales,Desulfobulbia,Desulfobacterota,1,1,1
Desulfotignum,Desulfobacteraceae,Desulfobacterales,Desulfobacteria,Desulfobacterota,2,0,0
Desulfotomaculum,Desulfotomaculaceae,Desulfotomaculales,Desulfotomaculia,Bacillota,2,1,0.5
Desulfovermiculus,Desulfothermaceae,Desulfovibrionales,Desulfovibrionia,Desulfobacterota_I,1,1,1
Desulfovibrio,Desulfovibrionaceae,Desulfovibrionales,Desulfovibrionia,Desulfobacterota_I,9,1,0.1111111111111111
Desulfovulcanus,Desulfonauticaceae,Desulfovibrionales,Desulfovibrionia,Desulfobacterota_I,1,0,0
Desulfurella,Desulfurellaceae,Desulfurellales,Desulfurellia,Campylobacterota,2,0,0
Desulfuribacillus,Desulfuribacillaceae,Desulfuribacillales,Bacilli,Bacillota,2,1,0.5
Desulfurispira,Chrysiogenaceae,Chrysiogenales,Chrysiogenetes,Chrysiogenota,1,1,1
Desulfurivibrio,Desulfurivibrionaceae,Desulfobulbales,Desulfobulbia,Desulfobacterota,1,0,0
Desulfurobacterium,Desulfurobacteriaceae,Desulfurobacteriales,Aquificia,Aquificota,2,0,0
Desulfuromonas,Desulfuromonadaceae,Desulfuromonadales,Desulfuromonadia,Desulfobacterota,1,0,0
Desulfuromusa,Geopsychrobacteraceae,Desulfuromonadales,Desulfuromonadia,Desulfobacterota,1,1,1
Dethiobacter,Dethiobacteraceae,Dethiobacterales,Dethiobacteria,Bacillota,1,1,1
Dethiosulfovibrio,Dethiosulfovibrionaceae,Synergistales,Synergistia,Synergistota,2,2,1
Devosia,Devosiaceae,Rhizobiales,Alphaproteobacteria,Pseudomonadota,38,0,0
Dialister,Dialisteraceae,Veillonellales,Negativicutes,Bacillota,2,2,1
Diaphorobacter,Burkholderiaceae,Burkholderiales,Gammaproteobacteria,Pseudomonadota,5,1,0.2
Dichotomicrobium,Rhodomicrobiaceae,Rhizobiales,Alphaproteobacteria,Pseudomonadota,1,0,0
Dickeya,Enterobacteriaceae,Enterobacterales,Gammaproteobacteria,Pseudomonadota,13,1,0.07692307692307693
Dictyobacter,Ktedonobacteraceae,Ktedonobacterales,Ktedonobacteria,Chloroflexota,6,4,0.6666666666666666
Dictyoglomus,Dictyoglomaceae,Dictyoglomales,Dictyoglomia,Dictyoglomota,1,1,1
Dielma,Erysipelotrichaceae,Erysipelotrichales,Bacilli,Bacillota,1,0,0
Dietzia,Mycobacteriaceae,Mycobacteriales,Actinomycetes,Actinomycetota,11,6,0.5454545454545454
Dinoroseobacter,Rhodobacteraceae,Rhodobacterales,Alphaproteobacteria,Pseudomonadota,1,0,0
Diplocloster,Lachnospiraceae,Lachnospirales,Clostridia,Bacillota,2,0,0
Dissulfurimicrobium,Sh68,Dissulfuribacterales,Dissulfuribacteria,Desulfobacterota,1,0,0
Dissulfurirhabdus,Dissulfurirhabdaceae,Dissulfuribacterales,Dissulfuribacteria,Desulfobacterota,1,1,1
Dokdonella,Rhodanobacteraceae,Xanthomonadales,Gammaproteobacteria,Pseudomonadota,4,0,0
Dokdonia,Flavobacteriaceae,Flavobacteriales,Bacteroidia,Bacteroidota,4,1,0.25
Dolichospermum,Nostocaceae,Cyanobacteriales,Cyanobacteriia,Cyanobacteriota,2,0,0
Dolosigranulum,Carnobacteriaceae,Lactobacillales,Bacilli,Bacillota,1,0,0
Domibacillus,Domibacillaceae,Bacillales_B,Bacilli,Bacillota,5,1,0.2
Donghicola,Rhodobacteraceae,Rhodobacterales,Alphaproteobacteria,Pseudomonadota,1,0,0
Dongia,Dongiaceae,Dongiales,Alphaproteobacteria,Pseudomonadota,2,0,0
Dongshaea,Aeromonadaceae,Enterobacterales,Gammaproteobacteria,Pseudomonadota,1,1,1
Dorea,Lachnospiraceae,Lachnospirales,Clostridia,Bacillota,2,0,0
Draconibacterium,Prolixibacteraceae,Bacteroidales,Bacteroidia,Bacteroidota,2,0,0
Dubosiella,Erysipelotrichaceae,Erysipelotrichales,Bacilli,Bacillota,1,1,1
Duffyella,Enterobacteriaceae,Enterobacterales,Gammaproteobacteria,Pseudomonadota,1,0,0
Duganella,Burkholderiaceae,Burkholderiales,Gammaproteobacteria,Pseudomonadota,4,1,0.25
Dulcicalothrix,Nostocaceae,Cyanobacteriales,Cyanobacteriia,Cyanobacteriota,1,0,0
Duncaniella,Muribaculaceae,Bacteroidales,Bacteroidia,Bacteroidota,4,1,0.25
Dyadobacter,Spirosomataceae,Cytophagales,Bacteroidia,Bacteroidota,19,8,0.42105263157894735
Dyella,Rhodanobacteraceae,Xanthomonadales,Gammaproteobacteria,Pseudomonadota,34,10,0.29411764705882354
Dysgonomonas,Dysgonomonadaceae,Bacteroidales,Bacteroidia,Bacteroidota,6,0,0
Dysosmobacter,NA,NA,NA,NA,2,0,0
Echinicola,Cyclobacteriaceae,Cytophagales,Bacteroidia,Bacteroidota,6,2,0.3333333333333333
Echinimonas,Neiellaceae,Enterobacterales,Gammaproteobacteria,Pseudomonadota,1,0,0
Ectobacillus,Bacillaceae_G,Bacillales,Bacilli,Bacillota,1,0,0
Ectopseudomonas,NA,NA,NA,NA,8,0,0
Ectorhizobium,Rhizobiaceae,Rhizobiales,Alphaproteobacteria,Pseudomonadota,1,0,0
Ectothiorhodosinus,Ectothiorhodospiraceae,Ectothiorhodospirales,Gammaproteobacteria,Pseudomonadota,1,0,0
Ectothiorhodospira,Ectothiorhodospiraceae,Ectothiorhodospirales,Gammaproteobacteria,Pseudomonadota,4,0,0
Edaphobacter,Acidobacteriaceae,Terriglobales,Terriglobia,Acidobacteriota,6,6,1
Edaphosphingomonas,NA,NA,NA,NA,2,0,0
Edwardsiella,Enterobacteriaceae,Enterobacterales,Gammaproteobacteria,Pseudomonadota,1,0,0
Effusibacillus,Effusibacillaceae,Tumebacillales,Bacilli,Bacillota,1,0,0
Eggerthella,Eggerthellaceae,Coriobacteriales,Coriobacteriia,Actinomycetota,5,1,0.2
Eggerthia,Coprobacillaceae,Erysipelotrichales,Bacilli,Bacillota,1,1,1
Egicoccus,Nitriliruptoraceae,Nitriliruptorales,Nitriliruptoria,Actinomycetota,1,0,0
Ehrlichia,Anaplasmataceae,Rickettsiales,Alphaproteobacteria,Pseudomonadota,2,0,0
Eikenella,Neisseriaceae,Burkholderiales,Gammaproteobacteria,Pseudomonadota,4,0,0
Eilatimonas,Kordiimonadaceae,Sphingomonadales,Alphaproteobacteria,Pseudomonadota,1,0,0
Eisenbergiella,Lachnospiraceae,Lachnospirales,Clostridia,Bacillota,2,0,0
Eisenibacter,Microscillaceae,Cytophagales,Bacteroidia,Bacteroidota,1,0,0
Ekhidna,Cyclobacteriaceae,Cytophagales,Bacteroidia,Bacteroidota,1,0,0
Eleftheria,NA,NA,NA,NA,1,1,1
Elioraea,Acetobacteraceae,Acetobacterales,Alphaproteobacteria,Pseudomonadota,4,0,0
Elongatibacter,SZUA-36,Xanthomonadales,Gammaproteobacteria,Pseudomonadota,1,0,0
Elusimicrobium,Elusimicrobiaceae,Elusimicrobiales,Elusimicrobia,Elusimicrobiota,1,0,0
Emergencia,Anaerovoracaceae,Peptostreptococcales,Clostridia,Bacillota,1,0,0
Empedobacter,Weeksellaceae,Flavobacteriales,Bacteroidia,Bacteroidota,1,0,0
Emticicia,Spirosomataceae,Cytophagales,Bacteroidia,Bacteroidota,6,1,0.16666666666666666
Endobacter,Acetobacteraceae,Acetobacterales,Alphaproteobacteria,Pseudomonadota,1,0,0
Endobacterium,NA,NA,NA,NA,1,0,0
Endozoicomonas,Endozoicomonadaceae,Pseudomonadales,Gammaproteobacteria,Pseudomonadota,8,1,0.125
Engelhardtia,NA,NA,NA,NA,1,1,1
Enorma,Coriobacteriaceae,Coriobacteriales,Coriobacteriia,Actinomycetota,1,0,0
Ensifer,Rhizobiaceae,Rhizobiales,Alphaproteobacteria,Pseudomonadota,5,0,0
Enterobacillus,Enterobacteriaceae,Enterobacterales,Gammaproteobacteria,Pseudomonadota,1,0,0
Enterobacter,Enterobacteriaceae,Enterobacterales,Gammaproteobacteria,Pseudomonadota,17,1,0.058823529411764705
Enterobacterales,NA,NA,NA,NA,1,0,0
Enterobacteriaceae,NA,NA,NA,NA,6,0,0
Enterocloster,Lachnospiraceae,Lachnospirales,Clostridia,Bacillota,5,1,0.2
Enterococcus,Enterococcaceae,Lactobacillales,Bacilli,Bacillota,59,11,0.1864406779661017
Enteroscipio,Eggerthellaceae,Coriobacteriales,Coriobacteriia,Actinomycetota,1,0,0
Enterovibrio,Vibrionaceae,Enterobacterales,Gammaproteobacteria,Pseudomonadota,1,0,0
Enterovirga,Beijerinckiaceae,Rhizobiales,Alphaproteobacteria,Pseudomonadota,1,0,0
Entomomonas,Pseudomonadaceae,Pseudomonadales,Gammaproteobacteria,Pseudomonadota,2,1,0.5
Entomoplasma,Mycoplasmataceae,Mycoplasmatales,Bacilli,Bacillota,2,1,0.5
Entomospira,WRBN01,WRBN01,Spirochaetia,Spirochaetota,3,2,0.6666666666666666
Eoetvoesiella,NA,NA,NA,NA,1,0,0
Ephemeroptericola,NA,NA,NA,NA,1,1,1
Epibacterium,Rhodobacteraceae,Rhodobacterales,Alphaproteobacteria,Pseudomonadota,1,0,0
Ereboglobus,Opitutaceae,Opitutales,Verrucomicrobiia,Verrucomicrobiota,1,0,0
Erwinia,Enterobacteriaceae,Enterobacterales,Gammaproteobacteria,Pseudomonadota,10,1,0.1
Erysipelothrix,Erysipelotrichaceae,Erysipelotrichales,Bacilli,Bacillota,8,0,0
Erythrobacter,Sphingomonadaceae,Sphingomonadales,Alphaproteobacteria,Pseudomonadota,21,0,0
Escherichia,Enterobacteriaceae,Enterobacterales,Gammaproteobacteria,Pseudomonadota,7,0,0
Eshraghiella,NA,NA,NA,NA,1,0,0
Estrella,Criblamydiaceae,Chlamydiales,Chlamydiia,Chlamydiota,1,0,0
Eubacterium,Eubacteriaceae,Eubacteriales,Clostridia,Bacillota,9,0,0
Eudoraea,Flavobacteriaceae,Flavobacteriales,Bacteroidia,Bacteroidota,1,0,0
Euhalothece,NA,NA,NA,NA,1,0,0
Euryhalocaulis,Maricaulaceae,Caulobacterales,Alphaproteobacteria,Pseudomonadota,1,0,0
Euzebya,Euzebyaceae,Euzebyales,Nitriliruptoria,Actinomycetota,3,0,0
Euzebyella,Flavobacteriaceae,Flavobacteriales,Bacteroidia,Bacteroidota,2,0,0
Evansella,Salisediminibacteriaceae,Bacillales_H,Bacilli,Bacillota,3,0,0
Ewingella,Enterobacteriaceae,Enterobacterales,Gammaproteobacteria,Pseudomonadota,1,0,0
Exiguobacterium,Exiguobacteriaceae,Exiguobacteriales,Bacilli,Bacillota,14,2,0.14285714285714285
Exobacillus,NA,NA,NA,NA,1,0,0
Extensimonas,Burkholderiaceae,Burkholderiales,Gammaproteobacteria,Pseudomonadota,3,0,0
Extibacter,Lachnospiraceae,Lachnospirales,Clostridia,Bacillota,1,0,0
Ezakiella,Peptoniphilaceae,Tissierellales,Clostridia,Bacillota,1,0,0
Facivitalis,NA,NA,NA,NA,1,0,0
Facklamia,Aerococcaceae,Lactobacillales,Bacilli,Bacillota,3,0,0
Faecalibacillus,Coprobacillaceae,Erysipelotrichales,Bacilli,Bacillota,1,0,0
Faecalibacter,Weeksellaceae,Flavobacteriales,Bacteroidia,Bacteroidota,1,0,0
Faecalibacterium,Ruminococcaceae,Oscillospirales,Clostridia,Bacillota,9,3,0.3333333333333333
Faecalicatena,Lachnospiraceae,Lachnospirales,Clostridia,Bacillota,1,0,0
Faecalicoccus,Erysipelotrichaceae,Erysipelotrichales,Bacilli,Bacillota,2,1,0.5
Faecalimicrobium,Peptostreptococcaceae,Peptostreptococcales,Clostridia,Bacillota,1,1,1
Faecalispora,Acutalibacteraceae,Oscillospirales,Clostridia,Bacillota,1,0,0
Falsarthrobacter,Micrococcaceae,Actinomycetales,Actinomycetes,Actinomycetota,1,0,0
Falsibacillus,DSM-25281,Bacillales_B,Bacilli,Bacillota,1,0,0
Falsigemmobacter,NA,NA,NA,NA,1,0,0
Falsihalocynthiibacter,Rhodobacteraceae,Rhodobacterales,Alphaproteobacteria,Pseudomonadota,1,0,0
Falsirhodobacter,Rhodobacteraceae,Rhodobacterales,Alphaproteobacteria,Pseudomonadota,4,0,0
Falsiroseomonas,Acetobacteraceae,Acetobacterales,Alphaproteobacteria,Pseudomonadota,6,0,0
Falsiruegeria,Rhodobacteraceae,Rhodobacterales,Alphaproteobacteria,Pseudomonadota,1,0,0
Falsochrobactrum,NA,NA,NA,NA,3,0,0
Fangia,Francisellaceae,Francisellales,Gammaproteobacteria,Pseudomonadota,1,0,0
Fannyhessea,Atopobiaceae,Coriobacteriales,Coriobacteriia,Actinomycetota,1,0,0
Fastidiosibacter,Francisellaceae,Francisellales,Gammaproteobacteria,Pseudomonadota,1,0,0
Faucicola,NA,NA,NA,NA,1,1,1
Faunimonas,Afifellaceae,Rhizobiales,Alphaproteobacteria,Pseudomonadota,1,0,0
Feifania,Feifaniaceae,Oscillospirales,Clostridia,Bacillota,1,0,0
Fenollaria,Peptoniphilaceae,Tissierellales,Clostridia,Bacillota,2,2,1
Ferirhizobium,Rhizobiaceae,Rhizobiales,Alphaproteobacteria,Pseudomonadota,1,0,0
Ferranicluibacter,Rhizobiaceae,Rhizobiales,Alphaproteobacteria,Pseudomonadota,1,0,0
Ferribacterium,NA,NA,NA,NA,1,0,0
Ferrigenium,NA,NA,NA,NA,1,0,0
Ferrimicrobium,Acidimicrobiaceae,Acidimicrobiales,Acidimicrobiia,Actinomycetota,1,0,0
Ferrimonas,Shewanellaceae,Enterobacterales,Gammaproteobacteria,Pseudomonadota,3,1,0.3333333333333333
Ferriphaselus,Gallionellaceae,Burkholderiales,Gammaproteobacteria,Pseudomonadota,1,0,0
Ferrithrix,Acidimicrobiaceae,Acidimicrobiales,Acidimicrobiia,Actinomycetota,1,0,0
Ferrovibrio,Ferrovibrionaceae,Ferrovibrionales,Alphaproteobacteria,Pseudomonadota,2,0,0
Ferrovum,Ferrovaceae,Burkholderiales,Gammaproteobacteria,Pseudomonadota,1,0,0
Fertoeibacter,Rhodobacteraceae,Rhodobacterales,Alphaproteobacteria,Pseudomonadota,1,0,0
Fervidicola,Thermosediminibacteraceae,Thermosediminibacterales,Thermosediminibacteria,Bacillota,1,1,1
Fervidobacterium,Fervidobacteriaceae,Thermotogales,Thermotogae,Thermotogota,3,2,0.6666666666666666
Fibrella,Spirosomataceae,Cytophagales,Bacteroidia,Bacteroidota,1,1,1
Fibrisoma,Spirosomataceae,Cytophagales,Bacteroidia,Bacteroidota,2,2,1
Fictibacillus,Fictibacillaceae,Bacillales_G,Bacilli,Bacillota,2,0,0
Fidelibacter,NA,NA,NA,NA,1,0,0
Filifactor,Filifactoraceae,Peptostreptococcales,Clostridia,Bacillota,2,1,0.5
Filobacillus,Alkalibacillaceae,Bacillales_D,Bacilli,Bacillota,1,0,0
Filomicrobium,Hyphomicrobiaceae,Rhizobiales,Alphaproteobacteria,Pseudomonadota,1,0,0
Fimbriimonas,Fimbriimonadaceae,Fimbriimonadales,Fimbriimonadia,Armatimonadota,1,0,0
Fischerella,Nostocaceae,Cyanobacteriales,Cyanobacteriia,Cyanobacteriota,2,0,0
Flagellatimonas,Nevskiaceae,Nevskiales,Gammaproteobacteria,Pseudomonadota,1,0,0
Flagellimonas,Flavobacteriaceae,Flavobacteriales,Bacteroidia,Bacteroidota,17,9,0.5294117647058824
Flammeovirga,Flammeovirgaceae,Cytophagales,Bacteroidia,Bacteroidota,6,6,1
Flaviflagellibacter,NA,NA,NA,NA,1,0,0
Flaviflexus,Actinomycetaceae,Actinomycetales,Actinomycetes,Actinomycetota,4,1,0.25
Flavihumibacter,Chitinophagaceae,Chitinophagales,Bacteroidia,Bacteroidota,3,0,0
Flavilitoribacter,Saprospiraceae,Chitinophagales,Bacteroidia,Bacteroidota,1,1,1
Flavimaribacter,Rhizobiaceae,Rhizobiales,Alphaproteobacteria,Pseudomonadota,1,0,0
Flavimaricola,Rhodobacteraceae,Rhodobacterales,Alphaproteobacteria,Pseudomonadota,1,0,0
Flavimobilis,Cellulomonadaceae,Actinomycetales,Actinomycetes,Actinomycetota,1,0,0
Flavipsychrobacter,NA,NA,NA,NA,1,0,0
Flaviramulus,Flavobacteriaceae,Flavobacteriales,Bacteroidia,Bacteroidota,3,1,0.3333333333333333
Flavisolibacter,Chitinophagaceae,Chitinophagales,Bacteroidia,Bacteroidota,2,0,0
Flavisphingomonas,NA,NA,NA,NA,1,0,0
Flavisphingopyxis,NA,NA,NA,NA,1,0,0
Flavivirga,Flavobacteriaceae,Flavobacteriales,Bacteroidia,Bacteroidota,2,0,0
Flavobacterium,Flavobacteriaceae,Flavobacteriales,Bacteroidia,Bacteroidota,239,123,0.5146443514644351
Flectobacillus,Spirosomataceae,Cytophagales,Bacteroidia,Bacteroidota,4,0,0
Flexibacterium,NA,NA,NA,NA,1,0,0
Flexilinea,Anaerolineaceae,Anaerolineales,Anaerolineae,Chloroflexota,1,0,0
Flexistipes,Flexistipitaceae,Deferribacterales,Deferribacteres,Chrysiogenota,1,0,0
Flexithrix,Flammeovirgaceae,Cytophagales,Bacteroidia,Bacteroidota,1,1,1
Flexivirga,Dermatophilaceae,Actinomycetales,Actinomycetes,Actinomycetota,5,0,0
Flintibacter,NA,NA,NA,NA,2,2,1
Floccifex,Erysipelotrichaceae,Erysipelotrichales,Bacilli,Bacillota,1,0,0
Floricoccus,Streptococcaceae,Lactobacillales,Bacilli,Bacillota,2,2,1
Floridanema,NA,NA,NA,NA,3,0,0
Fluoribacter,NA,NA,NA,NA,2,0,0
Fluviibacter,Rhodocyclaceae,Burkholderiales,Gammaproteobacteria,Pseudomonadota,1,0,0
Fluviicoccus,Moraxellaceae,Pseudomonadales,Gammaproteobacteria,Pseudomonadota,1,0,0
Fluviicola,Crocinitomicaceae,Flavobacteriales,Bacteroidia,Bacteroidota,1,0,0
Fluviispira,NA,NA,NA,NA,2,2,1
Fodinibius,Balneolaceae,Balneolales,Rhodothermia,Bacteroidota_A,5,1,0.2
Fodinicola,HKI-0501,Mycobacteriales,Actinomycetes,Actinomycetota,1,0,0
Fodinisporobacter,MYW30-H2,Tumebacillales,Bacilli,Bacillota,1,0,0
Fontimonas,Nevskiaceae,Nevskiales,Gammaproteobacteria,Pseudomonadota,1,0,0
Fontisphaera,Fontisphaeraceae,Limisphaerales,Verrucomicrobiia,Verrucomicrobiota,1,0,0
Fontisubflavum,NA,NA,NA,NA,1,0,0
Formivibrio,Chitinibacteraceae,Burkholderiales,Gammaproteobacteria,Pseudomonadota,1,1,1
Formosa,Flavobacteriaceae,Flavobacteriales,Bacteroidia,Bacteroidota,1,0,0
Formosimonas,Burkholderiaceae,Burkholderiales,Gammaproteobacteria,Pseudomonadota,1,0,0
Fortiea,Nostocaceae,Cyanobacteriales,Cyanobacteriia,Cyanobacteriota,1,1,1
Francisella,Francisellaceae,Francisellales,Gammaproteobacteria,Pseudomonadota,14,1,0.07142857142857142
Frateuria,Rhodanobacteraceae,Xanthomonadales,Gammaproteobacteria,Pseudomonadota,5,0,0
Frederiksenia,Pasteurellaceae,Enterobacterales,Gammaproteobacteria,Pseudomonadota,1,0,0
Fredinandcohnia,NA,NA,NA,NA,2,0,0
Fretibacter,Maricaulaceae,Caulobacterales,Alphaproteobacteria,Pseudomonadota,1,0,0
Fretibacterium,Aminobacteriaceae,Synergistales,Synergistia,Synergistota,1,0,0
Frigidibacter,Rhodobacteraceae,Rhodobacterales,Alphaproteobacteria,Pseudomonadota,2,0,0
Frigoribacterium,Microbacteriaceae,Actinomycetales,Actinomycetes,Actinomycetota,2,1,0.5
Frisingicoccus,Lachnospiraceae,Lachnospirales,Clostridia,Bacillota,1,0,0
Frondihabitans,Microbacteriaceae,Actinomycetales,Actinomycetes,Actinomycetota,4,2,0.5
Fructilactobacillus,Lactobacillaceae,Lactobacillales,Bacilli,Bacillota,2,1,0.5
Fructobacillus,Lactobacillaceae,Lactobacillales,Bacilli,Bacillota,4,4,1
Fulvimarina,Rhizobiaceae,Rhizobiales,Alphaproteobacteria,Pseudomonadota,3,0,0
Fulvimonas,Rhodanobacteraceae,Xanthomonadales,Gammaproteobacteria,Pseudomonadota,2,0,0
Fulvivirga,Cyclobacteriaceae,Cytophagales,Bacteroidia,Bacteroidota,4,1,0.25
Fundicoccus,Aerococcaceae,Lactobacillales,Bacilli,Bacillota,2,0,0
Fundidesulfovibrio,Desulfovibrionaceae,Desulfovibrionales,Desulfovibrionia,Desulfobacterota_I,3,0,0
Funiculus,FACHB-T130,Cyanobacteriales,Cyanobacteriia,Cyanobacteriota,1,0,0
Furfurilactobacillus,Lactobacillaceae,Lactobacillales,Bacilli,Bacillota,1,0,0
Fuscibacter,Rhodobacteraceae,Rhodobacterales,Alphaproteobacteria,Pseudomonadota,1,0,0
Fuscovulum,Rhodobacteraceae,Rhodobacterales,Alphaproteobacteria,Pseudomonadota,1,0,0
Fusicatenibacter,Lachnospiraceae,Lachnospirales,Clostridia,Bacillota,1,1,1
Fusobacterium,Fusobacteriaceae,Fusobacteriales,Fusobacteriia,Fusobacteriota,11,0,0
Gabonibacter,Marinifilaceae,Bacteroidales,Bacteroidia,Bacteroidota,2,0,0
Gaetbulibacter,Flavobacteriaceae,Flavobacteriales,Bacteroidia,Bacteroidota,1,0,0
Gaiella,Gaiellaceae,Gaiellales,Thermoleophilia,Actinomycetota,1,0,0
Galactobacillus,NA,NA,NA,NA,1,1,1
Galactobacter,Micrococcaceae,Actinomycetales,Actinomycetes,Actinomycetota,2,0,0
Galbitalea,Microbacteriaceae,Actinomycetales,Actinomycetes,Actinomycetota,1,1,1
Gallaecimonas,Gallaecimonadaceae,Enterobacterales,Gammaproteobacteria,Pseudomonadota,4,1,0.25
Gallalistipes,Rikenellaceae,Bacteroidales,Bacteroidia,Bacteroidota,1,0,0
Gallibacter,Anaerovoracaceae,Peptostreptococcales,Clostridia,Bacillota,1,0,0
Gallibacterium,Pasteurellaceae,Enterobacterales,Gammaproteobacteria,Pseudomonadota,2,2,1
Gallintestinimicrobium,Lachnospiraceae,Lachnospirales,Clostridia,Bacillota,1,0,0
Galliscardovia,Bifidobacteriaceae,Actinomycetales,Actinomycetes,Actinomycetota,1,0,0
Gandjariella,Pseudonocardiaceae,Mycobacteriales,Actinomycetes,Actinomycetota,1,0,0
Gangjinia,Flavobacteriaceae,Flavobacteriales,Bacteroidia,Bacteroidota,1,1,1
Gaopeijia,NA,NA,NA,NA,1,1,1
Gaoshiqia,Prolixibacteraceae,Bacteroidales,Bacteroidia,Bacteroidota,2,1,0.5
Garciella,Garciellaceae,Eubacteriales,Clostridia,Bacillota,1,1,1
Gardnerella,NA,NA,NA,NA,1,0,0
Garicola,NA,NA,NA,NA,1,1,1
Gelatiniphilus,NA,NA,NA,NA,1,0,0
Gelidibacter,Flavobacteriaceae,Flavobacteriales,Bacteroidia,Bacteroidota,3,0,0
Gellertiella,Rhizobiaceae,Rhizobiales,Alphaproteobacteria,Pseudomonadota,1,1,1
Gemella,Gemellaceae,Staphylococcales,Bacilli,Bacillota,5,3,0.6
Geminicoccus,Geminicoccaceae,Geminicoccales,Alphaproteobacteria,Pseudomonadota,3,0,0
Geminocystis,Cyanobacteriaceae,Cyanobacteriales,Cyanobacteriia,Cyanobacteriota,1,0,0
Gemmata,Gemmataceae,Gemmatales,Planctomycetia,Planctomycetota,3,2,0.6666666666666666
Gemmatimonas,Gemmatimonadaceae,Gemmatimonadales,Gemmatimonadetes,Gemmatimonadota,3,0,0
Gemmatirosa,Gemmatimonadaceae,Gemmatimonadales,Gemmatimonadetes,Gemmatimonadota,1,0,0
Gemmiger,Ruminococcaceae,Oscillospirales,Clostridia,Bacillota,1,0,0
Gemmobacter,Rhodobacteraceae,Rhodobacterales,Alphaproteobacteria,Pseudomonadota,10,0,0
Geoalkalibacter,Geoalkalibacteraceae,Desulfuromonadales,Desulfuromonadia,Desulfobacterota,3,0,0
Geoanaerobacter,DSM-12255,Geobacterales,Desulfuromonadia,Desulfobacterota,1,0,0
Geobacillus,Anoxybacillaceae,Bacillales,Bacilli,Bacillota,9,6,0.6666666666666666
Geobacter,Geobacteraceae,Geobacterales,Desulfuromonadia,Desulfobacterota,5,3,0.6
Geochorda,NA,NA,NA,NA,1,0,0
Geodermatophilus,Geodermatophilaceae,Mycobacteriales,Actinomycetes,Actinomycetota,12,7,0.5833333333333334
Geofilum,Marinilabiliaceae,Bacteroidales,Bacteroidia,Bacteroidota,1,1,1
Geomesophilobacter,Geobacteraceae,Geobacterales,Desulfuromonadia,Desulfobacterota,1,1,1
Geomicrobium,Marinococcaceae,Bacillales_H,Bacilli,Bacillota,2,0,0
Geomobilimonas,Geobacteraceae,Geobacterales,Desulfuromonadia,Desulfobacterota,1,0,0
Geomonas,Geobacteraceae,Geobacterales,Desulfuromonadia,Desulfobacterota,14,0,0
Geopseudomonas,Pseudomonadaceae,Pseudomonadales,Gammaproteobacteria,Pseudomonadota,3,0,0
Geopsychrobacter,Geopsychrobacteraceae,Desulfuromonadales,Desulfuromonadia,Desulfobacterota,1,0,0
Georgenia,Actinomycetaceae,Actinomycetales,Actinomycetes,Actinomycetota,11,6,0.5454545454545454
Georhizobium,Rhizobiaceae,Rhizobiales,Alphaproteobacteria,Pseudomonadota,1,0,0
Geosporobacter,Thermotaleaceae,Peptostreptococcales,Clostridia,Bacillota,1,0,0
Geotalea,Geobacteraceae,Geobacterales,Desulfuromonadia,Desulfobacterota,3,1,0.3333333333333333
Geothermobacter,Geothermobacteraceae,Desulfuromonadales,Desulfuromonadia,Desulfobacterota,2,1,0.5
Geovibrio,Geovibrionaceae,Deferribacterales,Deferribacteres,Chrysiogenota,2,0,0
Gibbsiella,Enterobacteriaceae,Enterobacterales,Gammaproteobacteria,Pseudomonadota,1,0,0
Giesbergeria,NA,NA,NA,NA,2,0,0
Gillisia,Flavobacteriaceae,Flavobacteriales,Bacteroidia,Bacteroidota,2,1,0.5
Gilvimarinus,Cellvibrionaceae,Pseudomonadales,Gammaproteobacteria,Pseudomonadota,3,2,0.6666666666666666
Gimesia,Planctomycetaceae,Planctomycetales,Planctomycetia,Planctomycetota,8,0,0
Gimibacter,Kordiimonadaceae,Sphingomonadales,Alphaproteobacteria,Pseudomonadota,1,0,0
Ginsengibacter,Chitinophagaceae,Chitinophagales,Bacteroidia,Bacteroidota,1,0,0
Glaciecola,Alteromonadaceae,Enterobacterales,Gammaproteobacteria,Pseudomonadota,1,0,0
Glacieibacterium,Sphingomonadaceae,Sphingomonadales,Alphaproteobacteria,Pseudomonadota,1,0,0
Glaciibacter,NA,NA,NA,NA,2,2,1
Glaciihabitans,Microbacteriaceae,Actinomycetales,Actinomycetes,Actinomycetota,1,1,1
Glaciimonas,Burkholderiaceae,Burkholderiales,Gammaproteobacteria,Pseudomonadota,2,0,0
Glaesserella,Pasteurellaceae,Enterobacterales,Gammaproteobacteria,Pseudomonadota,1,0,0
Gleimia,Actinomycetaceae,Actinomycetales,Actinomycetes,Actinomycetota,1,0,0
Globicatella,Aerococcaceae,Lactobacillales,Bacilli,Bacillota,2,0,0
Gloeobacter,Gloeobacteraceae,Gloeobacterales,Cyanobacteriia,Cyanobacteriota,3,2,0.6666666666666666
Gloeothece,Microcystaceae,Cyanobacteriales,Cyanobacteriia,Cyanobacteriota,2,1,0.5
Gluconacetobacter,Acetobacteraceae,Acetobacterales,Alphaproteobacteria,Pseudomonadota,8,8,1
Glutamicibacter,Micrococcaceae,Actinomycetales,Actinomycetes,Actinomycetota,11,0,0
Glycomyces,Micromonosporaceae,Mycobacteriales,Actinomycetes,Actinomycetota,17,4,0.23529411764705882
Goekera,Geodermatophilaceae,Mycobacteriales,Actinomycetes,Actinomycetota,1,1,1
Gordonia,Mycobacteriaceae,Mycobacteriales,Actinomycetes,Actinomycetota,43,11,0.2558139534883721
Gordonibacter,Eggerthellaceae,Coriobacteriales,Coriobacteriia,Actinomycetota,2,2,1
Gorillibacterium,NBRC-103111,Paenibacillales,Bacilli,Bacillota,2,0,0
Gottschalkia,Gottschalkiaceae,Tissierellales,Clostridia,Bacillota,1,1,1
Gracilibacillus,Amphibacillaceae,Bacillales_D,Bacilli,Bacillota,6,0,0
Gracilimonas,Balneolaceae,Balneolales,Rhodothermia,Bacteroidota_A,6,0,0
Gracilinema,Breznakiellaceae,Treponematales,Spirochaetia,Spirochaetota,1,0,0
Gramella,NA,NA,NA,NA,1,1,1
Granulibacter,Acetobacteraceae,Acetobacterales,Alphaproteobacteria,Pseudomonadota,1,0,0
Granulicatella,Aerococcaceae,Lactobacillales,Bacilli,Bacillota,3,0,0
Granulicella,Acidobacteriaceae,Terriglobales,Terriglobia,Acidobacteriota,8,8,1
Granulimonas,Atopobiaceae,Coriobacteriales,Coriobacteriia,Actinomycetota,1,0,0
Granulosicoccus,Granulosicoccaceae,Granulosicoccales,Gammaproteobacteria,Pseudomonadota,1,0,0
Grimontia,NA,NA,NA,NA,3,0,0
Gryllotalpicola,Microbacteriaceae,Actinomycetales,Actinomycetes,Actinomycetota,4,1,0.25
Gudongella,Tissierellaceae,Tissierellales,Clostridia,Bacillota,1,1,1
Gulosibacter,Microbacteriaceae,Actinomycetales,Actinomycetes,Actinomycetota,7,4,0.5714285714285714
Guptibacillus,NA,NA,NA,NA,3,0,0
Guyparkeria,Halothiobacillaceae,Halothiobacillales,Gammaproteobacteria,Pseudomonadota,2,2,1
Gymnodinialimonas,Rhodobacteraceae,Rhodobacterales,Alphaproteobacteria,Pseudomonadota,1,0,0
Gynuella,Natronospirillaceae,Pseudomonadales,Gammaproteobacteria,Pseudomonadota,1,0,0
Haematobacter,Rhodobacteraceae,Rhodobacterales,Alphaproteobacteria,Pseudomonadota,2,0,0
Haematospirillum,Rhodospirillaceae,Rhodospirillales,Alphaproteobacteria,Pseudomonadota,1,0,0
Haemophilus,Pasteurellaceae,Enterobacterales,Gammaproteobacteria,Pseudomonadota,10,0,0
Hafnia,Enterobacteriaceae,Enterobacterales,Gammaproteobacteria,Pseudomonadota,3,0,0
Hahella,Oleiphilaceae,Pseudomonadales,Gammaproteobacteria,Pseudomonadota,1,0,0
Halalkalibacillus,Alkalibacillaceae,Bacillales_D,Bacilli,Bacillota,1,1,1
Halalkalibacter,Bacillaceae_D,Bacillales_H,Bacilli,Bacillota,7,6,0.8571428571428571
Halalkalibacterium,Bacillaceae_D,Bacillales_H,Bacilli,Bacillota,2,2,1
Halalkalibaculum,Balneolaceae,Balneolales,Rhodothermia,Bacteroidota_A,1,0,0
Halanaerobium,Halanaerobiaceae,Halanaerobiales,Halanaerobiia,Bacillota,1,0,0
Halarcobacter,Arcobacteraceae,Campylobacterales,Campylobacteria,Campylobacterota,3,1,0.3333333333333333
Haliangium,Haliangiaceae,Haliangiales,Polyangia,Myxococcota,1,1,1
Haliea,Halieaceae,Pseudomonadales,Gammaproteobacteria,Pseudomonadota,2,0,0
Halioglobus,Halieaceae,Pseudomonadales,Gammaproteobacteria,Pseudomonadota,2,0,0
Hallella,NA,NA,NA,NA,3,0,0
Hallerella,Fibrobacteraceae,Fibrobacterales,Fibrobacteria,Fibrobacterota,2,1,0.5
Haloactinomyces,Pseudonocardiaceae,Mycobacteriales,Actinomycetes,Actinomycetota,1,0,0
Haloactinopolyspora,Jiangellaceae,Jiangellales,Actinomycetes,Actinomycetota,1,0,0
Haloactinospora,Streptosporangiaceae,Streptosporangiales,Actinomycetes,Actinomycetota,1,1,1
Halobacillus,Halobacillaceae,Bacillales_D,Bacilli,Bacillota,13,11,0.8461538461538461
Halobacteriovorax,Bacteriovoracaceae,Bacteriovoracales,Bacteriovoracia,Bdellovibrionota,2,1,0.5
Halobacteroides,Halobacteroidaceae,Halobacteroidales,Halanaerobiia,Bacillota,1,0,0
Halochromatium,NA,NA,NA,NA,2,0,0
Halocynthiibacter,Rhodobacteraceae,Rhodobacterales,Alphaproteobacteria,Pseudomonadota,3,1,0.3333333333333333
Halodesulfovibrio,Desulfovibrionaceae,Desulfovibrionales,Desulfovibrionia,Desulfobacterota_I,2,0,0
Halodurantibacterium,NA,NA,NA,NA,1,0,0
Haloechinothrix,Pseudonocardiaceae,Mycobacteriales,Actinomycetes,Actinomycetota,2,1,0.5
Haloferula,Akkermansiaceae,Verrucomicrobiales,Verrucomicrobiia,Verrucomicrobiota,1,0,0
Haloflavibacter,NA,NA,NA,NA,1,0,0
Haloglycomyces,Micromonosporaceae,Mycobacteriales,Actinomycetes,Actinomycetota,1,0,0
Halolactibacillus,Amphibacillaceae,Bacillales_D,Bacilli,Bacillota,3,0,0
Halomarinibacterium,Flavobacteriaceae,Flavobacteriales,Bacteroidia,Bacteroidota,1,1,1
Halomonas,Halomonadaceae,Pseudomonadales,Gammaproteobacteria,Pseudomonadota,21,2,0.09523809523809523
Halonatronum,Halobacteroidaceae,Halobacteroidales,Halanaerobiia,Bacillota,1,0,0
Haloplasma,Haloplasmataceae,Haloplasmatales,Bacilli,Bacillota,1,0,0
Halopseudomonas,Pseudomonadaceae,Pseudomonadales,Gammaproteobacteria,Pseudomonadota,15,0,0
Halorhodospira,Halorhodospiraceae,Nitrococcales,Gammaproteobacteria,Pseudomonadota,4,3,0.75
Halosquirtibacter,NA,NA,NA,NA,2,1,0.5
Halotia,Nostocaceae,Cyanobacteriales,Cyanobacteriia,Cyanobacteriota,1,1,1
Halovibrio,NA,NA,NA,NA,2,0,0
Halovulum,Rhodobacteraceae,Rhodobacterales,Alphaproteobacteria,Pseudomonadota,2,0,0
Halpernia,Weeksellaceae,Flavobacteriales,Bacteroidia,Bacteroidota,1,1,1
Hankyongella,Sphingomonadaceae,Sphingomonadales,Alphaproteobacteria,Pseudomonadota,1,0,0
Hansschlegelia,Methylopilaceae,Rhizobiales,Alphaproteobacteria,Pseudomonadota,4,0,0
Haoranjiania,Chitinophagaceae,Chitinophagales,Bacteroidia,Bacteroidota,1,1,1
Haploplasma,Acholeplasmataceae,Acholeplasmatales,Bacilli,Bacillota,1,0,0
Harenicola,Rhodobacteraceae,Rhodobacterales,Alphaproteobacteria,Pseudomonadota,1,0,0
Hartmannibacter,Pleomorphomonadaceae,Rhizobiales,Alphaproteobacteria,Pseudomonadota,1,0,0
Hasllibacter,Rhodobacteraceae,Rhodobacterales,Alphaproteobacteria,Pseudomonadota,1,0,0
Hathewaya,Clostridiaceae,Clostridiales,Clostridia,Bacillota,3,0,0
Helcococcus,Peptoniphilaceae,Tissierellales,Clostridia,Bacillota,3,3,1
Helicobacter,Helicobacteraceae,Campylobacterales,Campylobacteria,Campylobacterota,16,4,0.25
Helicovermis,Acidaminobacteraceae,Peptostreptococcales,Clostridia,Bacillota,1,0,0
Heliomarina,Rhodobacteraceae,Rhodobacterales,Alphaproteobacteria,Pseudomonadota,1,0,0
Heliomicrobium,Heliobacteriaceae,Heliobacteriales,Desulfitobacteriia,Bacillota,1,0,0
Heliorestis,Heliobacteriaceae,Heliobacteriales,Desulfitobacteriia,Bacillota,1,1,1
Hellea,Maricaulaceae,Caulobacterales,Alphaproteobacteria,Pseudomonadota,1,0,0
Heminiphilus,NA,NA,NA,NA,1,0,0
Hephaestia,NA,NA,NA,NA,2,0,0
Herbaspirillum,Burkholderiaceae,Burkholderiales,Gammaproteobacteria,Pseudomonadota,7,0,0
Herbiconiux,Microbacteriaceae,Actinomycetales,Actinomycetes,Actinomycetota,7,5,0.7142857142857143
Herbidospora,Streptosporangiaceae,Streptosporangiales,Actinomycetes,Actinomycetota,5,1,0.2
Herbinix,NA,NA,NA,NA,1,1,1
Herminiimonas,Burkholderiaceae,Burkholderiales,Gammaproteobacteria,Pseudomonadota,4,0,0
Herpetosiphon,Herpetosiphonaceae,Chloroflexales,Chloroflexia,Chloroflexota,1,1,1
Hespellia,Lachnospiraceae,Lachnospirales,Clostridia,Bacillota,1,1,1
Heyndrickxia,Bacillaceae_C,Bacillales_B,Bacilli,Bacillota,7,3,0.42857142857142855
Hippea,Hippeaceae,Desulfurellales,Desulfurellia,Campylobacterota,1,1,1
Hirschia,Hyphomonadaceae,Caulobacterales,Alphaproteobacteria,Pseudomonadota,2,0,0
Histidinibacterium,NA,NA,NA,NA,2,0,0
Histophilus,Pasteurellaceae,Enterobacterales,Gammaproteobacteria,Pseudomonadota,1,0,0
Hoeflea,Rhizobiaceae,Rhizobiales,Alphaproteobacteria,Pseudomonadota,9,0,0
Hohaiivirga,NA,NA,NA,NA,1,0,0
Holdemanella,Erysipelotrichaceae,Erysipelotrichales,Bacilli,Bacillota,3,2,0.6666666666666666
Holdemania,Erysipelotrichaceae,Erysipelotrichales,Bacilli,Bacillota,2,0,0
Holophaga,Holophagaceae,Holophagales,Holophagae,Acidobacteriota,1,1,1
Holospora,Holosporaceae,Holosporales,Alphaproteobacteria,Pseudomonadota,3,2,0.6666666666666666
Holzapfeliella,Lactobacillaceae,Lactobacillales,Bacilli,Bacillota,2,2,1
Hominibacterium,Anaerovoracaceae,Peptostreptococcales,Clostridia,Bacillota,1,0,0
Homoserinibacter,Microbacteriaceae,Actinomycetales,Actinomycetes,Actinomycetota,1,0,0
Homoserinimonas,Microbacteriaceae,Actinomycetales,Actinomycetes,Actinomycetota,2,2,1
Hongsoonwoonella,Stappiaceae,Rhizobiales,Alphaproteobacteria,Pseudomonadota,1,0,0
Hornefia,Anaerovoracaceae,Peptostreptococcales,Clostridia,Bacillota,2,2,1
Horticoccus,Opitutaceae,Opitutales,Verrucomicrobiia,Verrucomicrobiota,1,0,0
Hoylesella,NA,NA,NA,NA,3,0,0
Hoyosella,Mycobacteriaceae,Mycobacteriales,Actinomycetes,Actinomycetota,3,0,0
Huaxiibacter,NA,NA,NA,NA,1,0,0
Huijunlia,NA,NA,NA,NA,1,1,1
Hujiaoplasma,Hujiaoplasmataceae,Izemoplasmatales,Bacilli,Bacillota,1,0,0
Humibacter,Microbacteriaceae,Actinomycetales,Actinomycetes,Actinomycetota,1,1,1
Humidesulfovibrio,Desulfovibrionaceae,Desulfovibrionales,Desulfovibrionia,Desulfobacterota_I,1,0,0
Humisphaera,Tepidisphaeraceae,Tepidisphaerales,Phycisphaerae,Planctomycetota,1,1,1
Humitalea,Acetobacteraceae,Acetobacterales,Alphaproteobacteria,Pseudomonadota,1,0,0
Hwangdonia,Flavobacteriaceae,Flavobacteriales,Bacteroidia,Bacteroidota,2,0,0
Hwanghaeella,GCA-2696645,UBA8366,Alphaproteobacteria,Pseudomonadota,1,1,1
Hydrobacter,NA,NA,NA,NA,1,1,1
Hydrocarboniclastica,Oleiphilaceae,Pseudomonadales,Gammaproteobacteria,Pseudomonadota,1,0,0
Hydrogenibacillus,DSM-22653,Thermicanales,Bacilli,Bacillota,1,1,1
Hydrogeniiclostridium,Acutalibacteraceae,Oscillospirales,Clostridia,Bacillota,1,0,0
Hydrogenimonas,Hydrogenimonadaceae,Campylobacterales,Campylobacteria,Campylobacterota,3,1,0.3333333333333333
Hydrogenivirga,Aquificaceae,Aquificales,Aquificia,Aquificota,1,0,0
Hydrogenoanaerobacterium,Ruminococcaceae,Oscillospirales,Clostridia,Bacillota,1,0,0
Hydrogenobacter,Aquificaceae,Aquificales,Aquificia,Aquificota,2,0,0
Hydrogenophaga,Burkholderiaceae,Burkholderiales,Gammaproteobacteria,Pseudomonadota,15,0,0
Hydrogenophilus,Rhodocyclaceae,Burkholderiales,Gammaproteobacteria,Pseudomonadota,2,0,0
Hydrogenovibrio,Thiomicrospiraceae,Thiomicrospirales,Gammaproteobacteria,Pseudomonadota,5,0,0
Hydromonas,Burkholderiaceae,Burkholderiales,Gammaproteobacteria,Pseudomonadota,1,0,0
Hyella,Xenococcaceae,Cyanobacteriales,Cyanobacteriia,Cyanobacteriota,1,0,0
Hymenobacter,Hymenobacteraceae,Cytophagales,Bacteroidia,Bacteroidota,21,4,0.19047619047619047
Hypericibacter,Dongiaceae,Dongiales,Alphaproteobacteria,Pseudomonadota,2,1,0.5
Hyphobacterium,Maricaulaceae,Caulobacterales,Alphaproteobacteria,Pseudomonadota,3,0,0
Hyphococcus,Parvularculaceae,Caulobacterales,Alphaproteobacteria,Pseudomonadota,4,0,0
Hyphomicrobium,Hyphomicrobiaceae,Rhizobiales,Alphaproteobacteria,Pseudomonadota,7,1,0.14285714285714285
Hyphomonas,Hyphomonadaceae,Caulobacterales,Alphaproteobacteria,Pseudomonadota,2,0,0
Hyunsoonleella,NA,NA,NA,NA,6,4,0.6666666666666666
Ideonella,Burkholderiaceae,Burkholderiales,Gammaproteobacteria,Pseudomonadota,10,6,0.6
Idiomarina,Alteromonadaceae,Enterobacterales,Gammaproteobacteria,Pseudomonadota,7,0,0
Ignatzschineria,Wohlfahrtiimonadaceae,Cardiobacteriales,Gammaproteobacteria,Pseudomonadota,4,1,0.25
Ignavigranum,Aerococcaceae,Lactobacillales,Bacilli,Bacillota,1,1,1
Ihuprevotella,NA,NA,NA,NA,1,0,0
Ileibacterium,Erysipelotrichaceae,Erysipelotrichales,Bacilli,Bacillota,1,0,0
Ilyobacter,Fusobacteriaceae,Fusobacteriales,Fusobacteriia,Fusobacteriota,1,0,0
Ilyomonas,Chitinophagaceae,Chitinophagales,Bacteroidia,Bacteroidota,1,0,0
Imhoffiella,Chromatiaceae,Chromatiales,Gammaproteobacteria,Pseudomonadota,1,0,0
Immundisolibacter,Immundisolibacteraceae,Immundisolibacterales,Gammaproteobacteria,Pseudomonadota,1,0,0
Imtechella,Flavobacteriaceae,Flavobacteriales,Bacteroidia,Bacteroidota,1,1,1
Inconstantimicrobium,Clostridiaceae,Clostridiales,Clostridia,Bacillota,2,1,0.5
Indibacter,Cyclobacteriaceae,Cytophagales,Bacteroidia,Bacteroidota,1,1,1
Indioceanicola,Azospirillaceae,Azospirillales,Alphaproteobacteria,Pseudomonadota,1,0,0
Inediibacterium,Thermotaleaceae,Peptostreptococcales,Clostridia,Bacillota,1,1,1
Inhella,Burkholderiaceae,Burkholderiales,Gammaproteobacteria,Pseudomonadota,3,3,1
Iningainema,Nostocaceae,Cyanobacteriales,Cyanobacteriia,Cyanobacteriota,1,0,0
Inquilinus,Inquilinaceae,DSM-16000,Alphaproteobacteria,Pseudomonadota,2,0,0
Insulibacter,DA-C8,Paenibacillales,Bacilli,Bacillota,1,0,0
Intestinibacter,Peptostreptococcaceae,Peptostreptococcales,Clostridia,Bacillota,1,1,1
Intestinibaculum,Coprobacillaceae,Erysipelotrichales,Bacilli,Bacillota,1,0,0
Intestinicryptomonas,Intestinicryptomonadaceae,Opitutales,Verrucomicrobiia,Verrucomicrobiota,1,1,1
Intestinirhabdus,Enterobacteriaceae,Enterobacterales,Gammaproteobacteria,Pseudomonadota,1,0,0
Intrasporangium,Dermatophilaceae,Actinomycetales,Actinomycetes,Actinomycetota,3,0,0
Iocasia,DTU029,Halanaerobiales,Halanaerobiia,Bacillota,1,0,0
Iodidimonas,Rhodothalassiaceae,Sphingomonadales,Alphaproteobacteria,Pseudomonadota,1,0,0
Iodobacter,Chitinibacteraceae,Burkholderiales,Gammaproteobacteria,Pseudomonadota,3,2,0.6666666666666666
Irregularibacter,Garciellaceae,Eubacteriales,Clostridia,Bacillota,1,0,0
Isachenkonia,T1SED10-28,Peptostreptococcales,Clostridia,Bacillota,1,1,1
Isoalcanivorax,Alcanivoracaceae,Pseudomonadales,Gammaproteobacteria,Pseudomonadota,1,0,0
Isoptericola,Cellulomonadaceae,Actinomycetales,Actinomycetes,Actinomycetota,7,1,0.14285714285714285
Isorropodon,NA,NA,NA,NA,1,0,0
Isosphaera,Isosphaeraceae,Isosphaerales,Planctomycetia,Planctomycetota,1,1,1
Izhakiella,Enterobacteriaceae,Enterobacterales,Gammaproteobacteria,Pseudomonadota,1,0,0
Janibacter,Dermatophilaceae,Actinomycetales,Actinomycetes,Actinomycetota,5,0,0
Jannaschia,Rhodobacteraceae,Rhodobacterales,Alphaproteobacteria,Pseudomonadota,14,0,0
Janthinobacterium,Burkholderiaceae,Burkholderiales,Gammaproteobacteria,Pseudomonadota,9,7,0.7777777777777778
Jatrophihabitans,Jatrophihabitantaceae,Mycobacteriales,Actinomycetes,Actinomycetota,1,1,1
Jejubacter,Enterobacteriaceae,Enterobacterales,Gammaproteobacteria,Pseudomonadota,1,0,0
Jejudonia,NA,NA,NA,NA,1,0,0
Jejuia,Flavobacteriaceae,Flavobacteriales,Bacteroidia,Bacteroidota,1,0,0
Jeongeupia,Chitinibacteraceae,Burkholderiales,Gammaproteobacteria,Pseudomonadota,3,0,0
Jeotgalibaca,Aerococcaceae,Lactobacillales,Bacilli,Bacillota,3,3,1
Jeotgalibacillus,Jeotgalibacillaceae,Bacillales_B,Bacilli,Bacillota,6,0,0
Jeotgalicoccus,Salinicoccaceae,Staphylococcales,Bacilli,Bacillota,7,1,0.14285714285714285
Jezberella,Burkholderiaceae,Burkholderiales,Gammaproteobacteria,Pseudomonadota,1,0,0
Jhaorihella,Rhodobacteraceae,Rhodobacterales,Alphaproteobacteria,Pseudomonadota,1,0,0
Jiangella,Jiangellaceae,Jiangellales,Actinomycetes,Actinomycetota,10,0,0
Jidongwangia,NA,NA,NA,NA,1,0,0
Jiella,Rhizobiaceae,Rhizobiales,Alphaproteobacteria,Pseudomonadota,6,0,0
Jingyaoa,NA,NA,NA,NA,1,0,0
Johnsonella,Lachnospiraceae,Lachnospirales,Clostridia,Bacillota,1,0,0
Jonquetella,Dethiosulfovibrionaceae,Synergistales,Synergistia,Synergistota,1,1,1
Jutongia,Lachnospiraceae,Lachnospirales,Clostridia,Bacillota,1,0,0
Kaistia,Kaistiaceae,Rhizobiales,Alphaproteobacteria,Pseudomonadota,5,0,0
Kallipyga,Peptoniphilaceae,Tissierellales,Clostridia,Bacillota,1,1,1
Kamptonema,Microcoleaceae,Cyanobacteriales,Cyanobacteriia,Cyanobacteriota,1,0,0
Kangiella,Kangiellaceae,Enterobacterales,Gammaproteobacteria,Pseudomonadota,6,1,0.16666666666666666
Kangsaoukella,Rhodobacteraceae,Rhodobacterales,Alphaproteobacteria,Pseudomonadota,1,0,0
Kaustia,Im1,Rhizobiales,Alphaproteobacteria,Pseudomonadota,1,0,0
Keguizhuia,Burkholderiaceae,Burkholderiales,Gammaproteobacteria,Pseudomonadota,1,0,0
Keratinibaculum,Tepidimicrobiaceae,Tissierellales,Clostridia,Bacillota,1,0,0
Kerstersia,Burkholderiaceae,Burkholderiales,Gammaproteobacteria,Pseudomonadota,2,0,0
Ketobacter,Ketobacteraceae,Pseudomonadales,Gammaproteobacteria,Pseudomonadota,1,0,0
Ketogulonicigenium,Rhodobacteraceae,Rhodobacterales,Alphaproteobacteria,Pseudomonadota,2,0,0
Kibdelosporangium,Pseudonocardiaceae,Mycobacteriales,Actinomycetes,Actinomycetota,5,0,0
Kiloniella,Kiloniellaceae,Kiloniellales,Alphaproteobacteria,Pseudomonadota,4,0,0
Kineobactrum,Halieaceae,Pseudomonadales,Gammaproteobacteria,Pseudomonadota,2,0,0
Kineococcus,Kineococcaceae,Actinomycetales,Actinomycetes,Actinomycetota,12,6,0.5
Kineosphaera,Dermatophilaceae,Actinomycetales,Actinomycetes,Actinomycetota,1,0,0
Kineosporia,Kineosporiaceae,Actinomycetales,Actinomycetes,Actinomycetota,1,0,0
Kineothrix,Lachnospiraceae,Lachnospirales,Clostridia,Bacillota,2,2,1
Kingella,Neisseriaceae,Burkholderiales,Gammaproteobacteria,Pseudomonadota,4,0,0
Kinneretia,Burkholderiaceae,Burkholderiales,Gammaproteobacteria,Pseudomonadota,1,1,1
Kistimonas,Endozoicomonadaceae,Pseudomonadales,Gammaproteobacteria,Pseudomonadota,1,1,1
Kitasatospora,Streptomycetaceae,Streptomycetales,Actinomycetes,Actinomycetota,16,13,0.8125
Klebsiella,Enterobacteriaceae,Enterobacterales,Gammaproteobacteria,Pseudomonadota,1,1,1
Klenkia,Geodermatophilaceae,Mycobacteriales,Actinomycetes,Actinomycetota,4,3,0.75
Klugiella,Microbacteriaceae,Actinomycetales,Actinomycetes,Actinomycetota,1,0,0
Knoellia,Dermatophilaceae,Actinomycetales,Actinomycetes,Actinomycetota,6,0,0
Kocuria,Micrococcaceae,Actinomycetales,Actinomycetes,Actinomycetota,21,1,0.047619047619047616
Konateibacter,NA,NA,NA,NA,1,0,0
Kordia,Flavobacteriaceae,Flavobacteriales,Bacteroidia,Bacteroidota,6,2,0.3333333333333333
Kordiimonas,Kordiimonadaceae,Sphingomonadales,Alphaproteobacteria,Pseudomonadota,4,0,0
Kosakonia,Enterobacteriaceae,Enterobacterales,Gammaproteobacteria,Pseudomonadota,4,0,0
Kosmotoga,Kosmotogaceae,Petrotogales,Thermotogae,Thermotogota,1,0,0
Kovacikia,Leptolyngbyaceae,Leptolyngbyales,Cyanobacteriia,Cyanobacteriota,1,0,0
Kozakia,Acetobacteraceae,Acetobacterales,Alphaproteobacteria,Pseudomonadota,1,1,1
Krasilnikovia,NA,NA,NA,NA,1,0,0
Krasilnikoviella,NA,NA,NA,NA,1,0,0
Kribbella,Kribbellaceae,Propionibacteriales,Actinomycetes,Actinomycetota,32,1,0.03125
Kribbia,Dermatophilaceae,Actinomycetales,Actinomycetes,Actinomycetota,1,0,0
Kribbibacterium,Atopobiaceae,Coriobacteriales,Coriobacteriia,Actinomycetota,1,0,0
Kroppenstedtia,DSM-45169,Thermoactinomycetales,Bacilli,Bacillota,3,3,1
Ktedonobacter,Ktedonobacteraceae,Ktedonobacterales,Ktedonobacteria,Chloroflexota,2,2,1
Ktedonospora,NA,NA,NA,NA,1,1,1
Kurthia,Planococcaceae,Bacillales_A,Bacilli,Bacillota,5,1,0.2
Kushneria,Halomonadaceae,Pseudomonadales,Gammaproteobacteria,Pseudomonadota,3,0,0
Kutzneria,Pseudonocardiaceae,Mycobacteriales,Actinomycetes,Actinomycetota,5,0,0
Kyrpidia,Kyrpidiaceae,Kyrpidiales,Bacilli,Bacillota,2,2,1
Kytococcus,Dermatophilaceae,Actinomycetales,Actinomycetes,Actinomycetota,2,0,0
Labedaea,Pseudonocardiaceae,Mycobacteriales,Actinomycetes,Actinomycetota,1,0,0
Labilibacter,NA,NA,NA,NA,1,0,0
Labilithrix,Polyangiaceae,Polyangiales,Polyangia,Myxococcota,1,0,0
Labrys,Labraceae,Rhizobiales,Alphaproteobacteria,Pseudomonadota,4,0,0
Laceyella,Thermoactinomycetaceae,Thermoactinomycetales,Bacilli,Bacillota,3,1,0.3333333333333333
Lachnoanaerobaculum,Lachnospiraceae,Lachnospirales,Clostridia,Bacillota,2,0,0
Lachnobacterium,Lachnospiraceae,Lachnospirales,Clostridia,Bacillota,1,0,0
Lachnoclostridium,Lachnospiraceae,Lachnospirales,Clostridia,Bacillota,1,1,1
Lachnospira,Lachnospiraceae,Lachnospirales,Clostridia,Bacillota,3,2,0.6666666666666666
Lachnotalea,Lachnospiraceae,Lachnospirales,Clostridia,Bacillota,1,0,0
Lacibacter,Chitinophagaceae,Chitinophagales,Bacteroidia,Bacteroidota,3,1,0.3333333333333333
Lacibacterium,NA,NA,NA,NA,1,0,0
Lacicoccus,Salinicoccaceae,Staphylococcales,Bacilli,Bacillota,1,0,0
Lacinutrix,Flavobacteriaceae,Flavobacteriales,Bacteroidia,Bacteroidota,3,0,0
Lacipirellula,Lacipirellulaceae,Pirellulales,Planctomycetia,Planctomycetota,2,2,1
Lacisediminihabitans,Microbacteriaceae,Actinomycetales,Actinomycetes,Actinomycetota,1,0,0
Lacisediminimonas,Burkholderiaceae,Burkholderiales,Gammaproteobacteria,Pseudomonadota,1,0,0
Lacrimispora,Lachnospiraceae,Lachnospirales,Clostridia,Bacillota,2,0,0
Lacticaseibacillus,Lactobacillaceae,Lactobacillales,Bacilli,Bacillota,14,7,0.5
Lactimicrobium,NA,NA,NA,NA,1,0,0
Lactiplantibacillus,Lactobacillaceae,Lactobacillales,Bacilli,Bacillota,18,2,0.1111111111111111
Lactobacillus,Lactobacillaceae,Lactobacillales,Bacilli,Bacillota,13,2,0.15384615384615385
Lactococcus,Streptococcaceae,Lactobacillales,Bacilli,Bacillota,13,3,0.23076923076923078
Lactonifactor,Lachnospiraceae,Lachnospirales,Clostridia,Bacillota,1,0,0
Lactovum,Streptococcaceae,Lactobacillales,Bacilli,Bacillota,1,0,0
Lacunisphaera,Opitutaceae,Opitutales,Verrucomicrobiia,Verrucomicrobiota,1,0,0
Laedolimicola,Lachnospiraceae,Lachnospirales,Clostridia,Bacillota,1,0,0
Lamprobacter,Chromatiaceae,Chromatiales,Gammaproteobacteria,Pseudomonadota,1,0,0
Lamprocystis,Chromatiaceae,Chromatiales,Gammaproteobacteria,Pseudomonadota,1,0,0
Lampropedia,Burkholderiaceae,Burkholderiales,Gammaproteobacteria,Pseudomonadota,1,0,0
Lancefieldella,Atopobiaceae,Coriobacteriales,Coriobacteriia,Actinomycetota,2,1,0.5
Lapidilactobacillus,Lactobacillaceae,Lactobacillales,Bacilli,Bacillota,6,6,1
Lapillicoccus,Dermatophilaceae,Actinomycetales,Actinomycetes,Actinomycetota,1,0,0
Laribacter,Aquaspirillaceae,Burkholderiales,Gammaproteobacteria,Pseudomonadota,1,0,0
Larkinella,Spirosomataceae,Cytophagales,Bacteroidia,Bacteroidota,4,3,0.75
Lascolabacillus,NA,NA,NA,NA,1,0,0
Latilactobacillus,Lactobacillaceae,Lactobacillales,Bacilli,Bacillota,2,1,0.5
Lautropia,Burkholderiaceae,Burkholderiales,Gammaproteobacteria,Pseudomonadota,2,1,0.5
Lawsonella,Mycobacteriaceae,Mycobacteriales,Actinomycetes,Actinomycetota,1,1,1
Lawsonia,NA,NA,NA,NA,1,0,0
Lebetimonas,Nautiliaceae,Nautiliales,Campylobacteria,Campylobacterota,1,1,1
Leclercia,Enterobacteriaceae,Enterobacterales,Gammaproteobacteria,Pseudomonadota,1,0,0
Lederbergia,Bacillaceae_C,Bacillales_B,Bacilli,Bacillota,2,0,0
Leeia,Leeiaceae,Burkholderiales,Gammaproteobacteria,Pseudomonadota,1,0,0
Leekyejoonella,Dermatophilaceae,Actinomycetales,Actinomycetes,Actinomycetota,1,0,0
Leeuwenhoekiella,Flavobacteriaceae,Flavobacteriales,Bacteroidia,Bacteroidota,8,1,0.125
Legionella,Legionellaceae,Legionellales,Gammaproteobacteria,Pseudomonadota,52,11,0.21153846153846154
Leifsonella,NA,NA,NA,NA,1,0,0
Leifsonia,Microbacteriaceae,Actinomycetales,Actinomycetes,Actinomycetota,9,9,1
Leisingera,Rhodobacteraceae,Rhodobacterales,Alphaproteobacteria,Pseudomonadota,4,0,0
Lelliottia,Enterobacteriaceae,Enterobacterales,Gammaproteobacteria,Pseudomonadota,1,0,0
Leminorella,Enterobacteriaceae,Enterobacterales,Gammaproteobacteria,Pseudomonadota,2,0,0
Lentibacillus,Amphibacillaceae,Bacillales_D,Bacilli,Bacillota,6,0,0
Lentibacter,Rhodobacteraceae,Rhodobacterales,Alphaproteobacteria,Pseudomonadota,1,0,0
Lentihominibacter,Anaerovoracaceae,Peptostreptococcales,Clostridia,Bacillota,2,2,1
Lentilactobacillus,Lactobacillaceae,Lactobacillales,Bacilli,Bacillota,13,7,0.5384615384615384
Lentimicrobium,Lentimicrobiaceae,Bacteroidales,Bacteroidia,Bacteroidota,1,0,0
Lentiprolixibacter,Flavobacteriaceae,Flavobacteriales,Bacteroidia,Bacteroidota,1,0,0
Lentisalinibacter,NA,NA,NA,NA,1,1,1
Lentisphaera,Lentisphaeraceae,Lentisphaerales,Lentisphaeria,Verrucomicrobiota,3,0,0
Lentzea,Pseudonocardiaceae,Mycobacteriales,Actinomycetes,Actinomycetota,14,0,0
Leptobacterium,Flavobacteriaceae,Flavobacteriales,Bacteroidia,Bacteroidota,1,0,0
Leptogranulimonas,Atopobiaceae,Coriobacteriales,Coriobacteriia,Actinomycetota,1,1,1
Leptolinea,Anaerolineaceae,Anaerolineales,Anaerolineae,Chloroflexota,1,0,0
Leptolyngbya,Leptolyngbyaceae,Leptolyngbyales,Cyanobacteriia,Cyanobacteriota,3,0,0
Leptonema,Leptonemataceae,Leptospirales,Leptospiria,Spirochaetota,1,0,0
Leptospira,Leptospiraceae,Leptospirales,Leptospiria,Spirochaetota,72,1,0.013888888888888888
Leptothermofonsia,Leptolyngbyaceae,Leptolyngbyales,Cyanobacteriia,Cyanobacteriota,1,0,0
Leptothoe,Phormidesmidaceae,Phormidesmidales,Cyanobacteriia,Cyanobacteriota,1,0,0
Leptothrix,NA,NA,NA,NA,2,1,0.5
Leptotrichia,Leptotrichiaceae,Fusobacteriales,Fusobacteriia,Fusobacteriota,10,6,0.6
Leucobacter,Microbacteriaceae,Actinomycetales,Actinomycetes,Actinomycetota,26,15,0.5769230769230769
Leuconostoc,Lactobacillaceae,Lactobacillales,Bacilli,Bacillota,8,2,0.25
Leucothrix,Thiotrichaceae,Thiotrichales,Gammaproteobacteria,Pseudomonadota,2,1,0.5
Levilactobacillus,Lactobacillaceae,Lactobacillales,Bacilli,Bacillota,28,24,0.8571428571428571
Levilinea,Anaerolineaceae,Anaerolineales,Anaerolineae,Chloroflexota,1,1,1
Liberibacter,Rhizobiaceae,Rhizobiales,Alphaproteobacteria,Pseudomonadota,1,0,0
Liberiplasma,NA,NA,NA,NA,1,0,0
Lichenibacterium,NA,NA,NA,NA,3,0,0
Lichenicoccus,Acetobacteraceae,Acetobacterales,Alphaproteobacteria,Pseudomonadota,1,0,0
Lichenicola,Acetobacteraceae,Acetobacterales,Alphaproteobacteria,Pseudomonadota,1,0,0
Lichenifustis,NA,NA,NA,NA,1,0,0
Ligilactobacillus,Lactobacillaceae,Lactobacillales,Bacilli,Bacillota,9,1,0.1111111111111111
Lignipirellula,Pirellulaceae,Pirellulales,Planctomycetia,Planctomycetota,1,1,1
Limibacillus,CECT-8803,Kiloniellales,Alphaproteobacteria,Pseudomonadota,1,0,0
Limibacter,Flammeovirgaceae,Cytophagales,Bacteroidia,Bacteroidota,1,0,0
Limibacterium,NA,NA,NA,NA,1,0,0
Limimaricola,Rhodobacteraceae,Rhodobacterales,Alphaproteobacteria,Pseudomonadota,5,0,0
Limnobacter,Burkholderiaceae,Burkholderiales,Gammaproteobacteria,Pseudomonadota,7,3,0.42857142857142855
Limnobaculum,Enterobacteriaceae,Enterobacterales,Gammaproteobacteria,Pseudomonadota,5,0,0
Limnohabitans,Burkholderiaceae,Burkholderiales,Gammaproteobacteria,Pseudomonadota,4,3,0.75
Limnothrix,MRBY01,Cyanobacteriales,Cyanobacteriia,Cyanobacteriota,1,0,0
Limosilactobacillus,Lactobacillaceae,Lactobacillales,Bacilli,Bacillota,27,7,0.25925925925925924
Liquorilactobacillus,Lactobacillaceae,Lactobacillales,Bacilli,Bacillota,12,4,0.3333333333333333
Listeria,Listeriaceae,Lactobacillales,Bacilli,Bacillota,19,1,0.05263157894736842
Litchfieldia,Bacillaceae_L,Bacillales,Bacilli,Bacillota,2,0,0
Litoreibacter,Rhodobacteraceae,Rhodobacterales,Alphaproteobacteria,Pseudomonadota,8,0,0
Litoribacterium,DSM-28697,DSM-28697,Bacilli,Bacillota,1,1,1
Litoribaculum,Flavobacteriaceae,Flavobacteriales,Bacteroidia,Bacteroidota,1,1,1
Litorimonas,Maricaulaceae,Caulobacterales,Alphaproteobacteria,Pseudomonadota,3,0,0
Litorisediminicola,NA,NA,NA,NA,1,0,0
Litorivicinus,Litorivicinaceae,Pseudomonadales,Gammaproteobacteria,Pseudomonadota,1,0,0
Litorivita,Rhodobacteraceae,Rhodobacterales,Alphaproteobacteria,Pseudomonadota,1,1,1
Litorivivens,Spongiibacteraceae,Pseudomonadales,Gammaproteobacteria,Pseudomonadota,1,0,0
Loigolactobacillus,Lactobacillaceae,Lactobacillales,Bacilli,Bacillota,3,0,0
Lolliginicoccus,Mycobacteriaceae,Mycobacteriales,Actinomycetes,Actinomycetota,2,0,0
Lonepinella,Pasteurellaceae,Enterobacterales,Gammaproteobacteria,Pseudomonadota,1,1,1
Longibacter,Salinibacteraceae,Rhodothermales,Rhodothermia,Bacteroidota_A,1,0,0
Longicatena,Erysipelotrichaceae,Erysipelotrichales,Bacilli,Bacillota,1,0,0
Longilinea,Anaerolineaceae,Anaerolineales,Anaerolineae,Chloroflexota,1,0,0
Longimicrobium,Longimicrobiaceae,Longimicrobiales,Gemmatimonadetes,Gemmatimonadota,1,1,1
Longimonas,Salinibacteraceae,Rhodothermales,Rhodothermia,Bacteroidota_A,1,0,0
Longimycelium,Pseudonocardiaceae,Mycobacteriales,Actinomycetes,Actinomycetota,1,0,0
Longispora,Micromonosporaceae,Mycobacteriales,Actinomycetes,Actinomycetota,1,0,0
Lonsdalea,Enterobacteriaceae,Enterobacterales,Gammaproteobacteria,Pseudomonadota,3,0,0
Luedemannella,Micromonosporaceae,Mycobacteriales,Actinomycetes,Actinomycetota,1,0,0
Luethyella,NA,NA,NA,NA,1,1,1
Lujinxingia,Bradymonadaceae,Bradymonadales,Bradymonadia,Myxococcota,2,0,0
Luminiphilus,Halieaceae,Pseudomonadales,Gammaproteobacteria,Pseudomonadota,1,0,0
Lunatibacter,Cyclobacteriaceae,Cytophagales,Bacteroidia,Bacteroidota,1,0,0
Lunatimonas,Cyclobacteriaceae,Cytophagales,Bacteroidia,Bacteroidota,2,2,1
Luteibacter,Rhodanobacteraceae,Xanthomonadales,Gammaproteobacteria,Pseudomonadota,10,0,0
Luteimicrobium,Cellulomonadaceae,Actinomycetales,Actinomycetes,Actinomycetota,3,1,0.3333333333333333
Luteimonas,Xanthomonadaceae,Xanthomonadales,Gammaproteobacteria,Pseudomonadota,36,4,0.1111111111111111
Luteipulveratus,Dermatophilaceae,Actinomycetales,Actinomycetes,Actinomycetota,1,1,1
Luteirhabdus,Flavobacteriaceae,Flavobacteriales,Bacteroidia,Bacteroidota,1,0,0
Luteitalea,Vicinamibacteraceae,Vicinamibacterales,Vicinamibacteria,Acidobacteriota,1,1,1
Luteithermobacter,Emcibacteraceae,Sphingomonadales,Alphaproteobacteria,Pseudomonadota,1,0,0
Luteolibacter,Akkermansiaceae,Verrucomicrobiales,Verrucomicrobiia,Verrucomicrobiota,5,1,0.2
Lutibacter,Flavobacteriaceae,Flavobacteriales,Bacteroidia,Bacteroidota,6,2,0.3333333333333333
Lutimaribacter,Rhodobacteraceae,Rhodobacterales,Alphaproteobacteria,Pseudomonadota,1,0,0
Lutispora,Lutisporaceae,Lutisporales,Clostridia,Bacillota,1,0,0
Luxibacter,Lachnospiraceae,Lachnospirales,Clostridia,Bacillota,1,0,0
Lwoffella,NA,NA,NA,NA,1,0,0
Lyngbya,Thermosynechococcaceae,Thermosynechococcales,Cyanobacteriia,Cyanobacteriota,1,0,0
Lysinibacillus,Planococcaceae,Bacillales_A,Bacilli,Bacillota,19,1,0.05263157894736842
Lysobacter,Xanthomonadaceae,Xanthomonadales,Gammaproteobacteria,Pseudomonadota,24,0,0
Maccoyibacter,NA,NA,NA,NA,1,0,0
Macellibacteroides,Tannerellaceae,Bacteroidales,Bacteroidia,Bacteroidota,1,0,0
Macrococcoides,Staphylococcaceae,Staphylococcales,Bacilli,Bacillota,4,1,0.25
Macrococcus,Staphylococcaceae,Staphylococcales,Bacilli,Bacillota,8,0,0
Macromonas,Burkholderiaceae,Burkholderiales,Gammaproteobacteria,Pseudomonadota,2,0,0
Magnetococcus,Magnetococcaceae,Magnetococcales,Magnetococcia,Pseudomonadota,1,1,1
Magnetospirillum,Magnetospirillaceae,Rhodospirillales,Alphaproteobacteria,Pseudomonadota,6,1,0.16666666666666666
Magnetovibrio,Magnetovibrionaceae,Rhodospirillales,Alphaproteobacteria,Pseudomonadota,1,1,1
Magnetovirga,NA,NA,NA,NA,1,1,1
Mahella,Mahellaceae,Mahellales,Clostridia,Bacillota,1,0,0
Maioricimonas,Planctomycetaceae,Planctomycetales,Planctomycetia,Planctomycetota,1,1,1
Malaciobacter,Arcobacteraceae,Campylobacterales,Campylobacteria,Campylobacterota,6,3,0.5
Malacoplasma,Mycoplasmoidaceae,Mycoplasmatales,Bacilli,Bacillota,3,1,0.3333333333333333
Maledivibacter,Caminicellaceae,Peptostreptococcales,Clostridia,Bacillota,1,1,1
Malikia,Burkholderiaceae,Burkholderiales,Gammaproteobacteria,Pseudomonadota,2,0,0
Mammaliicoccus,Staphylococcaceae,Staphylococcales,Bacilli,Bacillota,4,0,0
Mangrovactinospora,Streptomycetaceae,Streptomycetales,Actinomycetes,Actinomycetota,1,0,0
Mangrovibacillus,R1DC41,Bacillales_B,Bacilli,Bacillota,1,0,0
Mangrovibacter,Enterobacteriaceae,Enterobacterales,Gammaproteobacteria,Pseudomonadota,3,0,0
Mangrovibacterium,Prolixibacteraceae,Bacteroidales,Bacteroidia,Bacteroidota,3,1,0.3333333333333333
Mangrovibrevibacter,NA,NA,NA,NA,1,0,0
Mangrovicella,Rhizobiaceae,Rhizobiales,Alphaproteobacteria,Pseudomonadota,1,0,0
Mangrovicoccus,Rhodobacteraceae,Rhodobacterales,Alphaproteobacteria,Pseudomonadota,1,0,0
Mangrovihabitans,NA,NA,NA,NA,1,1,1
Mangrovimicrobium,NA,NA,NA,NA,1,0,0
Mangrovimonas,Flavobacteriaceae,Flavobacteriales,Bacteroidia,Bacteroidota,2,0,0
Mangrovivirga,Cyclobacteriaceae,Cytophagales,Bacteroidia,Bacteroidota,1,0,0
Mannheimia,Pasteurellaceae,Enterobacterales,Gammaproteobacteria,Pseudomonadota,9,0,0
Maribacter,Flavobacteriaceae,Flavobacteriales,Bacteroidia,Bacteroidota,17,0,0
Maribellus,NA,NA,NA,NA,4,2,0.5
Maribrevibacterium,NA,NA,NA,NA,1,1,1
Maricaulis,Maricaulaceae,Caulobacterales,Alphaproteobacteria,Pseudomonadota,4,0,0
Marichromatium,Chromatiaceae,Chromatiales,Gammaproteobacteria,Pseudomonadota,3,0,0
Maridesulfovibrio,Desulfovibrionaceae,Desulfovibrionales,Desulfovibrionia,Desulfobacterota_I,1,0,0
Marihabitans,Dermatophilaceae,Actinomycetales,Actinomycetes,Actinomycetota,1,0,0
Marilutibacter,Xanthomonadaceae,Xanthomonadales,Gammaproteobacteria,Pseudomonadota,6,0,0
Mariluticola,Devosiaceae,Rhizobiales,Alphaproteobacteria,Pseudomonadota,1,0,0
Marimonas,Rhodobacteraceae,Rhodobacterales,Alphaproteobacteria,Pseudomonadota,2,0,0
Marinactinospora,Streptosporangiaceae,Streptosporangiales,Actinomycetes,Actinomycetota,1,1,1
Marinagarivorans,Cellvibrionaceae,Pseudomonadales,Gammaproteobacteria,Pseudomonadota,2,0,0
Marinibacterium,Rhodobacteraceae,Rhodobacterales,Alphaproteobacteria,Pseudomonadota,1,0,0
Marinibaculum,NA,NA,NA,NA,1,0,0
Mariniblastus,Pirellulaceae,Pirellulales,Planctomycetia,Planctomycetota,1,0,0
Marinicauda,Maricaulaceae,Caulobacterales,Alphaproteobacteria,Pseudomonadota,2,0,0
Marinicella,Marinicellaceae,Xanthomonadales,Gammaproteobacteria,Pseudomonadota,4,3,0.75
Marinifilum,Marinifilaceae,Bacteroidales,Bacteroidia,Bacteroidota,2,0,0
Mariniflexile,Flavobacteriaceae,Flavobacteriales,Bacteroidia,Bacteroidota,8,5,0.625
Marinilabilia,Marinilabiliaceae,Bacteroidales,Bacteroidia,Bacteroidota,2,0,0
Marinilactibacillus,Carnobacteriaceae,Lactobacillales,Bacilli,Bacillota,3,0,0
Marinilongibacter,NA,NA,NA,NA,1,0,0
Marinimicrobium,Cellvibrionaceae,Pseudomonadales,Gammaproteobacteria,Pseudomonadota,4,0,0
Mariniphaga,Prolixibacteraceae,Bacteroidales,Bacteroidia,Bacteroidota,2,1,0.5
Mariniplasma,Acholeplasmataceae,Acholeplasmatales,Bacilli,Bacillota,1,0,0
Mariniradius,Cyclobacteriaceae,Cytophagales,Bacteroidia,Bacteroidota,2,2,1
Marinirhabdus,Flavobacteriaceae,Flavobacteriales,Bacteroidia,Bacteroidota,1,0,0
Marinitenerispora,Streptosporangiaceae,Streptosporangiales,Actinomycetes,Actinomycetota,1,0,0
Marinithermofilum,DSM-45169,Thermoactinomycetales,Bacilli,Bacillota,1,0,0
Marinithermus,Marinithermaceae,Deinococcales,Deinococci,Deinococcota,1,0,0
Marinitoga,Petrotogaceae,Petrotogales,Thermotogae,Thermotogota,4,1,0.25
Marinobacter,Oleiphilaceae,Pseudomonadales,Gammaproteobacteria,Pseudomonadota,8,0,0
Marinobacterium,Balneatricaceae,Pseudomonadales,Gammaproteobacteria,Pseudomonadota,6,1,0.16666666666666666
Marinococcus,Marinococcaceae,Bacillales_H,Bacilli,Bacillota,2,2,1
Marinomonas,Marinomonadaceae,Pseudomonadales,Gammaproteobacteria,Pseudomonadota,15,3,0.2
Marinoscillum,Cyclobacteriaceae,Cytophagales,Bacteroidia,Bacteroidota,3,0,0
Marinospirillum,Halomonadaceae,Pseudomonadales,Gammaproteobacteria,Pseudomonadota,4,0,0
Marinovum,Rhodobacteraceae,Rhodobacterales,Alphaproteobacteria,Pseudomonadota,1,0,0
Mariprofundus,Mariprofundaceae,Mariprofundales,Zetaproteobacteria,Pseudomonadota,5,2,0.4
Marisediminicola,Microbacteriaceae,Actinomycetales,Actinomycetes,Actinomycetota,2,0,0
Marispirochaeta,Marispirochaetaceae,JC444,Spirochaetia,Spirochaetota,1,0,0
Maritalea,Devosiaceae,Rhizobiales,Alphaproteobacteria,Pseudomonadota,3,0,0
Marivibrio,GCA-2696645,UBA8366,Alphaproteobacteria,Pseudomonadota,1,0,0
Marivirga,Cyclobacteriaceae,Cytophagales,Bacteroidia,Bacteroidota,8,0,0
Marivita,Rhodobacteraceae,Rhodobacterales,Alphaproteobacteria,Pseudomonadota,4,0,0
Marivivens,Rhodobacteraceae,Rhodobacterales,Alphaproteobacteria,Pseudomonadota,3,0,0
Marixanthomonas,Flavobacteriaceae,Flavobacteriales,Bacteroidia,Bacteroidota,1,0,0
Marixanthotalea,Flavobacteriaceae,Flavobacteriales,Bacteroidia,Bacteroidota,1,0,0
Marseilla,NA,NA,NA,NA,1,0,0
Martelella,Rhizobiaceae,Rhizobiales,Alphaproteobacteria,Pseudomonadota,6,0,0
Massilia,NA,NA,NA,NA,28,4,0.14285714285714285
Massilibacillus,Massilibacillaceae,FLKF01,Negativicutes,Bacillota,1,0,0
Massilibacterium,Massilibacteriaceae,Bacillales_E,Bacilli,Bacillota,1,1,1
Massilibacteroides,Tannerellaceae,Bacteroidales,Bacteroidia,Bacteroidota,1,0,0
Massiliimalia,Ruminococcaceae,Oscillospirales,Clostridia,Bacillota,2,2,1
Massilimicrobiota,NA,NA,NA,NA,1,0,0
Massilioclostridium,Ruminococcaceae,Oscillospirales,Clostridia,Bacillota,1,0,0
Mastigocladopsis,Nostocaceae,Cyanobacteriales,Cyanobacteriia,Cyanobacteriota,1,1,1
Mediterranea,NA,NA,NA,NA,1,1,1
Mediterraneibacter,Lachnospiraceae,Lachnospirales,Clostridia,Bacillota,3,0,0
Megalodesulfovibrio,Desulfovibrionaceae,Desulfovibrionales,Desulfovibrionia,Desulfobacterota_I,1,0,0
Megamonas,Selenomonadaceae,Selenomonadales,Negativicutes,Bacillota,2,1,0.5
Megasphaera,Megasphaeraceae,Veillonellales,Negativicutes,Bacillota,9,4,0.4444444444444444
Meiothermus,Thermaceae,Deinococcales,Deinococci,Deinococcota,2,1,0.5
Melaminivora,Burkholderiaceae,Burkholderiales,Gammaproteobacteria,Pseudomonadota,3,2,0.6666666666666666
Melghirimyces,DSM-45169,Thermoactinomycetales,Bacilli,Bacillota,2,1,0.5
Melioribacter,Melioribacteraceae,Ignavibacteriales,Ignavibacteria,Bacteroidota_A,1,0,0
Merdibacter,Erysipelotrichaceae,Erysipelotrichales,Bacilli,Bacillota,1,1,1
Merdimmobilis,Ruminococcaceae,Oscillospirales,Clostridia,Bacillota,1,0,0
Mergibacter,Pasteurellaceae,Enterobacterales,Gammaproteobacteria,Pseudomonadota,1,1,1
Meridianimarinicoccus,Rhodobacteraceae,Rhodobacterales,Alphaproteobacteria,Pseudomonadota,2,0,0
Mesobacillus,DSM-18226,Bacillales_B,Bacilli,Bacillota,8,0,0
Mesobacterium,Rhodobacteraceae,Rhodobacterales,Alphaproteobacteria,Pseudomonadota,2,0,0
Mesobaculum,NA,NA,NA,NA,1,0,0
Mesoflavibacter,Flavobacteriaceae,Flavobacteriales,Bacteroidia,Bacteroidota,2,0,0
Mesomycoplasma,Metamycoplasmataceae,Mycoplasmatales,Bacilli,Bacillota,6,2,0.3333333333333333
Mesonia,Flavobacteriaceae,Flavobacteriales,Bacteroidia,Bacteroidota,8,4,0.5
Mesoplasma,Mycoplasmataceae,Mycoplasmatales,Bacilli,Bacillota,11,1,0.09090909090909091
Mesopusillimonas,Burkholderiaceae,Burkholderiales,Gammaproteobacteria,Pseudomonadota,1,0,0
Mesorhizobium,Rhizobiaceae,Rhizobiales,Alphaproteobacteria,Pseudomonadota,61,0,0
Mesosutterella,Burkholderiaceae,Burkholderiales,Gammaproteobacteria,Pseudomonadota,2,2,1
Mesoterricola,Holophagaceae,Holophagales,Holophagae,Acidobacteriota,2,2,1
Metabacillus,Bacillaceae,Bacillales,Bacilli,Bacillota,19,1,0.05263157894736842
Metaclostridioides,Peptostreptococcaceae,Peptostreptococcales,Clostridia,Bacillota,1,1,1
Metallibacterium,Rhodanobacteraceae,Xanthomonadales,Gammaproteobacteria,Pseudomonadota,1,0,0
Metallococcus,Dermatophilaceae,Actinomycetales,Actinomycetes,Actinomycetota,1,0,0
Metalysinibacillus,Planococcaceae,Bacillales_A,Bacilli,Bacillota,1,0,0
Metamycoplasma,Metamycoplasmataceae,Mycoplasmatales,Bacilli,Bacillota,15,4,0.26666666666666666
Metapseudomonas,Pseudomonadaceae,Pseudomonadales,Gammaproteobacteria,Pseudomonadota,4,0,0
Metarhizobium,Rhizobiaceae,Rhizobiales,Alphaproteobacteria,Pseudomonadota,1,0,0
Methylacidimicrobium,Methylacidiphilaceae,Methylacidiphilales,Verrucomicrobiia,Verrucomicrobiota,2,0,0
Methylibium,Burkholderiaceae,Burkholderiales,Gammaproteobacteria,Pseudomonadota,2,2,1
Methylicorpusculum,Methylomonadaceae,Methylococcales,Gammaproteobacteria,Pseudomonadota,1,0,0
Methylobacillus,Methylophilaceae,Burkholderiales,Gammaproteobacteria,Pseudomonadota,4,0,0
Methylobacter,Methylomonadaceae,Methylococcales,Gammaproteobacteria,Pseudomonadota,5,0,0
Methylobacterium,Beijerinckiaceae,Rhizobiales,Alphaproteobacteria,Pseudomonadota,40,1,0.025
Methylocapsa,Beijerinckiaceae,Rhizobiales,Alphaproteobacteria,Pseudomonadota,3,0,0
Methyloceanibacter,Methyloligellaceae,Rhizobiales,Alphaproteobacteria,Pseudomonadota,5,0,0
Methylocella,NA,NA,NA,NA,2,0,0
Methylococcus,Methylococcaceae,Methylococcales,Gammaproteobacteria,Pseudomonadota,1,1,1
Methylocystis,Beijerinckiaceae,Rhizobiales,Alphaproteobacteria,Pseudomonadota,9,0,0
Methyloferula,Beijerinckiaceae,Rhizobiales,Alphaproteobacteria,Pseudomonadota,1,0,0
Methylogaea,Methylococcaceae,Methylococcales,Gammaproteobacteria,Pseudomonadota,1,0,0
Methylohalobius,Methylothermaceae,Methylococcales,Gammaproteobacteria,Pseudomonadota,1,0,0
Methyloligella,Methyloligellaceae,Rhizobiales,Alphaproteobacteria,Pseudomonadota,2,0,0
Methylomagnum,Methylococcaceae,Methylococcales,Gammaproteobacteria,Pseudomonadota,1,0,0
Methylomarinovum,NA,NA,NA,NA,2,2,1
Methylomarinum,Methylomonadaceae,Methylococcales,Gammaproteobacteria,Pseudomonadota,2,2,1
Methylomicrobium,Methylomonadaceae,Methylococcales,Gammaproteobacteria,Pseudomonadota,3,0,0
Methylomonas,Methylomonadaceae,Methylococcales,Gammaproteobacteria,Pseudomonadota,13,0,0
Methylomusa,Sporomusaceae,Sporomusales,Negativicutes,Bacillota,1,1,1
Methylonatrum,Aquisalimonadaceae,Nitrococcales,Gammaproteobacteria,Pseudomonadota,1,0,0
Methylophaga,Methylophagaceae,Nitrosococcales,Gammaproteobacteria,Pseudomonadota,9,0,0
Methylophilus,Methylophilaceae,Burkholderiales,Gammaproteobacteria,Pseudomonadota,6,0,0
Methylopila,Methylopilaceae,Rhizobiales,Alphaproteobacteria,Pseudomonadota,5,0,0
Methyloprofundus,Methylomonadaceae,Methylococcales,Gammaproteobacteria,Pseudomonadota,1,0,0
Methyloraptor,NA,NA,NA,NA,1,0,0
Methylorubrum,NA,NA,NA,NA,1,0,0
Methylosarcina,Methylomonadaceae,Methylococcales,Gammaproteobacteria,Pseudomonadota,1,0,0
Methylotenera,Methylophilaceae,Burkholderiales,Gammaproteobacteria,Pseudomonadota,3,0,0
Methyloterricola,Methylococcaceae,Methylococcales,Gammaproteobacteria,Pseudomonadota,1,1,1
Methylotetracoccus,Methylococcaceae,Methylococcales,Gammaproteobacteria,Pseudomonadota,1,0,0
Methylotuvimicrobium,Methylomonadaceae,Methylococcales,Gammaproteobacteria,Pseudomonadota,2,0,0
Methyloversatilis,Rhodocyclaceae,Burkholderiales,Gammaproteobacteria,Pseudomonadota,3,0,0
Methylovirgula,Beijerinckiaceae,Rhizobiales,Alphaproteobacteria,Pseudomonadota,1,0,0
Methylovorus,Methylophilaceae,Burkholderiales,Gammaproteobacteria,Pseudomonadota,3,0,0
Methylovulum,Methylomonadaceae,Methylococcales,Gammaproteobacteria,Pseudomonadota,2,1,0.5
Microaceticoccus,NA,NA,NA,NA,1,1,1
Microaerobacter,DSM-22679,DSM-22679,Bacilli,Bacillota,1,0,0
Microbacterium,Microbacteriaceae,Actinomycetales,Actinomycetes,Actinomycetota,105,80,0.7619047619047619
Microbispora,Streptosporangiaceae,Streptosporangiales,Actinomycetes,Actinomycetota,10,0,0
Microbulbifer,Cellvibrionaceae,Pseudomonadales,Gammaproteobacteria,Pseudomonadota,12,1,0.08333333333333333
Micrococcus,Micrococcaceae,Actinomycetales,Actinomycetes,Actinomycetota,7,0,0
Microcosmobacter,Flavobacteriaceae,Flavobacteriales,Bacteroidia,Bacteroidota,1,0,0
Microcystis,Microcystaceae,Cyanobacteriales,Cyanobacteriia,Cyanobacteriota,6,0,0
Microlunatus,Propionibacteriaceae,Propionibacteriales,Actinomycetes,Actinomycetota,9,0,0
Micromonospora,Micromonosporaceae,Mycobacteriales,Actinomycetes,Actinomycetota,99,8,0.08080808080808081
Micropruina,Propionibacteriaceae,Propionibacteriales,Actinomycetes,Actinomycetota,2,0,0
Microscilla,Microscillaceae,Cytophagales,Bacteroidia,Bacteroidota,1,0,0
Microseira,Aerosakkonemataceae,Cyanobacteriales,Cyanobacteriia,Cyanobacteriota,1,0,0
Microterricola,Microbacteriaceae,Actinomycetales,Actinomycetes,Actinomycetota,3,3,1
Microtetraspora,Streptosporangiaceae,Streptosporangiales,Actinomycetes,Actinomycetota,3,0,0
Microvirga,Beijerinckiaceae,Rhizobiales,Alphaproteobacteria,Pseudomonadota,28,0,0
Microvirgula,Aquaspirillaceae,Burkholderiales,Gammaproteobacteria,Pseudomonadota,1,0,0
Miltoncostaea,Miltoncostaeaceae,Miltoncostaeales,Thermoleophilia,Actinomycetota,1,1,1
Miniimonas,Beutenbergiaceae,Actinomycetales,Actinomycetes,Actinomycetota,1,0,0
Miniphocaeibacter,Peptoniphilaceae,Tissierellales,Clostridia,Bacillota,1,1,1
Minisyncoccus,Minisyncoccaceae,Minisyncoccales,Minisyncoccia,Patescibacteriota,1,0,0
Minwuia,Minwuiaceae,Minwuiales,Alphaproteobacteria,Pseudomonadota,1,0,0
Mitsuokella,Selenomonadaceae,Selenomonadales,Negativicutes,Bacillota,2,0,0
Mixta,Enterobacteriaceae,Enterobacterales,Gammaproteobacteria,Pseudomonadota,5,1,0.2
Mizugakiibacter,Rhodanobacteraceae,Xanthomonadales,Gammaproteobacteria,Pseudomonadota,1,1,1
Mobilibacterium,NA,NA,NA,NA,1,1,1
Mobilicoccus,Dermatophilaceae,Actinomycetales,Actinomycetes,Actinomycetota,1,0,0
Mobilisporobacter,Lachnospiraceae,Lachnospirales,Clostridia,Bacillota,1,0,0
Modestobacter,Geodermatophilaceae,Mycobacteriales,Actinomycetes,Actinomycetota,3,3,1
Modicisalibacter,Halomonadaceae,Pseudomonadales,Gammaproteobacteria,Pseudomonadota,2,0,0
Moellerella,Enterobacteriaceae,Enterobacterales,Gammaproteobacteria,Pseudomonadota,1,0,0
Mogibacterium,Anaerovoracaceae,Peptostreptococcales,Clostridia,Bacillota,4,0,0
Mongoliibacter,Cyclobacteriaceae,Cytophagales,Bacteroidia,Bacteroidota,1,1,1
Mongoliimonas,NA,NA,NA,NA,1,0,0
Mongoliitalea,Cyclobacteriaceae,Cytophagales,Bacteroidia,Bacteroidota,1,1,1
Monoglobus,Monoglobaceae,Monoglobales,Clostridia,Bacillota,1,0,0
Montanilutibacter,Xanthomonadaceae,Xanthomonadales,Gammaproteobacteria,Pseudomonadota,1,0,0
Moorena,Coleofasciculaceae,Cyanobacteriales,Cyanobacteriia,Cyanobacteriota,2,0,0
Moraxella,Moraxellaceae,Pseudomonadales,Gammaproteobacteria,Pseudomonadota,8,1,0.125
Morganella,Enterobacteriaceae,Enterobacterales,Gammaproteobacteria,Pseudomonadota,2,0,0
Moritella,Moritellaceae,Enterobacterales,Gammaproteobacteria,Pseudomonadota,4,1,0.25
Morococcus,NA,NA,NA,NA,1,0,0
Moryella,Lachnospiraceae,Lachnospirales,Clostridia,Bacillota,1,1,1
Motilibacter,Motilibacteraceae,Motilibacterales,Actinomycetes,Actinomycetota,1,0,0
Motilimonas,Psychromonadaceae,Enterobacterales,Gammaproteobacteria,Pseudomonadota,1,0,0
Mucilaginibacter,Sphingobacteriaceae,Sphingobacteriales,Bacteroidia,Bacteroidota,3,2,0.6666666666666666
Mucisphaera,Phycisphaeraceae,Phycisphaerales,Phycisphaerae,Planctomycetota,1,0,0
Mucispirillum,Mucispirillaceae,Deferribacterales,Deferribacteres,Chrysiogenota,1,1,1
Mumia,Nocardioidaceae,Propionibacteriales,Actinomycetes,Actinomycetota,5,0,0
Muribacter,Pasteurellaceae,Enterobacterales,Gammaproteobacteria,Pseudomonadota,1,0,0
Muribaculum,Muribaculaceae,Bacteroidales,Bacteroidia,Bacteroidota,1,0,0
Muricaecibacterium,NA,NA,NA,NA,1,1,1
Muricauda,NA,NA,NA,NA,1,1,1
Muricoccus,NA,NA,NA,NA,3,0,0
Muricomes,Lachnospiraceae,Lachnospirales,Clostridia,Bacillota,1,0,0
Muriicola,Flavobacteriaceae,Flavobacteriales,Bacteroidia,Bacteroidota,1,1,1
Murimonas,Lachnospiraceae,Lachnospirales,Clostridia,Bacillota,1,0,0
Murinocardiopsis,Streptosporangiaceae,Streptosporangiales,Actinomycetes,Actinomycetota,1,0,0
Musicola,Enterobacteriaceae,Enterobacterales,Gammaproteobacteria,Pseudomonadota,2,0,0
Myceligenerans,Cellulomonadaceae,Actinomycetales,Actinomycetes,Actinomycetota,2,0,0
Mycetocola,Microbacteriaceae,Actinomycetales,Actinomycetes,Actinomycetota,5,3,0.6
Mycetohabitans,Burkholderiaceae,Burkholderiales,Gammaproteobacteria,Pseudomonadota,2,0,0
Mycobacterium,Mycobacteriaceae,Mycobacteriales,Actinomycetes,Actinomycetota,104,35,0.33653846153846156
Mycolicibacillus,NA,NA,NA,NA,3,1,0.3333333333333333
Mycolicibacter,NA,NA,NA,NA,15,14,0.9333333333333333
Mycolicibacterium,NA,NA,NA,NA,58,7,0.1206896551724138
Mycoplana,Rhizobiaceae,Rhizobiales,Alphaproteobacteria,Pseudomonadota,4,0,0
Mycoplasma,Mycoplasmataceae,Mycoplasmatales,Bacilli,Bacillota,36,16,0.4444444444444444
Mycoplasmoides,Mycoplasmoidaceae,Mycoplasmatales,Bacilli,Bacillota,4,0,0
Mycoplasmopsis,Metamycoplasmataceae,Mycoplasmatales,Bacilli,Bacillota,40,10,0.25
Myroides,NA,NA,NA,NA,10,1,0.1
Myxococcus,Myxococcaceae,Myxococcales,Myxococcia,Myxococcota,10,0,0
Naasia,Microbacteriaceae,Actinomycetales,Actinomycetes,Actinomycetota,1,0,0
Nakamurella,Nakamurellaceae,Mycobacteriales,Actinomycetes,Actinomycetota,9,6,0.6666666666666666
Namhaeicola,NA,NA,NA,NA,1,1,1
Nannocystis,Nannocystaceae,Nannocystales,Polyangia,Myxococcota,5,0,0
Natranaerobius,Natranaerobiaceae,Natranaerobiales,Natranaerobiia,Bacillota,1,0,0
Natranaerovirga,DSM-24629,Lachnospirales,Clostridia,Bacillota,2,2,1
Natroniella,Halobacteroidaceae,Halobacteroidales,Halanaerobiia,Bacillota,2,0,0
Natronocella,Aquisalimonadaceae,Nitrococcales,Gammaproteobacteria,Pseudomonadota,1,0,0
Natronogracilivirga,Natronogracilivirgulaceae,Balneolales,Rhodothermia,Bacteroidota_A,1,0,0
Natronospirillum,Natronospirillaceae,Pseudomonadales,Gammaproteobacteria,Pseudomonadota,1,0,0
Natronosporangium,Micromonosporaceae,Mycobacteriales,Actinomycetes,Actinomycetota,1,0,0
Naumannella,Propionibacteriaceae,Propionibacteriales,Actinomycetes,Actinomycetota,1,1,1
Nautilia,Nautiliaceae,Nautiliales,Campylobacteria,Campylobacterota,1,0,0
Ndongobacter,Peptoniphilaceae,Tissierellales,Clostridia,Bacillota,1,0,0
Necropsobacter,Pasteurellaceae,Enterobacterales,Gammaproteobacteria,Pseudomonadota,1,0,0
Negadavirga,NA,NA,NA,NA,1,0,0
Negativibacillus,Ruminococcaceae,Oscillospirales,Clostridia,Bacillota,1,0,0
Neiella,Neiellaceae,Enterobacterales,Gammaproteobacteria,Pseudomonadota,1,0,0
Neisseria,Neisseriaceae,Burkholderiales,Gammaproteobacteria,Pseudomonadota,41,0,0
Neoactinobaculum,Actinomycetaceae,Actinomycetales,Actinomycetes,Actinomycetota,1,0,0
Neoaquamicrobium,NA,NA,NA,NA,2,0,0
Neoasaia,Acetobacteraceae,Acetobacterales,Alphaproteobacteria,Pseudomonadota,1,1,1
Neobacillus,DSM-18226,Bacillales_B,Bacilli,Bacillota,19,2,0.10526315789473684
Neoehrlichia,Anaplasmataceae,Rickettsiales,Alphaproteobacteria,Pseudomonadota,1,1,1
Neogemmobacter,NA,NA,NA,NA,1,0,0
Neokomagataea,Acetobacteraceae,Acetobacterales,Alphaproteobacteria,Pseudomonadota,1,0,0
Neolewinella,Saprospiraceae,Chitinophagales,Bacteroidia,Bacteroidota,4,3,0.75
Neomegalonema,Rhodobacteraceae,Rhodobacterales,Alphaproteobacteria,Pseudomonadota,1,0,0
Neomicrococcus,Micrococcaceae,Actinomycetales,Actinomycetes,Actinomycetota,2,0,0
Neomoorella,NA,NA,NA,NA,3,1,0.3333333333333333
Neopoerus,NA,NA,NA,NA,1,0,0
Neopusillimonas,Burkholderiaceae,Burkholderiales,Gammaproteobacteria,Pseudomonadota,3,3,1
Neorhizobium,Rhizobiaceae,Rhizobiales,Alphaproteobacteria,Pseudomonadota,8,0,0
Neorhodopirellula,NA,NA,NA,NA,1,1,1
Neorickettsia,Anaplasmataceae,Rickettsiales,Alphaproteobacteria,Pseudomonadota,1,0,0
Neoroseomonas,Acetobacteraceae,Acetobacterales,Alphaproteobacteria,Pseudomonadota,7,0,0
Neosynechococcus,Neosynechococcaceae,Neosynechococcales,Cyanobacteriia,Cyanobacteriota,1,0,0
Neotabrizicola,Rhodobacteraceae,Rhodobacterales,Alphaproteobacteria,Pseudomonadota,1,0,0
Neotamlana,NA,NA,NA,NA,2,0,0
Neptunicoccus,NA,NA,NA,NA,1,0,0
Neptunitalea,Flavobacteriaceae,Flavobacteriales,Bacteroidia,Bacteroidota,1,0,0
Neptunomonas,Balneatricaceae,Pseudomonadales,Gammaproteobacteria,Pseudomonadota,1,0,0
Nereida,Rhodobacteraceae,Rhodobacterales,Alphaproteobacteria,Pseudomonadota,1,0,0
Nesiotobacter,NA,NA,NA,NA,1,0,0
Nesterenkonia,Micrococcaceae,Actinomycetales,Actinomycetes,Actinomycetota,22,3,0.13636363636363635
Nevskia,Nevskiaceae,Nevskiales,Gammaproteobacteria,Pseudomonadota,1,1,1
Nguyenibacter,NA,NA,NA,NA,1,1,1
Niabella,Chitinophagaceae,Chitinophagales,Bacteroidia,Bacteroidota,11,1,0.09090909090909091
Niallia,DSM-18226,Bacillales_B,Bacilli,Bacillota,5,0,0
Niameybacter,NA,NA,NA,NA,1,0,0
Niastella,Chitinophagaceae,Chitinophagales,Bacteroidia,Bacteroidota,2,0,0
Nibricoccus,Opitutaceae,Opitutales,Verrucomicrobiia,Verrucomicrobiota,1,0,0
Nicoletella,Pasteurellaceae,Enterobacterales,Gammaproteobacteria,Pseudomonadota,1,0,0
Nicoliella,Lactobacillaceae,Lactobacillales,Bacilli,Bacillota,2,1,0.5
Nigerium,NA,NA,NA,NA,1,1,1
Ningiella,NA,NA,NA,NA,1,1,1
Nioella,Rhodobacteraceae,Rhodobacterales,Alphaproteobacteria,Pseudomonadota,2,0,0
Nisaea,Thalassobaculaceae,Thalassobaculales,Alphaproteobacteria,Pseudomonadota,4,0,0
Nissabacter,NA,NA,NA,NA,1,0,0
Nitratifractor,Sulfurovaceae,Campylobacterales,Campylobacteria,Campylobacterota,1,0,0
Nitratireductor,Rhizobiaceae,Rhizobiales,Alphaproteobacteria,Pseudomonadota,10,0,0
Nitrincola,Balneatricaceae,Pseudomonadales,Gammaproteobacteria,Pseudomonadota,7,0,0
Nitritalea,Cyclobacteriaceae,Cytophagales,Bacteroidia,Bacteroidota,1,0,0
Nitrosococcus,Nitrosococcaceae,Nitrosococcales,Gammaproteobacteria,Pseudomonadota,2,2,1
Nitrosomonas,Nitrosomonadaceae,Burkholderiales,Gammaproteobacteria,Pseudomonadota,7,1,0.14285714285714285
Nitrosophilus,Nitratiruptoraceae,Campylobacterales,Campylobacteria,Campylobacterota,1,0,0
Nitrosospira,Nitrosomonadaceae,Burkholderiales,Gammaproteobacteria,Pseudomonadota,3,2,0.6666666666666666
Nitrosovibrio,NA,NA,NA,NA,1,1,1
Nitrospina,Nitrospinaceae,Nitrospinales,Nitrospinia,Nitrospinota,2,2,1
Nitrospira,Nitrospiraceae,Nitrospirales,Nitrospiria,Nitrospirota,2,0,0
Nitrospira,UBA8639,Nitrospirales,Nitrospiria,Nitrospirota,2,0,0
Nitrospirillum,Azospirillaceae,Azospirillales,Alphaproteobacteria,Pseudomonadota,2,1,0.5
Niveibacterium,Rhodocyclaceae,Burkholderiales,Gammaproteobacteria,Pseudomonadota,3,0,0
Niveispirillum,Azospirillaceae,Azospirillales,Alphaproteobacteria,Pseudomonadota,1,0,0
Nocardia,Mycobacteriaceae,Mycobacteriales,Actinomycetes,Actinomycetota,27,4,0.14814814814814814
Nocardioides,Nocardioidaceae,Propionibacteriales,Actinomycetes,Actinomycetota,119,41,0.3445378151260504
Nocardiopsis,Streptosporangiaceae,Streptosporangiales,Actinomycetes,Actinomycetota,37,26,0.7027027027027027
Nonlabens,Flavobacteriaceae,Flavobacteriales,Bacteroidia,Bacteroidota,11,8,0.7272727272727273
Nonomuraea,Streptosporangiaceae,Streptosporangiales,Actinomycetes,Actinomycetota,36,3,0.08333333333333333
Nosocomiicoccus,Salinicoccaceae,Staphylococcales,Bacilli,Bacillota,1,0,0
Nostoc,Nostocaceae,Cyanobacteriales,Cyanobacteriia,Cyanobacteriota,3,1,0.3333333333333333
Nostocoides,Dermatophilaceae,Actinomycetales,Actinomycetes,Actinomycetota,4,0,0
Novibacillus,Novibacillaceae,Thermoactinomycetales,Bacilli,Bacillota,1,0,0
Noviherbaspirillum,Burkholderiaceae,Burkholderiales,Gammaproteobacteria,Pseudomonadota,15,5,0.3333333333333333
Noviluteimonas,Xanthomonadaceae,Xanthomonadales,Gammaproteobacteria,Pseudomonadota,4,0,0
Novilysobacter,Xanthomonadaceae,Xanthomonadales,Gammaproteobacteria,Pseudomonadota,9,2,0.2222222222222222
Novimethylophilus,Methylophilaceae,Burkholderiales,Gammaproteobacteria,Pseudomonadota,1,0,0
Novipirellula,Pirellulaceae,Pirellulales,Planctomycetia,Planctomycetota,3,3,1
Novosphingobium,Sphingomonadaceae,Sphingomonadales,Alphaproteobacteria,Pseudomonadota,56,1,0.017857142857142856
Novosphingopyxis,Sphingomonadaceae,Sphingomonadales,Alphaproteobacteria,Pseudomonadota,2,0,0
Nucisporomicrobium,NA,NA,NA,NA,1,0,0
Numidum,Novibacillaceae,Thermoactinomycetales,Bacilli,Bacillota,1,0,0
Obesumbacterium,NA,NA,NA,NA,1,0,0
Occallatibacter,Acidobacteriaceae,Terriglobales,Terriglobia,Acidobacteriota,1,0,0
Occultella,Beutenbergiaceae,Actinomycetales,Actinomycetes,Actinomycetota,2,1,0.5
Oceanibacterium,Sneathiellaceae,Sneathiellales,Alphaproteobacteria,Pseudomonadota,1,0,0
Oceanibaculum,Oceanibaculaceae,Oceanibaculales,Alphaproteobacteria,Pseudomonadota,3,0,0
Oceanicoccus,DSM-21967,Pseudomonadales,Gammaproteobacteria,Pseudomonadota,1,0,0
Oceanicola,Rhodobacteraceae,Rhodobacterales,Alphaproteobacteria,Pseudomonadota,1,0,0
Oceanidesulfovibrio,Desulfovibrionaceae,Desulfovibrionales,Desulfovibrionia,Desulfobacterota_I,2,0,0
Oceaniferula,Akkermansiaceae,Verrucomicrobiales,Verrucomicrobiia,Verrucomicrobiota,1,0,0
Oceaniglobus,Rhodobacteraceae,Rhodobacterales,Alphaproteobacteria,Pseudomonadota,3,0,0
Oceanihabitans,Flavobacteriaceae,Flavobacteriales,Bacteroidia,Bacteroidota,1,0,0
Oceanimonas,Aeromonadaceae,Enterobacterales,Gammaproteobacteria,Pseudomonadota,1,0,0
Oceaniovalibus,NA,NA,NA,NA,1,0,0
Oceanipulchritudo,Oceanipulchritudinaceae,Opitutales,Verrucomicrobiia,Verrucomicrobiota,1,0,0
Oceaniradius,NA,NA,NA,NA,1,0,0
Oceanisphaera,NA,NA,NA,NA,4,1,0.25
Oceanitalea,Actinomycetaceae,Actinomycetales,Actinomycetes,Actinomycetota,1,1,1
Oceanivirga,Leptotrichiaceae,Fusobacteriales,Fusobacteriia,Fusobacteriota,2,0,0
Oceanobacillus,Amphibacillaceae,Bacillales_D,Bacilli,Bacillota,14,1,0.07142857142857142
Oceanobacter,DSM-6294,Pseudomonadales,Gammaproteobacteria,Pseudomonadota,1,1,1
Oceanospirillum,Halomonadaceae,Pseudomonadales,Gammaproteobacteria,Pseudomonadota,2,0,0
Ochrobactrum,NA,NA,NA,NA,5,0,0
Octadecabacter,Rhodobacteraceae,Rhodobacterales,Alphaproteobacteria,Pseudomonadota,3,0,0
Odoribacter,Marinifilaceae,Bacteroidales,Bacteroidia,Bacteroidota,2,0,0
Oenococcus,Lactobacillaceae,Lactobacillales,Bacilli,Bacillota,2,0,0
Oerskovia,Cellulomonadaceae,Actinomycetales,Actinomycetes,Actinomycetota,9,0,0
Oharaeibacter,Pleomorphomonadaceae,Rhizobiales,Alphaproteobacteria,Pseudomonadota,1,0,0
Ohessyouella,NA,NA,NA,NA,1,1,1
Oikeobacillus,DSM-23947,Bacillales_B,Bacilli,Bacillota,1,0,0
Okeanomitos,Nostocaceae,Cyanobacteriales,Cyanobacteriia,Cyanobacteriota,1,0,0
Okibacterium,Microbacteriaceae,Actinomycetales,Actinomycetes,Actinomycetota,1,1,1
Olegusella,Atopobiaceae,Coriobacteriales,Coriobacteriia,Actinomycetota,1,0,0
Oleiagrimonas,Rhodanobacteraceae,Xanthomonadales,Gammaproteobacteria,Pseudomonadota,2,2,1
Oleidesulfovibrio,Desulfovibrionaceae,Desulfovibrionales,Desulfovibrionia,Desulfobacterota_I,1,0,0
Oleiharenicola,NA,NA,NA,NA,1,0,0
Oleiphilus,Oleiphilaceae,Pseudomonadales,Gammaproteobacteria,Pseudomonadota,1,0,0
Oleispirillum,Rhodospirillaceae,Rhodospirillales,Alphaproteobacteria,Pseudomonadota,1,0,0
Oleomonas,NA,NA,NA,NA,1,0,0
Oligella,Burkholderiaceae,Burkholderiales,Gammaproteobacteria,Pseudomonadota,2,2,1
Oligoflexus,Oligoflexaceae,Oligoflexales,Oligoflexia,Bdellovibrionota_B,1,0,0
Oligosphaera,Oligosphaeraceae,Oligosphaerales,Lentisphaeria,Verrucomicrobiota,1,0,0
Olleya,Flavobacteriaceae,Flavobacteriales,Bacteroidia,Bacteroidota,2,0,0
Ollibium,NA,NA,NA,NA,1,0,0
Olsenella,Atopobiaceae,Coriobacteriales,Coriobacteriia,Actinomycetota,8,0,0
Opitutus,Opitutaceae,Opitutales,Verrucomicrobiia,Verrucomicrobiota,1,0,0
Orbus,Enterobacteriaceae,Enterobacterales,Gammaproteobacteria,Pseudomonadota,3,2,0.6666666666666666
Orenia,Halobacteroidaceae,Halobacteroidales,Halanaerobiia,Bacillota,1,0,0
Oricola,Rhizobiaceae,Rhizobiales,Alphaproteobacteria,Pseudomonadota,4,0,0
Orlajensenia,NA,NA,NA,NA,2,2,1
Ornatilinea,Anaerolineaceae,Anaerolineales,Anaerolineae,Chloroflexota,1,0,0
Ornithinibacillus,NA,NA,NA,NA,5,1,0.2
Ornithinibacter,NA,NA,NA,NA,1,0,0
Ornithinicoccus,Dermatophilaceae,Actinomycetales,Actinomycetes,Actinomycetota,1,0,0
Ornithinimicrobium,Dermatophilaceae,Actinomycetales,Actinomycetes,Actinomycetota,13,0,0
Orrella,Burkholderiaceae,Burkholderiales,Gammaproteobacteria,Pseudomonadota,3,1,0.3333333333333333
Oryzicola,Rhizobiaceae,Rhizobiales,Alphaproteobacteria,Pseudomonadota,1,0,0
Oryzihumus,Dermatophilaceae,Actinomycetales,Actinomycetes,Actinomycetota,1,0,0
Oryzisolibacter,NA,NA,NA,NA,1,0,0
Oryzobacter,NA,NA,NA,NA,3,0,0
Oryzomicrobium,Rhodocyclaceae,Burkholderiales,Gammaproteobacteria,Pseudomonadota,1,0,0
Oryzomonas,Pseudopelobacteraceae,Geobacterales,Desulfuromonadia,Desulfobacterota,3,0,0
Oscillatoria,Oscillatoriaceae,Cyanobacteriales,Cyanobacteriia,Cyanobacteriota,1,1,1
Oscillibacter,Oscillospiraceae,Oscillospirales,Clostridia,Bacillota,2,0,0
Ostreibacterium,Ostreibacteriaceae,Cardiobacteriales,Gammaproteobacteria,Pseudomonadota,1,0,0
Ostreiculturibacter,Rhodobacteraceae,Rhodobacterales,Alphaproteobacteria,Pseudomonadota,1,0,0
Otariodibacter,Pasteurellaceae,Enterobacterales,Gammaproteobacteria,Pseudomonadota,1,0,0
Ottowia,Burkholderiaceae,Burkholderiales,Gammaproteobacteria,Pseudomonadota,6,1,0.16666666666666666
Owariibacterium,NA,NA,NA,NA,1,0,0
Oxalicibacterium,Burkholderiaceae,Burkholderiales,Gammaproteobacteria,Pseudomonadota,1,0,0
Oxalobacter,Burkholderiaceae,Burkholderiales,Gammaproteobacteria,Pseudomonadota,1,0,0
Oxobacter,Oxobacteraceae,Clostridiales,Clostridia,Bacillota,1,0,0
Oxynema,Laspinemataceae,Cyanobacteriales,Cyanobacteriia,Cyanobacteriota,1,0,0
Pacificimonas,Sphingomonadaceae,Sphingomonadales,Alphaproteobacteria,Pseudomonadota,3,0,0
Pacificispira,GCA-2696645,UBA8366,Alphaproteobacteria,Pseudomonadota,1,0,0
Pacificitalea,Rhodobacteraceae,Rhodobacterales,Alphaproteobacteria,Pseudomonadota,1,0,0
Paenacidovorax,Burkholderiaceae,Burkholderiales,Gammaproteobacteria,Pseudomonadota,1,1,1
Paenactinomyces,Thermoactinomycetaceae,Thermoactinomycetales,Bacilli,Bacillota,1,1,1
Paenalcaligenes,Burkholderiaceae,Burkholderiales,Gammaproteobacteria,Pseudomonadota,2,0,0
Paenalkalicoccus,Salisediminibacteriaceae,Bacillales_H,Bacilli,Bacillota,1,1,1
Paenarthrobacter,NA,NA,NA,NA,2,1,0.5
Paenibacillus,Paenibacillaceae,Paenibacillales,Bacilli,Bacillota,145,62,0.42758620689655175
Paeniclostridium,NA,NA,NA,NA,1,0,0
Paeniglutamicibacter,Micrococcaceae,Actinomycetales,Actinomycetes,Actinomycetota,4,0,0
Paenimyroides,NA,NA,NA,NA,5,0,0
Paenirhodobacter,Rhodobacteraceae,Rhodobacterales,Alphaproteobacteria,Pseudomonadota,5,0,0
Paeniroseomonas,NA,NA,NA,NA,1,0,0
Paenisporosarcina,Planococcaceae,Bacillales_A,Bacilli,Bacillota,3,0,0
Paenochrobactrum,Rhizobiaceae,Rhizobiales,Alphaproteobacteria,Pseudomonadota,2,0,0
Pajaroellobacter,Polyangiaceae,Polyangiales,Polyangia,Myxococcota,1,0,0
Palleniella,NA,NA,NA,NA,2,1,0.5
Palleronia,Rhodobacteraceae,Rhodobacterales,Alphaproteobacteria,Pseudomonadota,8,0,0
Pallidibacillus,Caldibacillaceae,Bacillales_B,Bacilli,Bacillota,2,0,0
Paludibacter,Paludibacteraceae,Bacteroidales,Bacteroidia,Bacteroidota,1,0,0
Paludibacterium,Chromobacteriaceae,Burkholderiales,Gammaproteobacteria,Pseudomonadota,4,1,0.25
Paludibaculum,Bryobacteraceae,Bryobacterales,Terriglobia,Acidobacteriota,1,0,0
Paludisphaera,Isosphaeraceae,Isosphaerales,Planctomycetia,Planctomycetota,4,4,1
Panacagrimonas,Nevskiaceae,Nevskiales,Gammaproteobacteria,Pseudomonadota,1,0,0
Panacibacter,Chitinophagaceae,Chitinophagales,Bacteroidia,Bacteroidota,1,0,0
Pandoraea,Burkholderiaceae,Burkholderiales,Gammaproteobacteria,Pseudomonadota,14,1,0.07142857142857142
Pannonibacter,Stappiaceae,Rhizobiales,Alphaproteobacteria,Pseudomonadota,5,0,0
Pantanalinema,Leptolyngbyaceae,Leptolyngbyales,Cyanobacteriia,Cyanobacteriota,1,0,0
Pantoea,Enterobacteriaceae,Enterobacterales,Gammaproteobacteria,Pseudomonadota,21,1,0.047619047619047616
Papillibacter,Oscillospiraceae,Oscillospirales,Clostridia,Bacillota,1,0,0
Parabacteroides,Tannerellaceae,Bacteroidales,Bacteroidia,Bacteroidota,12,2,0.16666666666666666
Paraburkholderia,Burkholderiaceae,Burkholderiales,Gammaproteobacteria,Pseudomonadota,78,11,0.14102564102564102
Paracandidimonas,Burkholderiaceae,Burkholderiales,Gammaproteobacteria,Pseudomonadota,2,0,0
Paracholeplasma,UBA5453,Acholeplasmatales,Bacilli,Bacillota,3,1,0.3333333333333333
Parachryseolinea,NA,NA,NA,NA,1,0,0
Paracidobacterium,Acidobacteriaceae,Terriglobales,Terriglobia,Acidobacteriota,1,1,1
Paracidovorax,Burkholderiaceae,Burkholderiales,Gammaproteobacteria,Pseudomonadota,7,2,0.2857142857142857
Paraclostridium,Peptostreptococcaceae,Peptostreptococcales,Clostridia,Bacillota,1,1,1
Paracnuella,Chitinophagaceae,Chitinophagales,Bacteroidia,Bacteroidota,1,1,1
Paracoccus,Rhodobacteraceae,Rhodobacterales,Alphaproteobacteria,Pseudomonadota,60,0,0
Paraconexibacter,Solirubrobacteraceae,Solirubrobacterales,Thermoleophilia,Actinomycetota,2,1,0.5
Paracraurococcus,Acetobacteraceae,Acetobacterales,Alphaproteobacteria,Pseudomonadota,2,0,0
Paractinoplanes,NA,NA,NA,NA,9,2,0.2222222222222222
Paradesulfitobacterium,Desulfitobacteriaceae,Desulfitobacteriales,Desulfitobacteriia,Bacillota,1,0,0
Paradevosia,Devosiaceae,Rhizobiales,Alphaproteobacteria,Pseudomonadota,2,0,0
Paraeggerthella,Eggerthellaceae,Coriobacteriales,Coriobacteriia,Actinomycetota,2,2,1
Parafannyhessea,Atopobiaceae,Coriobacteriales,Coriobacteriia,Actinomycetota,1,0,0
Paraferrimonas,Shewanellaceae,Enterobacterales,Gammaproteobacteria,Pseudomonadota,1,0,0
Parafilimonas,Chitinophagaceae,Chitinophagales,Bacteroidia,Bacteroidota,1,0,0
Paraflavisolibacter,Chitinophagaceae,Chitinophagales,Bacteroidia,Bacteroidota,1,0,0
Parafrankia,Frankiaceae,Mycobacteriales,Actinomycetes,Actinomycetota,3,0,0
Parafrigoribacterium,Microbacteriaceae,Actinomycetales,Actinomycetes,Actinomycetota,2,0,0
Paragemmobacter,NA,NA,NA,NA,5,0,0
Parageobacillus,Anoxybacillaceae,Bacillales,Bacilli,Bacillota,3,0,0
Paraglaciecola,Alteromonadaceae,Enterobacterales,Gammaproteobacteria,Pseudomonadota,3,0,0
Parahaliea,Halieaceae,Pseudomonadales,Gammaproteobacteria,Pseudomonadota,3,0,0
Parahalioglobus,Halieaceae,Pseudomonadales,Gammaproteobacteria,Pseudomonadota,1,0,0
Paraherbaspirillum,NA,NA,NA,NA,1,1,1
Paralabilibaculum,NA,NA,NA,NA,1,0,0
Paralcaligenes,Burkholderiaceae,Burkholderiales,Gammaproteobacteria,Pseudomonadota,1,0,0
Paraliobacillus,Amphibacillaceae,Bacillales_D,Bacilli,Bacillota,2,0,0
Paralysiella,Neisseriaceae,Burkholderiales,Gammaproteobacteria,Pseudomonadota,1,0,0
Paramagnetospirillum,Magnetospirillaceae,Rhodospirillales,Alphaproteobacteria,Pseudomonadota,5,0,0
Paramesorhizobium,Rhizobiaceae,Rhizobiales,Alphaproteobacteria,Pseudomonadota,1,0,0
Paramicrobacterium,Microbacteriaceae,Actinomycetales,Actinomycetes,Actinomycetota,4,4,1
Paramixta,Enterobacteriaceae,Enterobacterales,Gammaproteobacteria,Pseudomonadota,1,0,0
Paramuribaculum,Muribaculaceae,Bacteroidales,Bacteroidia,Bacteroidota,1,0,0
Paramylibacter,NA,NA,NA,NA,2,0,0
Paranoxybacillus,NA,NA,NA,NA,1,0,0
Paraoerskovia,Cellulomonadaceae,Actinomycetales,Actinomycetes,Actinomycetota,2,1,0.5
Parapedobacter,Sphingobacteriaceae,Sphingobacteriales,Bacteroidia,Bacteroidota,2,0,0
Paraperlucidibaca,NA,NA,NA,NA,2,0,0
Paraphotobacterium,Vibrionaceae,Enterobacterales,Gammaproteobacteria,Pseudomonadota,1,1,1
Parapontixanthobacter,Sphingomonadaceae,Sphingomonadales,Alphaproteobacteria,Pseudomonadota,1,0,0
Paraprevotella,Bacteroidaceae,Bacteroidales,Bacteroidia,Bacteroidota,2,2,1
Pararhizobium,Rhizobiaceae,Rhizobiales,Alphaproteobacteria,Pseudomonadota,5,0,0
Pararhodobacter,Rhodobacteraceae,Rhodobacterales,Alphaproteobacteria,Pseudomonadota,4,0,0
Pararhodonellum,Cyclobacteriaceae,Cytophagales,Bacteroidia,Bacteroidota,1,0,0
Pararhodospirillum,Rhodospirillaceae,Rhodospirillales,Alphaproteobacteria,Pseudomonadota,1,0,0
Pararobbsia,Burkholderiaceae,Burkholderiales,Gammaproteobacteria,Pseudomonadota,2,0,0
Pararoseomonas,NA,NA,NA,NA,1,0,0
Parasedimentitalea,Rhodobacteraceae,Rhodobacterales,Alphaproteobacteria,Pseudomonadota,1,0,0
Parashewanella,Shewanellaceae,Enterobacterales,Gammaproteobacteria,Pseudomonadota,2,0,0
Parasphaerochaeta,Sphaerochaetaceae,Sphaerochaetales,Spirochaetia,Spirochaetota,1,0,0
Parasphingopyxis,Sphingomonadaceae,Sphingomonadales,Alphaproteobacteria,Pseudomonadota,3,0,0
Parasphingorhabdus,Sphingomonadaceae,Sphingomonadales,Alphaproteobacteria,Pseudomonadota,5,0,0
Parasporobacterium,Lachnospiraceae,Lachnospirales,Clostridia,Bacillota,1,0,0
Parasulfitobacter,NA,NA,NA,NA,1,1,1
Parasulfuritortus,Thiobacillaceae,Burkholderiales,Gammaproteobacteria,Pseudomonadota,1,1,1
Parasutterella,Burkholderiaceae,Burkholderiales,Gammaproteobacteria,Pseudomonadota,1,1,1
Parasynechococcus,Cyanobiaceae,PCC-6307,Cyanobacteriia,Cyanobacteriota,1,0,0
Parathalassolituus,NA,NA,NA,NA,1,0,0
Parathermosynechococcus,NA,NA,NA,NA,1,0,0
Paraurantiacibacter,Sphingomonadaceae,Sphingomonadales,Alphaproteobacteria,Pseudomonadota,1,0,0
Parazoarcus,Rhodocyclaceae,Burkholderiales,Gammaproteobacteria,Pseudomonadota,1,0,0
Paremcibacter,Emcibacteraceae,Sphingomonadales,Alphaproteobacteria,Pseudomonadota,1,0,0
Parerythrobacter,Sphingomonadaceae,Sphingomonadales,Alphaproteobacteria,Pseudomonadota,5,0,0
Pareuzebyella,Flavobacteriaceae,Flavobacteriales,Bacteroidia,Bacteroidota,1,0,0
Parvibacter,Eggerthellaceae,Coriobacteriales,Coriobacteriia,Actinomycetota,1,1,1
Parvibaculum,Parvibaculaceae,Parvibaculales,Alphaproteobacteria,Pseudomonadota,2,0,0
Parvibium,Burkholderiaceae,Burkholderiales,Gammaproteobacteria,Pseudomonadota,1,1,1
Parvicella,Parvicellaceae,Flavobacteriales,Bacteroidia,Bacteroidota,1,0,0
Parvimonas,Peptoniphilaceae,Tissierellales,Clostridia,Bacillota,1,1,1
Parvivirga,Anaerosomataceae,Anaerosomatales,Coriobacteriia,Actinomycetota,1,0,0
Parvularcula,Parvularculaceae,Caulobacterales,Alphaproteobacteria,Pseudomonadota,6,0,0
Pasteurella,Pasteurellaceae,Enterobacterales,Gammaproteobacteria,Pseudomonadota,8,3,0.375
Pasteuria,Thermoactinomycetaceae,Thermoactinomycetales,Bacilli,Bacillota,1,0,0
Patiriisocius,Flavobacteriaceae,Flavobacteriales,Bacteroidia,Bacteroidota,2,2,1
Patulibacter,Solirubrobacteraceae,Solirubrobacterales,Thermoleophilia,Actinomycetota,2,1,0.5
Paucidesulfovibrio,Desulfovibrionaceae,Desulfovibrionales,Desulfovibrionia,Desulfobacterota_I,1,0,0
Paucilactobacillus,Lactobacillaceae,Lactobacillales,Bacilli,Bacillota,5,3,0.6
Paucimonas,Burkholderiaceae,Burkholderiales,Gammaproteobacteria,Pseudomonadota,1,0,0
Pauljensenia,Actinomycetaceae,Actinomycetales,Actinomycetes,Actinomycetota,1,0,0
Pectinatus,Selenomonadaceae,Selenomonadales,Negativicutes,Bacillota,2,0,0
Pectobacterium,Enterobacteriaceae,Enterobacterales,Gammaproteobacteria,Pseudomonadota,19,6,0.3157894736842105
Pediococcus,Lactobacillaceae,Lactobacillales,Bacilli,Bacillota,7,0,0
Pedobacter,Sphingobacteriaceae,Sphingobacteriales,Bacteroidia,Bacteroidota,7,0,0
Pedococcus,Dermatophilaceae,Actinomycetales,Actinomycetes,Actinomycetota,5,1,0.2
Pedomonas,Sphingomonadaceae,Sphingomonadales,Alphaproteobacteria,Pseudomonadota,1,0,0
Peiella,NA,NA,NA,NA,1,0,0
Pelagerythrobacter,Sphingomonadaceae,Sphingomonadales,Alphaproteobacteria,Pseudomonadota,4,0,0
Pelagibacterium,Devosiaceae,Rhizobiales,Alphaproteobacteria,Pseudomonadota,10,0,0
Pelagibius,Kiloniellaceae,Kiloniellales,Alphaproteobacteria,Pseudomonadota,1,0,0
Pelagicoccus,Opitutaceae,Opitutales,Verrucomicrobiia,Verrucomicrobiota,3,0,0
Pelagihabitans,Flavobacteriaceae,Flavobacteriales,Bacteroidia,Bacteroidota,1,0,0
Pelagimonas,Rhodobacteraceae,Rhodobacterales,Alphaproteobacteria,Pseudomonadota,1,0,0
Pelagirhabdus,Amphibacillaceae,Bacillales_D,Bacilli,Bacillota,1,0,0
Pelagivirga,NA,NA,NA,NA,1,0,0
Pelagovum,NA,NA,NA,NA,1,0,0
Pelistega,Burkholderiaceae,Burkholderiales,Gammaproteobacteria,Pseudomonadota,3,3,1
Pelobacter,NA,NA,NA,NA,2,0,0
Pelodictyon,NA,NA,NA,NA,1,1,1
Pelomicrobium,UBA6910,Burkholderiales,Gammaproteobacteria,Pseudomonadota,1,0,0
Pelomonas,Burkholderiaceae,Burkholderiales,Gammaproteobacteria,Pseudomonadota,3,0,0
Peloplasma,Acholeplasmataceae,Acholeplasmatales,Bacilli,Bacillota,1,0,0
Pelosinus,DSM-13327,DSM-13327,Negativicutes,Bacillota,2,2,1
Pelotalea,Pseudopelobacteraceae,Geobacterales,Desulfuromonadia,Desulfobacterota,1,0,0
Pelotomaculum,Pelotomaculaceae,Desulfotomaculales,Desulfotomaculia,Bacillota,2,2,1
Pelovirga,Geopsychrobacteraceae,Desulfuromonadales,Desulfuromonadia,Desulfobacterota,1,0,0
Penaeicola,Cyclobacteriaceae,Cytophagales,Bacteroidia,Bacteroidota,1,0,0
Pendulispora,NA,NA,NA,NA,3,0,0
Pengzhenrongella,Cellulomonadaceae,Actinomycetales,Actinomycetes,Actinomycetota,3,2,0.6666666666666666
Peptacetobacter,Peptostreptococcaceae,Peptostreptococcales,Clostridia,Bacillota,2,1,0.5
Peptoclostridium,Peptostreptococcaceae,Peptostreptococcales,Clostridia,Bacillota,2,2,1
Peptoniphilus,Peptoniphilaceae,Tissierellales,Clostridia,Bacillota,19,9,0.47368421052631576
Peptostreptococcus,Peptostreptococcaceae,Peptostreptococcales,Clostridia,Bacillota,4,2,0.5
Peredibacter,Bacteriovoracaceae,Bacteriovoracales,Bacteriovoracia,Bdellovibrionota,1,1,1
Peribacillus,DSM-1321,Bacillales_B,Bacilli,Bacillota,14,0,0
Periweissella,Lactobacillaceae,Lactobacillales,Bacilli,Bacillota,5,1,0.2
Perlabentimonas,Tenuifilaceae,Bacteroidales,Bacteroidia,Bacteroidota,1,0,0
Permianibacter,DSM-103792,Enterobacterales,Gammaproteobacteria,Pseudomonadota,1,1,1
Persicimonas,Bradymonadaceae,Bradymonadales,Bradymonadia,Myxococcota,1,0,0
Persicitalea,Spirosomataceae,Cytophagales,Bacteroidia,Bacteroidota,1,1,1
Perspicuibacillus,Caldibacillaceae,Bacillales_B,Bacilli,Bacillota,1,0,0
Peterkaempfera,Streptomycetaceae,Streptomycetales,Actinomycetes,Actinomycetota,3,3,1
Peteryoungia,NA,NA,NA,NA,4,1,0.25
Petralouisia,Lachnospiraceae,Lachnospirales,Clostridia,Bacillota,1,0,0
Petrimonas,Dysgonomonadaceae,Bacteroidales,Bacteroidia,Bacteroidota,1,1,1
Petrocella,Vallitaleaceae,Lachnospirales,Clostridia,Bacillota,1,0,0
Petroclostridium,SK-Y3,SK-Y3,Clostridia,Bacillota,1,1,1
Petropleomorpha,Geodermatophilaceae,Mycobacteriales,Actinomycetes,Actinomycetota,1,1,1
Petrotoga,Petrotogaceae,Petrotogales,Thermotogae,Thermotogota,3,3,1
Phaeacidiphilus,Streptomycetaceae,Streptomycetales,Actinomycetes,Actinomycetota,1,0,0
Phaeobacter,Rhodobacteraceae,Rhodobacterales,Alphaproteobacteria,Pseudomonadota,5,0,0
Phaeocystidibacter,Schleiferiaceae,Flavobacteriales,Bacteroidia,Bacteroidota,1,1,1
Phaeodactylibacter,Saprospiraceae,Chitinophagales,Bacteroidia,Bacteroidota,2,0,0
Phaeospirillum,NA,NA,NA,NA,1,0,0
Phaeovibrio,Rhodospirillaceae,Rhodospirillales,Alphaproteobacteria,Pseudomonadota,1,0,0
Phaeovulum,Rhodobacteraceae,Rhodobacterales,Alphaproteobacteria,Pseudomonadota,1,0,0
Phascolarctobacterium,Acidaminococcaceae,Acidaminococcales,Negativicutes,Bacillota,1,0,0
Phenylobacterium,Caulobacteraceae,Caulobacterales,Alphaproteobacteria,Pseudomonadota,15,0,0
Phnomibacter,Chitinophagaceae,Chitinophagales,Bacteroidia,Bacteroidota,1,0,0
Phocaeicola,Bacteroidaceae,Bacteroidales,Bacteroidia,Bacteroidota,12,4,0.3333333333333333
Phocicoccus,Salinicoccaceae,Staphylococcales,Bacilli,Bacillota,1,1,1
Phocoenobacter,Pasteurellaceae,Enterobacterales,Gammaproteobacteria,Pseudomonadota,3,0,0
Phoenicibacter,Eggerthellaceae,Coriobacteriales,Coriobacteriia,Actinomycetota,1,0,0
Phormidium,Aerosakkonemataceae,Cyanobacteriales,Cyanobacteriia,Cyanobacteriota,1,0,0
Phosphitispora,UBA2595,Thermincolales,Thermincolia,Bacillota,1,1,1
Photobacterium,Vibrionaceae,Enterobacterales,Gammaproteobacteria,Pseudomonadota,15,3,0.2
Photorhabdus,Enterobacteriaceae,Enterobacterales,Gammaproteobacteria,Pseudomonadota,16,0,0
Phragmitibacter,Verrucomicrobiaceae,Verrucomicrobiales,Verrucomicrobiia,Verrucomicrobiota,1,1,1
Phreatobacter,Phreatobacteraceae,Rhizobiales,Alphaproteobacteria,Pseudomonadota,1,0,0
Phycicoccus,Dermatophilaceae,Actinomycetales,Actinomycetes,Actinomycetota,8,1,0.125
Phycisphaera,Phycisphaeraceae,Phycisphaerales,Phycisphaerae,Planctomycetota,1,0,0
Phycobacter,Rhodobacteraceae,Rhodobacterales,Alphaproteobacteria,Pseudomonadota,1,0,0
Phyllobacterium,Rhizobiaceae,Rhizobiales,Alphaproteobacteria,Pseudomonadota,12,0,0
Phytoactinopolyspora,Jiangellaceae,Jiangellales,Actinomycetes,Actinomycetota,6,1,0.16666666666666666
Phytobacter,Enterobacteriaceae,Enterobacterales,Gammaproteobacteria,Pseudomonadota,2,0,0
Phytohabitans,Micromonosporaceae,Mycobacteriales,Actinomycetes,Actinomycetota,3,1,0.3333333333333333
Phytopseudomonas,NA,NA,NA,NA,6,0,0
Pigmentibacter,NA,NA,NA,NA,1,1,1
Pigmentiphaga,Burkholderiaceae,Burkholderiales,Gammaproteobacteria,Pseudomonadota,6,2,0.3333333333333333
Pilimelia,Micromonosporaceae,Mycobacteriales,Actinomycetes,Actinomycetota,1,0,0
Pimelobacter,NA,NA,NA,NA,1,0,0
Pinirhizobacter,Rhodanobacteraceae,Xanthomonadales,Gammaproteobacteria,Pseudomonadota,1,1,1
Pirellulimonas,Lacipirellulaceae,Pirellulales,Planctomycetia,Planctomycetota,1,1,1
Piscinibacter,Burkholderiaceae,Burkholderiales,Gammaproteobacteria,Pseudomonadota,4,2,0.5
Piscinibacterium,NA,NA,NA,NA,1,0,0
Piscirickettsia,Piscirickettsiaceae,Piscirickettsiales,Gammaproteobacteria,Pseudomonadota,1,0,0
Planctellipticum,Planctomycetaceae,Planctomycetales,Planctomycetia,Planctomycetota,1,0,0
Planctomicrobium,Planctomycetaceae,Planctomycetales,Planctomycetia,Planctomycetota,1,1,1
Planctomonas,Microbacteriaceae,Actinomycetales,Actinomycetes,Actinomycetota,1,0,0
Planctopirus,Planctomycetaceae,Planctomycetales,Planctomycetia,Planctomycetota,3,3,1
Planifilum,DSM-44946,Thermoactinomycetales,Bacilli,Bacillota,1,0,0
Planktosalinus,Flavobacteriaceae,Flavobacteriales,Bacteroidia,Bacteroidota,1,1,1
Planktotalea,Rhodobacteraceae,Rhodobacterales,Alphaproteobacteria,Pseudomonadota,2,1,0.5
Planktothricoides,Laspinemataceae,Cyanobacteriales,Cyanobacteriia,Cyanobacteriota,1,0,0
Planktothrix,Microcoleaceae,Cyanobacteriales,Cyanobacteriia,Cyanobacteriota,1,1,1
Planobispora,Streptosporangiaceae,Streptosporangiales,Actinomycetes,Actinomycetota,3,0,0
Planococcus,Planococcaceae,Bacillales_A,Bacilli,Bacillota,19,12,0.631578947368421
Planomicrobium,NA,NA,NA,NA,2,0,0
Planomonospora,Streptosporangiaceae,Streptosporangiales,Actinomycetes,Actinomycetota,3,0,0
Planosporangium,Micromonosporaceae,Mycobacteriales,Actinomycetes,Actinomycetota,4,0,0
Planotetraspora,Streptosporangiaceae,Streptosporangiales,Actinomycetes,Actinomycetota,5,0,0
Plantactinospora,Micromonosporaceae,Mycobacteriales,Actinomycetes,Actinomycetota,5,0,0
Plantibacter,Microbacteriaceae,Actinomycetales,Actinomycetes,Actinomycetota,2,2,1
Plantimonas,NA,NA,NA,NA,1,0,0
Plasticicumulans,Competibacteraceae,Competibacterales,Gammaproteobacteria,Pseudomonadota,1,0,0
Plastorhodobacter,NA,NA,NA,NA,1,0,0
Plastoroseomonas,Acetobacteraceae,Acetobacterales,Alphaproteobacteria,Pseudomonadota,2,0,0
Plebeiibacterium,NA,NA,NA,NA,2,0,0
Pleionea,Kangiellaceae,Enterobacterales,Gammaproteobacteria,Pseudomonadota,2,1,0.5
Pleomorphomonas,Pleomorphomonadaceae,Rhizobiales,Alphaproteobacteria,Pseudomonadota,1,0,0
Pleomorphovibrio,Cyclobacteriaceae,Cytophagales,Bacteroidia,Bacteroidota,1,0,0
Plesiomonas,Enterobacteriaceae,Enterobacterales,Gammaproteobacteria,Pseudomonadota,1,0,0
Pluralibacter,Enterobacteriaceae,Enterobacterales,Gammaproteobacteria,Pseudomonadota,1,0,0
Pokkaliibacter,Balneatricaceae,Pseudomonadales,Gammaproteobacteria,Pseudomonadota,1,0,0
Polaribacter,Flavobacteriaceae,Flavobacteriales,Bacteroidia,Bacteroidota,12,11,0.9166666666666666
Polaromonas,Burkholderiaceae,Burkholderiales,Gammaproteobacteria,Pseudomonadota,5,1,0.2
Pollutibacter,Chitinophagaceae,Chitinophagales,Bacteroidia,Bacteroidota,1,0,0
Pollutimonas,Burkholderiaceae,Burkholderiales,Gammaproteobacteria,Pseudomonadota,4,2,0.5
Polyangium,Polyangiaceae,Polyangiales,Polyangia,Myxococcota,4,0,0
Polycladidibacter,NA,NA,NA,NA,2,0,0
Polycladomyces,JIR-001,Thermoactinomycetales,Bacilli,Bacillota,2,0,0
Polycyclovorans,Nevskiaceae,Nevskiales,Gammaproteobacteria,Pseudomonadota,1,1,1
Polymorphobacter,Sphingomonadaceae,Sphingomonadales,Alphaproteobacteria,Pseudomonadota,4,0,0
Polymorphospora,Micromonosporaceae,Mycobacteriales,Actinomycetes,Actinomycetota,2,0,0
Polymorphum,Stappiaceae,Rhizobiales,Alphaproteobacteria,Pseudomonadota,1,0,0
Polynucleobacter,Burkholderiaceae,Burkholderiales,Gammaproteobacteria,Pseudomonadota,29,0,0
Polystyrenella,Planctomycetaceae,Planctomycetales,Planctomycetia,Planctomycetota,1,0,0
Pontibaca,Rhodobacteraceae,Rhodobacterales,Alphaproteobacteria,Pseudomonadota,2,0,0
Pontibacillus,BH030062,Bacillales_D,Bacilli,Bacillota,2,0,0
Pontibacter,Hymenobacteraceae,Cytophagales,Bacteroidia,Bacteroidota,35,3,0.08571428571428572
Ponticoccus,Rhodobacteraceae,Rhodobacterales,Alphaproteobacteria,Pseudomonadota,1,0,0
Pontiella,Pontiellaceae,Kiritimatiellales,Kiritimatiellia,Verrucomicrobiota,3,2,0.6666666666666666
Pontimicrobium,Flavobacteriaceae,Flavobacteriales,Bacteroidia,Bacteroidota,1,0,0
Pontimonas,Microbacteriaceae,Actinomycetales,Actinomycetes,Actinomycetota,1,1,1
Pontitalea,NA,NA,NA,NA,1,0,0
Pontivivens,Rhodobacteraceae,Rhodobacterales,Alphaproteobacteria,Pseudomonadota,4,0,0
Pontixanthobacter,Sphingomonadaceae,Sphingomonadales,Alphaproteobacteria,Pseudomonadota,5,0,0
Porcincola,Lachnospiraceae,Lachnospirales,Clostridia,Bacillota,1,0,0
Porcipelethomonas,Ruminococcaceae,Oscillospirales,Clostridia,Bacillota,1,0,0
Porifericola,NA,NA,NA,NA,1,0,0
Porphyromonas,Porphyromonadaceae,Bacteroidales,Bacteroidia,Bacteroidota,14,3,0.21428571428571427
Portibacter,Saprospiraceae,Chitinophagales,Bacteroidia,Bacteroidota,2,0,0
Porticoccus,Porticoccaceae,Pseudomonadales,Gammaproteobacteria,Pseudomonadota,1,1,1
Poseidonibacter,Arcobacteraceae,Campylobacterales,Campylobacteria,Campylobacterota,4,4,1
Poseidonocella,Rhodobacteraceae,Rhodobacterales,Alphaproteobacteria,Pseudomonadota,2,0,0
Posidoniimonas,Lacipirellulaceae,Pirellulales,Planctomycetia,Planctomycetota,2,0,0
Postechiella,Flavobacteriaceae,Flavobacteriales,Bacteroidia,Bacteroidota,1,1,1
Pragia,Enterobacteriaceae,Enterobacterales,Gammaproteobacteria,Pseudomonadota,1,0,0
Prauserella,Pseudonocardiaceae,Mycobacteriales,Actinomycetes,Actinomycetota,8,1,0.125
Prescottella,Mycobacteriaceae,Mycobacteriales,Actinomycetes,Actinomycetota,5,1,0.2
Prevotella,Bacteroidaceae,Bacteroidales,Bacteroidia,Bacteroidota,21,15,0.7142857142857143
Prevotellamassilia,NA,NA,NA,NA,1,1,1
Pricia,Flavobacteriaceae,Flavobacteriales,Bacteroidia,Bacteroidota,1,0,0
Priestia,Bacillaceae_H,Bacillales,Bacilli,Bacillota,4,0,0
Primorskyibacter,Rhodobacteraceae,Rhodobacterales,Alphaproteobacteria,Pseudomonadota,4,0,0
Prochlorococcus,Cyanobiaceae,PCC-6307,Cyanobacteriia,Cyanobacteriota,1,0,0
Prodigiosinella,Enterobacteriaceae,Enterobacterales,Gammaproteobacteria,Pseudomonadota,1,0,0
Profundibacterium,Rhodobacteraceae,Rhodobacterales,Alphaproteobacteria,Pseudomonadota,1,0,0
Profundicola,Weeksellaceae,Flavobacteriales,Bacteroidia,Bacteroidota,1,0,0
Proluteimonas,NA,NA,NA,NA,1,0,0
Promicromonospora,Cellulomonadaceae,Actinomycetales,Actinomycetes,Actinomycetota,7,1,0.14285714285714285
Propionibacterium,Propionibacteriaceae,Propionibacteriales,Actinomycetes,Actinomycetota,2,2,1
Propionicicella,Propionibacteriaceae,Propionibacteriales,Actinomycetes,Actinomycetota,1,1,1
Propioniciclava,Propionibacteriaceae,Propionibacteriales,Actinomycetes,Actinomycetota,3,1,0.3333333333333333
Propionicimonas,Propionibacteriaceae,Propionibacteriales,Actinomycetes,Actinomycetota,1,0,0
Propionigenium,Fusobacteriaceae,Fusobacteriales,Fusobacteriia,Fusobacteriota,1,0,0
Propionispora,Propionisporaceae,Propionisporales,Negativicutes,Bacillota,1,0,0
Propionivibrio,Rhodocyclaceae,Burkholderiales,Gammaproteobacteria,Pseudomonadota,3,0,0
Prosthecobacter,Verrucomicrobiaceae,Verrucomicrobiales,Verrucomicrobiia,Verrucomicrobiota,3,0,0
Prosthecochloris,Chlorobiaceae,Chlorobiales,Chlorobiia,Bacteroidota_A,4,1,0.25
Prosthecodimorpha,Ancalomicrobiaceae,Rhizobiales,Alphaproteobacteria,Pseudomonadota,1,0,0
Prosthecomicrobium,Kaistiaceae,Rhizobiales,Alphaproteobacteria,Pseudomonadota,1,0,0
Protaetiibacter,NA,NA,NA,NA,3,2,0.6666666666666666
Proteiniborus,Proteiniboraceae,Tissierellales,Clostridia,Bacillota,1,0,0
Proteiniclasticum,Clostridiaceae,Clostridiales,Clostridia,Bacillota,1,0,0
Proteiniphilum,Dysgonomonadaceae,Bacteroidales,Bacteroidia,Bacteroidota,2,0,0
Proteinivorax,Proteinivoraceae,Proteinivoracales,Proteinivoracia,Bacillota,1,1,1
Proteus,Enterobacteriaceae,Enterobacterales,Gammaproteobacteria,Pseudomonadota,11,1,0.09090909090909091
Providencia,Enterobacteriaceae,Enterobacterales,Gammaproteobacteria,Pseudomonadota,2,1,0.5
Pseudacidobacterium,Acidobacteriaceae,Terriglobales,Terriglobia,Acidobacteriota,1,1,1
Pseudacidovorax,NA,NA,NA,NA,1,0,0
Pseudaeromonas,Aeromonadaceae,Enterobacterales,Gammaproteobacteria,Pseudomonadota,1,0,0
Pseudaestuariivita,Rhodobacteraceae,Rhodobacterales,Alphaproteobacteria,Pseudomonadota,1,0,0
Pseudahrensia,NA,NA,NA,NA,1,0,0
Pseudalgibacter,Flavobacteriaceae,Flavobacteriales,Bacteroidia,Bacteroidota,1,0,0
Pseudaminobacter,Rhizobiaceae,Rhizobiales,Alphaproteobacteria,Pseudomonadota,1,1,1
Pseudanabaena,Pseudanabaenaceae,Pseudanabaenales,Cyanobacteriia,Cyanobacteriota,7,0,0
Pseudaquabacterium,NA,NA,NA,NA,4,3,0.75
Pseudaquidulcibacter,TH1-2,Caulobacterales,Alphaproteobacteria,Pseudomonadota,1,0,0
Pseudarcicella,Spirosomataceae,Cytophagales,Bacteroidia,Bacteroidota,1,0,0
Pseudarthrobacter,NA,NA,NA,NA,6,1,0.16666666666666666
Pseudazoarcus,Rhodocyclaceae,Burkholderiales,Gammaproteobacteria,Pseudomonadota,1,1,1
Pseudemcibacter,Emcibacteraceae,Sphingomonadales,Alphaproteobacteria,Pseudomonadota,1,1,1
Pseudescherichia,Enterobacteriaceae,Enterobacterales,Gammaproteobacteria,Pseudomonadota,1,0,0
Pseudidiomarina,Alteromonadaceae,Enterobacterales,Gammaproteobacteria,Pseudomonadota,18,8,0.4444444444444444
Pseudoalteromonas,Alteromonadaceae,Enterobacterales,Gammaproteobacteria,Pseudomonadota,44,0,0
Pseudobacillus,Domibacillaceae,Bacillales_B,Bacilli,Bacillota,1,0,0
Pseudobacter,Chitinophagaceae,Chitinophagales,Bacteroidia,Bacteroidota,1,0,0
Pseudobacteriovorax,Oligoflexaceae,Oligoflexales,Oligoflexia,Bdellovibrionota_B,1,0,0
Pseudobacteroides,DSM-2933,Acetivibrionales,Clostridia,Bacillota,1,1,1
Pseudobdellovibrio,Bdellovibrionaceae,Bdellovibrionales,Bdellovibrionia,Bdellovibrionota,1,0,0
Pseudobowmanella,NA,NA,NA,NA,1,0,0
Pseudocalidococcus,Thermosynechococcaceae,Thermosynechococcales,Cyanobacteriia,Cyanobacteriota,1,1,1
Pseudochelatococcus,Beijerinckiaceae,Rhizobiales,Alphaproteobacteria,Pseudomonadota,2,0,0
Pseudochrobactrum,Rhizobiaceae,Rhizobiales,Alphaproteobacteria,Pseudomonadota,5,0,0
Pseudocitrobacter,Enterobacteriaceae,Enterobacterales,Gammaproteobacteria,Pseudomonadota,3,0,0
Pseudoclavibacter,Microbacteriaceae,Actinomycetales,Actinomycetes,Actinomycetota,5,3,0.6
Pseudocnuella,NA,NA,NA,NA,1,1,1
Pseudodesulfovibrio,Desulfovibrionaceae,Desulfovibrionales,Desulfovibrionia,Desulfobacterota_I,3,1,0.3333333333333333
Pseudoduganella,Burkholderiaceae,Burkholderiales,Gammaproteobacteria,Pseudomonadota,12,4,0.3333333333333333
Pseudoflavitalea,NA,NA,NA,NA,1,0,0
Pseudoflavonifractor,Oscillospiraceae,Oscillospirales,Clostridia,Bacillota,3,3,1
Pseudofrancisella,Francisellaceae,Francisellales,Gammaproteobacteria,Pseudomonadota,1,0,0
Pseudofulvibacter,NA,NA,NA,NA,1,1,1
Pseudofulvimonas,UBA2363,Xanthomonadales,Gammaproteobacteria,Pseudomonadota,1,0,0
Pseudogemmatithrix,Gemmatimonadaceae,Gemmatimonadales,Gemmatimonadetes,Gemmatimonadota,1,1,1
Pseudogemmobacter,Rhodobacteraceae,Rhodobacterales,Alphaproteobacteria,Pseudomonadota,5,0,0
Pseudoglutamicibacter,Micrococcaceae,Actinomycetales,Actinomycetes,Actinomycetota,1,0,0
Pseudogracilibacillus,Amphibacillaceae,Bacillales_D,Bacilli,Bacillota,1,0,0
Pseudogulbenkiania,Chromobacteriaceae,Burkholderiales,Gammaproteobacteria,Pseudomonadota,2,1,0.5
Pseudohaliea,Halieaceae,Pseudomonadales,Gammaproteobacteria,Pseudomonadota,1,0,0
Pseudohalioglobus,NA,NA,NA,NA,1,0,0
Pseudohalocynthiibacter,Rhodobacteraceae,Rhodobacterales,Alphaproteobacteria,Pseudomonadota,1,0,0
Pseudohoeflea,Rhizobiaceae,Rhizobiales,Alphaproteobacteria,Pseudomonadota,2,0,0
Pseudohongiella,Pseudohongiellaceae,Pseudomonadales,Gammaproteobacteria,Pseudomonadota,3,0,0
Pseudokineococcus,Quadrisphaeraceae,Actinomycetales,Actinomycetes,Actinomycetota,2,0,0
Pseudokordiimonas,NA,NA,NA,NA,1,0,0
Pseudolabrys,Xanthobacteraceae,Rhizobiales,Alphaproteobacteria,Pseudomonadota,1,0,0
Pseudolactococcus,NA,NA,NA,NA,10,4,0.4
Pseudoluteimonas,Xanthomonadaceae,Xanthomonadales,Gammaproteobacteria,Pseudomonadota,1,0,0
Pseudolysobacter,Rhodanobacteraceae,Xanthomonadales,Gammaproteobacteria,Pseudomonadota,1,0,0
Pseudomaricurvus,Cellvibrionaceae,Pseudomonadales,Gammaproteobacteria,Pseudomonadota,3,0,0
Pseudomarimonas,Xanthomonadaceae,Xanthomonadales,Gammaproteobacteria,Pseudomonadota,2,0,0
Pseudomethylobacillus,Methylophilaceae,Burkholderiales,Gammaproteobacteria,Pseudomonadota,1,0,0
Pseudomonas,Pseudomonadaceae,Pseudomonadales,Gammaproteobacteria,Pseudomonadota,316,12,0.0379746835443038
Pseudomyxococcus,NA,NA,NA,NA,2,0,0
Pseudonocardia,Pseudonocardiaceae,Mycobacteriales,Actinomycetes,Actinomycetota,31,17,0.5483870967741935
Pseudooceanicola,Rhodobacteraceae,Rhodobacterales,Alphaproteobacteria,Pseudomonadota,11,0,0
Pseudooctadecabacter,Rhodobacteraceae,Rhodobacterales,Alphaproteobacteria,Pseudomonadota,1,1,1
Pseudopedobacter,NA,NA,NA,NA,1,0,0
Pseudophaeobacter,Rhodobacteraceae,Rhodobacterales,Alphaproteobacteria,Pseudomonadota,3,0,0
Pseudoprevotella,NA,NA,NA,NA,1,0,0
Pseudopropionibacterium,NA,NA,NA,NA,1,1,1
Pseudoramibacter,Eubacteriaceae,Eubacteriales,Clostridia,Bacillota,1,0,0
Pseudorhizobium,NA,NA,NA,NA,3,0,0
Pseudorhodobacter,Rhodobacteraceae,Rhodobacterales,Alphaproteobacteria,Pseudomonadota,5,0,0
Pseudorhodoferax,Burkholderiaceae,Burkholderiales,Gammaproteobacteria,Pseudomonadota,2,0,0
Pseudorhodoplanes,Xanthobacteraceae,Rhizobiales,Alphaproteobacteria,Pseudomonadota,1,0,0
Pseudoroseicyclus,Rhodobacteraceae,Rhodobacterales,Alphaproteobacteria,Pseudomonadota,2,0,0
Pseudoruegeria,Rhodobacteraceae,Rhodobacterales,Alphaproteobacteria,Pseudomonadota,1,0,0
Pseudoscardovia,Bifidobacteriaceae,Actinomycetales,Actinomycetes,Actinomycetota,2,0,0
Pseudosporangium,NA,NA,NA,NA,1,0,0
Pseudostreptobacillus,Leptotrichiaceae,Fusobacteriales,Fusobacteriia,Fusobacteriota,1,0,0
Pseudosulfitobacter,Rhodobacteraceae,Rhodobacterales,Alphaproteobacteria,Pseudomonadota,1,0,0
Pseudotabrizicola,Rhodobacteraceae,Rhodobacterales,Alphaproteobacteria,Pseudomonadota,4,0,0
Pseudotamlana,NA,NA,NA,NA,2,2,1
Pseudoteredinibacter,Cellvibrionaceae,Pseudomonadales,Gammaproteobacteria,Pseudomonadota,1,0,0
Pseudothauera,Rhodocyclaceae,Burkholderiales,Gammaproteobacteria,Pseudomonadota,3,0,0
Pseudothermotoga,DSM-5069,Thermotogales,Thermotogae,Thermotogota,4,3,0.75
Pseudothioclava,Rhodobacteraceae,Rhodobacterales,Alphaproteobacteria,Pseudomonadota,2,0,0
Pseudovibrio,Stappiaceae,Rhizobiales,Alphaproteobacteria,Pseudomonadota,6,0,0
Pseudoxanthomonas,Xanthomonadaceae,Xanthomonadales,Gammaproteobacteria,Pseudomonadota,22,2,0.09090909090909091
Pseudozobellia,Flavobacteriaceae,Flavobacteriales,Bacteroidia,Bacteroidota,1,1,1
Psittacicella,Psittacicellaceae,Enterobacterales,Gammaproteobacteria,Pseudomonadota,1,0,0
Psychrobacillus,Planococcaceae,Bacillales_A,Bacilli,Bacillota,2,0,0
Psychrobacter,Moraxellaceae,Pseudomonadales,Gammaproteobacteria,Pseudomonadota,33,11,0.3333333333333333
Psychroflexus,Flavobacteriaceae,Flavobacteriales,Bacteroidia,Bacteroidota,9,4,0.4444444444444444
Psychromicrobium,NA,NA,NA,NA,2,2,1
Psychromonas,Psychromonadaceae,Enterobacterales,Gammaproteobacteria,Pseudomonadota,3,1,0.3333333333333333
Psychroserpens,Flavobacteriaceae,Flavobacteriales,Bacteroidia,Bacteroidota,7,0,0
Psychrosphaera,Alteromonadaceae,Enterobacterales,Gammaproteobacteria,Pseudomonadota,6,2,0.3333333333333333
Pukyongia,Flavobacteriaceae,Flavobacteriales,Bacteroidia,Bacteroidota,1,0,0
Pukyongiella,Rhodobacteraceae,Rhodobacterales,Alphaproteobacteria,Pseudomonadota,1,0,0
Pulveribacter,NA,NA,NA,NA,1,0,0
Pumilibacter,Pumilibacteraceae,Christensenellales,Clostridia,Bacillota,1,1,1
Puniceibacterium,Rhodobacteraceae,Rhodobacterales,Alphaproteobacteria,Pseudomonadota,2,0,0
Puniceicoccus,Puniceicoccaceae,Opitutales,Verrucomicrobiia,Verrucomicrobiota,1,1,1
Pusillibacter,NA,NA,NA,NA,1,0,0
Pusillimonas,Burkholderiaceae,Burkholderiales,Gammaproteobacteria,Pseudomonadota,3,2,0.6666666666666666
Putridiphycobacter,Crocinitomicaceae,Flavobacteriales,Bacteroidia,Bacteroidota,1,0,0
Pyrinomonas,Pyrinomonadaceae,Pyrinomonadales,Blastocatellia,Acidobacteriota,1,0,0
Pyxidicoccus,NA,NA,NA,NA,5,0,0
Qaidamihabitans,Pseudonocardiaceae,Mycobacteriales,Actinomycetes,Actinomycetota,1,0,0
Qingrenia,UMGS1810,UMGS1810,Clostridia,Bacillota,1,0,0
Qingshengfaniella,Rhodobacteraceae,Rhodobacterales,Alphaproteobacteria,Pseudomonadota,1,0,0
Qipengyuania,Sphingomonadaceae,Sphingomonadales,Alphaproteobacteria,Pseudomonadota,32,0,0
Quadrisphaera,Quadrisphaeraceae,Actinomycetales,Actinomycetes,Actinomycetota,2,0,0
Quatrionicoccus,NA,NA,NA,NA,1,0,0
Quisquiliibacterium,Burkholderiaceae,Burkholderiales,Gammaproteobacteria,Pseudomonadota,1,0,0
Radiobacillus,Amphibacillaceae,Bacillales_D,Bacilli,Bacillota,2,2,1
Rahnella,Enterobacteriaceae,Enterobacterales,Gammaproteobacteria,Pseudomonadota,11,0,0
Ralstonia,Burkholderiaceae,Burkholderiales,Gammaproteobacteria,Pseudomonadota,15,0,0
Ramlibacter,Burkholderiaceae,Burkholderiales,Gammaproteobacteria,Pseudomonadota,18,12,0.6666666666666666
Raoultella,NA,NA,NA,NA,3,0,0
Raoultibacter,Eggerthellaceae,Coriobacteriales,Coriobacteriia,Actinomycetota,2,0,0
Rapidithrix,Flammeovirgaceae,Cytophagales,Bacteroidia,Bacteroidota,1,1,1
Rappaport,Cardiobacteriaceae,Cardiobacteriales,Gammaproteobacteria,Pseudomonadota,1,1,1
Rariglobus,Opitutaceae,Opitutales,Verrucomicrobiia,Verrucomicrobiota,1,0,0
Rarispira,NA,NA,NA,NA,1,1,1
Rasiella,NA,NA,NA,NA,1,1,1
Rathayibacter,Microbacteriaceae,Actinomycetales,Actinomycetes,Actinomycetota,10,9,0.9
Ravibacter,Spirosomataceae,Cytophagales,Bacteroidia,Bacteroidota,1,0,0
Rehaibacterium,Xanthomonadaceae,Xanthomonadales,Gammaproteobacteria,Pseudomonadota,1,0,0
Reichenbachiella,Cyclobacteriaceae,Cytophagales,Bacteroidia,Bacteroidota,6,1,0.16666666666666666
Reinekea,Natronospirillaceae,Pseudomonadales,Gammaproteobacteria,Pseudomonadota,1,0,0
Reticulibacter,NA,NA,NA,NA,1,1,1
Rhabdaerophilum,Beijerinckiaceae,Rhizobiales,Alphaproteobacteria,Pseudomonadota,1,0,0
Rhabdobacter,Spirosomataceae,Cytophagales,Bacteroidia,Bacteroidota,1,1,1
Rhabdochlamydiaceae,NA,NA,NA,NA,1,0,0
Rhabdonatronobacter,Rhodobacteraceae,Rhodobacterales,Alphaproteobacteria,Pseudomonadota,1,0,0
Rhabdothermincola,UBA8139,Acidimicrobiales,Acidimicrobiia,Actinomycetota,2,0,0
Rheinheimera,Alteromonadaceae,Enterobacterales,Gammaproteobacteria,Pseudomonadota,11,1,0.09090909090909091
Rhizobium,Rhizobiaceae,Rhizobiales,Alphaproteobacteria,Pseudomonadota,87,2,0.022988505747126436
Rhizocola,Micromonosporaceae,Mycobacteriales,Actinomycetes,Actinomycetota,1,0,0
Rhizohabitans,Streptosporangiaceae,Streptosporangiales,Actinomycetes,Actinomycetota,1,0,0
Rhizorhabdus,Sphingomonadaceae,Sphingomonadales,Alphaproteobacteria,Pseudomonadota,5,0,0
Rhizorhapis,Sphingomonadaceae,Sphingomonadales,Alphaproteobacteria,Pseudomonadota,1,0,0
Rhizosaccharibacter,NA,NA,NA,NA,1,0,0
Rhizosphaericola,Chitinophagaceae,Chitinophagales,Bacteroidia,Bacteroidota,1,1,1
Rhodalgimonas,Rhodobacteraceae,Rhodobacterales,Alphaproteobacteria,Pseudomonadota,1,0,0
Rhodanobacter,Rhodanobacteraceae,Xanthomonadales,Gammaproteobacteria,Pseudomonadota,17,4,0.23529411764705882
Rhodobacter,Rhodobacteraceae,Rhodobacterales,Alphaproteobacteria,Pseudomonadota,9,0,0
Rhodobaculum,Rhodobacteraceae,Rhodobacterales,Alphaproteobacteria,Pseudomonadota,1,0,0
Rhodobium,Rhodobiaceae,Rhizobiales,Alphaproteobacteria,Pseudomonadota,2,0,0
Rhodococcoides,Mycobacteriaceae,Mycobacteriales,Actinomycetes,Actinomycetota,5,0,0
Rhodococcus,Mycobacteriaceae,Mycobacteriales,Actinomycetes,Actinomycetota,35,7,0.2
Rhodocyclus,Rhodocyclaceae,Burkholderiales,Gammaproteobacteria,Pseudomonadota,3,2,0.6666666666666666
Rhodocytophaga,172606-1,Cytophagales,Bacteroidia,Bacteroidota,2,0,0
Rhodoferax,Burkholderiaceae,Burkholderiales,Gammaproteobacteria,Pseudomonadota,12,7,0.5833333333333334
Rhodoglobus,Microbacteriaceae,Actinomycetales,Actinomycetes,Actinomycetota,1,1,1
Rhodohalobacter,Balneolaceae,Balneolales,Rhodothermia,Bacteroidota_A,2,0,0
Rhodoligotrophos,Im1,Rhizobiales,Alphaproteobacteria,Pseudomonadota,2,0,0
Rhodoluna,Microbacteriaceae,Actinomycetales,Actinomycetes,Actinomycetota,2,2,1
Rhodophyticola,Rhodobacteraceae,Rhodobacterales,Alphaproteobacteria,Pseudomonadota,1,0,0
Rhodopirellula,Pirellulaceae,Pirellulales,Planctomycetia,Planctomycetota,1,1,1
Rhodoplanes,Xanthobacteraceae,Rhizobiales,Alphaproteobacteria,Pseudomonadota,2,0,0
Rhodosalinus,Rhodobacteraceae,Rhodobacterales,Alphaproteobacteria,Pseudomonadota,1,0,0
Rhodospira,Rhodospirillaceae,Rhodospirillales,Alphaproteobacteria,Pseudomonadota,1,0,0
Rhodospirillum,Rhodospirillaceae,Rhodospirillales,Alphaproteobacteria,Pseudomonadota,1,0,0
Rhodothalassium,Rhodothalassiaceae,Sphingomonadales,Alphaproteobacteria,Pseudomonadota,1,0,0
Rhodothermus,Rhodothermaceae,Rhodothermales,Rhodothermia,Bacteroidota_A,3,3,1
Rhodovarius,Acetobacteraceae,Acetobacterales,Alphaproteobacteria,Pseudomonadota,2,0,0
Rhodovastum,Acetobacteraceae,Acetobacterales,Alphaproteobacteria,Pseudomonadota,1,0,0
Rhodovibrio,Rhodovibrionaceae,Kiloniellales,Alphaproteobacteria,Pseudomonadota,1,0,0
Rhodovulum,Rhodobacteraceae,Rhodobacterales,Alphaproteobacteria,Pseudomonadota,8,0,0
Richelia,Nostocaceae,Cyanobacteriales,Cyanobacteriia,Cyanobacteriota,1,0,0
Rickettsia,Rickettsiaceae,Rickettsiales,Alphaproteobacteria,Pseudomonadota,39,4,0.10256410256410256
Rickettsiales,NA,NA,NA,NA,3,0,0
Rickettsiella,NA,NA,NA,NA,2,0,0
Riemerella,Weeksellaceae,Flavobacteriales,Bacteroidia,Bacteroidota,1,0,0
Rikenella,Rikenellaceae,Bacteroidales,Bacteroidia,Bacteroidota,1,1,1
Rippkaea,Microcystaceae,Cyanobacteriales,Cyanobacteriia,Cyanobacteriota,1,1,1
Risungbinella,Thermoactinomycetaceae,Thermoactinomycetales,Bacilli,Bacillota,1,0,0
Rivibacter,Burkholderiaceae,Burkholderiales,Gammaproteobacteria,Pseudomonadota,1,1,1
Rivihabitans,Aquaspirillaceae,Burkholderiales,Gammaproteobacteria,Pseudomonadota,1,1,1
Robbsia,Burkholderiaceae,Burkholderiales,Gammaproteobacteria,Pseudomonadota,1,1,1
Robertkochia,Flavobacteriaceae,Flavobacteriales,Bacteroidia,Bacteroidota,3,2,0.6666666666666666
Robertmurraya,DSM-18226,Bacillales_B,Bacilli,Bacillota,4,0,0
Robiginitalea,Flavobacteriaceae,Flavobacteriales,Bacteroidia,Bacteroidota,3,2,0.6666666666666666
Robiginitomaculum,Maricaulaceae,Caulobacterales,Alphaproteobacteria,Pseudomonadota,1,0,0
Rodentibacter,Pasteurellaceae,Enterobacterales,Gammaproteobacteria,Pseudomonadota,8,0,0
Rohdeia,NA,NA,NA,NA,1,0,0
Romboutsia,Peptostreptococcaceae,Peptostreptococcales,Clostridia,Bacillota,6,5,0.8333333333333334
Romeriopsis,JAAFJU01,JAAFJU01,Cyanobacteriia,Cyanobacteriota,1,0,0
Roseateles,Burkholderiaceae,Burkholderiales,Gammaproteobacteria,Pseudomonadota,15,6,0.4
Roseburia,Lachnospiraceae,Lachnospirales,Clostridia,Bacillota,7,2,0.2857142857142857
Roseiarcus,Beijerinckiaceae,Rhizobiales,Alphaproteobacteria,Pseudomonadota,1,0,0
Roseibacillus,Akkermansiaceae,Verrucomicrobiales,Verrucomicrobiia,Verrucomicrobiota,1,1,1
Roseibium,Stappiaceae,Rhizobiales,Alphaproteobacteria,Pseudomonadota,17,0,0
Roseicella,NA,NA,NA,NA,2,0,0
Roseicitreum,Rhodobacteraceae,Rhodobacterales,Alphaproteobacteria,Pseudomonadota,1,1,1
Roseiconus,NA,NA,NA,NA,2,2,1
Roseicyclus,Rhodobacteraceae,Rhodobacterales,Alphaproteobacteria,Pseudomonadota,7,2,0.2857142857142857
Roseiflexus,Roseiflexaceae,Chloroflexales,Chloroflexia,Chloroflexota,1,0,0
Roseimaritima,Pirellulaceae,Pirellulales,Planctomycetia,Planctomycetota,2,0,0
Roseinatronobacter,Rhodobacteraceae,Rhodobacterales,Alphaproteobacteria,Pseudomonadota,4,0,0
Roseisalinus,NA,NA,NA,NA,1,0,0
Roseisolibacter,Gemmatimonadaceae,Gemmatimonadales,Gemmatimonadetes,Gemmatimonadota,1,0,0
Roseitranquillus,Rhodobacteraceae,Rhodobacterales,Alphaproteobacteria,Pseudomonadota,1,0,0
Roseivirga,Cyclobacteriaceae,Cytophagales,Bacteroidia,Bacteroidota,3,0,0
Roseivivax,Rhodobacteraceae,Rhodobacterales,Alphaproteobacteria,Pseudomonadota,7,0,0
Rosenbergiella,Enterobacteriaceae,Enterobacterales,Gammaproteobacteria,Pseudomonadota,2,0,0
Roseobacter,Rhodobacteraceae,Rhodobacterales,Alphaproteobacteria,Pseudomonadota,5,0,0
Roseococcus,Acetobacteraceae,Acetobacterales,Alphaproteobacteria,Pseudomonadota,3,0,0
Roseomonas,Acetobacteraceae,Acetobacterales,Alphaproteobacteria,Pseudomonadota,12,0,0
Roseospira,NA,NA,NA,NA,4,2,0.5
Roseospirillum,Rhodospirillaceae,Rhodospirillales,Alphaproteobacteria,Pseudomonadota,1,0,0
Roseovarius,Rhodobacteraceae,Rhodobacterales,Alphaproteobacteria,Pseudomonadota,19,0,0
Rosettibacter,Melioribacteraceae,Ignavibacteriales,Ignavibacteria,Bacteroidota_A,2,0,0
Rosistilla,Pirellulaceae,Pirellulales,Planctomycetia,Planctomycetota,1,1,1
Rossellomorea,Bacillaceae_B,Bacillales_B,Bacilli,Bacillota,5,0,0
Rothia,Micrococcaceae,Actinomycetales,Actinomycetes,Actinomycetota,7,1,0.14285714285714285
Rouxiella,Enterobacteriaceae,Enterobacterales,Gammaproteobacteria,Pseudomonadota,3,0,0
Ruania,Beutenbergiaceae,Actinomycetales,Actinomycetes,Actinomycetota,7,4,0.5714285714285714
Rubellicoccus,Cerasicoccaceae,Opitutales,Verrucomicrobiia,Verrucomicrobiota,1,0,0
Rubellimicrobium,Rhodobacteraceae,Rhodobacterales,Alphaproteobacteria,Pseudomonadota,3,0,0
Rubeoparvulum,Rubeoparvulaceae,Rubeoparvulales,Bacilli,Bacillota,1,0,0
Rubidibacter,Rubidibacteraceae,Cyanobacteriales,Cyanobacteriia,Cyanobacteriota,1,0,0
Rubinisphaera,Planctomycetaceae,Planctomycetales,Planctomycetia,Planctomycetota,2,2,1
Rubneribacter,Eggerthellaceae,Coriobacteriales,Coriobacteriia,Actinomycetota,1,1,1
Rubricella,Rhodobacteraceae,Rhodobacterales,Alphaproteobacteria,Pseudomonadota,1,0,0
Rubricoccus,Rubricoccaceae,Rhodothermales,Rhodothermia,Bacteroidota_A,1,0,0
Rubrimonas,Rhodobacteraceae,Rhodobacterales,Alphaproteobacteria,Pseudomonadota,1,0,0
Rubripirellula,Pirellulaceae,Pirellulales,Planctomycetia,Planctomycetota,3,0,0
Rubritalea,Akkermansiaceae,Verrucomicrobiales,Verrucomicrobiia,Verrucomicrobiota,2,0,0
Rubrivirga,Rubricoccaceae,Rhodothermales,Rhodothermia,Bacteroidota_A,1,0,0
Rubrivivax,Burkholderiaceae,Burkholderiales,Gammaproteobacteria,Pseudomonadota,2,2,1
Rubrobacter,Rubrobacteraceae,Rubrobacterales,Rubrobacteria,Actinomycetota,2,0,0
Rudaea,Rhodanobacteraceae,Xanthomonadales,Gammaproteobacteria,Pseudomonadota,1,0,0
Ruegeria,Rhodobacteraceae,Rhodobacterales,Alphaproteobacteria,Pseudomonadota,18,0,0
Rufibacter,Hymenobacteraceae,Cytophagales,Bacteroidia,Bacteroidota,13,0,0
Rugamonas,Burkholderiaceae,Burkholderiales,Gammaproteobacteria,Pseudomonadota,2,0,0
Rugosibacter,Rhodocyclaceae,Burkholderiales,Gammaproteobacteria,Pseudomonadota,1,1,1
Ruixingdingia,Rhodobacteraceae,Rhodobacterales,Alphaproteobacteria,Pseudomonadota,1,0,0
Ruminiclostridium,DSM-27016,Acetivibrionales,Clostridia,Bacillota,6,0,0
Ruminobacter,Succinivibrionaceae,Enterobacterales,Gammaproteobacteria,Pseudomonadota,1,0,0
Ruminococcoides,Acutalibacteraceae,Oscillospirales,Clostridia,Bacillota,1,0,0
Ruminococcus,Ruminococcaceae,Oscillospirales,Clostridia,Bacillota,4,0,0
Rummeliibacillus,Planococcaceae,Bacillales_A,Bacilli,Bacillota,1,1,1
Runella,Spirosomataceae,Cytophagales,Bacteroidia,Bacteroidota,2,0,0
Saccharibacillus,Paenibacillaceae,Paenibacillales,Bacilli,Bacillota,3,0,0
Saccharicrinis,Marinilabiliaceae,Bacteroidales,Bacteroidia,Bacteroidota,2,0,0
Saccharococcus,Anoxybacillaceae,Bacillales,Bacilli,Bacillota,2,0,0
Saccharomonospora,Pseudonocardiaceae,Mycobacteriales,Actinomycetes,Actinomycetota,10,0,0
Saccharophagus,Cellvibrionaceae,Pseudomonadales,Gammaproteobacteria,Pseudomonadota,1,0,0
Saccharopolyspora,Pseudonocardiaceae,Mycobacteriales,Actinomycetes,Actinomycetota,21,1,0.047619047619047616
Saccharothrix,NA,NA,NA,NA,19,0,0
Sagittula,Rhodobacteraceae,Rhodobacterales,Alphaproteobacteria,Pseudomonadota,1,0,0
Salana,Beutenbergiaceae,Actinomycetales,Actinomycetes,Actinomycetota,1,0,0
Salaquimonas,Rhizobiaceae,Rhizobiales,Alphaproteobacteria,Pseudomonadota,1,0,0
Salegentibacter,Flavobacteriaceae,Flavobacteriales,Bacteroidia,Bacteroidota,8,2,0.25
Salibacter,Salibacteraceae,Flavobacteriales,Bacteroidia,Bacteroidota,1,1,1
Salibacterium,Marinococcaceae,Bacillales_H,Bacilli,Bacillota,2,0,0
Salicibibacter,Marinococcaceae,Bacillales_H,Bacilli,Bacillota,4,2,0.5
Salimicrobium,Halobacillaceae,Bacillales_D,Bacilli,Bacillota,2,2,1
Salinactinospora,Streptosporangiaceae,Streptosporangiales,Actinomycetes,Actinomycetota,1,1,1
Salinarimonas,Beijerinckiaceae,Rhizobiales,Alphaproteobacteria,Pseudomonadota,3,0,0
Salinibacillus,Alkalibacillaceae,Bacillales_D,Bacilli,Bacillota,1,1,1
Salinibacter,Salinibacteraceae,Rhodothermales,Rhodothermia,Bacteroidota_A,4,3,0.75
Salinibacterium,NA,NA,NA,NA,1,0,0
Salinicoccus,Salinicoccaceae,Staphylococcales,Bacilli,Bacillota,10,2,0.2
Salinicola,Halomonadaceae,Pseudomonadales,Gammaproteobacteria,Pseudomonadota,1,0,0
Salinihabitans,Rhodobacteraceae,Rhodobacterales,Alphaproteobacteria,Pseudomonadota,1,0,0
Salinilacustrithrix,NA,NA,NA,NA,1,0,0
Salinimicrobium,Flavobacteriaceae,Flavobacteriales,Bacteroidia,Bacteroidota,9,2,0.2222222222222222
Salinimonas,NA,NA,NA,NA,3,0,0
Saliniradius,Alteromonadaceae,Enterobacterales,Gammaproteobacteria,Pseudomonadota,1,0,0
Salinisphaera,Salinisphaeraceae,Nevskiales,Gammaproteobacteria,Pseudomonadota,6,2,0.3333333333333333
Salinispira,Salinispiraceae,DSM-27196,Spirochaetia,Spirochaetota,1,0,0
Salinivibrio,Vibrionaceae,Enterobacterales,Gammaproteobacteria,Pseudomonadota,4,2,0.5
Salinivirga,Salinivirgaceae,Bacteroidales,Bacteroidia,Bacteroidota,1,0,0
Salipaludibacillus,Salisediminibacteriaceae,Bacillales_H,Bacilli,Bacillota,3,1,0.3333333333333333
Salipiger,Rhodobacteraceae,Rhodobacterales,Alphaproteobacteria,Pseudomonadota,5,0,0
Salirhabdus,Alkalibacillaceae,Bacillales_D,Bacilli,Bacillota,1,0,0
Salisaeta,Salinibacteraceae,Rhodothermales,Rhodothermia,Bacteroidota_A,1,1,1
Salisediminibacterium,Salisediminibacteriaceae,Bacillales_H,Bacilli,Bacillota,2,0,0
Saliterribacillus,Amphibacillaceae,Bacillales_D,Bacilli,Bacillota,1,0,0
Salmonella,Enterobacteriaceae,Enterobacterales,Gammaproteobacteria,Pseudomonadota,2,0,0
Salmonirosea,NA,NA,NA,NA,1,0,0
Salsipaludibacter,Nitriliruptoraceae,Nitriliruptorales,Nitriliruptoria,Actinomycetota,1,0,0
Salsuginibacillus,Marinococcaceae,Bacillales_H,Bacilli,Bacillota,1,1,1
Saltatorellus,NA,NA,NA,NA,1,1,1
Samsonia,Enterobacteriaceae,Enterobacterales,Gammaproteobacteria,Pseudomonadota,1,0,0
Sandaracinobacter,NA,NA,NA,NA,1,0,0
Sandaracinobacteroides,Sphingomonadaceae,Sphingomonadales,Alphaproteobacteria,Pseudomonadota,3,0,0
Sandaracinomonas,Spirosomataceae,Cytophagales,Bacteroidia,Bacteroidota,1,0,0
Sandarakinorhabdus,Sphingomonadaceae,Sphingomonadales,Alphaproteobacteria,Pseudomonadota,4,0,0
Sanguibacter,Cellulomonadaceae,Actinomycetales,Actinomycetes,Actinomycetota,9,0,0
Sanguibacteroides,NA,NA,NA,NA,1,0,0
Sanyastnella,Sanyastnellaceae,Flavobacteriales,Bacteroidia,Bacteroidota,1,1,1
Saonia,Flavobacteriaceae,Flavobacteriales,Bacteroidia,Bacteroidota,1,0,0
Sapientia,NA,NA,NA,NA,1,0,0
Saprospira,Saprospiraceae,Chitinophagales,Bacteroidia,Bacteroidota,1,0,0
Sarcina,Clostridiaceae,Clostridiales,Clostridia,Bacillota,1,0,0
Scandinavium,Enterobacteriaceae,Enterobacterales,Gammaproteobacteria,Pseudomonadota,2,0,0
Scardovia,Bifidobacteriaceae,Actinomycetales,Actinomycetes,Actinomycetota,1,0,0
Schaalia,NA,NA,NA,NA,6,0,0
Schaedlerella,Lachnospiraceae,Lachnospirales,Clostridia,Bacillota,1,0,0
Schauerella,Burkholderiaceae,Burkholderiales,Gammaproteobacteria,Pseudomonadota,1,0,0
Schleiferia,Schleiferiaceae,Flavobacteriales,Bacteroidia,Bacteroidota,1,0,0
Schleiferilactobacillus,Lactobacillaceae,Lactobacillales,Bacilli,Bacillota,3,1,0.3333333333333333
Schnuerera,Tepidimicrobiaceae,Tissierellales,Clostridia,Bacillota,1,0,0
Schumannella,Microbacteriaceae,Actinomycetales,Actinomycetes,Actinomycetota,2,2,1
Sciscionella,Pseudonocardiaceae,Mycobacteriales,Actinomycetes,Actinomycetota,2,0,0
Scopulibacillus,Sporolactobacillaceae,Bacillales_K,Bacilli,Bacillota,1,0,0
Scrofimicrobium,Actinomycetaceae,Actinomycetales,Actinomycetes,Actinomycetota,1,1,1
Scytonema,Nostocaceae,Cyanobacteriales,Cyanobacteriia,Cyanobacteriota,1,0,0
Sebaldella,Leptotrichiaceae,Fusobacteriales,Fusobacteriia,Fusobacteriota,1,0,0
Secundilactobacillus,Lactobacillaceae,Lactobacillales,Bacilli,Bacillota,9,0,0
Sedimenticola,Sedimenticolaceae,Chromatiales,Gammaproteobacteria,Pseudomonadota,2,0,0
Sedimentimonas,Rhodobacteraceae,Rhodobacterales,Alphaproteobacteria,Pseudomonadota,1,0,0
Sedimentisphaera,Sedimentisphaeraceae,Sedimentisphaerales,Phycisphaerae,Planctomycetota,2,0,0
Sedimentitalea,Rhodobacteraceae,Rhodobacterales,Alphaproteobacteria,Pseudomonadota,4,0,0
Sediminibacillus,Amphibacillaceae,Bacillales_D,Bacilli,Bacillota,4,0,0
Sediminibacterium,Chitinophagaceae,Chitinophagales,Bacteroidia,Bacteroidota,2,0,0
Sediminicola,Flavobacteriaceae,Flavobacteriales,Bacteroidia,Bacteroidota,1,0,0
Sediminihabitans,Cellulomonadaceae,Actinomycetales,Actinomycetes,Actinomycetota,1,0,0
Sediminihaliea,Halieaceae,Pseudomonadales,Gammaproteobacteria,Pseudomonadota,1,0,0
Sediminitomix,Flammeovirgaceae,Cytophagales,Bacteroidia,Bacteroidota,1,1,1
Segatella,NA,NA,NA,NA,3,0,0
Segetibacter,Chitinophagaceae,Chitinophagales,Bacteroidia,Bacteroidota,1,0,0
Segeticoccus,Dermatophilaceae,Actinomycetales,Actinomycetes,Actinomycetota,1,0,0
Segniliparus,Mycobacteriaceae,Mycobacteriales,Actinomycetes,Actinomycetota,2,1,0.5
Segnochrobactrum,Pseudoxanthobacteraceae,Rhizobiales,Alphaproteobacteria,Pseudomonadota,1,1,1
Seinonella,Thermoactinomycetaceae,Thermoactinomycetales,Bacilli,Bacillota,1,0,0
Seleniivibrio,Geovibrionaceae,Deferribacterales,Deferribacteres,Chrysiogenota,1,0,0
Selenobaculum,ICN-92133,ICN-92133,Negativicutes,Bacillota,1,0,0
Selenomonas,Selenomonadaceae,Selenomonadales,Negativicutes,Bacillota,9,1,0.1111111111111111
Senegalia,NA,NA,NA,NA,1,1,1
Senegalimassilia,Eggerthellaceae,Coriobacteriales,Coriobacteriia,Actinomycetota,2,2,1
Senimuribacter,NA,NA,NA,NA,1,0,0
Seohaeicola,Rhodobacteraceae,Rhodobacterales,Alphaproteobacteria,Pseudomonadota,3,0,0
Seonamhaeicola,Flavobacteriaceae,Flavobacteriales,Bacteroidia,Bacteroidota,2,0,0
Seongchinamella,NA,NA,NA,NA,2,0,0
Serinibacter,Beutenbergiaceae,Actinomycetales,Actinomycetes,Actinomycetota,1,1,1
Serinicoccus,Dermatophilaceae,Actinomycetales,Actinomycetes,Actinomycetota,5,1,0.2
Serpens,Pseudomonadaceae,Pseudomonadales,Gammaproteobacteria,Pseudomonadota,1,0,0
Serpentinicella,Natronincolaceae,Peptostreptococcales,Clostridia,Bacillota,1,1,1
Serpentinimonas,Burkholderiaceae,Burkholderiales,Gammaproteobacteria,Pseudomonadota,3,2,0.6666666666666666
Serratia,Enterobacteriaceae,Enterobacterales,Gammaproteobacteria,Pseudomonadota,22,2,0.09090909090909091
Sessilibacter,Cellvibrionaceae,Pseudomonadales,Gammaproteobacteria,Pseudomonadota,1,0,0
Sheuella,Burkholderiaceae,Burkholderiales,Gammaproteobacteria,Pseudomonadota,1,0,0
Shewanella,Shewanellaceae,Enterobacterales,Gammaproteobacteria,Pseudomonadota,68,20,0.29411764705882354
Shiella,Cyclobacteriaceae,Cytophagales,Bacteroidia,Bacteroidota,1,0,0
Shigella,NA,NA,NA,NA,4,0,0
Shimazuella,Thermoactinomycetaceae,Thermoactinomycetales,Bacilli,Bacillota,1,0,0
Shimia,Rhodobacteraceae,Rhodobacterales,Alphaproteobacteria,Pseudomonadota,9,0,0
Shimwellia,Enterobacteriaceae,Enterobacterales,Gammaproteobacteria,Pseudomonadota,1,0,0
Shinella,Rhizobiaceae,Rhizobiales,Alphaproteobacteria,Pseudomonadota,8,0,0
Shouchella,Bacillaceae_D,Bacillales_H,Bacilli,Bacillota,7,5,0.7142857142857143
Shuttleworthella,NA,NA,NA,NA,1,1,1
Siansivirga,Flavobacteriaceae,Flavobacteriales,Bacteroidia,Bacteroidota,1,1,1
Siccibacter,Enterobacteriaceae,Enterobacterales,Gammaproteobacteria,Pseudomonadota,1,0,0
Siccirubricoccus,Acetobacteraceae,Acetobacterales,Alphaproteobacteria,Pseudomonadota,2,0,0
Siculibacillus,Ancalomicrobiaceae,Rhizobiales,Alphaproteobacteria,Pseudomonadota,1,0,0
Sideroxyarcus,Gallionellaceae,Burkholderiales,Gammaproteobacteria,Pseudomonadota,1,0,0
Sideroxydans,NA,NA,NA,NA,1,0,0
Silanimonas,Xanthomonadaceae,Xanthomonadales,Gammaproteobacteria,Pseudomonadota,1,0,0
Silicimonas,Rhodobacteraceae,Rhodobacterales,Alphaproteobacteria,Pseudomonadota,1,0,0
Silvibacterium,Acidobacteriaceae,Terriglobales,Terriglobia,Acidobacteriota,2,2,1
Silvimonas,Chitinibacteraceae,Burkholderiales,Gammaproteobacteria,Pseudomonadota,3,1,0.3333333333333333
Simiaoa,NA,NA,NA,NA,1,0,0
Simiduia,Cellvibrionaceae,Pseudomonadales,Gammaproteobacteria,Pseudomonadota,1,0,0
Simplicispira,Burkholderiaceae,Burkholderiales,Gammaproteobacteria,Pseudomonadota,5,2,0.4
Sinanaerobacter,Anaerovoracaceae,Peptostreptococcales,Clostridia,Bacillota,1,0,0
Sinimarinibacterium,NA,NA,NA,NA,2,0,0
Sinisalibacter,Rhodobacteraceae,Rhodobacterales,Alphaproteobacteria,Pseudomonadota,1,0,0
Sinobacterium,DSM-100316,Pseudomonadales,Gammaproteobacteria,Pseudomonadota,1,0,0
Sinomicrobium,Flavobacteriaceae,Flavobacteriales,Bacteroidia,Bacteroidota,1,0,0
Sinomonas,Micrococcaceae,Actinomycetales,Actinomycetes,Actinomycetota,11,6,0.5454545454545454
Sinorhizobium,Rhizobiaceae,Rhizobiales,Alphaproteobacteria,Pseudomonadota,17,0,0
Sinosporangium,Streptosporangiaceae,Streptosporangiales,Actinomycetes,Actinomycetota,2,0,0
Siphonobacter,Spirosomataceae,Cytophagales,Bacteroidia,Bacteroidota,2,0,0
Skermanella,Azospirillaceae,Azospirillales,Alphaproteobacteria,Pseudomonadota,4,0,0
Skermania,Mycobacteriaceae,Mycobacteriales,Actinomycetes,Actinomycetota,1,1,1
Slackia,Eggerthellaceae,Coriobacteriales,Coriobacteriia,Actinomycetota,5,2,0.4
Smaragdicoccus,Mycobacteriaceae,Mycobacteriales,Actinomycetes,Actinomycetota,1,0,0
Sneathia,Leptotrichiaceae,Fusobacteriales,Fusobacteriia,Fusobacteriota,1,0,0
Sneathiella,Sneathiellaceae,Sneathiellales,Alphaproteobacteria,Pseudomonadota,7,0,0
Snuella,Flavobacteriaceae,Flavobacteriales,Bacteroidia,Bacteroidota,2,2,1
Sodaliphilus,Muribaculaceae,Bacteroidales,Bacteroidia,Bacteroidota,1,1,1
Sodalis,Enterobacteriaceae_A,Enterobacterales_A,Gammaproteobacteria,Pseudomonadota,3,1,0.3333333333333333
Sodalis-like,NA,NA,NA,NA,1,0,0
Soehngenia,Tissierellaceae,Tissierellales,Clostridia,Bacillota,1,1,1
Solemya,NA,NA,NA,NA,3,0,0
Solibacillus,Planococcaceae,Bacillales_A,Bacilli,Bacillota,4,1,0.25
Solibaculum,Acutalibacteraceae,Oscillospirales,Clostridia,Bacillota,1,0,0
Solidesulfovibrio,Desulfovibrionaceae,Desulfovibrionales,Desulfovibrionia,Desulfobacterota_I,3,2,0.6666666666666666
Solihabitans,Pseudonocardiaceae,Mycobacteriales,Actinomycetes,Actinomycetota,1,0,0
Solilutibacter,Xanthomonadaceae,Xanthomonadales,Gammaproteobacteria,Pseudomonadota,4,2,0.5
Solimicrobium,Burkholderiaceae,Burkholderiales,Gammaproteobacteria,Pseudomonadota,1,0,0
Solimonas,Nevskiaceae,Nevskiales,Gammaproteobacteria,Pseudomonadota,6,1,0.16666666666666666
Solirhodobacter,Rhodobacteraceae,Rhodobacterales,Alphaproteobacteria,Pseudomonadota,1,0,0
Solirubrobacter,Solirubrobacteraceae,Solirubrobacterales,Thermoleophilia,Actinomycetota,5,0,0
Sorangium,Polyangiaceae,Polyangiales,Polyangia,Myxococcota,2,1,0.5
Spelaeicoccus,Brevibacteriaceae,Actinomycetales,Actinomycetes,Actinomycetota,1,0,0
Speluncibacter,Mycobacteriaceae,Mycobacteriales,Actinomycetes,Actinomycetota,1,1,1
Sphaerimonospora,Streptosporangiaceae,Streptosporangiales,Actinomycetes,Actinomycetota,1,0,0
Sphaerisporangium,Streptosporangiaceae,Streptosporangiales,Actinomycetes,Actinomycetota,6,1,0.16666666666666666
Sphaerochaeta,Sphaerochaetaceae,Sphaerochaetales,Spirochaetia,Spirochaetota,1,0,0
Sphaerospermopsis,Nostocaceae,Cyanobacteriales,Cyanobacteriia,Cyanobacteriota,2,1,0.5
Sphaerothrix,Phormidesmidaceae,Phormidesmidales,Cyanobacteriia,Cyanobacteriota,1,0,0
Sphaerotilus,Burkholderiaceae,Burkholderiales,Gammaproteobacteria,Pseudomonadota,6,3,0.5
Sphingoaurantiacus,NA,NA,NA,NA,1,0,0
Sphingobacterium,Sphingobacteriaceae,Sphingobacteriales,Bacteroidia,Bacteroidota,28,4,0.14285714285714285
Sphingobium,Sphingomonadaceae,Sphingomonadales,Alphaproteobacteria,Pseudomonadota,42,1,0.023809523809523808
Sphingomicrobium,Sphingomonadaceae,Sphingomonadales,Alphaproteobacteria,Pseudomonadota,11,0,0
Sphingomonas,Sphingomonadaceae,Sphingomonadales,Alphaproteobacteria,Pseudomonadota,138,4,0.028985507246376812
Sphingopyxis,Sphingomonadaceae,Sphingomonadales,Alphaproteobacteria,Pseudomonadota,19,0,0
Sphingorhabdus,Sphingomonadaceae,Sphingomonadales,Alphaproteobacteria,Pseudomonadota,9,1,0.1111111111111111
Sphingosinicella,Sphingomonadaceae,Sphingomonadales,Alphaproteobacteria,Pseudomonadota,5,0,0
Sphingosinithalassobacter,NA,NA,NA,NA,2,0,0
Spinactinospora,Streptosporangiaceae,Streptosporangiales,Actinomycetes,Actinomycetota,1,0,0
Spirabiliibacterium,Pasteurellaceae,Enterobacterales,Gammaproteobacteria,Pseudomonadota,3,0,0
Spiractinospora,Streptosporangiaceae,Streptosporangiales,Actinomycetes,Actinomycetota,1,1,1
Spiribacter,Nitrococcaceae,Nitrococcales,Gammaproteobacteria,Pseudomonadota,3,0,0
Spirobacillus,NA,NA,NA,NA,1,1,1
Spirochaeta,DSM-17781,DSM-17781,Spirochaetia,Spirochaetota,1,1,1
Spirochaeta,DSM-2461,Spirochaetales_E,Spirochaetia,Spirochaetota,1,1,1
Spirochaeta,DSM-8902,DSM-27196,Spirochaetia,Spirochaetota,1,1,1
Spirochaeta,Salinispiraceae,DSM-27196,Spirochaetia,Spirochaetota,1,1,1
Spiroplasma,Mycoplasmataceae,Mycoplasmatales,Bacilli,Bacillota,73,37,0.5068493150684932
Spirosoma,Spirosomataceae,Cytophagales,Bacteroidia,Bacteroidota,18,4,0.2222222222222222
Spirulina,Spirulinaceae,Cyanobacteriales,Cyanobacteriia,Cyanobacteriota,1,0,0
Splendidivirga,Cyclobacteriaceae,Cytophagales,Bacteroidia,Bacteroidota,1,0,0
Spongiibacter,Spongiibacteraceae,Pseudomonadales,Gammaproteobacteria,Pseudomonadota,6,1,0.16666666666666666
Spongisporangium,NA,NA,NA,NA,1,1,1
Sporanaerobacter,Sporanaerobacteraceae,Tissierellales,Clostridia,Bacillota,1,0,0
Sporichthya,Sporichthyaceae,Sporichthyales,Actinomycetes,Actinomycetota,2,0,0
Sporocytophaga,Cytophagaceae,Cytophagales,Bacteroidia,Bacteroidota,1,0,0
Sporofaciens,Lachnospiraceae,Lachnospirales,Clostridia,Bacillota,1,1,1
Sporolactobacillus,Sporolactobacillaceae,Bacillales_K,Bacilli,Bacillota,8,8,1
Sporomusa,Sporomusaceae,Sporomusales,Negativicutes,Bacillota,10,4,0.4
Sporosarcina,Planococcaceae,Bacillales_A,Bacilli,Bacillota,17,0,0
Stackebrandtia,Micromonosporaceae,Mycobacteriales,Actinomycetes,Actinomycetota,4,1,0.25
Stagnihabitans,Rhodobacteraceae,Rhodobacterales,Alphaproteobacteria,Pseudomonadota,1,0,0
Stagnimonas,Nevskiaceae,Nevskiales,Gammaproteobacteria,Pseudomonadota,1,0,0
Stakelama,NA,NA,NA,NA,5,0,0
Staphylococcus,Staphylococcaceae,Staphylococcales,Bacilli,Bacillota,22,1,0.045454545454545456
Stappia,Stappiaceae,Rhizobiales,Alphaproteobacteria,Pseudomonadota,5,0,0
Stella,Stellaceae,ATCC43930,Alphaproteobacteria,Pseudomonadota,1,1,1
Stenotrophobium,Nevskiaceae,Nevskiales,Gammaproteobacteria,Pseudomonadota,1,0,0
Stenotrophomonas,Xanthomonadaceae,Xanthomonadales,Gammaproteobacteria,Pseudomonadota,28,9,0.32142857142857145
Stenoxybacter,Neisseriaceae,Burkholderiales,Gammaproteobacteria,Pseudomonadota,1,0,0
Stieleria,Pirellulaceae,Pirellulales,Planctomycetia,Planctomycetota,7,0,0
Stomatobaculum,NA,NA,NA,NA,1,0,0
Streptacidiphilus,Streptomycetaceae,Streptomycetales,Actinomycetes,Actinomycetota,7,2,0.2857142857142857
Streptantibioticus,Streptomycetaceae,Streptomycetales,Actinomycetes,Actinomycetota,2,1,0.5
Streptoalloteichus,Pseudonocardiaceae,Mycobacteriales,Actinomycetes,Actinomycetota,2,0,0
Streptobacillus,Leptotrichiaceae,Fusobacteriales,Fusobacteriia,Fusobacteriota,5,2,0.4
Streptococcus,Streptococcaceae,Lactobacillales,Bacilli,Bacillota,98,53,0.5408163265306123
Streptohalobacillus,Amphibacillaceae,Bacillales_D,Bacilli,Bacillota,1,0,0
Streptomonospora,Streptosporangiaceae,Streptosporangiales,Actinomycetes,Actinomycetota,2,2,1
Streptomyces,Streptomycetaceae,Streptomycetales,Actinomycetes,Actinomycetota,293,46,0.15699658703071673
Streptosporangium,Streptosporangiaceae,Streptosporangiales,Actinomycetes,Actinomycetota,15,2,0.13333333333333333
Streptoverticillium,NA,NA,NA,NA,1,0,0
Stutzerimonas,Pseudomonadaceae,Pseudomonadales,Gammaproteobacteria,Pseudomonadota,14,0,0
Stygiobacter,Melioribacteraceae,Ignavibacteriales,Ignavibacteria,Bacteroidota_A,1,0,0
Subsaximicrobium,NA,NA,NA,NA,1,0,0
Subtercola,Microbacteriaceae,Actinomycetales,Actinomycetes,Actinomycetota,3,0,0
Succiniclasticum,Acidaminococcaceae,Acidaminococcales,Negativicutes,Bacillota,1,0,0
Succinimonas,Succinivibrionaceae,Enterobacterales,Gammaproteobacteria,Pseudomonadota,1,0,0
Succinispira,Succinispiraceae,Acidaminococcales,Negativicutes,Bacillota,1,0,0
Suilimivivens,Lachnospiraceae,Lachnospirales,Clostridia,Bacillota,1,0,0
Sulfitobacter,Rhodobacteraceae,Rhodobacterales,Alphaproteobacteria,Pseudomonadota,16,0,0
Sulfobacillus,Sulfobacillaceae,Sulfobacillales,Sulfobacillia,Bacillota,3,1,0.3333333333333333
Sulfuricystis,Rhodocyclaceae,Burkholderiales,Gammaproteobacteria,Pseudomonadota,2,0,0
Sulfuriferula,Sulfuriferulaceae,Burkholderiales,Gammaproteobacteria,Pseudomonadota,4,0,0
Sulfuriflexus,AKS1,AKS1,Gammaproteobacteria,Pseudomonadota,1,1,1
Sulfurifustis,Sulfurifustaceae,Acidiferrobacterales,Gammaproteobacteria,Pseudomonadota,1,0,0
Sulfurihydrogenibium,Hydrogenothermaceae,Aquificales,Aquificia,Aquificota,3,0,0
Sulfurimonas,Sulfurimonadaceae,Campylobacterales,Campylobacteria,Campylobacterota,6,0,0
Sulfuriroseicoccus,SLCJ01,Verrucomicrobiales,Verrucomicrobiia,Verrucomicrobiota,1,0,0
Sulfurisoma,Rhodocyclaceae,Burkholderiales,Gammaproteobacteria,Pseudomonadota,1,0,0
Sulfuritalea,Rhodocyclaceae,Burkholderiales,Gammaproteobacteria,Pseudomonadota,1,0,0
Sulfuritortus,Thiobacillaceae,Burkholderiales,Gammaproteobacteria,Pseudomonadota,1,0,0
Sulfurivermis,Thiohalomonadaceae,Thiohalomonadales,Gammaproteobacteria,Pseudomonadota,1,0,0
Sulfurospirillum,Sulfurospirillaceae,Campylobacterales,Campylobacteria,Campylobacterota,10,1,0.1
Sulfurovum,Sulfurovaceae,Campylobacterales,Campylobacteria,Campylobacterota,3,1,0.3333333333333333
Sunxiuqinia,Prolixibacteraceae,Bacteroidales,Bacteroidia,Bacteroidota,1,1,1
Superficieibacter,Enterobacteriaceae,Enterobacterales,Gammaproteobacteria,Pseudomonadota,1,0,0
Sutcliffiella,Bacillaceae_I,Bacillales,Bacilli,Bacillota,3,0,0
Sutterella,Burkholderiaceae,Burkholderiales,Gammaproteobacteria,Pseudomonadota,3,1,0.3333333333333333
Suttonella,Cardiobacteriaceae,Cardiobacteriales,Gammaproteobacteria,Pseudomonadota,1,1,1
Svornostia,Solirubrobacteraceae,Solirubrobacterales,Thermoleophilia,Actinomycetota,1,1,1
Symbiobacterium,Symbiobacteriaceae,Symbiobacteriales,Symbiobacteriia,Bacillota,1,0,0
Symbiopectobacterium,Enterobacteriaceae,Enterobacterales,Gammaproteobacteria,Pseudomonadota,1,0,0
Symbioplanes,NA,NA,NA,NA,1,0,0
Symmachiella,Planctomycetaceae,Planctomycetales,Planctomycetia,Planctomycetota,2,0,0
Synechococcus,Synechococcaceae,Synechococcales,Cyanobacteriia,Cyanobacteriota,1,0,0
Synechocystis,Microcystaceae,Cyanobacteriales,Cyanobacteriia,Cyanobacteriota,1,0,0
Synergistes,Synergistaceae,Synergistales,Synergistia,Synergistota,1,0,0
Synoicihabitans,NA,NA,NA,NA,1,0,0
Syntrophobacter,Syntrophobacteraceae,Syntrophobacterales,Syntrophobacteria,Desulfobacterota,1,1,1
Syntrophobotulus,Syntrophobotulaceae,Desulfitobacteriales,Desulfitobacteriia,Bacillota,1,0,0
Syntrophomonas,Syntrophomonadaceae,Syntrophomonadales,Syntrophomonadia,Bacillota,3,0,0
Syntrophorhabdus,Syntrophorhabdaceae,Syntrophorhabdales,Syntrophorhabdia,Desulfobacterota_G,1,0,0
Syntrophotalea,Syntrophotaleaceae,Desulfuromonadales,Desulfuromonadia,Desulfobacterota,2,1,0.5
Syntrophothermus,Syntrophothermaceae,Syntrophomonadales,Syntrophomonadia,Bacillota,1,0,0
Syntrophus,Syntrophaceae,Syntrophales,Syntrophia,Desulfobacterota,3,2,0.6666666666666666
Szabonella,Rhodobacteraceae,Rhodobacterales,Alphaproteobacteria,Pseudomonadota,1,0,0
Tabrizicola,Rhodobacteraceae,Rhodobacterales,Alphaproteobacteria,Pseudomonadota,5,0,0
Tahibacter,Rhodanobacteraceae,Xanthomonadales,Gammaproteobacteria,Pseudomonadota,5,0,0
Taibaiella,NA,NA,NA,NA,1,0,0
Taishania,Crocinitomicaceae,Flavobacteriales,Bacteroidia,Bacteroidota,1,0,0
Tamaricihabitans,Pseudonocardiaceae,Mycobacteriales,Actinomycetes,Actinomycetota,1,0,0
Tamlana,Flavobacteriaceae,Flavobacteriales,Bacteroidia,Bacteroidota,1,0,0
Tangfeifania,Prolixibacteraceae,Bacteroidales,Bacteroidia,Bacteroidota,1,1,1
Tannerella,Tannerellaceae,Bacteroidales,Bacteroidia,Bacteroidota,1,0,0
Tannockella,Coprobacillaceae,Erysipelotrichales,Bacilli,Bacillota,1,0,0
Tanticharoenia,Acetobacteraceae,Acetobacterales,Alphaproteobacteria,Pseudomonadota,1,1,1
Tardibacter,Sphingomonadaceae,Sphingomonadales,Alphaproteobacteria,Pseudomonadota,1,0,0
Tardiphaga,Xanthobacteraceae,Rhizobiales,Alphaproteobacteria,Pseudomonadota,1,0,0
Tateyamaria,Rhodobacteraceae,Rhodobacterales,Alphaproteobacteria,Pseudomonadota,3,0,0
Tatumella,Enterobacteriaceae,Enterobacterales,Gammaproteobacteria,Pseudomonadota,1,0,0
Taurinivorans,Desulfovibrionaceae,Desulfovibrionales,Desulfovibrionia,Desulfobacterota_I,1,1,1
Tautonia,Isosphaeraceae,Isosphaerales,Planctomycetia,Planctomycetota,4,4,1
Taylorella,Burkholderiaceae,Burkholderiales,Gammaproteobacteria,Pseudomonadota,1,0,0
Teichococcus,NA,NA,NA,NA,9,0,0
Telluria,Burkholderiaceae,Burkholderiales,Gammaproteobacteria,Pseudomonadota,2,0,0
Telluribacter,Spirosomataceae,Cytophagales,Bacteroidia,Bacteroidota,1,1,1
Tellurirhabdus,Spirosomataceae,Cytophagales,Bacteroidia,Bacteroidota,2,0,0
Telmatocola,Gemmataceae,Gemmatales,Planctomycetia,Planctomycetota,1,0,0
Telmatospirillum,Magnetospirillaceae,Rhodospirillales,Alphaproteobacteria,Pseudomonadota,1,0,0
Tenacibaculum,Flavobacteriaceae,Flavobacteriales,Bacteroidia,Bacteroidota,17,4,0.23529411764705882
Tenggerimyces,Actinopolymorphaceae,Propionibacteriales,Actinomycetes,Actinomycetota,1,0,0
Tenuibacillus,Alkalibacillaceae,Bacillales_D,Bacilli,Bacillota,1,1,1
Tenuifilum,Tenuifilaceae,Bacteroidales,Bacteroidia,Bacteroidota,1,0,0
Tepidanaerobacter,Tepidanaerobacteraceae,Thermosediminibacterales,Thermosediminibacteria,Bacillota,2,0,0
Tepidibacillus,Tepidibacillaceae,Tepidibacillales,Bacilli,Bacillota,3,3,1
Tepidibacter,Peptostreptococcaceae,Peptostreptococcales,Clostridia,Bacillota,3,1,0.3333333333333333
Tepidicella,Burkholderiaceae,Burkholderiales,Gammaproteobacteria,Pseudomonadota,2,0,0
Tepidiforma,Tepidiformaceae,Tepidiformales,Dehalococcoidia,Chloroflexota,3,0,0
Tepidimonas,Burkholderiaceae,Burkholderiales,Gammaproteobacteria,Pseudomonadota,6,1,0.16666666666666666
Tepidiphilus,Rhodocyclaceae,Burkholderiales,Gammaproteobacteria,Pseudomonadota,2,0,0
Terasakiella,Terasakiellaceae,Rhodospirillales,Alphaproteobacteria,Pseudomonadota,2,0,0
Teredinibacter,Cellvibrionaceae,Pseudomonadales,Gammaproteobacteria,Pseudomonadota,1,0,0
Teretinema,Treponemataceae,Treponematales,Spirochaetia,Spirochaetota,1,0,0
Termitidicoccus,Opitutaceae,Opitutales,Verrucomicrobiia,Verrucomicrobiota,1,0,0
Terrabacter,Dermatophilaceae,Actinomycetales,Actinomycetes,Actinomycetota,2,0,0
Terribacillus,Amphibacillaceae,Bacillales_D,Bacilli,Bacillota,1,0,0
Terribium,NA,NA,NA,NA,1,0,0
Terricaulis,NA,NA,NA,NA,1,0,0
Terriglobus,Acidobacteriaceae,Terriglobales,Terriglobia,Acidobacteriota,4,4,1
Terrihabitans,Methylopilaceae,Rhizobiales,Alphaproteobacteria,Pseudomonadota,1,0,0
Terrihalobacillus,Amphibacillaceae,Bacillales_D,Bacilli,Bacillota,1,0,0
Terrimesophilobacter,Microbacteriaceae,Actinomycetales,Actinomycetes,Actinomycetota,1,0,0
Terrimicrobium,Terrimicrobiaceae,Chthoniobacterales,Verrucomicrobiia,Verrucomicrobiota,1,0,0
Terrimonas,Chitinophagaceae,Chitinophagales,Bacteroidia,Bacteroidota,1,0,0
Terripilifer,NA,NA,NA,NA,1,0,0
Terrisporobacter,Peptostreptococcaceae,Peptostreptococcales,Clostridia,Bacillota,7,7,1
Tersicoccus,Micrococcaceae,Actinomycetales,Actinomycetes,Actinomycetota,2,0,0
Tessaracoccus,NA,NA,NA,NA,7,7,1
Testudinibacter,NA,NA,NA,NA,1,0,0
Tetragenococcus,Enterococcaceae,Lactobacillales,Bacilli,Bacillota,3,0,0
Tetzosporium,NA,NA,NA,NA,1,0,0
Texcoconibacillus,Salisediminibacteriaceae,Bacillales_H,Bacilli,Bacillota,1,1,1
Thalassobacillus,Halobacillaceae,Bacillales_D,Bacilli,Bacillota,2,1,0.5
Thalassobacterium,NA,NA,NA,NA,2,0,0
Thalassobaculum,Thalassobaculaceae,Thalassobaculales,Alphaproteobacteria,Pseudomonadota,3,0,0
Thalassococcus,Rhodobacteraceae,Rhodobacterales,Alphaproteobacteria,Pseudomonadota,3,0,0
Thalassolituus,DSM-6294,Pseudomonadales,Gammaproteobacteria,Pseudomonadota,4,0,0
Thalassomonas,Alteromonadaceae,Enterobacterales,Gammaproteobacteria,Pseudomonadota,2,0,0
Thalassorhabdomicrobium,Rhodobacteraceae,Rhodobacterales,Alphaproteobacteria,Pseudomonadota,1,0,0
Thalassospira,Thalassospiraceae,Rhodospirillales,Alphaproteobacteria,Pseudomonadota,1,0,0
Thalassotalea,Alteromonadaceae,Enterobacterales,Gammaproteobacteria,Pseudomonadota,10,0,0
Thalassovita,NA,NA,NA,NA,3,0,0
Thauera,Rhodocyclaceae,Burkholderiales,Gammaproteobacteria,Pseudomonadota,9,0,0
Thaumasiovibrio,Vibrionaceae,Enterobacterales,Gammaproteobacteria,Pseudomonadota,1,1,1
Thermacetogenium,Thermacetogeniaceae,Thermacetogeniales,DSM-12270,Bacillota,1,0,0
Thermaerobacillus,NA,NA,NA,NA,1,0,0
Thermanaerosceptrum,DRI-13,DRI-13,Peptococcia,Bacillota,1,0,0
Thermanaerothrix,Anaerolineaceae,Anaerolineales,Anaerolineae,Chloroflexota,2,2,1
Thermanaerovibrio,Synergistaceae,Synergistales,Synergistia,Synergistota,1,1,1
Thermasporomyces,Actinopolymorphaceae,Propionibacteriales,Actinomycetes,Actinomycetota,1,0,0
Thermatribacter,Thermatribacteraceae,Atribacterales,Atribacteria,Atribacterota,1,0,0
Thermaurantimonas,Schleiferiaceae,Flavobacteriales,Bacteroidia,Bacteroidota,1,0,0
Thermithiobacillus,Thermithiobacillaceae,Acidithiobacillales,Gammaproteobacteria,Pseudomonadota,2,0,0
Thermoactinomyces,Thermoactinomycetaceae,Thermoactinomycetales,Bacilli,Bacillota,4,0,0
Thermoactinospora,NA,NA,NA,NA,1,1,1
Thermoanaerobacter,Thermoanaerobacteraceae,Thermoanaerobacterales,Thermoanaerobacteria,Bacillota,8,6,0.75
Thermoanaerobacterium,Thermoanaerobacteraceae,Thermoanaerobacterales,Thermoanaerobacteria,Bacillota,3,0,0
Thermoanaerobaculum,Thermoanaerobaculaceae,Thermoanaerobaculales,Thermoanaerobaculia,Acidobacteriota,1,1,1
Thermobifida,Streptosporangiaceae,Streptosporangiales,Actinomycetes,Actinomycetota,4,4,1
Thermobispora,Streptosporangiaceae,Streptosporangiales,Actinomycetes,Actinomycetota,1,0,0
Thermochromatium,Chromatiaceae,Chromatiales,Gammaproteobacteria,Pseudomonadota,1,0,0
Thermoclostridium,DSM-8532,DSM-8532,Clostridia,Bacillota,1,1,1
Thermocrinis,Aquificaceae,Aquificales,Aquificia,Aquificota,3,1,0.3333333333333333
Thermocrispum,Pseudonocardiaceae,Mycobacteriales,Actinomycetes,Actinomycetota,2,1,0.5
Thermodesulfatator,Thermodesulfatatoraceae,Thermodesulfobacteriales,Thermodesulfobacteria,Desulfobacterota,2,1,0.5
Thermodesulfobacterium,Thermodesulfobacteriaceae,Thermodesulfobacteriales,Thermodesulfobacteria,Desulfobacterota,2,0,0
Thermodesulfobium,Thermodesulfobiaceae,Thermodesulfobiales,Thermodesulfobiia,Thermodesulfobiota,2,1,0.5
Thermodesulforhabdus,Thermodesulforhabdaceae,Syntrophobacterales,Syntrophobacteria,Desulfobacterota,1,0,0
Thermodesulfovibrio,Thermodesulfovibrionaceae,Thermodesulfovibrionales,Thermodesulfovibrionia,Nitrospirota,6,2,0.3333333333333333
Thermoflavifilum,Chitinophagaceae,Chitinophagales,Bacteroidia,Bacteroidota,2,2,1
Thermoflavimicrobium,Thermoactinomycetaceae,Thermoactinomycetales,Bacilli,Bacillota,1,0,0
Thermogemmata,Gemmataceae,Gemmatales,Planctomycetia,Planctomycetota,1,0,0
Thermogemmatispora,Ktedonobacteraceae,Ktedonobacterales,Ktedonobacteria,Chloroflexota,1,0,0
Thermogutta,Thermoguttaceae,Pirellulales,Planctomycetia,Planctomycetota,1,1,1
Thermohalobaculum,Rhodobacteraceae,Rhodobacterales,Alphaproteobacteria,Pseudomonadota,1,0,0
Thermoleophilum,Thermoleophilaceae,Solirubrobacterales,Thermoleophilia,Actinomycetota,1,0,0
Thermoleptolyngbya,Elainellaceae,Elainellales,Cyanobacteriia,Cyanobacteriota,2,2,1
Thermomicrobium,Thermomicrobiaceae,Thermomicrobiales,Chloroflexia,Chloroflexota,1,1,1
Thermomonas,Xanthomonadaceae,Xanthomonadales,Gammaproteobacteria,Pseudomonadota,10,1,0.1
Thermomonospora,Streptosporangiaceae,Streptosporangiales,Actinomycetes,Actinomycetota,5,3,0.6
Thermonema,Thermonemataceae,Cytophagales,Bacteroidia,Bacteroidota,1,1,1
Thermophilibacter,Atopobiaceae,Coriobacteriales,Coriobacteriia,Actinomycetota,4,0,0
Thermopolyspora,Streptosporangiaceae,Streptosporangiales,Actinomycetes,Actinomycetota,1,1,1
Thermorudis,Thermomicrobiaceae,Thermomicrobiales,Chloroflexia,Chloroflexota,1,0,0
Thermosinus,Thermosinaceae,Sporomusales,Negativicutes,Bacillota,1,0,0
Thermosipho,Fervidobacteriaceae,Thermotogales,Thermotogae,Thermotogota,4,4,1
Thermospira,Thermospiraceae,Brevinematales,Brevinematia,Spirochaetota,1,0,0
Thermostaphylospora,Streptosporangiaceae,Streptosporangiales,Actinomycetes,Actinomycetota,1,1,1
Thermostichus,Thermostichaceae,Thermostichales,Cyanobacteriia,Cyanobacteriota,1,1,1
Thermosulfurimonas,Thermodesulfobacteriaceae,Thermodesulfobacteriales,Thermodesulfobacteria,Desulfobacterota,2,1,0.5
Thermosulfuriphilus,ST65,Thermodesulfobacteriales,Thermodesulfobacteria,Desulfobacterota,1,1,1
Thermosynechococcus,Thermosynechococcaceae,Thermosynechococcales,Cyanobacteriia,Cyanobacteriota,2,2,1
Thermosyntropha,Syntrophomonadaceae,Syntrophomonadales,Syntrophomonadia,Bacillota,1,0,0
Thermotalea,Thermotaleaceae,Peptostreptococcales,Clostridia,Bacillota,1,0,0
Thermotoga,Thermotogaceae,Thermotogales,Thermotogae,Thermotogota,3,2,0.6666666666666666
Thermotomaculum,Thermotomaculaceae,Thermotomaculales,Holophagae,Acidobacteriota,1,0,0
Thermovibrio,Desulfurobacteriaceae,Desulfurobacteriales,Aquificia,Aquificota,2,0,0
Thermus,Thermaceae,Deinococcales,Deinococci,Deinococcota,20,11,0.55
Thioalbus,DSM-26407,DSM-26407,Gammaproteobacteria,Pseudomonadota,1,0,0
Thioalkalicoccus,Chromatiaceae,Chromatiales,Gammaproteobacteria,Pseudomonadota,1,0,0
Thioalkalivibrio,Ectothiorhodospiraceae,Ectothiorhodospirales,Gammaproteobacteria,Pseudomonadota,7,0,0
Thiobaca,Chromatiaceae,Chromatiales,Gammaproteobacteria,Pseudomonadota,1,1,1
Thiobacillus,Thiobacillaceae,Burkholderiales,Gammaproteobacteria,Pseudomonadota,3,1,0.3333333333333333
Thiobacter,Thiobacteraceae,Burkholderiales,Gammaproteobacteria,Pseudomonadota,1,0,0
Thiocapsa,Chromatiaceae,Chromatiales,Gammaproteobacteria,Pseudomonadota,5,1,0.2
Thioclava,Rhodobacteraceae,Rhodobacterales,Alphaproteobacteria,Pseudomonadota,8,0,0
Thiococcus,Chromatiaceae,Chromatiales,Gammaproteobacteria,Pseudomonadota,1,0,0
Thiocystis,Chromatiaceae,Chromatiales,Gammaproteobacteria,Pseudomonadota,2,0,0
Thioflavicoccus,Chromatiaceae,Chromatiales,Gammaproteobacteria,Pseudomonadota,1,0,0
Thioflexithrix,Beggiatoaceae,Beggiatoales,Gammaproteobacteria,Pseudomonadota,1,0,0
Thiohalocapsa,Chromatiaceae,Chromatiales,Gammaproteobacteria,Pseudomonadota,1,0,0
Thiohalomonas,Thiohalomonadaceae,Thiohalomonadales,Gammaproteobacteria,Pseudomonadota,1,0,0
Thiohalophilus,Thiohalophilaceae,UBA6429,Gammaproteobacteria,Pseudomonadota,1,0,0
Thiohalospira,Thiohalospiraceae,Thiohalospirales,Gammaproteobacteria,Pseudomonadota,1,0,0
Thiolapillus,Sedimenticolaceae,Chromatiales,Gammaproteobacteria,Pseudomonadota,1,0,0
Thiolinea,Thiotrichaceae,Thiotrichales,Gammaproteobacteria,Pseudomonadota,1,0,0
Thiomicrorhabdus,Thiomicrospiraceae,Thiomicrospirales,Gammaproteobacteria,Pseudomonadota,5,0,0
Thiomicrospira,Thiomicrospiraceae,Thiomicrospirales,Gammaproteobacteria,Pseudomonadota,1,0,0
Thiomonas,Burkholderiaceae,Burkholderiales,Gammaproteobacteria,Pseudomonadota,4,0,0
Thiopseudomonas,Pseudomonadaceae,Pseudomonadales,Gammaproteobacteria,Pseudomonadota,2,0,0
Thiorhodococcus,Chromatiaceae,Chromatiales,Gammaproteobacteria,Pseudomonadota,4,0,0
Thiorhodospira,Ectothiorhodospiraceae,Ectothiorhodospirales,Gammaproteobacteria,Pseudomonadota,1,1,1
Thiorhodovibrio,Chromatiaceae,Chromatiales,Gammaproteobacteria,Pseudomonadota,2,0,0
Thiosocius,Sedimenticolaceae,Chromatiales,Gammaproteobacteria,Pseudomonadota,1,0,0
Thiospirochaeta,DSM-19205,Spirochaetales_E,Spirochaetia,Spirochaetota,1,0,0
Thiosulfatihalobacter,NA,NA,NA,NA,1,0,0
Thiothrix,Thiotrichaceae,Thiotrichales,Gammaproteobacteria,Pseudomonadota,1,1,1
Thiovibrio,Desulfurivibrionaceae,Desulfobulbales,Desulfobulbia,Desulfobacterota,1,0,0
Thomasclavelia,Coprobacillaceae,Erysipelotrichales,Bacilli,Bacillota,4,3,0.75
Thorsellia,Enterobacteriaceae,Enterobacterales,Gammaproteobacteria,Pseudomonadota,1,0,0
Tianweitania,Rhizobiaceae,Rhizobiales,Alphaproteobacteria,Pseudomonadota,3,0,0
Tibeticola,Burkholderiaceae,Burkholderiales,Gammaproteobacteria,Pseudomonadota,1,0,0
Tichowtungia,Tichowtungiaceae,Kiritimatiellales,Kiritimatiellia,Verrucomicrobiota,1,0,0
Tidjanibacter,Rikenellaceae,Bacteroidales,Bacteroidia,Bacteroidota,1,0,0
Tigheibacillus,Amphibacillaceae,Bacillales_D,Bacilli,Bacillota,2,1,0.5
Tindallia,Tindalliaceae,Peptostreptococcales,Clostridia,Bacillota,1,1,1
Tissierella,Tissierellaceae,Tissierellales,Clostridia,Bacillota,3,2,0.6666666666666666
Tistlia,DSM-21159,Kiloniellales,Alphaproteobacteria,Pseudomonadota,1,0,0
Tistrella,Tistrellaceae,Tistrellales,Alphaproteobacteria,Pseudomonadota,2,0,0
Tolumonas,Aeromonadaceae,Enterobacterales,Gammaproteobacteria,Pseudomonadota,3,0,0
Tolypothrix,Nostocaceae,Cyanobacteriales,Cyanobacteriia,Cyanobacteriota,2,0,0
Tomitella,Mycobacteriaceae,Mycobacteriales,Actinomycetes,Actinomycetota,4,0,0
Trabulsiella,Enterobacteriaceae,Enterobacterales,Gammaproteobacteria,Pseudomonadota,2,0,0
Tractidigestivibacter,Atopobiaceae,Coriobacteriales,Coriobacteriia,Actinomycetota,2,0,0
Tranquillimonas,Rhodobacteraceae,Rhodobacterales,Alphaproteobacteria,Pseudomonadota,1,0,0
Treponema,Treponemataceae,Treponematales,Spirochaetia,Spirochaetota,16,4,0.25
Trichlorobacter,Pseudopelobacteraceae,Geobacterales,Desulfuromonadia,Desulfobacterota,3,0,0
Trichococcus,Aerococcaceae,Lactobacillales,Bacilli,Bacillota,1,0,0
Trichormus,Nostocaceae,Cyanobacteriales,Cyanobacteriia,Cyanobacteriota,1,0,0
Trinickia,Burkholderiaceae,Burkholderiales,Gammaproteobacteria,Pseudomonadota,11,4,0.36363636363636365
Tritonibacter,NA,NA,NA,NA,6,0,0
Tropicibacter,Rhodobacteraceae,Rhodobacterales,Alphaproteobacteria,Pseudomonadota,3,0,0
Tropicimonas,Rhodobacteraceae,Rhodobacterales,Alphaproteobacteria,Pseudomonadota,5,0,0
Trueperella,Actinomycetaceae,Actinomycetales,Actinomycetes,Actinomycetota,4,1,0.25
Tsukamurella,Mycobacteriaceae,Mycobacteriales,Actinomycetes,Actinomycetota,8,6,0.75
Tsuneonella,Sphingomonadaceae,Sphingomonadales,Alphaproteobacteria,Pseudomonadota,9,0,0
Tumebacillus,Tumebacillaceae,Tumebacillales,Bacilli,Bacillota,2,1,0.5
Tundrisphaera,NA,NA,NA,NA,1,0,0
Tunicatimonas,Cyclobacteriaceae,Cytophagales,Bacteroidia,Bacteroidota,1,0,0
Tunturiibacter,NA,NA,NA,NA,4,4,1
Turicibacter,Turicibacteraceae,MOL361,Bacilli,Bacillota,2,0,0
Turicimonas,Burkholderiaceae,Burkholderiales,Gammaproteobacteria,Pseudomonadota,1,1,1
Turneriella,Turneriellaceae,Turneriellales,Leptospiria,Spirochaetota,1,1,1
Tuwongella,Gemmataceae,Gemmatales,Planctomycetia,Planctomycetota,1,0,0
Uliginosibacterium,Rhodocyclaceae,Burkholderiales,Gammaproteobacteria,Pseudomonadota,2,0,0
Ulvibacter,Flavobacteriaceae,Flavobacteriales,Bacteroidia,Bacteroidota,1,0,0
Umboniibacter,DSM-25080,Pseudomonadales,Gammaproteobacteria,Pseudomonadota,1,0,0
Umezakia,Nostocaceae,Cyanobacteriales,Cyanobacteriia,Cyanobacteriota,1,0,0
Umezawaea,Pseudonocardiaceae,Mycobacteriales,Actinomycetes,Actinomycetota,2,0,0
Undibacter,NA,NA,NA,NA,1,0,0
Undibacterium,Burkholderiaceae,Burkholderiales,Gammaproteobacteria,Pseudomonadota,17,5,0.29411764705882354
Uniformispora,NA,NA,NA,NA,1,0,0
Urbifossiella,Gemmataceae,Gemmatales,Planctomycetia,Planctomycetota,1,0,0
Ureaplasma,Mycoplasmoidaceae,Mycoplasmatales,Bacilli,Bacillota,6,0,0
Urechidicola,Flavobacteriaceae,Flavobacteriales,Bacteroidia,Bacteroidota,1,0,0
Ureibacillus,Planococcaceae,Bacillales_A,Bacilli,Bacillota,8,1,0.125
Ursidibacter,Pasteurellaceae,Enterobacterales,Gammaproteobacteria,Pseudomonadota,1,0,0
Uruburuella,NA,NA,NA,NA,2,0,0
Usitatibacter,Usitatibacteraceae,Burkholderiales,Gammaproteobacteria,Pseudomonadota,2,0,0
Vaginella,Weeksellaceae,Flavobacteriales,Bacteroidia,Bacteroidota,1,0,0
Vaginisenegalia,Aerococcaceae,Lactobacillales,Bacilli,Bacillota,1,0,0
Vagococcus,Vagococcaceae,Lactobacillales,Bacilli,Bacillota,15,6,0.4
Vallicoccus,Motilibacteraceae,Motilibacterales,Actinomycetes,Actinomycetota,1,0,0
Vallitalea,Vallitaleaceae,Lachnospirales,Clostridia,Bacillota,3,0,0
Vannielia,Rhodobacteraceae,Rhodobacterales,Alphaproteobacteria,Pseudomonadota,1,0,0
Varibaculum,Actinomycetaceae,Actinomycetales,Actinomycetes,Actinomycetota,4,3,0.75
Variibacter,Xanthobacteraceae,Rhizobiales,Alphaproteobacteria,Pseudomonadota,1,0,0
Variimorphobacter,NA,NA,NA,NA,1,1,1
Variovorax,Burkholderiaceae,Burkholderiales,Gammaproteobacteria,Pseudomonadota,14,14,1
Varunaivibrio,Magnetovibrionaceae,Rhodospirillales,Alphaproteobacteria,Pseudomonadota,1,0,0
Vasconcelosia,NA,NA,NA,NA,1,0,0
Veillonella,Veillonellaceae,Veillonellales,Negativicutes,Bacillota,13,11,0.8461538461538461
Velocimicrobium,Lachnospiraceae,Lachnospirales,Clostridia,Bacillota,1,0,0
Venatoribacter,DSM-6294,Pseudomonadales,Gammaproteobacteria,Pseudomonadota,1,0,0
Ventosimonas,Pseudomonadaceae,Pseudomonadales,Gammaproteobacteria,Pseudomonadota,1,0,0
Verminephrobacter,NA,NA,NA,NA,2,0,0
Verticiella,Burkholderiaceae,Burkholderiales,Gammaproteobacteria,Pseudomonadota,1,1,1
Vescimonas,Oscillospiraceae,Oscillospirales,Clostridia,Bacillota,1,0,0
Vespertiliibacter,Pasteurellaceae,Enterobacterales,Gammaproteobacteria,Pseudomonadota,1,0,0
Vibrio,Vibrionaceae,Enterobacterales,Gammaproteobacteria,Pseudomonadota,72,12,0.16666666666666666
Victivallis,Victivallaceae,Victivallales,Lentisphaeria,Verrucomicrobiota,1,0,0
Vineibacter,Reyranellaceae,Reyranellales,Alphaproteobacteria,Pseudomonadota,1,0,0
Virgibacillus,Amphibacillaceae,Bacillales_D,Bacilli,Bacillota,18,0,0
Virgifigura,NA,NA,NA,NA,1,0,0
Virgisporangium,Micromonosporaceae,Mycobacteriales,Actinomycetes,Actinomycetota,2,0,0
Viridibacillus,Planococcaceae,Bacillales_A,Bacilli,Bacillota,2,0,0
Viridibacterium,Rhodocyclaceae,Burkholderiales,Gammaproteobacteria,Pseudomonadota,1,0,0
Vitreimonas,TH1-2,Caulobacterales,Alphaproteobacteria,Pseudomonadota,1,0,0
Vitreoscilla,Neisseriaceae,Burkholderiales,Gammaproteobacteria,Pseudomonadota,3,1,0.3333333333333333
Vogesella,Chromobacteriaceae,Burkholderiales,Gammaproteobacteria,Pseudomonadota,7,4,0.5714285714285714
Volucribacter,Pasteurellaceae,Enterobacterales,Gammaproteobacteria,Pseudomonadota,2,0,0
Vreelandella,Halomonadaceae,Pseudomonadales,Gammaproteobacteria,Pseudomonadota,24,2,0.08333333333333333
Vulcaniibacterium,Xanthomonadaceae,Xanthomonadales,Gammaproteobacteria,Pseudomonadota,2,0,0
Vulcanimicrobium,Vulcanimicrobiaceae,Vulcanimicrobiales,Vulcanimicrobiia,Vulcanimicrobiota,1,0,0
Vulcanococcus,Cyanobiaceae,PCC-6307,Cyanobacteriia,Cyanobacteriota,1,1,1
Vulgatibacter,Vulgatibacteraceae,Myxococcales,Myxococcia,Myxococcota,1,1,1
Waltera,NA,NA,NA,NA,1,0,0
Wandonia,Crocinitomicaceae,Flavobacteriales,Bacteroidia,Bacteroidota,1,1,1
Weeksella,Weeksellaceae,Flavobacteriales,Bacteroidia,Bacteroidota,1,0,0
Weissella,Lactobacillaceae,Lactobacillales,Bacilli,Bacillota,13,3,0.23076923076923078
Wenjunlia,Streptomycetaceae,Streptomycetales,Actinomycetes,Actinomycetota,2,1,0.5
Wenxinia,Rhodobacteraceae,Rhodobacterales,Alphaproteobacteria,Pseudomonadota,1,0,0
Wenyingzhuangia,Flavobacteriaceae,Flavobacteriales,Bacteroidia,Bacteroidota,4,0,0
Wenzhouxiangella,Wenzhouxiangellaceae,Xanthomonadales,Gammaproteobacteria,Pseudomonadota,3,0,0
Wigglesworthia,Enterobacteriaceae_A,Enterobacterales_A,Gammaproteobacteria,Pseudomonadota,1,1,1
Williamsia,Mycobacteriaceae,Mycobacteriales,Actinomycetes,Actinomycetota,7,2,0.2857142857142857
Williamsoniiplasma,Mycoplasmataceae,Mycoplasmatales,Bacilli,Bacillota,2,0,0
Winkia,Actinomycetaceae,Actinomycetales,Actinomycetes,Actinomycetota,1,0,0
Winogradskya,NA,NA,NA,NA,2,0,0
Winogradskyella,Flavobacteriaceae,Flavobacteriales,Bacteroidia,Bacteroidota,10,5,0.5
Winslowiella,Enterobacteriaceae,Enterobacterales,Gammaproteobacteria,Pseudomonadota,2,0,0
Wocania,NA,NA,NA,NA,2,0,0
Woeseia,Woeseiaceae,Woeseiales,Gammaproteobacteria,Pseudomonadota,1,0,0
Wohlfahrtiimonas,Wohlfahrtiimonadaceae,Cardiobacteriales,Gammaproteobacteria,Pseudomonadota,2,1,0.5
Wolbachia,Anaplasmataceae,Rickettsiales,Alphaproteobacteria,Pseudomonadota,292,117,0.4006849315068493
Wolinella,Helicobacteraceae,Campylobacterales,Campylobacteria,Campylobacterota,1,0,0
Woodsholea,Maricaulaceae,Caulobacterales,Alphaproteobacteria,Pseudomonadota,1,0,0
Wujia,Lachnospiraceae,Lachnospirales,Clostridia,Bacillota,1,0,0
Wukongibacter,NA,NA,NA,NA,1,1,1
Xanthobacter,Xanthobacteraceae,Rhizobiales,Alphaproteobacteria,Pseudomonadota,7,0,0
Xanthomarina,Flavobacteriaceae,Flavobacteriales,Bacteroidia,Bacteroidota,2,1,0.5
Xanthomonas,Xanthomonadaceae,Xanthomonadales,Gammaproteobacteria,Pseudomonadota,46,28,0.6086956521739131
Xanthovirga,Cyclobacteriaceae,Cytophagales,Bacteroidia,Bacteroidota,1,0,0
Xaviernesmea,Rhizobiaceae,Rhizobiales,Alphaproteobacteria,Pseudomonadota,1,0,0
Xenophilus,Burkholderiaceae,Burkholderiales,Gammaproteobacteria,Pseudomonadota,2,0,0
Xenorhabdus,Enterobacteriaceae,Enterobacterales,Gammaproteobacteria,Pseudomonadota,27,0,0
Xiamenia,Eggerthellaceae,Coriobacteriales,Coriobacteriia,Actinomycetota,1,1,1
Xinfangfangia,Rhodobacteraceae,Rhodobacterales,Alphaproteobacteria,Pseudomonadota,1,0,0
Xylanibacillus,K13,Paenibacillales,Bacilli,Bacillota,1,1,1
Xylanibacter,NA,NA,NA,NA,3,0,0
Xylanimonas,Cellulomonadaceae,Actinomycetales,Actinomycetes,Actinomycetota,2,2,1
Xylanivirga,Xylanivirgaceae,Caldicoprobacterales,Clostridia,Bacillota,1,0,0
Xylella,Xanthomonadaceae,Xanthomonadales,Gammaproteobacteria,Pseudomonadota,2,0,0
Xylocopilactobacillus,Lactobacillaceae,Lactobacillales,Bacilli,Bacillota,2,0,0
Xylophilus,Burkholderiaceae,Burkholderiales,Gammaproteobacteria,Pseudomonadota,2,0,0
Yanghanlia,Burkholderiaceae,Burkholderiales,Gammaproteobacteria,Pseudomonadota,1,0,0
Yaniella,Micrococcaceae,Actinomycetales,Actinomycetes,Actinomycetota,1,0,0
Yeosuana,Flavobacteriaceae,Flavobacteriales,Bacteroidia,Bacteroidota,2,1,0.5
Yersinia,Enterobacteriaceae,Enterobacterales,Gammaproteobacteria,Pseudomonadota,25,0,0
Yimella,Dermatophilaceae,Actinomycetales,Actinomycetes,Actinomycetota,1,0,0
Yinghuangia,Streptomycetaceae,Streptomycetales,Actinomycetes,Actinomycetota,2,1,0.5
Yoonia,Rhodobacteraceae,Rhodobacterales,Alphaproteobacteria,Pseudomonadota,9,0,0
Youngiibacter,Clostridiaceae,Clostridiales,Clostridia,Bacillota,2,0,0
Youxingia,Ruminococcaceae,Oscillospirales,Clostridia,Bacillota,1,0,0
Yunchengibacter,NA,NA,NA,NA,1,0,0
Zavarzinia,Zavarziniaceae,Zavarziniales,Alphaproteobacteria,Pseudomonadota,2,0,0
Zeimonas,Burkholderiaceae,Burkholderiales,Gammaproteobacteria,Pseudomonadota,2,0,0
Zestomonas,NA,NA,NA,NA,1,0,0
Zhengella,Rhizobiaceae,Rhizobiales,Alphaproteobacteria,Pseudomonadota,1,0,0
Zhenhengia,Cellulosilyticaceae,Lachnospirales,Clostridia,Bacillota,1,1,1
Zhenpiania,NA,NA,NA,NA,1,1,1
Zhihengliuella,Micrococcaceae,Actinomycetales,Actinomycetes,Actinomycetota,3,1,0.3333333333333333
Zhongshania,Spongiibacteraceae,Pseudomonadales,Gammaproteobacteria,Pseudomonadota,8,0,0
Zobellella,NA,NA,NA,NA,4,0,0
Zobellia,Flavobacteriaceae,Flavobacteriales,Bacteroidia,Bacteroidota,6,2,0.3333333333333333
Zoogloea,Rhodocyclaceae,Burkholderiales,Gammaproteobacteria,Pseudomonadota,3,0,0
Zooshikella,Zooshikellaceae,Pseudomonadales,Gammaproteobacteria,Pseudomonadota,2,0,0
Zophobihabitans,Enterobacteriaceae,Enterobacterales,Gammaproteobacteria,Pseudomonadota,1,1,1
Zunongwangia,Flavobacteriaceae,Flavobacteriales,Bacteroidia,Bacteroidota,4,3,0.75
Zwartia,Burkholderiaceae,Burkholderiales,Gammaproteobacteria,Pseudomonadota,3,0,0
Zymomonas,Sphingomonadaceae,Sphingomonadales,Alphaproteobacteria,Pseudomonadota,1,0,0
bacterium,NA,NA,NA,NA,1,1,1
endosymbiont,NA,NA,NA,NA,9,1,0.1111111111111111
methane-oxidizing,NA,NA,NA,NA,1,0,0
methanotrophic,NA,NA,NA,NA,1,0,0
secondary,NA,NA,NA,NA,3,0,0
sulfur-oxidizing,NA,NA,NA,NA,1,0,0
unidentified,NA,NA,NA,NA,1,0,0
