genus,family,order,class,phylum,gene,n,n_res,f_res
Abditibacterium,Abditibacteriaceae,Abditibacteriales,Abditibacteriia,Armatimonadota,rrs_MG1655_2ndrun,1,0,0
Abiotrophia,Aerococcaceae,Lactobacillales,Bacilli,Bacillota,rrs_MG1655_2ndrun,1,0,0
Absicoccus,Erysipelotrichaceae,Erysipelotrichales,Bacilli,Bacillota,rrs_MG1655_2ndrun,2,0,0
Abyssalbus,Flavobacteriaceae,Flavobacteriales,Bacteroidia,Bacteroidota,rrs_MG1655_2ndrun,1,0,0
Abyssibacter,OUC007,Nevskiales,Gammaproteobacteria,Pseudomonadota,rrs_MG1655_2ndrun,1,0,0
Abyssibius,Rhodobacteraceae,Rhodobacterales,Alphaproteobacteria,Pseudomonadota,rrs_MG1655_2ndrun,1,0,0
Abyssicoccus,Abyssicoccaceae,Staphylococcales,Bacilli,Bacillota,rrs_MG1655_2ndrun,1,0,0
Abyssisolibacter,MCWD3,Tissierellales,Clostridia,Bacillota,rrs_MG1655_2ndrun,1,0,0
Abyssogena,NA,NA,NA,NA,rrs_MG1655_2ndrun,1,0,0
Acanthopleuribacter,Acanthopleuribacteraceae,Acanthopleuribacterales,Holophagae,Acidobacteriota,rrs_MG1655_2ndrun,1,0,0
Acaricomes,NA,NA,NA,NA,rrs_MG1655_2ndrun,1,0,0
Acaryochloris,Thermosynechococcaceae,Thermosynechococcales,Cyanobacteriia,Cyanobacteriota,rrs_MG1655_2ndrun,2,0,0
Acetatifactor,Lachnospiraceae,Lachnospirales,Clostridia,Bacillota,rrs_MG1655_2ndrun,2,0,0
Aceticella,Thermoanaerobacteraceae,Thermoanaerobacterales,Thermoanaerobacteria,Bacillota,rrs_MG1655_2ndrun,1,0,0
Acetilactobacillus,Lactobacillaceae,Lactobacillales,Bacilli,Bacillota,rrs_MG1655_2ndrun,1,0,0
Acetitomaculum,Lachnospiraceae,Lachnospirales,Clostridia,Bacillota,rrs_MG1655_2ndrun,1,0,0
Acetivibrio,Acetivibrionaceae,Acetivibrionales,Clostridia,Bacillota,rrs_MG1655_2ndrun,6,0,0
Acetoanaerobium,Filifactoraceae,Peptostreptococcales,Clostridia,Bacillota,rrs_MG1655_2ndrun,2,0,0
Acetobacter,Acetobacteraceae,Acetobacterales,Alphaproteobacteria,Pseudomonadota,rrs_MG1655_2ndrun,35,0,0
Acetobacterium,Eubacteriaceae,Eubacteriales,Clostridia,Bacillota,rrs_MG1655_2ndrun,8,0,0
Acetobacteroides,ZOR0009,Bacteroidales,Bacteroidia,Bacteroidota,rrs_MG1655_2ndrun,1,0,0
Acetohalobium,Acetohalobiaceae,Halobacteroidales,Halanaerobiia,Bacillota,rrs_MG1655_2ndrun,1,0,0
Acetomicrobium,Acetomicrobiaceae,Synergistales,Synergistia,Synergistota,rrs_MG1655_2ndrun,3,0,0
Acetonema,Acetonemataceae,Sporomusales,Negativicutes,Bacillota,rrs_MG1655_2ndrun,1,0,0
Acholeplasma,Acholeplasmataceae,Acholeplasmatales,Bacilli,Bacillota,rrs_MG1655_2ndrun,6,0,0
Achromobacter,Burkholderiaceae,Burkholderiales,Gammaproteobacteria,Pseudomonadota,rrs_MG1655_2ndrun,22,0,0
Acidaminococcus,Acidaminococcaceae,Acidaminococcales,Negativicutes,Bacillota,rrs_MG1655_2ndrun,6,0,0
Acidibrevibacterium,Acetobacteraceae,Acetobacterales,Alphaproteobacteria,Pseudomonadota,rrs_MG1655_2ndrun,1,0,0
Acidicapsa,Acidobacteriaceae,Terriglobales,Terriglobia,Acidobacteriota,rrs_MG1655_2ndrun,3,0,0
Acididesulfobacillus,Desulfitobacteriaceae,Desulfitobacteriales,Desulfitobacteriia,Bacillota,rrs_MG1655_2ndrun,1,0,0
Acidiferrobacter,Acidiferrobacteraceae,Acidiferrobacterales,Gammaproteobacteria,Pseudomonadota,rrs_MG1655_2ndrun,1,0,0
Acidihalobacter,Acidihalobacteraceae,DSM-5130,Gammaproteobacteria,Pseudomonadota,rrs_MG1655_2ndrun,4,0,0
Acidilutibacter,Acidilutibacteraceae,Tissierellales,Clostridia,Bacillota,rrs_MG1655_2ndrun,1,0,0
Acidimangrovimonas,Rhodobacteraceae,Rhodobacterales,Alphaproteobacteria,Pseudomonadota,rrs_MG1655_2ndrun,1,0,0
Acidimicrobium,Acidimicrobiaceae,Acidimicrobiales,Acidimicrobiia,Actinomycetota,rrs_MG1655_2ndrun,1,0,0
Acidiphilium,Acetobacteraceae,Acetobacterales,Alphaproteobacteria,Pseudomonadota,rrs_MG1655_2ndrun,5,0,0
Acidipila,Acidobacteriaceae,Terriglobales,Terriglobia,Acidobacteriota,rrs_MG1655_2ndrun,1,0,0
Acidipropionibacterium,Propionibacteriaceae,Propionibacteriales,Actinomycetes,Actinomycetota,rrs_MG1655_2ndrun,5,0,0
Acidisarcina,Acidobacteriaceae,Terriglobales,Terriglobia,Acidobacteriota,rrs_MG1655_2ndrun,1,0,0
Acidisoma,Acetobacteraceae,Acetobacterales,Alphaproteobacteria,Pseudomonadota,rrs_MG1655_2ndrun,3,0,0
Acidisphaera,Acetobacteraceae,Acetobacterales,Alphaproteobacteria,Pseudomonadota,rrs_MG1655_2ndrun,1,0,0
Aciditerrimonas,UBA8190,Acidimicrobiales,Acidimicrobiia,Actinomycetota,rrs_MG1655_2ndrun,1,0,0
Acidithiobacillus,Acidithiobacillaceae,Acidithiobacillales,Gammaproteobacteria,Pseudomonadota,rrs_MG1655_2ndrun,15,0,0
Acidithrix,Acidimicrobiaceae,Acidimicrobiales,Acidimicrobiia,Actinomycetota,rrs_MG1655_2ndrun,1,0,0
Acidobacterium,Acidobacteriaceae,Terriglobales,Terriglobia,Acidobacteriota,rrs_MG1655_2ndrun,1,0,0
Acidocella,Acetobacteraceae,Acetobacterales,Alphaproteobacteria,Pseudomonadota,rrs_MG1655_2ndrun,4,0,0
Acidomonas,Acetobacteraceae,Acetobacterales,Alphaproteobacteria,Pseudomonadota,rrs_MG1655_2ndrun,1,0,0
Acidothermus,Acidothermaceae,Acidothermales,Actinomycetes,Actinomycetota,rrs_MG1655_2ndrun,1,0,0
Acidovorax,Burkholderiaceae,Burkholderiales,Gammaproteobacteria,Pseudomonadota,rrs_MG1655_2ndrun,11,0,0
Aciduricibacillus,Amphibacillaceae,Bacillales_D,Bacilli,Bacillota,rrs_MG1655_2ndrun,1,0,0
Acinetobacter,Moraxellaceae,Pseudomonadales,Gammaproteobacteria,Pseudomonadota,rrs_MG1655_2ndrun,90,0,0
Acrocarpospora,Streptosporangiaceae,Streptosporangiales,Actinomycetes,Actinomycetota,rrs_MG1655_2ndrun,5,0,0
Actibacterium,Rhodobacteraceae,Rhodobacterales,Alphaproteobacteria,Pseudomonadota,rrs_MG1655_2ndrun,6,0,0
Actinacidiphila,Streptomycetaceae,Streptomycetales,Actinomycetes,Actinomycetota,rrs_MG1655_2ndrun,11,0,0
Actinoallomurus,Streptosporangiaceae,Streptosporangiales,Actinomycetes,Actinomycetota,rrs_MG1655_2ndrun,8,0,0
Actinoalloteichus,Pseudonocardiaceae,Mycobacteriales,Actinomycetes,Actinomycetota,rrs_MG1655_2ndrun,5,0,0
Actinobacillus,Pasteurellaceae,Enterobacterales,Gammaproteobacteria,Pseudomonadota,rrs_MG1655_2ndrun,15,0,0
Actinobaculum,Actinomycetaceae,Actinomycetales,Actinomycetes,Actinomycetota,rrs_MG1655_2ndrun,2,0,0
Actinocatenispora,Micromonosporaceae,Mycobacteriales,Actinomycetes,Actinomycetota,rrs_MG1655_2ndrun,3,0,0
Actinocorallia,Streptosporangiaceae,Streptosporangiales,Actinomycetes,Actinomycetota,rrs_MG1655_2ndrun,6,0,0
Actinocrinis,Catenulisporaceae,Streptomycetales,Actinomycetes,Actinomycetota,rrs_MG1655_2ndrun,1,0,0
Actinocrispum,Pseudonocardiaceae,Mycobacteriales,Actinomycetes,Actinomycetota,rrs_MG1655_2ndrun,1,0,0
Actinokineospora,Pseudonocardiaceae,Mycobacteriales,Actinomycetes,Actinomycetota,rrs_MG1655_2ndrun,14,0,0
Actinomadura,NA,NA,NA,NA,rrs_MG1655_2ndrun,55,0,0
Actinomarinicola,SKKL01,Acidimicrobiales,Acidimicrobiia,Actinomycetota,rrs_MG1655_2ndrun,1,0,0
Actinomyces,Actinomycetaceae,Actinomycetales,Actinomycetes,Actinomycetota,rrs_MG1655_2ndrun,43,0,0
Actinomycetospora,Pseudonocardiaceae,Mycobacteriales,Actinomycetes,Actinomycetota,rrs_MG1655_2ndrun,16,0,0
Actinophytocola,Pseudonocardiaceae,Mycobacteriales,Actinomycetes,Actinomycetota,rrs_MG1655_2ndrun,6,0,0
Actinoplanes,Micromonosporaceae,Mycobacteriales,Actinomycetes,Actinomycetota,rrs_MG1655_2ndrun,30,0,0
Actinopolymorpha,Actinopolymorphaceae,Propionibacteriales,Actinomycetes,Actinomycetota,rrs_MG1655_2ndrun,4,0,0
Actinopolyspora,Pseudonocardiaceae,Mycobacteriales,Actinomycetes,Actinomycetota,rrs_MG1655_2ndrun,7,0,0
Actinorhabdospora,Micromonosporaceae,Mycobacteriales,Actinomycetes,Actinomycetota,rrs_MG1655_2ndrun,1,0,0
Actinorugispora,Streptosporangiaceae,Streptosporangiales,Actinomycetes,Actinomycetota,rrs_MG1655_2ndrun,1,0,0
Actinospica,Catenulisporaceae,Streptomycetales,Actinomycetes,Actinomycetota,rrs_MG1655_2ndrun,3,0,0
Actinosynnema,Pseudonocardiaceae,Mycobacteriales,Actinomycetes,Actinomycetota,rrs_MG1655_2ndrun,2,0,0
Actinotalea,Cellulomonadaceae,Actinomycetales,Actinomycetes,Actinomycetota,rrs_MG1655_2ndrun,6,0,0
Actinotignum,Actinomycetaceae,Actinomycetales,Actinomycetes,Actinomycetota,rrs_MG1655_2ndrun,3,0,0
Actirhodobacter,Sphingomonadaceae,Sphingomonadales,Alphaproteobacteria,Pseudomonadota,rrs_MG1655_2ndrun,1,0,0
Actomonas,Opitutaceae,Opitutales,Verrucomicrobiia,Verrucomicrobiota,rrs_MG1655_2ndrun,1,0,0
Acutalibacter,Acutalibacteraceae,Oscillospirales,Clostridia,Bacillota,rrs_MG1655_2ndrun,3,0,0
Acuticoccus,Amorphaceae,Rhizobiales,Alphaproteobacteria,Pseudomonadota,rrs_MG1655_2ndrun,5,0,0
Adhaeretor,Lacipirellulaceae,Pirellulales,Planctomycetia,Planctomycetota,rrs_MG1655_2ndrun,1,0,0
Adhaeribacter,Hymenobacteraceae,Cytophagales,Bacteroidia,Bacteroidota,rrs_MG1655_2ndrun,9,0,0
Adlercreutzia,Eggerthellaceae,Coriobacteriales,Coriobacteriia,Actinomycetota,rrs_MG1655_2ndrun,9,0,0
Adonisia,NA,NA,NA,NA,rrs_MG1655_2ndrun,1,0,0
Advenella,Burkholderiaceae,Burkholderiales,Gammaproteobacteria,Pseudomonadota,rrs_MG1655_2ndrun,5,0,0
Aedoeadaptatus,Peptoniphilaceae,Tissierellales,Clostridia,Bacillota,rrs_MG1655_2ndrun,6,0,0
Aegicerativicinus,Flavobacteriaceae,Flavobacteriales,Bacteroidia,Bacteroidota,rrs_MG1655_2ndrun,1,0,0
Aeoliella,Lacipirellulaceae,Pirellulales,Planctomycetia,Planctomycetota,rrs_MG1655_2ndrun,2,0,0
Aequitasia,Lachnospiraceae,Lachnospirales,Clostridia,Bacillota,rrs_MG1655_2ndrun,1,0,0
Aequoribacter,Halieaceae,Pseudomonadales,Gammaproteobacteria,Pseudomonadota,rrs_MG1655_2ndrun,1,0,0
Aequorivita,Flavobacteriaceae,Flavobacteriales,Bacteroidia,Bacteroidota,rrs_MG1655_2ndrun,21,0,0
Aeribacillus,Aeribacillaceae,Bacillales,Bacilli,Bacillota,rrs_MG1655_2ndrun,2,0,0
Aeriscardovia,Bifidobacteriaceae,Actinomycetales,Actinomycetes,Actinomycetota,rrs_MG1655_2ndrun,1,0,0
Aerobium,NA,NA,NA,NA,rrs_MG1655_2ndrun,1,0,0
Aerococcus,Aerococcaceae,Lactobacillales,Bacilli,Bacillota,rrs_MG1655_2ndrun,9,0,0
Aerolutibacter,Xanthomonadaceae,Xanthomonadales,Gammaproteobacteria,Pseudomonadota,rrs_MG1655_2ndrun,2,0,0
Aeromicrobium,Nocardioidaceae,Propionibacteriales,Actinomycetes,Actinomycetota,rrs_MG1655_2ndrun,23,0,0
Aeromonas,Aeromonadaceae,Enterobacterales,Gammaproteobacteria,Pseudomonadota,rrs_MG1655_2ndrun,30,0,0
Aerophototrophica,Azospirillaceae,Azospirillales,Alphaproteobacteria,Pseudomonadota,rrs_MG1655_2ndrun,1,0,0
Aerosakkonema,Aerosakkonemataceae,Cyanobacteriales,Cyanobacteriia,Cyanobacteriota,rrs_MG1655_2ndrun,1,0,0
Aerosticca,Rhodanobacteraceae,Xanthomonadales,Gammaproteobacteria,Pseudomonadota,rrs_MG1655_2ndrun,1,0,0
Aestuarierythrobacter,NA,NA,NA,NA,rrs_MG1655_2ndrun,1,0,0
Aestuariibaculum,Flavobacteriaceae,Flavobacteriales,Bacteroidia,Bacteroidota,rrs_MG1655_2ndrun,4,0,0
Aestuariibius,Rhodobacteraceae,Rhodobacterales,Alphaproteobacteria,Pseudomonadota,rrs_MG1655_2ndrun,2,0,0
Aestuariimicrobium,Propionibacteriaceae,Propionibacteriales,Actinomycetes,Actinomycetota,rrs_MG1655_2ndrun,3,0,0
Aestuariirhabdus,Aestuariirhabdaceae,Pseudomonadales,Gammaproteobacteria,Pseudomonadota,rrs_MG1655_2ndrun,2,0,0
Aestuariispira,GCA-2696645,UBA8366,Alphaproteobacteria,Pseudomonadota,rrs_MG1655_2ndrun,2,0,0
Aestuariivirga,Aestuariivirgaceae,Rhizobiales,Alphaproteobacteria,Pseudomonadota,rrs_MG1655_2ndrun,1,0,0
Aestuariivita,Rhodobacteraceae,Rhodobacterales,Alphaproteobacteria,Pseudomonadota,rrs_MG1655_2ndrun,1,0,0
Aestuariivivens,Flavobacteriaceae,Flavobacteriales,Bacteroidia,Bacteroidota,rrs_MG1655_2ndrun,4,0,0
Aetokthonos,Nostocaceae,Cyanobacteriales,Cyanobacteriia,Cyanobacteriota,rrs_MG1655_2ndrun,1,0,0
Affinibrenneria,NA,NA,NA,NA,rrs_MG1655_2ndrun,1,0,0
Afifella,Afifellaceae,Rhizobiales,Alphaproteobacteria,Pseudomonadota,rrs_MG1655_2ndrun,3,0,0
Afipia,Xanthobacteraceae,Rhizobiales,Alphaproteobacteria,Pseudomonadota,rrs_MG1655_2ndrun,6,0,0
Agaribacillus,Cyclobacteriaceae,Cytophagales,Bacteroidia,Bacteroidota,rrs_MG1655_2ndrun,1,0,0
Agaribacterium,Cellvibrionaceae,Pseudomonadales,Gammaproteobacteria,Pseudomonadota,rrs_MG1655_2ndrun,1,0,0
Agaricicola,Methylopilaceae,Rhizobiales,Alphaproteobacteria,Pseudomonadota,rrs_MG1655_2ndrun,1,0,0
Agarilytica,Cellvibrionaceae,Pseudomonadales,Gammaproteobacteria,Pseudomonadota,rrs_MG1655_2ndrun,1,0,0
Agarivorans,Celerinatantimonadaceae,Enterobacterales,Gammaproteobacteria,Pseudomonadota,rrs_MG1655_2ndrun,3,0,0
Agathobacter,Lachnospiraceae,Lachnospirales,Clostridia,Bacillota,rrs_MG1655_2ndrun,2,0,0
Agathobaculum,Butyricicoccaceae,Oscillospirales,Clostridia,Bacillota,rrs_MG1655_2ndrun,4,0,0
Aggregatibacter,Pasteurellaceae,Enterobacterales,Gammaproteobacteria,Pseudomonadota,rrs_MG1655_2ndrun,4,0,0
Aggregatilinea,Aggregatilineaceae,Aggregatilineales,Anaerolineae,Chloroflexota,rrs_MG1655_2ndrun,1,0,0
Aggregatimonas,NA,NA,NA,NA,rrs_MG1655_2ndrun,1,0,0
Agitococcus,Moraxellaceae,Pseudomonadales,Gammaproteobacteria,Pseudomonadota,rrs_MG1655_2ndrun,1,0,0
Agreia,Microbacteriaceae,Actinomycetales,Actinomycetes,Actinomycetota,rrs_MG1655_2ndrun,2,0,0
Agrilactobacillus,Lactobacillaceae,Lactobacillales,Bacilli,Bacillota,rrs_MG1655_2ndrun,3,0,0
Agrilutibacter,Xanthomonadaceae,Xanthomonadales,Gammaproteobacteria,Pseudomonadota,rrs_MG1655_2ndrun,3,0,0
Agriterribacter,Chitinophagaceae,Chitinophagales,Bacteroidia,Bacteroidota,rrs_MG1655_2ndrun,1,0,0
Agrobacterium,Rhizobiaceae,Rhizobiales,Alphaproteobacteria,Pseudomonadota,rrs_MG1655_2ndrun,19,0,0
Agrococcus,Microbacteriaceae,Actinomycetales,Actinomycetes,Actinomycetota,rrs_MG1655_2ndrun,12,0,0
Agromyces,Microbacteriaceae,Actinomycetales,Actinomycetes,Actinomycetota,rrs_MG1655_2ndrun,40,0,0
Ahniella,Ahniellaceae,Xanthomonadales,Gammaproteobacteria,Pseudomonadota,rrs_MG1655_2ndrun,1,0,0
Ahrensia,Rhizobiaceae,Rhizobiales,Alphaproteobacteria,Pseudomonadota,rrs_MG1655_2ndrun,2,0,0
Aidingimonas,Halomonadaceae,Pseudomonadales,Gammaproteobacteria,Pseudomonadota,rrs_MG1655_2ndrun,2,0,0
Akkermansia,Akkermansiaceae,Verrucomicrobiales,Verrucomicrobiia,Verrucomicrobiota,rrs_MG1655_2ndrun,4,0,0
Albibacillus,Rhodobacteraceae,Rhodobacterales,Alphaproteobacteria,Pseudomonadota,rrs_MG1655_2ndrun,1,0,0
Albibacterium,Sphingobacteriaceae,Sphingobacteriales,Bacteroidia,Bacteroidota,rrs_MG1655_2ndrun,3,0,0
Albidovulum,Rhodobacteraceae,Rhodobacterales,Alphaproteobacteria,Pseudomonadota,rrs_MG1655_2ndrun,9,0,0
Albimonas,Rhodobacteraceae,Rhodobacterales,Alphaproteobacteria,Pseudomonadota,rrs_MG1655_2ndrun,2,0,0
Alcaligenes,Burkholderiaceae,Burkholderiales,Gammaproteobacteria,Pseudomonadota,rrs_MG1655_2ndrun,7,0,0
Alcanivorax,Alcanivoracaceae,Pseudomonadales,Gammaproteobacteria,Pseudomonadota,rrs_MG1655_2ndrun,7,0,0
Aldersonia,Mycobacteriaceae,Mycobacteriales,Actinomycetes,Actinomycetota,rrs_MG1655_2ndrun,1,0,0
Alexandriicola,Rhodobacteraceae,Rhodobacterales,Alphaproteobacteria,Pseudomonadota,rrs_MG1655_2ndrun,1,0,0
Algibacillus,Alteromonadaceae,Enterobacterales,Gammaproteobacteria,Pseudomonadota,rrs_MG1655_2ndrun,1,0,0
Algibacter,Flavobacteriaceae,Flavobacteriales,Bacteroidia,Bacteroidota,rrs_MG1655_2ndrun,10,0,0
Algicella,Rhodobacteraceae,Rhodobacterales,Alphaproteobacteria,Pseudomonadota,rrs_MG1655_2ndrun,1,0,0
Algihabitans,DSM-21159,Kiloniellales,Alphaproteobacteria,Pseudomonadota,rrs_MG1655_2ndrun,1,0,0
Algimonas,NA,NA,NA,NA,rrs_MG1655_2ndrun,3,0,0
Alginatibacterium,Celerinatantimonadaceae,Enterobacterales,Gammaproteobacteria,Pseudomonadota,rrs_MG1655_2ndrun,1,0,0
Algiphilus,Algiphilaceae,Nevskiales,Gammaproteobacteria,Pseudomonadota,rrs_MG1655_2ndrun,1,0,0
Algirhabdus,NA,NA,NA,NA,rrs_MG1655_2ndrun,1,0,0
Algisphaera,Phycisphaeraceae,Phycisphaerales,Phycisphaerae,Planctomycetota,rrs_MG1655_2ndrun,1,0,0
Algoriella,Weeksellaceae,Flavobacteriales,Bacteroidia,Bacteroidota,rrs_MG1655_2ndrun,1,0,0
Algoriphagus,Cyclobacteriaceae,Cytophagales,Bacteroidia,Bacteroidota,rrs_MG1655_2ndrun,40,0,0
Aliamphritea,NA,NA,NA,NA,rrs_MG1655_2ndrun,3,0,0
Aliarcobacter,Arcobacteraceae,Campylobacterales,Campylobacteria,Campylobacterota,rrs_MG1655_2ndrun,9,0,0
Alicycliphilus,Burkholderiaceae,Burkholderiales,Gammaproteobacteria,Pseudomonadota,rrs_MG1655_2ndrun,1,0,0
Alicyclobacillus,Alicyclobacillaceae,Alicyclobacillales,Bacilli,Bacillota,rrs_MG1655_2ndrun,16,0,0
Alienimonas,Planctomycetaceae,Planctomycetales,Planctomycetia,Planctomycetota,rrs_MG1655_2ndrun,2,0,0
Aliibacillus,Marinococcaceae,Bacillales_H,Bacilli,Bacillota,rrs_MG1655_2ndrun,1,0,0
Aliidiomarina,Alteromonadaceae,Enterobacterales,Gammaproteobacteria,Pseudomonadota,rrs_MG1655_2ndrun,11,0,0
Aliidongia,CGMCC-115725,ATCC43930,Alphaproteobacteria,Pseudomonadota,rrs_MG1655_2ndrun,1,0,0
Aliigemmobacter,NA,NA,NA,NA,rrs_MG1655_2ndrun,1,0,0
Aliiglaciecola,Alteromonadaceae,Enterobacterales,Gammaproteobacteria,Pseudomonadota,rrs_MG1655_2ndrun,2,0,0
Aliihoeflea,Rhizobiaceae,Rhizobiales,Alphaproteobacteria,Pseudomonadota,rrs_MG1655_2ndrun,1,0,0
Aliikangiella,Kangiellaceae,Enterobacterales,Gammaproteobacteria,Pseudomonadota,rrs_MG1655_2ndrun,2,0,0
Aliirhizobium,NA,NA,NA,NA,rrs_MG1655_2ndrun,3,0,0
Aliiroseovarius,Rhodobacteraceae,Rhodobacterales,Alphaproteobacteria,Pseudomonadota,rrs_MG1655_2ndrun,11,0,0
Aliiruegeria,NA,NA,NA,NA,rrs_MG1655_2ndrun,3,0,0
Aliisedimentitalea,NA,NA,NA,NA,rrs_MG1655_2ndrun,1,0,0
Aliishimia,Rhodobacteraceae,Rhodobacterales,Alphaproteobacteria,Pseudomonadota,rrs_MG1655_2ndrun,1,0,0
Aliivibrio,Vibrionaceae,Enterobacterales,Gammaproteobacteria,Pseudomonadota,rrs_MG1655_2ndrun,5,0,0
Alishewanella,Alteromonadaceae,Enterobacterales,Gammaproteobacteria,Pseudomonadota,rrs_MG1655_2ndrun,4,0,0
Alistipes,Rikenellaceae,Bacteroidales,Bacteroidia,Bacteroidota,rrs_MG1655_2ndrun,16,0,0
Alitabrizicola,NA,NA,NA,NA,rrs_MG1655_2ndrun,1,0,0
Aliterella,Chroococcidiopsidaceae,Cyanobacteriales,Cyanobacteriia,Cyanobacteriota,rrs_MG1655_2ndrun,1,0,0
Alkalibacillus,Alkalibacillaceae,Bacillales_D,Bacilli,Bacillota,rrs_MG1655_2ndrun,2,0,0
Alkalibacter,Alkalibacteraceae,Eubacteriales,Clostridia,Bacillota,rrs_MG1655_2ndrun,2,0,0
Alkalibacterium,Carnobacteriaceae,Lactobacillales,Bacilli,Bacillota,rrs_MG1655_2ndrun,7,0,0
Alkalibaculum,Alkalibacteraceae,Eubacteriales,Clostridia,Bacillota,rrs_MG1655_2ndrun,2,0,0
Alkalicaulis,NA,NA,NA,NA,rrs_MG1655_2ndrun,1,0,0
Alkalicella,Proteinivoraceae,Proteinivoracales,Proteinivoracia,Bacillota,rrs_MG1655_2ndrun,1,0,0
Alkalicoccobacillus,Bacillaceae_D,Bacillales_H,Bacilli,Bacillota,rrs_MG1655_2ndrun,2,0,0
Alkalicoccus,Salisediminibacteriaceae,Bacillales_H,Bacilli,Bacillota,rrs_MG1655_2ndrun,3,0,0
Alkalidesulfovibrio,Desulfovibrionaceae,Desulfovibrionales,Desulfovibrionia,Desulfobacterota_I,rrs_MG1655_2ndrun,1,0,0
Alkaliflexus,Marinilabiliaceae,Bacteroidales,Bacteroidia,Bacteroidota,rrs_MG1655_2ndrun,1,0,0
Alkalihalobacillus,Bacillaceae_D,Bacillales_H,Bacilli,Bacillota,rrs_MG1655_2ndrun,3,0,0
Alkalihalobacterium,Bacillaceae_F,Bacillales_H,Bacilli,Bacillota,rrs_MG1655_2ndrun,5,0,0
Alkalihalophilus,Bacillaceae_D,Bacillales_H,Bacilli,Bacillota,rrs_MG1655_2ndrun,3,0,0
Alkalilacustris,Rhodobacteraceae,Rhodobacterales,Alphaproteobacteria,Pseudomonadota,rrs_MG1655_2ndrun,1,0,0
Alkalilimnicola,Halorhodospiraceae,Nitrococcales,Gammaproteobacteria,Pseudomonadota,rrs_MG1655_2ndrun,1,0,0
Alkalimarinus,Oleiphilaceae,Pseudomonadales,Gammaproteobacteria,Pseudomonadota,rrs_MG1655_2ndrun,3,0,0
Alkalimonas,Alteromonadaceae,Enterobacterales,Gammaproteobacteria,Pseudomonadota,rrs_MG1655_2ndrun,2,0,0
Alkaliphilus,Natronincolaceae,Peptostreptococcales,Clostridia,Bacillota,rrs_MG1655_2ndrun,5,0,0
Alkalisalibacterium,Xanthomonadaceae,Xanthomonadales,Gammaproteobacteria,Pseudomonadota,rrs_MG1655_2ndrun,1,0,0
Alkalispirillum,NA,NA,NA,NA,rrs_MG1655_2ndrun,1,0,0
Alkalispirochaeta,Alkalispirochaetaceae,DSM-27196,Spirochaetia,Spirochaetota,rrs_MG1655_2ndrun,2,0,0
Alkalitalea,NA,NA,NA,NA,rrs_MG1655_2ndrun,1,0,0
Alkalithermobacter,Peptostreptococcaceae,Peptostreptococcales,Clostridia,Bacillota,rrs_MG1655_2ndrun,2,0,0
Alkanindiges,Moraxellaceae,Pseudomonadales,Gammaproteobacteria,Pseudomonadota,rrs_MG1655_2ndrun,1,0,0
Allgaiera,NA,NA,NA,NA,rrs_MG1655_2ndrun,1,0,0
Allisonella,Dialisteraceae,Veillonellales,Negativicutes,Bacillota,rrs_MG1655_2ndrun,1,0,0
Alloacidobacterium,Acidobacteriaceae,Terriglobales,Terriglobia,Acidobacteriota,rrs_MG1655_2ndrun,1,0,0
Alloalcanivorax,Alcanivoracaceae,Pseudomonadales,Gammaproteobacteria,Pseudomonadota,rrs_MG1655_2ndrun,8,0,0
Allobacillus,Alkalibacillaceae,Bacillales_D,Bacilli,Bacillota,rrs_MG1655_2ndrun,2,0,0
Allobaculum,Erysipelotrichaceae,Erysipelotrichales,Bacilli,Bacillota,rrs_MG1655_2ndrun,3,0,0
Allobranchiibius,Dermatophilaceae,Actinomycetales,Actinomycetes,Actinomycetota,rrs_MG1655_2ndrun,1,0,0
Allocatelliglobosispora,Micromonosporaceae,Mycobacteriales,Actinomycetes,Actinomycetota,rrs_MG1655_2ndrun,1,0,0
Allochromatium,NA,NA,NA,NA,rrs_MG1655_2ndrun,5,0,0
Allocoleopsis,Coleofasciculaceae,Cyanobacteriales,Cyanobacteriia,Cyanobacteriota,rrs_MG1655_2ndrun,1,0,0
Allocoprobacillus,Coprobacillaceae,Erysipelotrichales,Bacilli,Bacillota,rrs_MG1655_2ndrun,1,0,0
Allofrancisella,Francisellaceae,Francisellales,Gammaproteobacteria,Pseudomonadota,rrs_MG1655_2ndrun,3,0,0
Allofranklinella,NA,NA,NA,NA,rrs_MG1655_2ndrun,1,0,0
Allofustis,Carnobacteriaceae,Lactobacillales,Bacilli,Bacillota,rrs_MG1655_2ndrun,1,0,0
Allohahella,Oleiphilaceae,Pseudomonadales,Gammaproteobacteria,Pseudomonadota,rrs_MG1655_2ndrun,1,0,0
Alloiococcus,Carnobacteriaceae,Lactobacillales,Bacilli,Bacillota,rrs_MG1655_2ndrun,1,0,0
Allokutzneria,Pseudonocardiaceae,Mycobacteriales,Actinomycetes,Actinomycetota,rrs_MG1655_2ndrun,2,0,0
Allomeiothermus,Thermaceae,Deinococcales,Deinococci,Deinococcota,rrs_MG1655_2ndrun,1,0,0
Allomesorhizobium,NA,NA,NA,NA,rrs_MG1655_2ndrun,2,0,0
Allonocardiopsis,Streptosporangiaceae,Streptosporangiales,Actinomycetes,Actinomycetota,rrs_MG1655_2ndrun,1,0,0
Allopontixanthobacter,Sphingomonadaceae,Sphingomonadales,Alphaproteobacteria,Pseudomonadota,rrs_MG1655_2ndrun,2,0,0
Alloprevotella,Bacteroidaceae,Bacteroidales,Bacteroidia,Bacteroidota,rrs_MG1655_2ndrun,1,0,0
Allopseudospirillum,NA,NA,NA,NA,rrs_MG1655_2ndrun,1,0,0
Allopusillimonas,Burkholderiaceae,Burkholderiales,Gammaproteobacteria,Pseudomonadota,rrs_MG1655_2ndrun,2,0,0
Allorhizobium,Rhizobiaceae,Rhizobiales,Alphaproteobacteria,Pseudomonadota,rrs_MG1655_2ndrun,6,0,0
Allorhizocola,Micromonosporaceae,Mycobacteriales,Actinomycetes,Actinomycetota,rrs_MG1655_2ndrun,1,0,0
Allorhodopirellula,NA,NA,NA,NA,rrs_MG1655_2ndrun,2,0,0
Allosaccharopolyspora,Pseudonocardiaceae,Mycobacteriales,Actinomycetes,Actinomycetota,rrs_MG1655_2ndrun,1,0,0
Allosalinactinospora,Streptosporangiaceae,Streptosporangiales,Actinomycetes,Actinomycetota,rrs_MG1655_2ndrun,1,0,0
Alloscardovia,Bifidobacteriaceae,Actinomycetales,Actinomycetes,Actinomycetota,rrs_MG1655_2ndrun,4,0,0
Allosediminivita,Rhodobacteraceae,Rhodobacterales,Alphaproteobacteria,Pseudomonadota,rrs_MG1655_2ndrun,1,0,0
Allosphingosinicella,Sphingomonadaceae,Sphingomonadales,Alphaproteobacteria,Pseudomonadota,rrs_MG1655_2ndrun,6,0,0
Allostreptomyces,Streptomycetaceae,Streptomycetales,Actinomycetes,Actinomycetota,rrs_MG1655_2ndrun,1,0,0
Allotamlana,NA,NA,NA,NA,rrs_MG1655_2ndrun,1,0,0
Alloyangia,NA,NA,NA,NA,rrs_MG1655_2ndrun,2,0,0
Almyronema,NA,NA,NA,NA,rrs_MG1655_2ndrun,1,0,0
Alphaproteobacteria,NA,NA,NA,NA,rrs_MG1655_2ndrun,1,0,0
Alpinimonas,Microbacteriaceae,Actinomycetales,Actinomycetes,Actinomycetota,rrs_MG1655_2ndrun,1,0,0
Alsobacter,Beijerinckiaceae,Rhizobiales,Alphaproteobacteria,Pseudomonadota,rrs_MG1655_2ndrun,3,0,0
Alteraquisediminimonas,NA,NA,NA,NA,rrs_MG1655_2ndrun,1,0,0
Alteraurantiacibacter,Sphingomonadaceae,Sphingomonadales,Alphaproteobacteria,Pseudomonadota,rrs_MG1655_2ndrun,5,0,0
Altererythrobacter,NA,NA,NA,NA,rrs_MG1655_2ndrun,9,0,0
Alteribacillus,Marinococcaceae,Bacillales_H,Bacilli,Bacillota,rrs_MG1655_2ndrun,3,0,0
Alteribacter,Salisediminibacteriaceae,Bacillales_H,Bacilli,Bacillota,rrs_MG1655_2ndrun,5,0,0
Altericroceibacterium,Sphingomonadaceae,Sphingomonadales,Alphaproteobacteria,Pseudomonadota,rrs_MG1655_2ndrun,4,0,0
Alterileibacterium,Anaerovoracaceae,Peptostreptococcales,Clostridia,Bacillota,rrs_MG1655_2ndrun,1,0,0
Alterinioella,Rhodobacteraceae,Rhodobacterales,Alphaproteobacteria,Pseudomonadota,rrs_MG1655_2ndrun,1,0,0
Alteripontixanthobacter,Sphingomonadaceae,Sphingomonadales,Alphaproteobacteria,Pseudomonadota,rrs_MG1655_2ndrun,2,0,0
Alteriqipengyuania,Sphingomonadaceae,Sphingomonadales,Alphaproteobacteria,Pseudomonadota,rrs_MG1655_2ndrun,4,0,0
Alterirhizorhabdus,NA,NA,NA,NA,rrs_MG1655_2ndrun,2,0,0
Alterisphingorhabdus,NA,NA,NA,NA,rrs_MG1655_2ndrun,1,0,0
Alterluteimonas,NA,NA,NA,NA,rrs_MG1655_2ndrun,1,0,0
Alteromonas,Alteromonadaceae,Enterobacterales,Gammaproteobacteria,Pseudomonadota,rrs_MG1655_2ndrun,26,0,0
Altibacter,Flavobacteriaceae,Flavobacteriales,Bacteroidia,Bacteroidota,rrs_MG1655_2ndrun,1,0,0
Alysiella,NA,NA,NA,NA,rrs_MG1655_2ndrun,2,0,0
Amantichitinum,Chitinibacteraceae,Burkholderiales,Gammaproteobacteria,Pseudomonadota,rrs_MG1655_2ndrun,1,0,0
Amaricoccus,Rhodobacteraceae,Rhodobacterales,Alphaproteobacteria,Pseudomonadota,rrs_MG1655_2ndrun,3,0,0
Amazonocrinis,Nostocaceae,Cyanobacteriales,Cyanobacteriia,Cyanobacteriota,rrs_MG1655_2ndrun,1,0,0
Amedibacillus,Erysipelotrichaceae,Erysipelotrichales,Bacilli,Bacillota,rrs_MG1655_2ndrun,1,0,0
Amedibacterium,Erysipelotrichaceae,Erysipelotrichales,Bacilli,Bacillota,rrs_MG1655_2ndrun,1,0,0
Ameyamaea,Acetobacteraceae,Acetobacterales,Alphaproteobacteria,Pseudomonadota,rrs_MG1655_2ndrun,1,0,0
Aminiphilus,Aminiphilaceae,Synergistales,Synergistia,Synergistota,rrs_MG1655_2ndrun,1,0,0
Aminipila,Anaerovoracaceae,Peptostreptococcales,Clostridia,Bacillota,rrs_MG1655_2ndrun,3,0,0
Aminirod,NA,NA,NA,NA,rrs_MG1655_2ndrun,1,0,0
Aminithiophilus,Aminithiophilaceae,Synergistales,Synergistia,Synergistota,rrs_MG1655_2ndrun,1,0,0
Aminivibrio,Aminobacteriaceae,Synergistales,Synergistia,Synergistota,rrs_MG1655_2ndrun,1,0,0
Aminobacter,Rhizobiaceae,Rhizobiales,Alphaproteobacteria,Pseudomonadota,rrs_MG1655_2ndrun,6,0,0
Aminobacterium,Aminobacteriaceae,Synergistales,Synergistia,Synergistota,rrs_MG1655_2ndrun,2,0,0
Aminomonas,Synergistaceae,Synergistales,Synergistia,Synergistota,rrs_MG1655_2ndrun,1,0,0
Ammonicoccus,NA,NA,NA,NA,rrs_MG1655_2ndrun,1,0,0
Ammonifex,Ammonificaceae,Desulfotomaculales,Desulfotomaculia,Bacillota,rrs_MG1655_2ndrun,2,0,0
Ammoniphilus,RAOX-1,Aneurinibacillales,Bacilli,Bacillota,rrs_MG1655_2ndrun,1,0,0
Amnibacterium,Microbacteriaceae,Actinomycetales,Actinomycetes,Actinomycetota,rrs_MG1655_2ndrun,4,0,0
Amniculibacterium,Weeksellaceae,Flavobacteriales,Bacteroidia,Bacteroidota,rrs_MG1655_2ndrun,1,0,0
Amnimonas,NA,NA,NA,NA,rrs_MG1655_2ndrun,1,0,0
Amorphus,Amorphaceae,Rhizobiales,Alphaproteobacteria,Pseudomonadota,rrs_MG1655_2ndrun,2,0,0
Amphibacillus,Amphibacillaceae,Bacillales_D,Bacilli,Bacillota,rrs_MG1655_2ndrun,3,0,0
Amphibiibacter,NA,NA,NA,NA,rrs_MG1655_2ndrun,1,0,0
Amphiplicatus,Parvularculaceae,Caulobacterales,Alphaproteobacteria,Pseudomonadota,rrs_MG1655_2ndrun,1,0,0
Amphritea,Balneatricaceae,Pseudomonadales,Gammaproteobacteria,Pseudomonadota,rrs_MG1655_2ndrun,4,0,0
Ampullimonas,NA,NA,NA,NA,rrs_MG1655_2ndrun,1,0,0
Amycolatopsis,Pseudonocardiaceae,Mycobacteriales,Actinomycetes,Actinomycetota,rrs_MG1655_2ndrun,81,0,0
Amygdalobacter,Fastidiosipilaceae,Saccharofermentanales,Clostridia,Bacillota,rrs_MG1655_2ndrun,2,0,0
Amylibacter,Rhodobacteraceae,Rhodobacterales,Alphaproteobacteria,Pseudomonadota,rrs_MG1655_2ndrun,1,0,0
Amylolactobacillus,Lactobacillaceae,Lactobacillales,Bacilli,Bacillota,rrs_MG1655_2ndrun,2,0,0
Anabaena,Nostocaceae,Cyanobacteriales,Cyanobacteriia,Cyanobacteriota,rrs_MG1655_2ndrun,6,0,0
Anabaenopsis,Nostocaceae,Cyanobacteriales,Cyanobacteriia,Cyanobacteriota,rrs_MG1655_2ndrun,2,0,0
Anaerobaca,Anaerobacaceae,Sedimentisphaerales,Phycisphaerae,Planctomycetota,rrs_MG1655_2ndrun,1,0,0
Anaerobacillus,Anaerobacillaceae,Bacillales_H,Bacilli,Bacillota,rrs_MG1655_2ndrun,2,0,0
Anaerobacterium,QPJT01,Acetivibrionales,Clostridia,Bacillota,rrs_MG1655_2ndrun,1,0,0
Anaerobiospirillum,Succinivibrionaceae,Enterobacterales,Gammaproteobacteria,Pseudomonadota,rrs_MG1655_2ndrun,1,0,0
Anaerobium,Lachnospiraceae,Lachnospirales,Clostridia,Bacillota,rrs_MG1655_2ndrun,1,0,0
Anaerobutyricum,Lachnospiraceae,Lachnospirales,Clostridia,Bacillota,rrs_MG1655_2ndrun,1,0,0
Anaerocaecibacter,Pumilibacteraceae,Christensenellales,Clostridia,Bacillota,rrs_MG1655_2ndrun,1,0,0
Anaerocellum,NA,NA,NA,NA,rrs_MG1655_2ndrun,1,0,0
Anaerococcus,Peptoniphilaceae,Tissierellales,Clostridia,Bacillota,rrs_MG1655_2ndrun,22,0,0
Anaerocolumna,Lachnospiraceae,Lachnospirales,Clostridia,Bacillota,rrs_MG1655_2ndrun,4,0,0
Anaerofilum,Ruminococcaceae,Oscillospirales,Clostridia,Bacillota,rrs_MG1655_2ndrun,1,0,0
Anaerofustis,Anaerofustaceae,Eubacteriales,Clostridia,Bacillota,rrs_MG1655_2ndrun,2,0,0
Anaerohalosphaera,Anaerohalosphaeraceae,Sedimentisphaerales,Phycisphaerae,Planctomycetota,rrs_MG1655_2ndrun,1,0,0
Anaerolactibacter,NA,NA,NA,NA,rrs_MG1655_2ndrun,1,0,0
Anaerolentibacter,Lachnospiraceae,Lachnospirales,Clostridia,Bacillota,rrs_MG1655_2ndrun,1,0,0
Anaerolinea,Anaerolineaceae,Anaerolineales,Anaerolineae,Chloroflexota,rrs_MG1655_2ndrun,2,0,0
Anaeromassilibacillus,Acutalibacteraceae,Oscillospirales,Clostridia,Bacillota,rrs_MG1655_2ndrun,1,0,0
Anaeromicropila,Lachnospiraceae,Lachnospirales,Clostridia,Bacillota,rrs_MG1655_2ndrun,1,0,0
Anaeromyxobacter,Anaeromyxobacteraceae,Myxococcales,Myxococcia,Myxococcota,rrs_MG1655_2ndrun,7,0,0
Anaeropeptidivorans,UBA5962,Lachnospirales,Clostridia,Bacillota,rrs_MG1655_2ndrun,1,0,0
Anaerophaga,Marinilabiliaceae,Bacteroidales,Bacteroidia,Bacteroidota,rrs_MG1655_2ndrun,1,0,0
Anaerorhabdus,Erysipelotrichaceae,Erysipelotrichales,Bacilli,Bacillota,rrs_MG1655_2ndrun,1,0,0
Anaerorudis,NA,NA,NA,NA,rrs_MG1655_2ndrun,1,0,0
Anaerosacchariphilus,Lachnospiraceae,Lachnospirales,Clostridia,Bacillota,rrs_MG1655_2ndrun,2,0,0
Anaerosalibacter,Sporanaerobacteraceae,Tissierellales,Clostridia,Bacillota,rrs_MG1655_2ndrun,1,0,0
Anaeroselena,NA,NA,NA,NA,rrs_MG1655_2ndrun,1,0,0
Anaerosolibacter,Thermotaleaceae,Peptostreptococcales,Clostridia,Bacillota,rrs_MG1655_2ndrun,1,0,0
Anaerosoma,Anaerosomataceae,Anaerosomatales,Coriobacteriia,Actinomycetota,rrs_MG1655_2ndrun,1,0,0
Anaerosphaera,Peptoniphilaceae,Tissierellales,Clostridia,Bacillota,rrs_MG1655_2ndrun,1,0,0
Anaerosporobacter,Lachnospiraceae,Lachnospirales,Clostridia,Bacillota,rrs_MG1655_2ndrun,1,0,0
Anaerosporomusa,Acetonemataceae,Sporomusales,Negativicutes,Bacillota,rrs_MG1655_2ndrun,1,0,0
Anaerostipes,Lachnospiraceae,Lachnospirales,Clostridia,Bacillota,rrs_MG1655_2ndrun,6,0,0
Anaerotaenia,NA,NA,NA,NA,rrs_MG1655_2ndrun,1,0,0
Anaerotalea,Vallitaleaceae,Lachnospirales,Clostridia,Bacillota,rrs_MG1655_2ndrun,1,0,0
Anaerotardibacter,Eggerthellaceae,Coriobacteriales,Coriobacteriia,Actinomycetota,rrs_MG1655_2ndrun,1,0,0
Anaerotignum,Anaerotignaceae,Lachnospirales,Clostridia,Bacillota,rrs_MG1655_2ndrun,3,0,0
Anaerotruncus,Ruminococcaceae,Oscillospirales,Clostridia,Bacillota,rrs_MG1655_2ndrun,2,0,0
Anaerovibrio,Selenomonadaceae,Selenomonadales,Negativicutes,Bacillota,rrs_MG1655_2ndrun,2,0,0
Anaerovirgula,Natronincolaceae,Peptostreptococcales,Clostridia,Bacillota,rrs_MG1655_2ndrun,1,0,0
Anaplasma,Anaplasmataceae,Rickettsiales,Alphaproteobacteria,Pseudomonadota,rrs_MG1655_2ndrun,6,0,0
Anatilimnocola,Pirellulaceae,Pirellulales,Planctomycetia,Planctomycetota,rrs_MG1655_2ndrun,2,0,0
Ancylobacter,Xanthobacteraceae,Rhizobiales,Alphaproteobacteria,Pseudomonadota,rrs_MG1655_2ndrun,18,0,0
Ancylomarina,Marinifilaceae,Bacteroidales,Bacteroidia,Bacteroidota,rrs_MG1655_2ndrun,4,0,0
Anditalea,Cyclobacteriaceae,Cytophagales,Bacteroidia,Bacteroidota,rrs_MG1655_2ndrun,1,0,0
Andreesenia,Gottschalkiaceae,Tissierellales,Clostridia,Bacillota,rrs_MG1655_2ndrun,1,0,0
Andreprevotia,Chitinibacteraceae,Burkholderiales,Gammaproteobacteria,Pseudomonadota,rrs_MG1655_2ndrun,1,0,0
Aneurinibacillus,Aneurinibacillaceae,Aneurinibacillales,Bacilli,Bacillota,rrs_MG1655_2ndrun,7,0,0
Angelakisella,Ruminococcaceae,Oscillospirales,Clostridia,Bacillota,rrs_MG1655_2ndrun,1,0,0
Angustibacter,Angustibacteraceae,Actinomycetales,Actinomycetes,Actinomycetota,rrs_MG1655_2ndrun,1,0,0
Anianabacter,Rhodobacteraceae,Rhodobacterales,Alphaproteobacteria,Pseudomonadota,rrs_MG1655_2ndrun,1,0,0
Anoxybacillus,Anoxybacillaceae,Bacillales,Bacilli,Bacillota,rrs_MG1655_2ndrun,7,0,0
Anoxybacter,DY22613,DY22613,Halanaerobiia,Bacillota,rrs_MG1655_2ndrun,1,0,0
Anoxybacterium,NA,NA,NA,NA,rrs_MG1655_2ndrun,1,0,0
Anoxybacteroides,NA,NA,NA,NA,rrs_MG1655_2ndrun,1,0,0
Anoxynatronum,Tindalliaceae,Peptostreptococcales,Clostridia,Bacillota,rrs_MG1655_2ndrun,2,0,0
Anseongella,Sphingobacteriaceae,Sphingobacteriales,Bacteroidia,Bacteroidota,rrs_MG1655_2ndrun,1,0,0
Antarcticibacterium,NA,NA,NA,NA,rrs_MG1655_2ndrun,2,0,0
Antarcticimicrobium,Rhodobacteraceae,Rhodobacterales,Alphaproteobacteria,Pseudomonadota,rrs_MG1655_2ndrun,2,0,0
Antarcticirhabdus,Rhizobiaceae,Rhizobiales,Alphaproteobacteria,Pseudomonadota,rrs_MG1655_2ndrun,1,0,0
Antarctobacter,Rhodobacteraceae,Rhodobacterales,Alphaproteobacteria,Pseudomonadota,rrs_MG1655_2ndrun,1,0,0
Anthocerotibacter,LV9,Gloeobacterales,Cyanobacteriia,Cyanobacteriota,rrs_MG1655_2ndrun,1,0,0
Antiquaquibacter,NA,NA,NA,NA,rrs_MG1655_2ndrun,2,0,0
Antribacter,Cellulomonadaceae,Actinomycetales,Actinomycetes,Actinomycetota,rrs_MG1655_2ndrun,2,0,0
Antricoccus,Antricoccaceae,Mycobacteriales,Actinomycetes,Actinomycetota,rrs_MG1655_2ndrun,1,0,0
Antrihabitans,Mycobacteriaceae,Mycobacteriales,Actinomycetes,Actinomycetota,rrs_MG1655_2ndrun,4,0,0
Aphanizomenon,NA,NA,NA,NA,rrs_MG1655_2ndrun,1,0,0
Aphanothece,NA,NA,NA,NA,rrs_MG1655_2ndrun,3,0,0
Apibacter,Weeksellaceae,Flavobacteriales,Bacteroidia,Bacteroidota,rrs_MG1655_2ndrun,3,0,0
Apilactobacillus,Lactobacillaceae,Lactobacillales,Bacilli,Bacillota,rrs_MG1655_2ndrun,11,0,0
Aporhodopirellula,NA,NA,NA,NA,rrs_MG1655_2ndrun,2,0,0
Aquabacter,Xanthobacteraceae,Rhizobiales,Alphaproteobacteria,Pseudomonadota,rrs_MG1655_2ndrun,3,0,0
Aquabacterium,Burkholderiaceae,Burkholderiales,Gammaproteobacteria,Pseudomonadota,rrs_MG1655_2ndrun,6,0,0
Aquamicrobium,NA,NA,NA,NA,rrs_MG1655_2ndrun,7,0,0
Aquariibacter,Burkholderiaceae,Burkholderiales,Gammaproteobacteria,Pseudomonadota,rrs_MG1655_2ndrun,2,0,0
Aquaticitalea,Flavobacteriaceae,Flavobacteriales,Bacteroidia,Bacteroidota,rrs_MG1655_2ndrun,1,0,0
Aquella,UBA11063,Burkholderiales,Gammaproteobacteria,Pseudomonadota,rrs_MG1655_2ndrun,1,0,0
Aquibacillus,Amphibacillaceae,Bacillales_D,Bacilli,Bacillota,rrs_MG1655_2ndrun,2,0,0
Aquibaculum,DSM-21159,Kiloniellales,Alphaproteobacteria,Pseudomonadota,rrs_MG1655_2ndrun,2,0,0
Aquibium,Rhizobiaceae,Rhizobiales,Alphaproteobacteria,Pseudomonadota,rrs_MG1655_2ndrun,4,0,0
Aquicella,DSM-16500,DSM-16500,Gammaproteobacteria,Pseudomonadota,rrs_MG1655_2ndrun,2,0,0
Aquicoccus,Rhodobacteraceae,Rhodobacterales,Alphaproteobacteria,Pseudomonadota,rrs_MG1655_2ndrun,1,0,0
Aquidulcibacter,TH1-2,Caulobacterales,Alphaproteobacteria,Pseudomonadota,rrs_MG1655_2ndrun,1,0,0
Aquifex,Aquificaceae,Aquificales,Aquificia,Aquificota,rrs_MG1655_2ndrun,1,0,0
Aquiflexum,Cyclobacteriaceae,Cytophagales,Bacteroidia,Bacteroidota,rrs_MG1655_2ndrun,2,0,0
Aquihabitans,Iamiaceae,Acidimicrobiales,Acidimicrobiia,Actinomycetota,rrs_MG1655_2ndrun,1,0,0
Aquiluna,Microbacteriaceae,Actinomycetales,Actinomycetes,Actinomycetota,rrs_MG1655_2ndrun,1,0,0
Aquilutibacter,NA,NA,NA,NA,rrs_MG1655_2ndrun,1,0,0
Aquimarina,Flavobacteriaceae,Flavobacteriales,Bacteroidia,Bacteroidota,rrs_MG1655_2ndrun,24,0,0
Aquimixticola,Rhodobacteraceae,Rhodobacterales,Alphaproteobacteria,Pseudomonadota,rrs_MG1655_2ndrun,1,0,0
Aquimonas,Xanthomonadaceae,Xanthomonadales,Gammaproteobacteria,Pseudomonadota,rrs_MG1655_2ndrun,1,0,0
Aquincola,Burkholderiaceae,Burkholderiales,Gammaproteobacteria,Pseudomonadota,rrs_MG1655_2ndrun,2,0,0
Aquipluma,Prolixibacteraceae,Bacteroidales,Bacteroidia,Bacteroidota,rrs_MG1655_2ndrun,1,0,0
Aquipseudomonas,NA,NA,NA,NA,rrs_MG1655_2ndrun,4,0,0
Aquipuribacter,JBBAYJ01,Actinomycetales,Actinomycetes,Actinomycetota,rrs_MG1655_2ndrun,2,0,0
Aquirhabdus,Moraxellaceae,Pseudomonadales,Gammaproteobacteria,Pseudomonadota,rrs_MG1655_2ndrun,1,0,0
Aquirufa,Spirosomataceae,Cytophagales,Bacteroidia,Bacteroidota,rrs_MG1655_2ndrun,14,0,0
Aquisalimonas,Aquisalimonadaceae,Nitrococcales,Gammaproteobacteria,Pseudomonadota,rrs_MG1655_2ndrun,2,0,0
Aquisalinus,Parvularculaceae,Caulobacterales,Alphaproteobacteria,Pseudomonadota,rrs_MG1655_2ndrun,2,0,0
Aquisediminimonas,Sphingomonadaceae,Sphingomonadales,Alphaproteobacteria,Pseudomonadota,rrs_MG1655_2ndrun,1,0,0
Aquisphaera,Isosphaeraceae,Isosphaerales,Planctomycetia,Planctomycetota,rrs_MG1655_2ndrun,2,0,0
Aquitalea,Chromobacteriaceae,Burkholderiales,Gammaproteobacteria,Pseudomonadota,rrs_MG1655_2ndrun,4,0,0
Arabiibacter,Eggerthellaceae,Coriobacteriales,Coriobacteriia,Actinomycetota,rrs_MG1655_2ndrun,1,0,0
Arachidicoccus,Chitinophagaceae,Chitinophagales,Bacteroidia,Bacteroidota,rrs_MG1655_2ndrun,4,0,0
Arachnia,Propionibacteriaceae,Propionibacteriales,Actinomycetes,Actinomycetota,rrs_MG1655_2ndrun,2,0,0
Arboricoccus,Geminicoccaceae,Geminicoccales,Alphaproteobacteria,Pseudomonadota,rrs_MG1655_2ndrun,1,0,0
Arcanobacterium,Actinomycetaceae,Actinomycetales,Actinomycetes,Actinomycetota,rrs_MG1655_2ndrun,12,0,0
Archangium,Myxococcaceae,Myxococcales,Myxococcia,Myxococcota,rrs_MG1655_2ndrun,5,0,0
Arcicella,Spirosomataceae,Cytophagales,Bacteroidia,Bacteroidota,rrs_MG1655_2ndrun,5,0,0
Arcobacter,Arcobacteraceae,Campylobacterales,Campylobacteria,Campylobacterota,rrs_MG1655_2ndrun,16,0,0
Arcticibacter,Sphingobacteriaceae,Sphingobacteriales,Bacteroidia,Bacteroidota,rrs_MG1655_2ndrun,4,0,0
Arcticibacterium,Spirosomataceae,Cytophagales,Bacteroidia,Bacteroidota,rrs_MG1655_2ndrun,1,0,0
Arenibacter,Flavobacteriaceae,Flavobacteriales,Bacteroidia,Bacteroidota,rrs_MG1655_2ndrun,9,0,0
Arenibacterium,Rhodobacteraceae,Rhodobacterales,Alphaproteobacteria,Pseudomonadota,rrs_MG1655_2ndrun,1,0,0
Arenibaculum,Azospirillaceae,Azospirillales,Alphaproteobacteria,Pseudomonadota,rrs_MG1655_2ndrun,1,0,0
Arenicella,Arenicellaceae,Arenicellales,Gammaproteobacteria,Pseudomonadota,rrs_MG1655_2ndrun,2,0,0
Arenimonas,Xanthomonadaceae,Xanthomonadales,Gammaproteobacteria,Pseudomonadota,rrs_MG1655_2ndrun,10,0,0
Arenivirga,Microbacteriaceae,Actinomycetales,Actinomycetes,Actinomycetota,rrs_MG1655_2ndrun,1,0,0
Argonema,Aerosakkonemataceae,Cyanobacteriales,Cyanobacteriia,Cyanobacteriota,rrs_MG1655_2ndrun,2,0,0
Aridibaculum,NA,NA,NA,NA,rrs_MG1655_2ndrun,1,0,0
Aristaeella,Aristaeellaceae,Christensenellales,Clostridia,Bacillota,rrs_MG1655_2ndrun,2,0,0
Aristophania,Acetobacteraceae,Acetobacterales,Alphaproteobacteria,Pseudomonadota,rrs_MG1655_2ndrun,1,0,0
Armatimonas,Armatimonadaceae,Armatimonadales,Armatimonadia,Armatimonadota,rrs_MG1655_2ndrun,1,0,0
Aromatoleum,Rhodocyclaceae,Burkholderiales,Gammaproteobacteria,Pseudomonadota,rrs_MG1655_2ndrun,10,0,0
Arsenicibacter,Spirosomataceae,Cytophagales,Bacteroidia,Bacteroidota,rrs_MG1655_2ndrun,1,0,0
Arsenicicoccus,Dermatophilaceae,Actinomycetales,Actinomycetes,Actinomycetota,rrs_MG1655_2ndrun,3,0,0
Arsenicitalea,Devosiaceae,Rhizobiales,Alphaproteobacteria,Pseudomonadota,rrs_MG1655_2ndrun,1,0,0
Arsenophonus,Enterobacteriaceae_A,Enterobacterales_A,Gammaproteobacteria,Pseudomonadota,rrs_MG1655_2ndrun,8,1,0.125
Arsukibacterium,Alteromonadaceae,Enterobacterales,Gammaproteobacteria,Pseudomonadota,rrs_MG1655_2ndrun,4,0,0
Arthrobacter,Micrococcaceae,Actinomycetales,Actinomycetes,Actinomycetota,rrs_MG1655_2ndrun,70,0,0
Arthrospiribacter,Cyclobacteriaceae,Cytophagales,Bacteroidia,Bacteroidota,rrs_MG1655_2ndrun,1,0,0
Arvimicrobium,NA,NA,NA,NA,rrs_MG1655_2ndrun,1,0,0
Asaia,Acetobacteraceae,Acetobacterales,Alphaproteobacteria,Pseudomonadota,rrs_MG1655_2ndrun,8,0,0
Asanoa,Micromonosporaceae,Mycobacteriales,Actinomycetes,Actinomycetota,rrs_MG1655_2ndrun,5,0,0
Ascidiaceihabitans,Rhodobacteraceae,Rhodobacterales,Alphaproteobacteria,Pseudomonadota,rrs_MG1655_2ndrun,1,0,0
Ascidiimonas,Flavobacteriaceae,Flavobacteriales,Bacteroidia,Bacteroidota,rrs_MG1655_2ndrun,2,0,0
Asprobacillus,Flavobacteriaceae,Flavobacteriales,Bacteroidia,Bacteroidota,rrs_MG1655_2ndrun,1,0,0
Asticcacaulis,Caulobacteraceae,Caulobacterales,Alphaproteobacteria,Pseudomonadota,rrs_MG1655_2ndrun,10,0,0
Athalassotoga,Mesoaciditogaceae,Mesoaciditogales,Thermotogae,Thermotogota,rrs_MG1655_2ndrun,1,0,0
Atlantibacter,Enterobacteriaceae,Enterobacterales,Gammaproteobacteria,Pseudomonadota,rrs_MG1655_2ndrun,2,0,0
Atlanticothrix,Nostocaceae,Cyanobacteriales,Cyanobacteriia,Cyanobacteriota,rrs_MG1655_2ndrun,1,0,0
Atopobium,Atopobiaceae,Coriobacteriales,Coriobacteriia,Actinomycetota,rrs_MG1655_2ndrun,3,0,0
Atopomonas,Pseudomonadaceae,Pseudomonadales,Gammaproteobacteria,Pseudomonadota,rrs_MG1655_2ndrun,2,0,0
Atopostipes,Carnobacteriaceae,Lactobacillales,Bacilli,Bacillota,rrs_MG1655_2ndrun,1,0,0
Atribacter,Atribacteraceae,Atribacterales,Atribacteria,Atribacterota,rrs_MG1655_2ndrun,1,0,0
Atrimonas,NA,NA,NA,NA,rrs_MG1655_2ndrun,1,0,0
Aurantiacibacter,Sphingomonadaceae,Sphingomonadales,Alphaproteobacteria,Pseudomonadota,rrs_MG1655_2ndrun,16,0,0
Aurantibacillus,B-17BO,B-17B0,Bacteroidia,Bacteroidota,rrs_MG1655_2ndrun,1,0,0
Aurantibacter,Flavobacteriaceae,Flavobacteriales,Bacteroidia,Bacteroidota,rrs_MG1655_2ndrun,2,0,0
Aurantimicrobium,Microbacteriaceae,Actinomycetales,Actinomycetes,Actinomycetota,rrs_MG1655_2ndrun,2,0,0
Aurantimonas,Rhizobiaceae,Rhizobiales,Alphaproteobacteria,Pseudomonadota,rrs_MG1655_2ndrun,5,0,0
Auraticoccus,Propionibacteriaceae,Propionibacteriales,Actinomycetes,Actinomycetota,rrs_MG1655_2ndrun,2,0,0
Aureibacillus,DSM-28697,DSM-28697,Bacilli,Bacillota,rrs_MG1655_2ndrun,1,0,0
Aureibacter,Cyclobacteriaceae,Cytophagales,Bacteroidia,Bacteroidota,rrs_MG1655_2ndrun,1,0,0
Aureibaculum,Flavobacteriaceae,Flavobacteriales,Bacteroidia,Bacteroidota,rrs_MG1655_2ndrun,4,0,0
Aureicoccus,Flavobacteriaceae,Flavobacteriales,Bacteroidia,Bacteroidota,rrs_MG1655_2ndrun,1,0,0
Aureimonas,Rhizobiaceae,Rhizobiales,Alphaproteobacteria,Pseudomonadota,rrs_MG1655_2ndrun,12,0,0
Aureisphaera,Flavobacteriaceae,Flavobacteriales,Bacteroidia,Bacteroidota,rrs_MG1655_2ndrun,1,0,0
Aureispira,Saprospiraceae,Chitinophagales,Bacteroidia,Bacteroidota,rrs_MG1655_2ndrun,1,0,0
Aureitalea,Flavobacteriaceae,Flavobacteriales,Bacteroidia,Bacteroidota,rrs_MG1655_2ndrun,1,0,0
Aureivirga,Flavobacteriaceae,Flavobacteriales,Bacteroidia,Bacteroidota,rrs_MG1655_2ndrun,1,0,0
Aureliella,Pirellulaceae,Pirellulales,Planctomycetia,Planctomycetota,rrs_MG1655_2ndrun,1,0,0
Auritidibacter,Micrococcaceae,Actinomycetales,Actinomycetes,Actinomycetota,rrs_MG1655_2ndrun,1,0,0
Austwickia,Dermatophilaceae,Actinomycetales,Actinomycetes,Actinomycetota,rrs_MG1655_2ndrun,1,0,0
Autumnicola,Flavobacteriaceae,Flavobacteriales,Bacteroidia,Bacteroidota,rrs_MG1655_2ndrun,6,0,0
Avibacterium,Pasteurellaceae,Enterobacterales,Gammaproteobacteria,Pseudomonadota,rrs_MG1655_2ndrun,3,0,0
Avrilella,NA,NA,NA,NA,rrs_MG1655_2ndrun,1,0,0
Azoarcus,Rhodocyclaceae,Burkholderiales,Gammaproteobacteria,Pseudomonadota,rrs_MG1655_2ndrun,3,0,0
Azohydromonas,Burkholderiaceae,Burkholderiales,Gammaproteobacteria,Pseudomonadota,rrs_MG1655_2ndrun,4,0,0
Azomonas,Pseudomonadaceae,Pseudomonadales,Gammaproteobacteria,Pseudomonadota,rrs_MG1655_2ndrun,1,0,0
Azonexus,Rhodocyclaceae,Burkholderiales,Gammaproteobacteria,Pseudomonadota,rrs_MG1655_2ndrun,3,0,0
Azorhizobium,Xanthobacteraceae,Rhizobiales,Alphaproteobacteria,Pseudomonadota,rrs_MG1655_2ndrun,3,0,0
Azorhizophilus,NA,NA,NA,NA,rrs_MG1655_2ndrun,1,0,0
Azospira,Rhodocyclaceae,Burkholderiales,Gammaproteobacteria,Pseudomonadota,rrs_MG1655_2ndrun,3,0,0
Azospirillum,Azospirillaceae,Azospirillales,Alphaproteobacteria,Pseudomonadota,rrs_MG1655_2ndrun,23,0,0
Azotobacter,Pseudomonadaceae,Pseudomonadales,Gammaproteobacteria,Pseudomonadota,rrs_MG1655_2ndrun,4,0,0
Azotosporobacter,SG130,SG130,Negativicutes,Bacillota,rrs_MG1655_2ndrun,1,0,0
Azovibrio,Rhodocyclaceae,Burkholderiales,Gammaproteobacteria,Pseudomonadota,rrs_MG1655_2ndrun,1,0,0
Baaleninema,Geitlerinemataceae,Cyanobacteriales,Cyanobacteriia,Cyanobacteriota,rrs_MG1655_2ndrun,1,0,0
Bacilliculturomica,Anaerovoracaceae,Peptostreptococcales,Clostridia,Bacillota,rrs_MG1655_2ndrun,1,0,0
Bacillus,Bacillaceae,Bacillales,Bacilli,Bacillota,rrs_MG1655_2ndrun,114,0,0
Bacterioplanes,DSM-6294,Pseudomonadales,Gammaproteobacteria,Pseudomonadota,rrs_MG1655_2ndrun,1,0,0
Bacteriovorax,Bacteriovoracaceae,Bacteriovoracales,Bacteriovoracia,Bdellovibrionota,rrs_MG1655_2ndrun,2,0,0
Bacteroides,Bacteroidaceae,Bacteroidales,Bacteroidia,Bacteroidota,rrs_MG1655_2ndrun,50,0,0
Bacteroidetes,NA,NA,NA,NA,rrs_MG1655_2ndrun,1,0,0
Baekduia,Solirubrobacteraceae,Solirubrobacterales,Thermoleophilia,Actinomycetota,rrs_MG1655_2ndrun,2,0,0
Bailinhaonella,Streptosporangiaceae,Streptosporangiales,Actinomycetes,Actinomycetota,rrs_MG1655_2ndrun,1,0,0
Balnearium,Desulfurobacteriaceae,Desulfurobacteriales,Aquificia,Aquificota,rrs_MG1655_2ndrun,1,0,0
Balneicella,Marinifilaceae,Bacteroidales,Bacteroidia,Bacteroidota,rrs_MG1655_2ndrun,1,0,0
Balneola,Balneolaceae,Balneolales,Rhodothermia,Bacteroidota_A,rrs_MG1655_2ndrun,1,0,0
Banduia,JAHZLQ01,Nevskiales,Gammaproteobacteria,Pseudomonadota,rrs_MG1655_2ndrun,1,0,0
Bariatricus,Lachnospiraceae,Lachnospirales,Clostridia,Bacillota,rrs_MG1655_2ndrun,1,0,0
Barnesiella,Barnesiellaceae,Bacteroidales,Bacteroidia,Bacteroidota,rrs_MG1655_2ndrun,3,0,0
Barrientosiimonas,Dermatophilaceae,Actinomycetales,Actinomycetes,Actinomycetota,rrs_MG1655_2ndrun,2,0,0
Bartonella,Rhizobiaceae,Rhizobiales,Alphaproteobacteria,Pseudomonadota,rrs_MG1655_2ndrun,49,0,0
Basfia,Pasteurellaceae,Enterobacterales,Gammaproteobacteria,Pseudomonadota,rrs_MG1655_2ndrun,1,0,0
Basilea,Burkholderiaceae,Burkholderiales,Gammaproteobacteria,Pseudomonadota,rrs_MG1655_2ndrun,1,0,0
Bathymodiolus,NA,NA,NA,NA,rrs_MG1655_2ndrun,6,0,0
Bauldia,Kaistiaceae,Rhizobiales,Alphaproteobacteria,Pseudomonadota,rrs_MG1655_2ndrun,1,0,0
Bavariicoccus,Aerococcaceae,Lactobacillales,Bacilli,Bacillota,rrs_MG1655_2ndrun,1,0,0
Bdellovibrio,Bdellovibrionaceae,Bdellovibrionales,Bdellovibrionia,Bdellovibrionota,rrs_MG1655_2ndrun,3,0,0
Beduinella,Aristaeellaceae,Christensenellales,Clostridia,Bacillota,rrs_MG1655_2ndrun,1,0,0
Beduini,Coprobacillaceae,Erysipelotrichales,Bacilli,Bacillota,rrs_MG1655_2ndrun,1,0,0
Beggiatoa,Beggiatoaceae,Beggiatoales,Gammaproteobacteria,Pseudomonadota,rrs_MG1655_2ndrun,2,0,0
Beijerinckia,Beijerinckiaceae,Rhizobiales,Alphaproteobacteria,Pseudomonadota,rrs_MG1655_2ndrun,2,0,0
Belliella,Cyclobacteriaceae,Cytophagales,Bacteroidia,Bacteroidota,rrs_MG1655_2ndrun,9,0,0
Bellilinea,Anaerolineaceae,Anaerolineales,Anaerolineae,Chloroflexota,rrs_MG1655_2ndrun,1,0,0
Belnapia,Acetobacteraceae,Acetobacterales,Alphaproteobacteria,Pseudomonadota,rrs_MG1655_2ndrun,3,0,0
Bengtsoniella,NA,NA,NA,NA,rrs_MG1655_2ndrun,1,0,0
Benzoatithermus,NA,NA,NA,NA,rrs_MG1655_2ndrun,1,0,0
Bergeriella,NA,NA,NA,NA,rrs_MG1655_2ndrun,1,0,0
Bergeyella,Weeksellaceae,Flavobacteriales,Bacteroidia,Bacteroidota,rrs_MG1655_2ndrun,3,0,0
Bermanella,DSM-6294,Pseudomonadales,Gammaproteobacteria,Pseudomonadota,rrs_MG1655_2ndrun,1,0,0
Bernardetia,Bernardetiaceae,Cytophagales,Bacteroidia,Bacteroidota,rrs_MG1655_2ndrun,1,0,0
Berryella,Eggerthellaceae,Coriobacteriales,Coriobacteriia,Actinomycetota,rrs_MG1655_2ndrun,2,0,0
Beutenbergia,Beutenbergiaceae,Actinomycetales,Actinomycetes,Actinomycetota,rrs_MG1655_2ndrun,1,0,0
Bhargavaea,Planococcaceae,Bacillales_A,Bacilli,Bacillota,rrs_MG1655_2ndrun,1,0,0
Bianquea,Bianqueaceae,Lachnospirales,Clostridia,Bacillota,rrs_MG1655_2ndrun,1,0,0
Bibersteinia,Pasteurellaceae,Enterobacterales,Gammaproteobacteria,Pseudomonadota,rrs_MG1655_2ndrun,1,0,0
Bifidobacterium,Bifidobacteriaceae,Actinomycetales,Actinomycetes,Actinomycetota,rrs_MG1655_2ndrun,103,0,0
Biformimicrobium,NA,NA,NA,NA,rrs_MG1655_2ndrun,1,0,0
Bilifractor,Lachnospiraceae,Lachnospirales,Clostridia,Bacillota,rrs_MG1655_2ndrun,1,0,0
Billgrantia,Halomonadaceae,Pseudomonadales,Gammaproteobacteria,Pseudomonadota,rrs_MG1655_2ndrun,9,0,0
Bilophila,Desulfovibrionaceae,Desulfovibrionales,Desulfovibrionia,Desulfobacterota_I,rrs_MG1655_2ndrun,1,0,0
Biomaibacter,Tepidanaerobacteraceae,Thermosediminibacterales,Thermosediminibacteria,Bacillota,rrs_MG1655_2ndrun,1,0,0
Biostraticola,Enterobacteriaceae_A,Enterobacterales_A,Gammaproteobacteria,Pseudomonadota,rrs_MG1655_2ndrun,1,0,0
Bisbaumannia,Halomonadaceae,Pseudomonadales,Gammaproteobacteria,Pseudomonadota,rrs_MG1655_2ndrun,1,0,0
Bisgaardia,Pasteurellaceae,Enterobacterales,Gammaproteobacteria,Pseudomonadota,rrs_MG1655_2ndrun,1,0,0
Bizionia,Flavobacteriaceae,Flavobacteriales,Bacteroidia,Bacteroidota,rrs_MG1655_2ndrun,8,0,0
Blastochloris,Xanthobacteraceae,Rhizobiales,Alphaproteobacteria,Pseudomonadota,rrs_MG1655_2ndrun,3,0,0
Blastococcus,Geodermatophilaceae,Mycobacteriales,Actinomycetes,Actinomycetota,rrs_MG1655_2ndrun,16,0,0
Blastomonas,Sphingomonadaceae,Sphingomonadales,Alphaproteobacteria,Pseudomonadota,rrs_MG1655_2ndrun,4,0,0
Blastopirellula,Pirellulaceae,Pirellulales,Planctomycetia,Planctomycetota,rrs_MG1655_2ndrun,3,0,0
Blattabacterium,Blattabacteriaceae,Flavobacteriales_B,Bacteroidia,Bacteroidota,rrs_MG1655_2ndrun,3,0,0
Blautia,Lachnospiraceae,Lachnospirales,Clostridia,Bacillota,rrs_MG1655_2ndrun,22,0,0
Blochmannia,NA,NA,NA,NA,rrs_MG1655_2ndrun,8,0,0
Bogoriella,Actinomycetaceae,Actinomycetales,Actinomycetes,Actinomycetota,rrs_MG1655_2ndrun,1,0,0
Bombella,Acetobacteraceae,Acetobacterales,Alphaproteobacteria,Pseudomonadota,rrs_MG1655_2ndrun,8,0,0
Bombilactobacillus,Lactobacillaceae,Lactobacillales,Bacilli,Bacillota,rrs_MG1655_2ndrun,5,0,0
Bombiscardovia,Bifidobacteriaceae,Actinomycetales,Actinomycetes,Actinomycetota,rrs_MG1655_2ndrun,2,0,0
Borborobacter,NA,NA,NA,NA,rrs_MG1655_2ndrun,1,0,0
Bordetella,Burkholderiaceae,Burkholderiales,Gammaproteobacteria,Pseudomonadota,rrs_MG1655_2ndrun,16,0,0
Borrelia,Borreliaceae,Borreliales,Spirochaetia,Spirochaetota,rrs_MG1655_2ndrun,15,0,0
Borreliella,Borreliaceae,Borreliales,Spirochaetia,Spirochaetota,rrs_MG1655_2ndrun,20,0,0
Bosea,Beijerinckiaceae,Rhizobiales,Alphaproteobacteria,Pseudomonadota,rrs_MG1655_2ndrun,13,0,0
Boseongicola,Rhodobacteraceae,Rhodobacterales,Alphaproteobacteria,Pseudomonadota,rrs_MG1655_2ndrun,1,0,0
Botrimarina,Lacipirellulaceae,Pirellulales,Planctomycetia,Planctomycetota,rrs_MG1655_2ndrun,3,0,0
Botryobacter,NA,NA,NA,NA,rrs_MG1655_2ndrun,1,0,0
Boudabousia,Actinomycetaceae,Actinomycetales,Actinomycetes,Actinomycetota,rrs_MG1655_2ndrun,2,0,0
Bovifimicola,Lachnospiraceae,Lachnospirales,Clostridia,Bacillota,rrs_MG1655_2ndrun,1,0,0
Bowdeniella,Actinomycetaceae,Actinomycetales,Actinomycetes,Actinomycetota,rrs_MG1655_2ndrun,2,0,0
Bowmanella,Alteromonadaceae,Enterobacterales,Gammaproteobacteria,Pseudomonadota,rrs_MG1655_2ndrun,3,0,0
Brachybacterium,Dermabacteraceae,Actinomycetales,Actinomycetes,Actinomycetota,rrs_MG1655_2ndrun,28,0,0
Brachymonas,Burkholderiaceae,Burkholderiales,Gammaproteobacteria,Pseudomonadota,rrs_MG1655_2ndrun,1,0,0
Brachyspira,Brachyspiraceae,Brachyspirales,Brachyspiria,Spirochaetota,rrs_MG1655_2ndrun,11,0,0
Brackiella,Burkholderiaceae,Burkholderiales,Gammaproteobacteria,Pseudomonadota,rrs_MG1655_2ndrun,1,0,0
Bradymonas,Bradymonadaceae,Bradymonadales,Bradymonadia,Myxococcota,rrs_MG1655_2ndrun,1,0,0
Bradyrhizobium,Xanthobacteraceae,Rhizobiales,Alphaproteobacteria,Pseudomonadota,rrs_MG1655_2ndrun,83,0,0
Branchiibius,Dermatophilaceae,Actinomycetales,Actinomycetes,Actinomycetota,rrs_MG1655_2ndrun,2,0,0
Brasilonema,Nostocaceae,Cyanobacteriales,Cyanobacteriia,Cyanobacteriota,rrs_MG1655_2ndrun,1,0,0
Brassicibacter,NA,NA,NA,NA,rrs_MG1655_2ndrun,1,0,0
Bremerella,Pirellulaceae,Pirellulales,Planctomycetia,Planctomycetota,rrs_MG1655_2ndrun,3,0,0
Brenneria,Enterobacteriaceae,Enterobacterales,Gammaproteobacteria,Pseudomonadota,rrs_MG1655_2ndrun,10,0,0
Breoghania,Stappiaceae,Rhizobiales,Alphaproteobacteria,Pseudomonadota,rrs_MG1655_2ndrun,1,0,0
Brevibacillus,Brevibacillaceae,Brevibacillales,Bacilli,Bacillota,rrs_MG1655_2ndrun,25,0,0
Brevibacterium,Brevibacteriaceae,Actinomycetales,Actinomycetes,Actinomycetota,rrs_MG1655_2ndrun,37,0,0
Brevifollis,NA,NA,NA,NA,rrs_MG1655_2ndrun,1,0,0
Brevinema,Brevinemataceae,Brevinematales,Brevinematia,Spirochaetota,rrs_MG1655_2ndrun,1,0,0
Brevirhabdus,Rhodobacteraceae,Rhodobacterales,Alphaproteobacteria,Pseudomonadota,rrs_MG1655_2ndrun,1,0,0
Brevundimonas,Caulobacteraceae,Caulobacterales,Alphaproteobacteria,Pseudomonadota,rrs_MG1655_2ndrun,39,0,0
Breznakia,Erysipelotrichaceae,Erysipelotrichales,Bacilli,Bacillota,rrs_MG1655_2ndrun,1,0,0
Breznakiella,Breznakiellaceae,Treponematales,Spirochaetia,Spirochaetota,rrs_MG1655_2ndrun,1,0,0
Brochothrix,Listeriaceae,Lactobacillales,Bacilli,Bacillota,rrs_MG1655_2ndrun,2,0,0
Brockia,DSM-22653,Thermicanales,Bacilli,Bacillota,rrs_MG1655_2ndrun,1,0,0
Brooklawnia,Propionibacteriaceae,Propionibacteriales,Actinomycetes,Actinomycetota,rrs_MG1655_2ndrun,2,0,0
Brotomerdimonas,NA,NA,NA,NA,rrs_MG1655_2ndrun,1,0,0
Brotonthovivens,Lachnospiraceae,Lachnospirales,Clostridia,Bacillota,rrs_MG1655_2ndrun,1,0,0
Brucella,Rhizobiaceae,Rhizobiales,Alphaproteobacteria,Pseudomonadota,rrs_MG1655_2ndrun,27,0,0
Brucepastera,Treponemataceae,Treponematales,Spirochaetia,Spirochaetota,rrs_MG1655_2ndrun,1,0,0
Brumicola,NA,NA,NA,NA,rrs_MG1655_2ndrun,3,0,0
Brumimicrobium,Crocinitomicaceae,Flavobacteriales,Bacteroidia,Bacteroidota,rrs_MG1655_2ndrun,5,0,0
Bryobacter,Bryobacteraceae,Bryobacterales,Terriglobia,Acidobacteriota,rrs_MG1655_2ndrun,1,0,0
Bryocella,NA,NA,NA,NA,rrs_MG1655_2ndrun,1,0,0
Brytella,Acetobacteraceae,Acetobacterales,Alphaproteobacteria,Pseudomonadota,rrs_MG1655_2ndrun,1,0,0
Buchananella,Actinomycetaceae,Actinomycetales,Actinomycetes,Actinomycetota,rrs_MG1655_2ndrun,2,0,0
Buchnera,Enterobacteriaceae_A,Enterobacterales_A,Gammaproteobacteria,Pseudomonadota,rrs_MG1655_2ndrun,1,0,0
Budvicia,Enterobacteriaceae,Enterobacterales,Gammaproteobacteria,Pseudomonadota,rrs_MG1655_2ndrun,2,0,0
Bulleidia,Erysipelotrichaceae,Erysipelotrichales,Bacilli,Bacillota,rrs_MG1655_2ndrun,1,0,0
Burkholderia,Burkholderiaceae,Burkholderiales,Gammaproteobacteria,Pseudomonadota,rrs_MG1655_2ndrun,41,0,0
Buttiauxella,Enterobacteriaceae,Enterobacterales,Gammaproteobacteria,Pseudomonadota,rrs_MG1655_2ndrun,8,0,0
Butyribacter,Lachnospiraceae,Lachnospirales,Clostridia,Bacillota,rrs_MG1655_2ndrun,1,0,0
Butyricicoccus,Butyricicoccaceae,Oscillospirales,Clostridia,Bacillota,rrs_MG1655_2ndrun,2,0,0
Butyricimonas,Marinifilaceae,Bacteroidales,Bacteroidia,Bacteroidota,rrs_MG1655_2ndrun,4,0,0
Butyrivibrio,Lachnospiraceae,Lachnospirales,Clostridia,Bacillota,rrs_MG1655_2ndrun,3,0,0
Bythopirellula,Lacipirellulaceae,Pirellulales,Planctomycetia,Planctomycetota,rrs_MG1655_2ndrun,2,0,0
Caballeronia,Burkholderiaceae,Burkholderiales,Gammaproteobacteria,Pseudomonadota,rrs_MG1655_2ndrun,25,0,0
Caecibacteroides,NA,NA,NA,NA,rrs_MG1655_2ndrun,1,0,0
Caedibacter,Francisellaceae,Francisellales,Gammaproteobacteria,Pseudomonadota,rrs_MG1655_2ndrun,1,0,0
Caenibacillus,Sporolactobacillaceae,Bacillales_K,Bacilli,Bacillota,rrs_MG1655_2ndrun,1,0,0
Caenibius,Sphingomonadaceae,Sphingomonadales,Alphaproteobacteria,Pseudomonadota,rrs_MG1655_2ndrun,1,0,0
Caenicola,NA,NA,NA,NA,rrs_MG1655_2ndrun,1,0,0
Caenimonas,NA,NA,NA,NA,rrs_MG1655_2ndrun,5,0,0
Caenispirillum,Rhodospirillaceae,Rhodospirillales,Alphaproteobacteria,Pseudomonadota,rrs_MG1655_2ndrun,2,0,0
Caldalkalibacillus,Caldalkalibacillaceae,Caldalkalibacillales,Bacilli,Bacillota,rrs_MG1655_2ndrun,3,0,0
Caldanaerobacter,NA,NA,NA,NA,rrs_MG1655_2ndrun,1,0,0
Caldanaerobius,Caldanaerobiaceae,Thermoanaerobacterales,Thermoanaerobacteria,Bacillota,rrs_MG1655_2ndrun,1,0,0
Calderihabitans,Calderihabitantaceae,Calderihabitantales,KKC1,Bacillota,rrs_MG1655_2ndrun,1,0,0
Caldicellulosiruptor,Caldicellulosiruptoraceae,Caldicellulosiruptorales,Thermoanaerobacteria,Bacillota,rrs_MG1655_2ndrun,11,0,0
Caldichromatium,NA,NA,NA,NA,rrs_MG1655_2ndrun,1,0,0
Caldicoprobacter,Caldicoprobacteraceae,Caldicoprobacterales,Clostridia,Bacillota,rrs_MG1655_2ndrun,1,0,0
Caldifermentibacillus,Caldibacillaceae,Bacillales_B,Bacilli,Bacillota,rrs_MG1655_2ndrun,1,0,0
Caldilinea,Caldilineaceae,Caldilineales,Anaerolineae,Chloroflexota,rrs_MG1655_2ndrun,1,0,0
Caldimicrobium,Thermodesulfobacteriaceae,Thermodesulfobacteriales,Thermodesulfobacteria,Desulfobacterota,rrs_MG1655_2ndrun,1,0,0
Caldimonas,Burkholderiaceae,Burkholderiales,Gammaproteobacteria,Pseudomonadota,rrs_MG1655_2ndrun,7,0,0
Caldinitratiruptor,ZC4RG38,Symbiobacteriales,Symbiobacteriia,Bacillota,rrs_MG1655_2ndrun,1,0,0
Caldisericum,Caldisericaceae,Caldisericales,Caldisericia,Caldisericota,rrs_MG1655_2ndrun,1,0,0
Calditerricola,Calditerricolaceae,Calditerricolales,Bacilli,Bacillota,rrs_MG1655_2ndrun,1,0,0
Calditerrivibrio,Calditerrivibrionaceae,Deferribacterales,Deferribacteres,Chrysiogenota,rrs_MG1655_2ndrun,1,0,0
Caldithrix,Calditrichaceae,Calditrichales,Calditrichia,Calditrichota,rrs_MG1655_2ndrun,1,0,0
Caldovatus,Acetobacteraceae,Acetobacterales,Alphaproteobacteria,Pseudomonadota,rrs_MG1655_2ndrun,2,0,0
Calidifontibacillus,Bacillaceae_J,Bacillales_C,Bacilli,Bacillota,rrs_MG1655_2ndrun,2,0,0
Calidifontibacter,NA,NA,NA,NA,rrs_MG1655_2ndrun,1,0,0
Calidithermus,Thermaceae,Deinococcales,Deinococci,Deinococcota,rrs_MG1655_2ndrun,4,0,0
Caloramator,Caloramatoraceae,Clostridiales,Clostridia,Bacillota,rrs_MG1655_2ndrun,4,0,0
Caloranaerobacter,Thermohalobacteraceae,Tissierellales,Clostridia,Bacillota,rrs_MG1655_2ndrun,1,0,0
Calorimonas,UBA4877,Thermoanaerobacterales,Thermoanaerobacteria,Bacillota,rrs_MG1655_2ndrun,1,0,0
Calothrix,NA,NA,NA,NA,rrs_MG1655_2ndrun,3,0,0
Calycomorphotria,Planctomycetaceae,Planctomycetales,Planctomycetia,Planctomycetota,rrs_MG1655_2ndrun,1,0,0
Camelimonas,Beijerinckiaceae,Rhizobiales,Alphaproteobacteria,Pseudomonadota,rrs_MG1655_2ndrun,3,0,0
Camelliibacillus,NA,NA,NA,NA,rrs_MG1655_2ndrun,1,0,0
Caminibacter,Nautiliaceae,Nautiliales,Campylobacteria,Campylobacterota,rrs_MG1655_2ndrun,2,0,0
Campylobacter,Campylobacteraceae,Campylobacterales,Campylobacteria,Campylobacterota,rrs_MG1655_2ndrun,52,0,0
Candidatus,NA,NA,NA,NA,rrs_MG1655_2ndrun,388,0,0
Candidimonas,Burkholderiaceae,Burkholderiales,Gammaproteobacteria,Pseudomonadota,rrs_MG1655_2ndrun,2,0,0
Canibacter,Microbacteriaceae,Actinomycetales,Actinomycetes,Actinomycetota,rrs_MG1655_2ndrun,3,0,0
Canicola,Pasteurellaceae,Enterobacterales,Gammaproteobacteria,Pseudomonadota,rrs_MG1655_2ndrun,1,0,0
Caniella,NA,NA,NA,NA,rrs_MG1655_2ndrun,1,0,0
Capillibacterium,UBA10575,UBA10575,UBA4882,Bacillota,rrs_MG1655_2ndrun,1,0,0
Capillimicrobium,Solirubrobacteraceae,Solirubrobacterales,Thermoleophilia,Actinomycetota,rrs_MG1655_2ndrun,1,0,0
Capilliphycus,NA,NA,NA,NA,rrs_MG1655_2ndrun,1,0,0
Capnocytophaga,Flavobacteriaceae,Flavobacteriales,Bacteroidia,Bacteroidota,rrs_MG1655_2ndrun,15,0,0
Caproicibacter,Acutalibacteraceae,Oscillospirales,Clostridia,Bacillota,rrs_MG1655_2ndrun,1,0,0
Caproicibacterium,Acutalibacteraceae,Oscillospirales,Clostridia,Bacillota,rrs_MG1655_2ndrun,3,0,0
Capsulimonas,Capsulimonadaceae,Armatimonadales,Armatimonadia,Armatimonadota,rrs_MG1655_2ndrun,1,0,0
Carbonactinospora,Carbonactinosporaceae,Streptomycetales,Actinomycetes,Actinomycetota,rrs_MG1655_2ndrun,1,0,0
Carboxydichorda,NA,NA,NA,NA,rrs_MG1655_2ndrun,1,0,0
Carboxydocella,Carboxydocellaceae,Carboxydocellales,GCA-003054495,Bacillota,rrs_MG1655_2ndrun,1,0,0
Carboxydothermus,Carboxydothermaceae,Carboxydothermales,Z-2901,Bacillota,rrs_MG1655_2ndrun,2,0,0
Carboxylicivirga,Marinilabiliaceae,Bacteroidales,Bacteroidia,Bacteroidota,rrs_MG1655_2ndrun,4,0,0
Cardinium,Amoebophilaceae,Cytophagales_A,Bacteroidia,Bacteroidota,rrs_MG1655_2ndrun,9,0,0
Cardiobacterium,Cardiobacteriaceae,Cardiobacteriales,Gammaproteobacteria,Pseudomonadota,rrs_MG1655_2ndrun,2,0,0
Carnimonas,Halomonadaceae,Pseudomonadales,Gammaproteobacteria,Pseudomonadota,rrs_MG1655_2ndrun,1,0,0
Carnobacterium,Carnobacteriaceae,Lactobacillales,Bacilli,Bacillota,rrs_MG1655_2ndrun,12,0,0
Caryophanon,Planococcaceae,Bacillales_A,Bacilli,Bacillota,rrs_MG1655_2ndrun,2,0,0
Casimicrobium,Casimicrobiaceae,Burkholderiales,Gammaproteobacteria,Pseudomonadota,rrs_MG1655_2ndrun,1,0,0
Castellaniella,Burkholderiaceae,Burkholderiales,Gammaproteobacteria,Pseudomonadota,rrs_MG1655_2ndrun,5,0,0
Catalinimonas,Cyclobacteriaceae,Cytophagales,Bacteroidia,Bacteroidota,rrs_MG1655_2ndrun,2,0,0
Catellatospora,Micromonosporaceae,Mycobacteriales,Actinomycetes,Actinomycetota,rrs_MG1655_2ndrun,9,0,0
Catellicoccus,Catellicoccaceae,Lactobacillales,Bacilli,Bacillota,rrs_MG1655_2ndrun,1,0,0
Catelliglobosispora,Micromonosporaceae,Mycobacteriales,Actinomycetes,Actinomycetota,rrs_MG1655_2ndrun,1,0,0
Catenibacterium,Coprobacillaceae,Erysipelotrichales,Bacilli,Bacillota,rrs_MG1655_2ndrun,2,0,0
Catenovulum,Alteromonadaceae,Enterobacterales,Gammaproteobacteria,Pseudomonadota,rrs_MG1655_2ndrun,4,0,0
Catenulispora,Catenulisporaceae,Streptomycetales,Actinomycetes,Actinomycetota,rrs_MG1655_2ndrun,6,0,0
Catenuloplanes,Micromonosporaceae,Mycobacteriales,Actinomycetes,Actinomycetota,rrs_MG1655_2ndrun,5,0,0
Catonella,Lachnospiraceae,Lachnospirales,Clostridia,Bacillota,rrs_MG1655_2ndrun,2,0,0
Caulifigura,Planctomycetaceae,Planctomycetales,Planctomycetia,Planctomycetota,rrs_MG1655_2ndrun,1,0,0
Caulobacter,Caulobacteraceae,Caulobacterales,Alphaproteobacteria,Pseudomonadota,rrs_MG1655_2ndrun,12,0,0
Caviibacter,Leptotrichiaceae,Fusobacteriales,Fusobacteriia,Fusobacteriota,rrs_MG1655_2ndrun,1,0,0
Caviibacterium,Pasteurellaceae,Enterobacterales,Gammaproteobacteria,Pseudomonadota,rrs_MG1655_2ndrun,1,0,0
Cecembia,Cyclobacteriaceae,Cytophagales,Bacteroidia,Bacteroidota,rrs_MG1655_2ndrun,3,0,0
Cedecea,Enterobacteriaceae,Enterobacterales,Gammaproteobacteria,Pseudomonadota,rrs_MG1655_2ndrun,5,0,0
Celeribacter,Rhodobacteraceae,Rhodobacterales,Alphaproteobacteria,Pseudomonadota,rrs_MG1655_2ndrun,10,0,0
Celerinatantimonas,Celerinatantimonadaceae,Enterobacterales,Gammaproteobacteria,Pseudomonadota,rrs_MG1655_2ndrun,1,0,0
Cellulomonas,Cellulomonadaceae,Actinomycetales,Actinomycetes,Actinomycetota,rrs_MG1655_2ndrun,45,0,0
Cellulophaga,Flavobacteriaceae,Flavobacteriales,Bacteroidia,Bacteroidota,rrs_MG1655_2ndrun,5,0,0
Cellulosilyticum,Cellulosilyticaceae,Lachnospirales,Clostridia,Bacillota,rrs_MG1655_2ndrun,2,0,0
Cellulosimicrobium,Cellulomonadaceae,Actinomycetales,Actinomycetes,Actinomycetota,rrs_MG1655_2ndrun,7,0,0
Cellulosispirillum,NA,NA,NA,NA,rrs_MG1655_2ndrun,1,0,0
Cellvibrio,Cellvibrionaceae,Pseudomonadales,Gammaproteobacteria,Pseudomonadota,rrs_MG1655_2ndrun,7,0,0
Cephaloticoccus,Opitutaceae,Opitutales,Verrucomicrobiia,Verrucomicrobiota,rrs_MG1655_2ndrun,2,0,0
Cerasibacillus,Amphibacillaceae,Bacillales_D,Bacilli,Bacillota,rrs_MG1655_2ndrun,2,0,0
Cerasicoccus,Cerasicoccaceae,Opitutales,Verrucomicrobiia,Verrucomicrobiota,rrs_MG1655_2ndrun,4,0,0
Cereibacter,Rhodobacteraceae,Rhodobacterales,Alphaproteobacteria,Pseudomonadota,rrs_MG1655_2ndrun,6,0,0
Cerina,NA,NA,NA,NA,rrs_MG1655_2ndrun,1,0,0
Cesiribacter,Cyclobacteriaceae,Cytophagales,Bacteroidia,Bacteroidota,rrs_MG1655_2ndrun,1,0,0
Cetobacterium,Fusobacteriaceae,Fusobacteriales,Fusobacteriia,Fusobacteriota,rrs_MG1655_2ndrun,1,0,0
Chachezhania,Rhodobacteraceae,Rhodobacterales,Alphaproteobacteria,Pseudomonadota,rrs_MG1655_2ndrun,2,0,0
Chakrabartyella,Anaerotignaceae,Lachnospirales,Clostridia,Bacillota,rrs_MG1655_2ndrun,1,0,0
Chamaesiphon,Chamaesiphonaceae,Cyanobacteriales,Cyanobacteriia,Cyanobacteriota,rrs_MG1655_2ndrun,2,0,0
Changchengzhania,Flavobacteriaceae,Flavobacteriales,Bacteroidia,Bacteroidota,rrs_MG1655_2ndrun,1,0,0
Changpingibacter,Actinomycetaceae,Actinomycetales,Actinomycetes,Actinomycetota,rrs_MG1655_2ndrun,1,0,0
Chania,Enterobacteriaceae,Enterobacterales,Gammaproteobacteria,Pseudomonadota,rrs_MG1655_2ndrun,1,0,0
Chelativorans,Rhizobiaceae,Rhizobiales,Alphaproteobacteria,Pseudomonadota,rrs_MG1655_2ndrun,7,0,0
Chelatococcus,Beijerinckiaceae,Rhizobiales,Alphaproteobacteria,Pseudomonadota,rrs_MG1655_2ndrun,6,0,0
Chelonobacter,Pasteurellaceae,Enterobacterales,Gammaproteobacteria,Pseudomonadota,rrs_MG1655_2ndrun,1,0,0
Chenggangzhangella,NA,NA,NA,NA,rrs_MG1655_2ndrun,1,0,0
Chengkuizengella,SCSIO-06110,Paenibacillales,Bacilli,Bacillota,rrs_MG1655_2ndrun,2,0,0
Chiayiivirga,Xanthomonadaceae,Xanthomonadales,Gammaproteobacteria,Pseudomonadota,rrs_MG1655_2ndrun,1,0,0
Chimaeribacter,Enterobacteriaceae,Enterobacterales,Gammaproteobacteria,Pseudomonadota,rrs_MG1655_2ndrun,3,0,0
Chishuiella,Weeksellaceae,Flavobacteriales,Bacteroidia,Bacteroidota,rrs_MG1655_2ndrun,1,0,0
Chitinasiproducens,Burkholderiaceae,Burkholderiales,Gammaproteobacteria,Pseudomonadota,rrs_MG1655_2ndrun,1,0,0
Chitinibacter,Chitinibacteraceae,Burkholderiales,Gammaproteobacteria,Pseudomonadota,rrs_MG1655_2ndrun,3,0,0
Chitinilyticum,Chitinibacteraceae,Burkholderiales,Gammaproteobacteria,Pseudomonadota,rrs_MG1655_2ndrun,1,0,0
Chitinimonas,Chitinimonadaceae,Burkholderiales,Gammaproteobacteria,Pseudomonadota,rrs_MG1655_2ndrun,5,0,0
Chitiniphilus,Chitinibacteraceae,Burkholderiales,Gammaproteobacteria,Pseudomonadota,rrs_MG1655_2ndrun,2,0,0
Chitinivibrio,Chitinivibrionaceae,Chitinivibrionales,Chitinivibrionia,Fibrobacterota,rrs_MG1655_2ndrun,1,0,0
Chitinivorax,SCOH01,Burkholderiales,Gammaproteobacteria,Pseudomonadota,rrs_MG1655_2ndrun,1,0,0
Chitinolyticbacter,Chitinibacteraceae,Burkholderiales,Gammaproteobacteria,Pseudomonadota,rrs_MG1655_2ndrun,2,0,0
Chitinophaga,Chitinophagaceae,Chitinophagales,Bacteroidia,Bacteroidota,rrs_MG1655_2ndrun,41,0,0
Chlamydia,Chlamydiaceae,Chlamydiales,Chlamydiia,Chlamydiota,rrs_MG1655_2ndrun,17,0,0
Chlamydiifrater,Chlamydiaceae,Chlamydiales,Chlamydiia,Chlamydiota,rrs_MG1655_2ndrun,2,0,0
Chloracidobacterium,Chloracidobacteriaceae,Chloracidobacteriales,Blastocatellia,Acidobacteriota,rrs_MG1655_2ndrun,3,0,0
Chlorobaculum,Chlorobiaceae,Chlorobiales,Chlorobiia,Bacteroidota_A,rrs_MG1655_2ndrun,4,0,0
Chlorobium,Chlorobiaceae,Chlorobiales,Chlorobiia,Bacteroidota_A,rrs_MG1655_2ndrun,4,0,0
Chloroflexus,Chloroflexaceae,Chloroflexales,Chloroflexia,Chloroflexota,rrs_MG1655_2ndrun,3,0,0
Chlorogloeopsis,Nostocaceae,Cyanobacteriales,Cyanobacteriia,Cyanobacteriota,rrs_MG1655_2ndrun,1,0,0
Chloroherpeton,Chloroherpetonaceae,Chlorobiales,Chlorobiia,Bacteroidota_A,rrs_MG1655_2ndrun,1,0,0
Chondrinema,Flammeovirgaceae,Cytophagales,Bacteroidia,Bacteroidota,rrs_MG1655_2ndrun,1,0,0
Chondromyces,Polyangiaceae,Polyangiales,Polyangia,Myxococcota,rrs_MG1655_2ndrun,2,0,0
Chordicoccus,Lachnospiraceae,Lachnospirales,Clostridia,Bacillota,rrs_MG1655_2ndrun,1,0,0
Christensenella,Christensenellaceae,Christensenellales,Clostridia,Bacillota,rrs_MG1655_2ndrun,6,0,0
Christiangramia,Flavobacteriaceae,Flavobacteriales,Bacteroidia,Bacteroidota,rrs_MG1655_2ndrun,14,0,0
Chromatium,Chromatiaceae,Chromatiales,Gammaproteobacteria,Pseudomonadota,rrs_MG1655_2ndrun,1,0,0
Chromatocurvus,Halieaceae,Pseudomonadales,Gammaproteobacteria,Pseudomonadota,rrs_MG1655_2ndrun,1,0,0
Chromobacterium,Chromobacteriaceae,Burkholderiales,Gammaproteobacteria,Pseudomonadota,rrs_MG1655_2ndrun,15,0,0
Chromohalobacter,Halomonadaceae,Pseudomonadales,Gammaproteobacteria,Pseudomonadota,rrs_MG1655_2ndrun,8,0,0
Chroococcidiopsis,Chroococcidiopsidaceae,Cyanobacteriales,Cyanobacteriia,Cyanobacteriota,rrs_MG1655_2ndrun,2,0,0
Chroogloeocystis,Chroococcidiopsidaceae,Cyanobacteriales,Cyanobacteriia,Cyanobacteriota,rrs_MG1655_2ndrun,1,0,0
Chryseobacterium,Weeksellaceae,Flavobacteriales,Bacteroidia,Bacteroidota,rrs_MG1655_2ndrun,122,0,0
Chryseolinea,Cyclobacteriaceae,Cytophagales,Bacteroidia,Bacteroidota,rrs_MG1655_2ndrun,3,0,0
Chryseomicrobium,Planococcaceae,Bacillales_A,Bacilli,Bacillota,rrs_MG1655_2ndrun,2,0,0
Chryseosolibacter,Cyclobacteriaceae,Cytophagales,Bacteroidia,Bacteroidota,rrs_MG1655_2ndrun,2,0,0
Chryseotalea,Cyclobacteriaceae,Cytophagales,Bacteroidia,Bacteroidota,rrs_MG1655_2ndrun,1,0,0
Chrysiogenes,Chrysiogenaceae,Chrysiogenales,Chrysiogenetes,Chrysiogenota,rrs_MG1655_2ndrun,1,0,0
Chthoniobacter,Chthoniobacteraceae,Chthoniobacterales,Verrucomicrobiia,Verrucomicrobiota,rrs_MG1655_2ndrun,1,0,0
Chthonobacter,Pleomorphomonadaceae,Rhizobiales,Alphaproteobacteria,Pseudomonadota,rrs_MG1655_2ndrun,2,0,0
Chthonomonas,Chthonomonadaceae,Chthonomonadales,Chthonomonadetes,Armatimonadota,rrs_MG1655_2ndrun,1,0,0
Ciceribacter,NA,NA,NA,NA,rrs_MG1655_2ndrun,7,0,0
Citreicoccus,Myxococcaceae,Myxococcales,Myxococcia,Myxococcota,rrs_MG1655_2ndrun,1,0,0
Citreimonas,Rhodobacteraceae,Rhodobacterales,Alphaproteobacteria,Pseudomonadota,rrs_MG1655_2ndrun,1,0,0
Citricoccus,Micrococcaceae,Actinomycetales,Actinomycetes,Actinomycetota,rrs_MG1655_2ndrun,4,0,0
Citrifermentans,NA,NA,NA,NA,rrs_MG1655_2ndrun,2,0,0
Citrobacter,Enterobacteriaceae,Enterobacterales,Gammaproteobacteria,Pseudomonadota,rrs_MG1655_2ndrun,20,0,0
Citromicrobium,NA,NA,NA,NA,rrs_MG1655_2ndrun,1,0,0
Citroniella,Peptoniphilaceae,Tissierellales,Clostridia,Bacillota,rrs_MG1655_2ndrun,1,0,0
Claveliimonas,Lachnospiraceae,Lachnospirales,Clostridia,Bacillota,rrs_MG1655_2ndrun,1,0,0
Clavibacter,Microbacteriaceae,Actinomycetales,Actinomycetes,Actinomycetota,rrs_MG1655_2ndrun,10,0,0
Cloacibacillus,Synergistaceae,Synergistales,Synergistia,Synergistota,rrs_MG1655_2ndrun,2,0,0
Cloacibacterium,Weeksellaceae,Flavobacteriales,Bacteroidia,Bacteroidota,rrs_MG1655_2ndrun,3,0,0
Clostridioides,Peptostreptococcaceae,Peptostreptococcales,Clostridia,Bacillota,rrs_MG1655_2ndrun,1,0,0
Clostridium,Clostridiaceae,Clostridiales,Clostridia,Bacillota,rrs_MG1655_2ndrun,134,0,0
Cnuella,Chitinophagaceae,Chitinophagales,Bacteroidia,Bacteroidota,rrs_MG1655_2ndrun,1,0,0
Cnuibacter,Microbacteriaceae,Actinomycetales,Actinomycetes,Actinomycetota,rrs_MG1655_2ndrun,1,0,0
Cobetia,Halomonadaceae,Pseudomonadales,Gammaproteobacteria,Pseudomonadota,rrs_MG1655_2ndrun,3,0,0
Cochleicola,Flavobacteriaceae,Flavobacteriales,Bacteroidia,Bacteroidota,rrs_MG1655_2ndrun,1,0,0
Cochlodiniinecator,Rhodobacteraceae,Rhodobacterales,Alphaproteobacteria,Pseudomonadota,rrs_MG1655_2ndrun,1,0,0
Cocleimonas,Thiotrichaceae,Thiotrichales,Gammaproteobacteria,Pseudomonadota,rrs_MG1655_2ndrun,1,0,0
Cognataquiflexum,Cyclobacteriaceae,Cytophagales,Bacteroidia,Bacteroidota,rrs_MG1655_2ndrun,3,0,0
Cognatazoarcus,Rhodocyclaceae,Burkholderiales,Gammaproteobacteria,Pseudomonadota,rrs_MG1655_2ndrun,1,0,0
Cognaticolwellia,Alteromonadaceae,Enterobacterales,Gammaproteobacteria,Pseudomonadota,rrs_MG1655_2ndrun,3,0,0
Cognatiluteimonas,Xanthomonadaceae,Xanthomonadales,Gammaproteobacteria,Pseudomonadota,rrs_MG1655_2ndrun,5,0,0
Cognatilysobacter,Xanthomonadaceae,Xanthomonadales,Gammaproteobacteria,Pseudomonadota,rrs_MG1655_2ndrun,4,0,0
Cognatishimia,Rhodobacteraceae,Rhodobacterales,Alphaproteobacteria,Pseudomonadota,rrs_MG1655_2ndrun,3,0,0
Cognatitamlana,NA,NA,NA,NA,rrs_MG1655_2ndrun,1,0,0
Cognatiyoonia,Rhodobacteraceae,Rhodobacterales,Alphaproteobacteria,Pseudomonadota,rrs_MG1655_2ndrun,2,0,0
Cohaesibacter,Cohaesibacteraceae,Rhizobiales,Alphaproteobacteria,Pseudomonadota,rrs_MG1655_2ndrun,5,0,0
Cohnella,Paenibacillaceae,Paenibacillales,Bacilli,Bacillota,rrs_MG1655_2ndrun,24,0,0
Coleofasciculus,Coleofasciculaceae,Cyanobacteriales,Cyanobacteriia,Cyanobacteriota,rrs_MG1655_2ndrun,1,0,0
Colibacter,NA,NA,NA,NA,rrs_MG1655_2ndrun,1,0,0
Collibacillus,BOQE01,Tumebacillales,Bacilli,Bacillota,rrs_MG1655_2ndrun,1,0,0
Collimonas,Burkholderiaceae,Burkholderiales,Gammaproteobacteria,Pseudomonadota,rrs_MG1655_2ndrun,7,0,0
Collinsella,Coriobacteriaceae,Coriobacteriales,Coriobacteriia,Actinomycetota,rrs_MG1655_2ndrun,10,0,0
Colwellia,Alteromonadaceae,Enterobacterales,Gammaproteobacteria,Pseudomonadota,rrs_MG1655_2ndrun,11,0,0
Comamonas,Burkholderiaceae,Burkholderiales,Gammaproteobacteria,Pseudomonadota,rrs_MG1655_2ndrun,28,0,0
Commensalibacter,Acetobacteraceae,Acetobacterales,Alphaproteobacteria,Pseudomonadota,rrs_MG1655_2ndrun,5,0,0
Companilactobacillus,Lactobacillaceae,Lactobacillales,Bacilli,Bacillota,rrs_MG1655_2ndrun,32,0,0
Compostibacter,Chitinophagaceae,Chitinophagales,Bacteroidia,Bacteroidota,rrs_MG1655_2ndrun,1,0,0
Compostimonas,Microbacteriaceae,Actinomycetales,Actinomycetes,Actinomycetota,rrs_MG1655_2ndrun,1,0,0
Conchiformibius,Neisseriaceae,Burkholderiales,Gammaproteobacteria,Pseudomonadota,rrs_MG1655_2ndrun,2,0,0
Conexibacter,Solirubrobacteraceae,Solirubrobacterales,Thermoleophilia,Actinomycetota,rrs_MG1655_2ndrun,3,0,0
Confluentibacter,Flavobacteriaceae,Flavobacteriales,Bacteroidia,Bacteroidota,rrs_MG1655_2ndrun,4,0,0
Congregibacter,Halieaceae,Pseudomonadales,Gammaproteobacteria,Pseudomonadota,rrs_MG1655_2ndrun,3,0,0
Congzhengia,UBA9506,UBA1381,Clostridia,Bacillota,rrs_MG1655_2ndrun,1,0,0
Conservatibacter,Pasteurellaceae,Enterobacterales,Gammaproteobacteria,Pseudomonadota,rrs_MG1655_2ndrun,1,0,0
Consotaella,Rhizobiaceae,Rhizobiales,Alphaproteobacteria,Pseudomonadota,rrs_MG1655_2ndrun,2,0,0
Constantimarinum,Flavobacteriaceae,Flavobacteriales,Bacteroidia,Bacteroidota,rrs_MG1655_2ndrun,1,0,0
Convivina,Lactobacillaceae,Lactobacillales,Bacilli,Bacillota,rrs_MG1655_2ndrun,2,0,0
Conyzicola,Microbacteriaceae,Actinomycetales,Actinomycetes,Actinomycetota,rrs_MG1655_2ndrun,2,0,0
Copranaerobaculum,Erysipelotrichaceae,Erysipelotrichales,Bacilli,Bacillota,rrs_MG1655_2ndrun,1,0,0
Coprobacillus,Coprobacillaceae,Erysipelotrichales,Bacilli,Bacillota,rrs_MG1655_2ndrun,1,0,0
Coprobacter,Coprobacteraceae,Bacteroidales,Bacteroidia,Bacteroidota,rrs_MG1655_2ndrun,3,0,0
Coprococcus,Lachnospiraceae,Lachnospirales,Clostridia,Bacillota,rrs_MG1655_2ndrun,6,0,0
Coprothermobacter,Coprothermobacteraceae,Coprothermobacterales,Coprothermobacteria,Coprothermobacterota,rrs_MG1655_2ndrun,2,0,0
Coraliomargarita,Coraliomargaritaceae,Opitutales,Verrucomicrobiia,Verrucomicrobiota,rrs_MG1655_2ndrun,4,0,0
Corallibacter,Flavobacteriaceae,Flavobacteriales,Bacteroidia,Bacteroidota,rrs_MG1655_2ndrun,1,0,0
Corallincola,Neiellaceae,Enterobacterales,Gammaproteobacteria,Pseudomonadota,rrs_MG1655_2ndrun,3,0,0
Coralliovum,Cohaesibacteraceae,Rhizobiales,Alphaproteobacteria,Pseudomonadota,rrs_MG1655_2ndrun,1,0,0
Corallococcus,Myxococcaceae,Myxococcales,Myxococcia,Myxococcota,rrs_MG1655_2ndrun,14,0,0
Coralloluteibacterium,Xanthomonadaceae,Xanthomonadales,Gammaproteobacteria,Pseudomonadota,rrs_MG1655_2ndrun,2,0,0
Coriobacterium,Coriobacteriaceae,Coriobacteriales,Coriobacteriia,Actinomycetota,rrs_MG1655_2ndrun,1,0,0
Corticibacter,NA,NA,NA,NA,rrs_MG1655_2ndrun,1,0,0
Corticicoccus,NA,NA,NA,NA,rrs_MG1655_2ndrun,1,0,0
Corticimicrobacter,Burkholderiaceae,Burkholderiales,Gammaproteobacteria,Pseudomonadota,rrs_MG1655_2ndrun,1,0,0
Corynebacterium,Mycobacteriaceae,Mycobacteriales,Actinomycetes,Actinomycetota,rrs_MG1655_2ndrun,167,0,0
Costertonia,Flavobacteriaceae,Flavobacteriales,Bacteroidia,Bacteroidota,rrs_MG1655_2ndrun,1,0,0
Couchioplanes,NA,NA,NA,NA,rrs_MG1655_2ndrun,1,0,0
Coxiella,Coxiellaceae,Coxiellales,Gammaproteobacteria,Pseudomonadota,rrs_MG1655_2ndrun,6,0,0
Coxiella-like,NA,NA,NA,NA,rrs_MG1655_2ndrun,2,0,0
Crassaminicella,Thermotaleaceae,Peptostreptococcales,Clostridia,Bacillota,rrs_MG1655_2ndrun,3,0,0
Crateriforma,Pirellulaceae,Pirellulales,Planctomycetia,Planctomycetota,rrs_MG1655_2ndrun,2,0,0
Craterilacuibacter,Chromobacteriaceae,Burkholderiales,Gammaproteobacteria,Pseudomonadota,rrs_MG1655_2ndrun,1,0,0
Craurococcus,Acetobacteraceae,Acetobacterales,Alphaproteobacteria,Pseudomonadota,rrs_MG1655_2ndrun,1,0,0
Crenalkalicoccus,Acetobacteraceae,Acetobacterales,Alphaproteobacteria,Pseudomonadota,rrs_MG1655_2ndrun,1,0,0
Crenobacter,Chromobacteriaceae,Burkholderiales,Gammaproteobacteria,Pseudomonadota,rrs_MG1655_2ndrun,5,0,0
Cribrihabitans,Rhodobacteraceae,Rhodobacterales,Alphaproteobacteria,Pseudomonadota,rrs_MG1655_2ndrun,3,0,0
Crinalium,PCC-9333,Cyanobacteriales,Cyanobacteriia,Cyanobacteriota,rrs_MG1655_2ndrun,1,0,0
Croceibacter,Flavobacteriaceae,Flavobacteriales,Bacteroidia,Bacteroidota,rrs_MG1655_2ndrun,1,0,0
Croceibacterium,Sphingomonadaceae,Sphingomonadales,Alphaproteobacteria,Pseudomonadota,rrs_MG1655_2ndrun,8,0,0
Croceicoccus,Sphingomonadaceae,Sphingomonadales,Alphaproteobacteria,Pseudomonadota,rrs_MG1655_2ndrun,11,0,0
Croceifilum,NA,NA,NA,NA,rrs_MG1655_2ndrun,1,0,0
Croceimicrobium,Schleiferiaceae,Flavobacteriales,Bacteroidia,Bacteroidota,rrs_MG1655_2ndrun,1,0,0
Croceitalea,Flavobacteriaceae,Flavobacteriales,Bacteroidia,Bacteroidota,rrs_MG1655_2ndrun,4,0,0
Croceivirga,Flavobacteriaceae,Flavobacteriales,Bacteroidia,Bacteroidota,rrs_MG1655_2ndrun,3,0,0
Crocinitomix,Crocinitomicaceae,Flavobacteriales,Bacteroidia,Bacteroidota,rrs_MG1655_2ndrun,2,0,0
Crocosphaera,Microcystaceae,Cyanobacteriales,Cyanobacteriia,Cyanobacteriota,rrs_MG1655_2ndrun,3,0,0
Cronobacter,Enterobacteriaceae,Enterobacterales,Gammaproteobacteria,Pseudomonadota,rrs_MG1655_2ndrun,7,0,0
Crossiella,Pseudonocardiaceae,Mycobacteriales,Actinomycetes,Actinomycetota,rrs_MG1655_2ndrun,2,0,0
Cruoricaptor,Weeksellaceae,Flavobacteriales,Bacteroidia,Bacteroidota,rrs_MG1655_2ndrun,1,0,0
Cryobacterium,Microbacteriaceae,Actinomycetales,Actinomycetes,Actinomycetota,rrs_MG1655_2ndrun,34,0,0
Cryomorpha,Cryomorphaceae,Flavobacteriales,Bacteroidia,Bacteroidota,rrs_MG1655_2ndrun,1,0,0
Cryptobacterium,Eggerthellaceae,Coriobacteriales,Coriobacteriia,Actinomycetota,rrs_MG1655_2ndrun,1,0,0
Cryptosporangium,Cryptosporangiaceae,Mycobacteriales,Actinomycetes,Actinomycetota,rrs_MG1655_2ndrun,4,0,0
Cucumibacter,Devosiaceae,Rhizobiales,Alphaproteobacteria,Pseudomonadota,rrs_MG1655_2ndrun,1,0,0
Culicoidibacter,Culicoidibacteraceae,Culicoidibacterales,Bacilli,Bacillota,rrs_MG1655_2ndrun,1,0,0
Culturomica,Marinifilaceae,Bacteroidales,Bacteroidia,Bacteroidota,rrs_MG1655_2ndrun,1,0,0
Cumulibacter,Antricoccaceae,Mycobacteriales,Actinomycetes,Actinomycetota,rrs_MG1655_2ndrun,2,0,0
Cuneatibacter,Lachnospiraceae,Lachnospirales,Clostridia,Bacillota,rrs_MG1655_2ndrun,1,0,0
Cupriavidus,Burkholderiaceae,Burkholderiales,Gammaproteobacteria,Pseudomonadota,rrs_MG1655_2ndrun,19,0,0
Curtanaerobium,Eggerthellaceae,Coriobacteriales,Coriobacteriia,Actinomycetota,rrs_MG1655_2ndrun,1,0,0
Curtobacterium,Microbacteriaceae,Actinomycetales,Actinomycetes,Actinomycetota,rrs_MG1655_2ndrun,15,0,0
Curvibacter,Burkholderiaceae,Burkholderiales,Gammaproteobacteria,Pseudomonadota,rrs_MG1655_2ndrun,5,0,0
Curvivirga,GCA-2696645,UBA8366,Alphaproteobacteria,Pseudomonadota,rrs_MG1655_2ndrun,1,0,0
Cutibacterium,Propionibacteriaceae,Propionibacteriales,Actinomycetes,Actinomycetota,rrs_MG1655_2ndrun,7,0,0
Cyanobacterium,Cyanobacteriaceae,Cyanobacteriales,Cyanobacteriia,Cyanobacteriota,rrs_MG1655_2ndrun,1,0,0
Cyanobium,Cyanobiaceae,PCC-6307,Cyanobacteriia,Cyanobacteriota,rrs_MG1655_2ndrun,2,0,0
Cyclobacterium,Cyclobacteriaceae,Cytophagales,Bacteroidia,Bacteroidota,rrs_MG1655_2ndrun,7,0,0
Cycloclasticus,Cycloclasticaceae,Methylococcales,Gammaproteobacteria,Pseudomonadota,rrs_MG1655_2ndrun,1,0,0
Cyclonatronum,Cyclonatronaceae,Balneolales,Rhodothermia,Bacteroidota_A,rrs_MG1655_2ndrun,1,0,0
Cylindrospermopsis,NA,NA,NA,NA,rrs_MG1655_2ndrun,2,0,0
Cylindrospermum,Nostocaceae,Cyanobacteriales,Cyanobacteriia,Cyanobacteriota,rrs_MG1655_2ndrun,1,0,0
Cypionkella,Rhodobacteraceae,Rhodobacterales,Alphaproteobacteria,Pseudomonadota,rrs_MG1655_2ndrun,3,0,0
Cysteiniphilum,Francisellaceae,Francisellales,Gammaproteobacteria,Pseudomonadota,rrs_MG1655_2ndrun,3,0,0
Cystobacter,Myxococcaceae,Myxococcales,Myxococcia,Myxococcota,rrs_MG1655_2ndrun,2,0,0
Cytobacillus,DSM-18226,Bacillales_B,Bacilli,Bacillota,rrs_MG1655_2ndrun,17,0,0
Cytophaga,Cytophagaceae,Cytophagales,Bacteroidia,Bacteroidota,rrs_MG1655_2ndrun,2,0,0
Dactylococcopsis,NA,NA,NA,NA,rrs_MG1655_2ndrun,1,0,0
Dactylosporangium,Micromonosporaceae,Mycobacteriales,Actinomycetes,Actinomycetota,rrs_MG1655_2ndrun,11,0,0
Daeguia,NA,NA,NA,NA,rrs_MG1655_2ndrun,1,0,0
Daejeonella,Sphingobacteriaceae,Sphingobacteriales,Bacteroidia,Bacteroidota,rrs_MG1655_2ndrun,3,0,0
Dakarella,NA,NA,NA,NA,rrs_MG1655_2ndrun,1,0,0
Dankookia,NA,NA,NA,NA,rrs_MG1655_2ndrun,1,0,0
Danxiaibacter,Chitinophagaceae,Chitinophagales,Bacteroidia,Bacteroidota,rrs_MG1655_2ndrun,1,0,0
Dasania,DSM-21967,Pseudomonadales,Gammaproteobacteria,Pseudomonadota,rrs_MG1655_2ndrun,2,0,0
Dawidia,NA,NA,NA,NA,rrs_MG1655_2ndrun,2,0,0
Dechloromonas,NA,NA,NA,NA,rrs_MG1655_2ndrun,5,0,0
Deefgea,Chitinibacteraceae,Burkholderiales,Gammaproteobacteria,Pseudomonadota,rrs_MG1655_2ndrun,4,0,0
Deferribacter,Deferribacteraceae,Deferribacterales,Deferribacteres,Chrysiogenota,rrs_MG1655_2ndrun,4,0,0
Deferrisoma,Deferrisomataceae,Deferrisomatales,Deferrisomatia,Desulfobacterota_C,rrs_MG1655_2ndrun,1,0,0
Deferrivibrio,Deferrivibrionaceae,Deferribacterales,Deferribacteres,Chrysiogenota,rrs_MG1655_2ndrun,1,0,0
Defluviicoccus,UXAT02,Rhodospirillales,Alphaproteobacteria,Pseudomonadota,rrs_MG1655_2ndrun,1,0,0
Defluviimonas,NA,NA,NA,NA,rrs_MG1655_2ndrun,1,0,0
Defluviitalea,Defluviitaleaceae,Lachnospirales,Clostridia,Bacillota,rrs_MG1655_2ndrun,1,0,0
Defluviitoga,Petrotogaceae,Petrotogales,Thermotogae,Thermotogota,rrs_MG1655_2ndrun,1,0,0
Dehalobacter,Syntrophobotulaceae,Desulfitobacteriales,Desulfitobacteriia,Bacillota,rrs_MG1655_2ndrun,1,0,0
Dehalobacterium,Dehalobacteriaceae,Dehalobacteriales,Dehalobacteriia,Bacillota,rrs_MG1655_2ndrun,1,0,0
Dehalococcoides,Dehalococcoidaceae,Dehalococcoidales,Dehalococcoidia,Chloroflexota,rrs_MG1655_2ndrun,1,0,0
Dehalogenimonas,Dehalococcoidaceae,Dehalococcoidales,Dehalococcoidia,Chloroflexota,rrs_MG1655_2ndrun,3,0,0
Deinobacterium,Deinococcaceae,Deinococcales,Deinococci,Deinococcota,rrs_MG1655_2ndrun,1,0,0
Deinococcus,Deinococcaceae,Deinococcales,Deinococci,Deinococcota,rrs_MG1655_2ndrun,67,0,0
Delftia,NA,NA,NA,NA,rrs_MG1655_2ndrun,4,0,0
Dellaglioa,Lactobacillaceae,Lactobacillales,Bacilli,Bacillota,rrs_MG1655_2ndrun,3,0,0
Demequina,Demequinaceae,Actinomycetales,Actinomycetes,Actinomycetota,rrs_MG1655_2ndrun,24,0,0
Demetria,Dermatophilaceae,Actinomycetales,Actinomycetes,Actinomycetota,rrs_MG1655_2ndrun,1,0,0
Deminuibacter,Chitinophagaceae,Chitinophagales,Bacteroidia,Bacteroidota,rrs_MG1655_2ndrun,1,0,0
Dendronalium,Nostocaceae,Cyanobacteriales,Cyanobacteriia,Cyanobacteriota,rrs_MG1655_2ndrun,1,0,0
Dendrosporobacter,Dendrosporobacteraceae,DSM-1736,Negativicutes,Bacillota,rrs_MG1655_2ndrun,1,0,0
Denitratimonas,Xanthomonadaceae,Xanthomonadales,Gammaproteobacteria,Pseudomonadota,rrs_MG1655_2ndrun,1,0,0
Denitratisoma,Rhodocyclaceae,Burkholderiales,Gammaproteobacteria,Pseudomonadota,rrs_MG1655_2ndrun,1,0,0
Denitrificimonas,Pseudomonadaceae,Pseudomonadales,Gammaproteobacteria,Pseudomonadota,rrs_MG1655_2ndrun,1,0,0
Denitrobacterium,Eggerthellaceae,Coriobacteriales,Coriobacteriia,Actinomycetota,rrs_MG1655_2ndrun,1,0,0
Denitrobaculum,Kiloniellaceae,Kiloniellales,Alphaproteobacteria,Pseudomonadota,rrs_MG1655_2ndrun,1,0,0
Denitromonas,NA,NA,NA,NA,rrs_MG1655_2ndrun,3,0,0
Denitrovibrio,Geovibrionaceae,Deferribacterales,Deferribacteres,Chrysiogenota,rrs_MG1655_2ndrun,1,0,0
Dentiradicibacter,NA,NA,NA,NA,rrs_MG1655_2ndrun,1,0,0
Dermabacter,Dermabacteraceae,Actinomycetales,Actinomycetes,Actinomycetota,rrs_MG1655_2ndrun,3,0,0
Dermacoccus,Dermatophilaceae,Actinomycetales,Actinomycetes,Actinomycetota,rrs_MG1655_2ndrun,4,0,0
Dermatobacter,Microtrichaceae,Acidimicrobiales,Acidimicrobiia,Actinomycetota,rrs_MG1655_2ndrun,1,0,0
Dermatophilus,Dermatophilaceae,Actinomycetales,Actinomycetes,Actinomycetota,rrs_MG1655_2ndrun,1,0,0
Derxia,Burkholderiaceae,Burkholderiales,Gammaproteobacteria,Pseudomonadota,rrs_MG1655_2ndrun,1,0,0
Desertibacillus,KJ1-10-99,Bacillales_H,Bacilli,Bacillota,rrs_MG1655_2ndrun,1,0,0
Desertibaculum,Ferrovibrionaceae,Ferrovibrionales,Alphaproteobacteria,Pseudomonadota,rrs_MG1655_2ndrun,1,0,0
Desertihabitans,Propionibacteriaceae,Propionibacteriales,Actinomycetes,Actinomycetota,rrs_MG1655_2ndrun,2,0,0
Desertimonas,Ilumatobacteraceae,Acidimicrobiales,Acidimicrobiia,Actinomycetota,rrs_MG1655_2ndrun,1,0,0
Desertivirga,Sphingobacteriaceae,Sphingobacteriales,Bacteroidia,Bacteroidota,rrs_MG1655_2ndrun,3,0,0
Desmonostoc,Nostocaceae,Cyanobacteriales,Cyanobacteriia,Cyanobacteriota,rrs_MG1655_2ndrun,1,0,0
Desmospora,DSM-45169,Thermoactinomycetales,Bacilli,Bacillota,rrs_MG1655_2ndrun,2,0,0
Desnuesiella,Clostridiaceae,Clostridiales,Clostridia,Bacillota,rrs_MG1655_2ndrun,1,0,0
Desulfacinum,DSM-9756,Syntrophobacterales,Syntrophobacteria,Desulfobacterota,rrs_MG1655_2ndrun,1,0,0
Desulfamplus,Desulfobacteraceae,Desulfobacterales,Desulfobacteria,Desulfobacterota,rrs_MG1655_2ndrun,1,0,0
Desulfarculus,Desulfarculaceae,Desulfarculales,Desulfarculia,Desulfobacterota,rrs_MG1655_2ndrun,1,0,0
Desulfatibacillum,Desulfatibacillaceae,Desulfobacterales,Desulfobacteria,Desulfobacterota,rrs_MG1655_2ndrun,2,0,0
Desulfatiglans,Desulfatiglandaceae,Desulfatiglandales,DSM-4660,Desulfobacterota,rrs_MG1655_2ndrun,1,0,0
Desulfatirhabdium,Desulfatirhabdiaceae,Desulfobacterales,Desulfobacteria,Desulfobacterota,rrs_MG1655_2ndrun,1,0,0
Desulfatitalea,Desulfosarcinaceae,Desulfobacterales,Desulfobacteria,Desulfobacterota,rrs_MG1655_2ndrun,2,0,0
Desulfitibacter,Desulfitibacteraceae,Desulfitibacterales,DSM-16504,Bacillota,rrs_MG1655_2ndrun,1,0,0
Desulfitobacterium,Desulfitobacteriaceae,Desulfitobacteriales,Desulfitobacteriia,Bacillota,rrs_MG1655_2ndrun,5,0,0
Desulfobacca,Desulfobaccaceae,Desulfobaccales,Desulfobaccia,Desulfobacterota,rrs_MG1655_2ndrun,1,0,0
Desulfobacter,Desulfobacteraceae,Desulfobacterales,Desulfobacteria,Desulfobacterota,rrs_MG1655_2ndrun,2,0,0
Desulfobacula,Desulfobacteraceae,Desulfobacterales,Desulfobacteria,Desulfobacterota,rrs_MG1655_2ndrun,2,0,0
Desulfobaculum,Desulfovibrionaceae,Desulfovibrionales,Desulfovibrionia,Desulfobacterota_I,rrs_MG1655_2ndrun,2,0,0
Desulfobotulus,ASO4-4,Desulfobacterales,Desulfobacteria,Desulfobacterota,rrs_MG1655_2ndrun,2,0,0
Desulfobulbus,Desulfobulbaceae,Desulfobulbales,Desulfobulbia,Desulfobacterota,rrs_MG1655_2ndrun,6,0,0
Desulfocapsa,Desulfocapsaceae,Desulfobulbales,Desulfobulbia,Desulfobacterota,rrs_MG1655_2ndrun,1,0,0
Desulfocicer,Desulfobacteraceae,Desulfobacterales,Desulfobacteria,Desulfobacterota,rrs_MG1655_2ndrun,1,0,0
Desulfococcus,Desulfococcaceae,Desulfobacterales,Desulfobacteria,Desulfobacterota,rrs_MG1655_2ndrun,1,0,0
Desulfocurvibacter,Desulfovibrionaceae,Desulfovibrionales,Desulfovibrionia,Desulfobacterota_I,rrs_MG1655_2ndrun,1,0,0
Desulfofalx,Desulfohalotomaculaceae,Desulfotomaculales,Desulfotomaculia,Bacillota,rrs_MG1655_2ndrun,1,0,0
Desulfofarcimen,Desulfofarciminaceae,Desulfotomaculales,Desulfotomaculia,Bacillota,rrs_MG1655_2ndrun,1,0,0
Desulfoferrobacter,Syntrophobacteraceae,Syntrophobacterales,Syntrophobacteria,Desulfobacterota,rrs_MG1655_2ndrun,1,0,0
Desulfoferula,Desulfarculaceae,Desulfarculales,Desulfarculia,Desulfobacterota,rrs_MG1655_2ndrun,1,0,0
Desulfofundulus,Desulfovirgulaceae,Desulfotomaculales,Desulfotomaculia,Bacillota,rrs_MG1655_2ndrun,4,0,0
Desulfofustis,Desulfocapsaceae,Desulfobulbales,Desulfobulbia,Desulfobacterota,rrs_MG1655_2ndrun,2,0,0
Desulfoglaeba,DSM-9756,Syntrophobacterales,Syntrophobacteria,Desulfobacterota,rrs_MG1655_2ndrun,1,0,0
Desulfogranum,Desulfobulbaceae,Desulfobulbales,Desulfobulbia,Desulfobacterota,rrs_MG1655_2ndrun,2,0,0
Desulfohalobium,Desulfohalobiaceae,Desulfovibrionales,Desulfovibrionia,Desulfobacterota_I,rrs_MG1655_2ndrun,1,0,0
Desulfohalovibrio,Desulfovibrionaceae,Desulfovibrionales,Desulfovibrionia,Desulfobacterota_I,rrs_MG1655_2ndrun,1,0,0
Desulfolithobacter,Desulfobulbaceae,Desulfobulbales,Desulfobulbia,Desulfobacterota,rrs_MG1655_2ndrun,1,0,0
Desulfoluna,Desulfolunaceae,Desulfobacterales,Desulfobacteria,Desulfobacterota,rrs_MG1655_2ndrun,2,0,0
Desulfolutivibrio,Desulfovibrionaceae,Desulfovibrionales,Desulfovibrionia,Desulfobacterota_I,rrs_MG1655_2ndrun,2,0,0
Desulfomarina,Desulfocapsaceae,Desulfobulbales,Desulfobulbia,Desulfobacterota,rrs_MG1655_2ndrun,1,0,0
Desulfomicrobium,Desulfomicrobiaceae,Desulfovibrionales,Desulfovibrionia,Desulfobacterota_I,rrs_MG1655_2ndrun,5,0,0
Desulfomonile,Desulfomonilaceae,Desulfomonilales,Desulfomonilia,Desulfobacterota,rrs_MG1655_2ndrun,1,0,0
Desulfonatronospira,Desulfonatronovibrionaceae,Desulfovibrionales,Desulfovibrionia,Desulfobacterota_I,rrs_MG1655_2ndrun,1,0,0
Desulfonatronovibrio,Desulfonatronovibrionaceae,Desulfovibrionales,Desulfovibrionia,Desulfobacterota_I,rrs_MG1655_2ndrun,2,0,0
Desulfonatronum,Desulfonatronaceae,Desulfovibrionales,Desulfovibrionia,Desulfobacterota_I,rrs_MG1655_2ndrun,3,0,0
Desulfonauticus,Desulfonauticaceae,Desulfovibrionales,Desulfovibrionia,Desulfobacterota_I,rrs_MG1655_2ndrun,1,0,0
Desulfonema,Desulfococcaceae,Desulfobacterales,Desulfobacteria,Desulfobacterota,rrs_MG1655_2ndrun,3,0,0
Desulfonispora,Desulfonisporaceae,Peptococcales,Peptococcia,Bacillota,rrs_MG1655_2ndrun,1,0,0
Desulfopila,Desulfocapsaceae,Desulfobulbales,Desulfobulbia,Desulfobacterota,rrs_MG1655_2ndrun,1,0,0
Desulfoplanes,Desulfoplanaceae,Desulfovibrionales,Desulfovibrionia,Desulfobacterota_I,rrs_MG1655_2ndrun,1,0,0
Desulfoprunum,Desulfocapsaceae,Desulfobulbales,Desulfobulbia,Desulfobacterota,rrs_MG1655_2ndrun,1,0,0
Desulforamulus,NA,NA,NA,NA,rrs_MG1655_2ndrun,7,0,0
Desulforapulum,Desulfobacteraceae,Desulfobacterales,Desulfobacteria,Desulfobacterota,rrs_MG1655_2ndrun,1,0,0
Desulforegula,Desulforegulaceae,Desulfobacterales,Desulfobacteria,Desulfobacterota,rrs_MG1655_2ndrun,1,0,0
Desulforhabdus,Syntrophobacteraceae,Syntrophobacterales,Syntrophobacteria,Desulfobacterota,rrs_MG1655_2ndrun,1,0,0
Desulforhopalus,Desulfocapsaceae,Desulfobulbales,Desulfobulbia,Desulfobacterota,rrs_MG1655_2ndrun,2,0,0
Desulfosalsimonas,Desulfosalsimonadaceae,Desulfobacterales,Desulfobacteria,Desulfobacterota,rrs_MG1655_2ndrun,1,0,0
Desulfosarcina,Desulfosarcinaceae,Desulfobacterales,Desulfobacteria,Desulfobacterota,rrs_MG1655_2ndrun,5,0,0
Desulfoscipio,Desulfallaceae,Desulfotomaculales,Desulfotomaculia,Bacillota,rrs_MG1655_2ndrun,1,0,0
Desulfosediminicola,NA,NA,NA,NA,rrs_MG1655_2ndrun,2,0,0
Desulfosporosinus,Desulfitobacteriaceae,Desulfitobacteriales,Desulfitobacteriia,Bacillota,rrs_MG1655_2ndrun,8,0,0
Desulfosudis,Desulfosudaceae,Desulfobacterales,Desulfobacteria,Desulfobacterota,rrs_MG1655_2ndrun,1,0,0
Desulfotalea,Desulfocapsaceae,Desulfobulbales,Desulfobulbia,Desulfobacterota,rrs_MG1655_2ndrun,1,0,0
Desulfotignum,Desulfobacteraceae,Desulfobacterales,Desulfobacteria,Desulfobacterota,rrs_MG1655_2ndrun,2,0,0
Desulfotomaculum,Desulfotomaculaceae,Desulfotomaculales,Desulfotomaculia,Bacillota,rrs_MG1655_2ndrun,2,0,0
Desulfovermiculus,Desulfothermaceae,Desulfovibrionales,Desulfovibrionia,Desulfobacterota_I,rrs_MG1655_2ndrun,1,0,0
Desulfovibrio,Desulfovibrionaceae,Desulfovibrionales,Desulfovibrionia,Desulfobacterota_I,rrs_MG1655_2ndrun,12,0,0
Desulfovulcanus,Desulfonauticaceae,Desulfovibrionales,Desulfovibrionia,Desulfobacterota_I,rrs_MG1655_2ndrun,1,0,0
Desulfurella,Desulfurellaceae,Desulfurellales,Desulfurellia,Campylobacterota,rrs_MG1655_2ndrun,2,0,0
Desulfuribacillus,Desulfuribacillaceae,Desulfuribacillales,Bacilli,Bacillota,rrs_MG1655_2ndrun,2,0,0
Desulfurispira,Chrysiogenaceae,Chrysiogenales,Chrysiogenetes,Chrysiogenota,rrs_MG1655_2ndrun,1,0,0
Desulfurispirillum,Chrysiogenaceae,Chrysiogenales,Chrysiogenetes,Chrysiogenota,rrs_MG1655_2ndrun,1,0,0
Desulfurivibrio,Desulfurivibrionaceae,Desulfobulbales,Desulfobulbia,Desulfobacterota,rrs_MG1655_2ndrun,2,0,0
Desulfurobacterium,Desulfurobacteriaceae,Desulfurobacteriales,Aquificia,Aquificota,rrs_MG1655_2ndrun,4,0,0
Desulfuromonas,Desulfuromonadaceae,Desulfuromonadales,Desulfuromonadia,Desulfobacterota,rrs_MG1655_2ndrun,4,0,0
Desulfuromusa,Geopsychrobacteraceae,Desulfuromonadales,Desulfuromonadia,Desulfobacterota,rrs_MG1655_2ndrun,1,0,0
Dethiobacter,Dethiobacteraceae,Dethiobacterales,Dethiobacteria,Bacillota,rrs_MG1655_2ndrun,1,0,0
Dethiosulfatarculus,Desulfarculaceae,Desulfarculales,Desulfarculia,Desulfobacterota,rrs_MG1655_2ndrun,1,0,0
Dethiosulfatibacter,Dethiosulfatibacteraceae,Tissierellales,Clostridia,Bacillota,rrs_MG1655_2ndrun,1,0,0
Dethiosulfovibrio,Dethiosulfovibrionaceae,Synergistales,Synergistia,Synergistota,rrs_MG1655_2ndrun,2,0,0
Devosia,Devosiaceae,Rhizobiales,Alphaproteobacteria,Pseudomonadota,rrs_MG1655_2ndrun,38,0,0
Devriesea,Dermabacteraceae,Actinomycetales,Actinomycetes,Actinomycetota,rrs_MG1655_2ndrun,1,0,0
Dialister,Dialisteraceae,Veillonellales,Negativicutes,Bacillota,rrs_MG1655_2ndrun,5,0,0
Diaminobutyricimonas,Microbacteriaceae,Actinomycetales,Actinomycetes,Actinomycetota,rrs_MG1655_2ndrun,1,0,0
Diaphorobacter,Burkholderiaceae,Burkholderiales,Gammaproteobacteria,Pseudomonadota,rrs_MG1655_2ndrun,5,0,0
Dichelobacter,Cardiobacteriaceae,Cardiobacteriales,Gammaproteobacteria,Pseudomonadota,rrs_MG1655_2ndrun,1,0,0
Dichotomicrobium,Rhodomicrobiaceae,Rhizobiales,Alphaproteobacteria,Pseudomonadota,rrs_MG1655_2ndrun,1,0,0
Dickeya,Enterobacteriaceae,Enterobacterales,Gammaproteobacteria,Pseudomonadota,rrs_MG1655_2ndrun,13,0,0
Dictyobacter,Ktedonobacteraceae,Ktedonobacterales,Ktedonobacteria,Chloroflexota,rrs_MG1655_2ndrun,6,1,0.16666666666666666
Dictyoglomus,Dictyoglomaceae,Dictyoglomales,Dictyoglomia,Dictyoglomota,rrs_MG1655_2ndrun,2,0,0
Dielma,Erysipelotrichaceae,Erysipelotrichales,Bacilli,Bacillota,rrs_MG1655_2ndrun,1,0,0
Dietzia,Mycobacteriaceae,Mycobacteriales,Actinomycetes,Actinomycetota,rrs_MG1655_2ndrun,12,0,0
Dinghuibacter,Chitinophagaceae,Chitinophagales,Bacteroidia,Bacteroidota,rrs_MG1655_2ndrun,1,0,0
Dinoroseobacter,Rhodobacteraceae,Rhodobacterales,Alphaproteobacteria,Pseudomonadota,rrs_MG1655_2ndrun,1,0,0
Diplocloster,Lachnospiraceae,Lachnospirales,Clostridia,Bacillota,rrs_MG1655_2ndrun,2,0,0
Dissulfuribacter,Dissulfuribacteraceae,Dissulfuribacterales,Dissulfuribacteria,Desulfobacterota,rrs_MG1655_2ndrun,1,0,0
Dissulfurimicrobium,Sh68,Dissulfuribacterales,Dissulfuribacteria,Desulfobacterota,rrs_MG1655_2ndrun,1,0,0
Dissulfurirhabdus,Dissulfurirhabdaceae,Dissulfuribacterales,Dissulfuribacteria,Desulfobacterota,rrs_MG1655_2ndrun,1,0,0
Dissulfurispira,Dissulfurispiraceae,Thermodesulfovibrionales,Thermodesulfovibrionia,Nitrospirota,rrs_MG1655_2ndrun,1,0,0
Dokdonella,Rhodanobacteraceae,Xanthomonadales,Gammaproteobacteria,Pseudomonadota,rrs_MG1655_2ndrun,4,0,0
Dokdonia,Flavobacteriaceae,Flavobacteriales,Bacteroidia,Bacteroidota,rrs_MG1655_2ndrun,4,0,0
Dolichospermum,Nostocaceae,Cyanobacteriales,Cyanobacteriia,Cyanobacteriota,rrs_MG1655_2ndrun,4,0,0
Dolosicoccus,Aerococcaceae,Lactobacillales,Bacilli,Bacillota,rrs_MG1655_2ndrun,1,0,0
Dolosigranulum,Carnobacteriaceae,Lactobacillales,Bacilli,Bacillota,rrs_MG1655_2ndrun,2,0,0
Domibacillus,Domibacillaceae,Bacillales_B,Bacilli,Bacillota,rrs_MG1655_2ndrun,7,0,0
Donghicola,Rhodobacteraceae,Rhodobacterales,Alphaproteobacteria,Pseudomonadota,rrs_MG1655_2ndrun,3,0,0
Dongia,Dongiaceae,Dongiales,Alphaproteobacteria,Pseudomonadota,rrs_MG1655_2ndrun,5,0,0
Dongshaea,Aeromonadaceae,Enterobacterales,Gammaproteobacteria,Pseudomonadota,rrs_MG1655_2ndrun,1,0,0
Dorea,Lachnospiraceae,Lachnospirales,Clostridia,Bacillota,rrs_MG1655_2ndrun,7,0,0
Draconibacterium,Prolixibacteraceae,Bacteroidales,Bacteroidia,Bacteroidota,rrs_MG1655_2ndrun,5,0,0
Dryocola,Enterobacteriaceae,Enterobacterales,Gammaproteobacteria,Pseudomonadota,rrs_MG1655_2ndrun,1,0,0
Dubosiella,Erysipelotrichaceae,Erysipelotrichales,Bacilli,Bacillota,rrs_MG1655_2ndrun,2,0,0
Duffyella,Enterobacteriaceae,Enterobacterales,Gammaproteobacteria,Pseudomonadota,rrs_MG1655_2ndrun,1,0,0
Duganella,Burkholderiaceae,Burkholderiales,Gammaproteobacteria,Pseudomonadota,rrs_MG1655_2ndrun,5,0,0
Dulcicalothrix,Nostocaceae,Cyanobacteriales,Cyanobacteriia,Cyanobacteriota,rrs_MG1655_2ndrun,1,0,0
Duncaniella,Muribaculaceae,Bacteroidales,Bacteroidia,Bacteroidota,rrs_MG1655_2ndrun,4,0,0
Duodenibacillus,Burkholderiaceae,Burkholderiales,Gammaproteobacteria,Pseudomonadota,rrs_MG1655_2ndrun,1,0,0
Dyadobacter,Spirosomataceae,Cytophagales,Bacteroidia,Bacteroidota,rrs_MG1655_2ndrun,24,0,0
Dyella,Rhodanobacteraceae,Xanthomonadales,Gammaproteobacteria,Pseudomonadota,rrs_MG1655_2ndrun,35,0,0
Dysgonomonas,Dysgonomonadaceae,Bacteroidales,Bacteroidia,Bacteroidota,rrs_MG1655_2ndrun,8,0,0
Dysosmobacter,NA,NA,NA,NA,rrs_MG1655_2ndrun,3,0,0
Echinicola,Cyclobacteriaceae,Cytophagales,Bacteroidia,Bacteroidota,rrs_MG1655_2ndrun,10,0,0
Echinimonas,Neiellaceae,Enterobacterales,Gammaproteobacteria,Pseudomonadota,rrs_MG1655_2ndrun,1,0,0
Ectobacillus,Bacillaceae_G,Bacillales,Bacilli,Bacillota,rrs_MG1655_2ndrun,1,0,0
Ectopseudomonas,NA,NA,NA,NA,rrs_MG1655_2ndrun,9,0,0
Ectorhizobium,Rhizobiaceae,Rhizobiales,Alphaproteobacteria,Pseudomonadota,rrs_MG1655_2ndrun,1,0,0
Ectothiorhodosinus,Ectothiorhodospiraceae,Ectothiorhodospirales,Gammaproteobacteria,Pseudomonadota,rrs_MG1655_2ndrun,1,0,0
Ectothiorhodospira,Ectothiorhodospiraceae,Ectothiorhodospirales,Gammaproteobacteria,Pseudomonadota,rrs_MG1655_2ndrun,7,0,0
Edaphobacillus,NA,NA,NA,NA,rrs_MG1655_2ndrun,1,0,0
Edaphobacter,Acidobacteriaceae,Terriglobales,Terriglobia,Acidobacteriota,rrs_MG1655_2ndrun,7,0,0
Edaphocola,Chitinophagaceae,Chitinophagales,Bacteroidia,Bacteroidota,rrs_MG1655_2ndrun,2,0,0
Edaphosphingomonas,NA,NA,NA,NA,rrs_MG1655_2ndrun,2,0,0
Edwardsiella,Enterobacteriaceae,Enterobacterales,Gammaproteobacteria,Pseudomonadota,rrs_MG1655_2ndrun,5,0,0
Effusibacillus,Effusibacillaceae,Tumebacillales,Bacilli,Bacillota,rrs_MG1655_2ndrun,1,0,0
Eggerthella,Eggerthellaceae,Coriobacteriales,Coriobacteriia,Actinomycetota,rrs_MG1655_2ndrun,5,0,0
Eggerthia,Coprobacillaceae,Erysipelotrichales,Bacilli,Bacillota,rrs_MG1655_2ndrun,1,0,0
Egibacter,Egibacteraceae,Euzebyales,Nitriliruptoria,Actinomycetota,rrs_MG1655_2ndrun,1,0,0
Egicoccus,Nitriliruptoraceae,Nitriliruptorales,Nitriliruptoria,Actinomycetota,rrs_MG1655_2ndrun,1,0,0
Ehrlichia,Anaplasmataceae,Rickettsiales,Alphaproteobacteria,Pseudomonadota,rrs_MG1655_2ndrun,7,0,0
Eikenella,Neisseriaceae,Burkholderiales,Gammaproteobacteria,Pseudomonadota,rrs_MG1655_2ndrun,5,0,0
Eilatimonas,Kordiimonadaceae,Sphingomonadales,Alphaproteobacteria,Pseudomonadota,rrs_MG1655_2ndrun,1,0,0
Eisenbergiella,Lachnospiraceae,Lachnospirales,Clostridia,Bacillota,rrs_MG1655_2ndrun,2,0,0
Ekhidna,Cyclobacteriaceae,Cytophagales,Bacteroidia,Bacteroidota,rrs_MG1655_2ndrun,1,0,0
Eleftheria,NA,NA,NA,NA,rrs_MG1655_2ndrun,1,0,0
Elioraea,Acetobacteraceae,Acetobacterales,Alphaproteobacteria,Pseudomonadota,rrs_MG1655_2ndrun,4,0,0
Elizabethkingia,Weeksellaceae,Flavobacteriales,Bacteroidia,Bacteroidota,rrs_MG1655_2ndrun,7,0,0
Elongatibacter,SZUA-36,Xanthomonadales,Gammaproteobacteria,Pseudomonadota,rrs_MG1655_2ndrun,1,0,0
Elstera,Elsteraceae,Elsterales,Alphaproteobacteria,Pseudomonadota,rrs_MG1655_2ndrun,2,0,0
Elusimicrobium,Elusimicrobiaceae,Elusimicrobiales,Elusimicrobia,Elusimicrobiota,rrs_MG1655_2ndrun,3,0,0
Embleya,Streptomycetaceae,Streptomycetales,Actinomycetes,Actinomycetota,rrs_MG1655_2ndrun,2,0,0
Emcibacter,Emcibacteraceae,Sphingomonadales,Alphaproteobacteria,Pseudomonadota,rrs_MG1655_2ndrun,1,0,0
Emergencia,Anaerovoracaceae,Peptostreptococcales,Clostridia,Bacillota,rrs_MG1655_2ndrun,1,0,0
Empedobacter,Weeksellaceae,Flavobacteriales,Bacteroidia,Bacteroidota,rrs_MG1655_2ndrun,3,0,0
Emticicia,Spirosomataceae,Cytophagales,Bacteroidia,Bacteroidota,rrs_MG1655_2ndrun,6,0,0
Endobacter,Acetobacteraceae,Acetobacterales,Alphaproteobacteria,Pseudomonadota,rrs_MG1655_2ndrun,1,0,0
Endobacterium,NA,NA,NA,NA,rrs_MG1655_2ndrun,1,0,0
Endomicrobium,Endomicrobiaceae,Endomicrobiales,Endomicrobiia,Elusimicrobiota,rrs_MG1655_2ndrun,1,0,0
Endosaccharibacter,NA,NA,NA,NA,rrs_MG1655_2ndrun,1,0,0
Endozoicomonas,Endozoicomonadaceae,Pseudomonadales,Gammaproteobacteria,Pseudomonadota,rrs_MG1655_2ndrun,10,0,0
Enemella,Propionibacteriaceae,Propionibacteriales,Actinomycetes,Actinomycetota,rrs_MG1655_2ndrun,2,0,0
Engelhardtia,NA,NA,NA,NA,rrs_MG1655_2ndrun,1,0,0
Enhydrobacter,NA,NA,NA,NA,rrs_MG1655_2ndrun,1,0,0
Enhygromyxa,Nannocystaceae,Nannocystales,Polyangia,Myxococcota,rrs_MG1655_2ndrun,1,0,0
Enorma,Coriobacteriaceae,Coriobacteriales,Coriobacteriia,Actinomycetota,rrs_MG1655_2ndrun,5,0,0
Ensifer,Rhizobiaceae,Rhizobiales,Alphaproteobacteria,Pseudomonadota,rrs_MG1655_2ndrun,5,0,0
Enteractinococcus,NA,NA,NA,NA,rrs_MG1655_2ndrun,3,0,0
Enterobacillus,Enterobacteriaceae,Enterobacterales,Gammaproteobacteria,Pseudomonadota,rrs_MG1655_2ndrun,1,0,0
Enterobacter,Enterobacteriaceae,Enterobacterales,Gammaproteobacteria,Pseudomonadota,rrs_MG1655_2ndrun,26,0,0
Enterobacterales,NA,NA,NA,NA,rrs_MG1655_2ndrun,1,0,0
Enterobacteriaceae,NA,NA,NA,NA,rrs_MG1655_2ndrun,22,0,0
Enterocloster,Lachnospiraceae,Lachnospirales,Clostridia,Bacillota,rrs_MG1655_2ndrun,7,0,0
Enterococcus,Enterococcaceae,Lactobacillales,Bacilli,Bacillota,rrs_MG1655_2ndrun,62,0,0
Enteroscipio,Eggerthellaceae,Coriobacteriales,Coriobacteriia,Actinomycetota,rrs_MG1655_2ndrun,1,0,0
Enterovibrio,Vibrionaceae,Enterobacterales,Gammaproteobacteria,Pseudomonadota,rrs_MG1655_2ndrun,4,0,0
Enterovirga,Beijerinckiaceae,Rhizobiales,Alphaproteobacteria,Pseudomonadota,rrs_MG1655_2ndrun,2,0,0
Entomobacter,Acetobacteraceae,Acetobacterales,Alphaproteobacteria,Pseudomonadota,rrs_MG1655_2ndrun,1,0,0
Entomomonas,Pseudomonadaceae,Pseudomonadales,Gammaproteobacteria,Pseudomonadota,rrs_MG1655_2ndrun,2,0,0
Entomoplasma,Mycoplasmataceae,Mycoplasmatales,Bacilli,Bacillota,rrs_MG1655_2ndrun,2,0,0
Entomospira,WRBN01,WRBN01,Spirochaetia,Spirochaetota,rrs_MG1655_2ndrun,3,0,0
Eoetvoesiella,NA,NA,NA,NA,rrs_MG1655_2ndrun,1,0,0
Ephemeroptericola,NA,NA,NA,NA,rrs_MG1655_2ndrun,1,0,0
Epibacterium,Rhodobacteraceae,Rhodobacterales,Alphaproteobacteria,Pseudomonadota,rrs_MG1655_2ndrun,1,0,0
Epidermidibacterium,Antricoccaceae,Mycobacteriales,Actinomycetes,Actinomycetota,rrs_MG1655_2ndrun,1,0,0
Epilithonimonas,Weeksellaceae,Flavobacteriales,Bacteroidia,Bacteroidota,rrs_MG1655_2ndrun,12,0,0
Ereboglobus,Opitutaceae,Opitutales,Verrucomicrobiia,Verrucomicrobiota,rrs_MG1655_2ndrun,1,0,0
Eremococcus,Aerococcaceae,Lactobacillales,Bacilli,Bacillota,rrs_MG1655_2ndrun,1,0,0
Erwinia,Enterobacteriaceae,Enterobacterales,Gammaproteobacteria,Pseudomonadota,rrs_MG1655_2ndrun,14,0,0
Erysipelothrix,Erysipelotrichaceae,Erysipelotrichales,Bacilli,Bacillota,rrs_MG1655_2ndrun,9,0,0
Erythrobacter,Sphingomonadaceae,Sphingomonadales,Alphaproteobacteria,Pseudomonadota,rrs_MG1655_2ndrun,21,0,0
Escherichia,Enterobacteriaceae,Enterobacterales,Gammaproteobacteria,Pseudomonadota,rrs_MG1655_2ndrun,7,0,0
Eshraghiella,NA,NA,NA,NA,rrs_MG1655_2ndrun,1,0,0
Estrella,Criblamydiaceae,Chlamydiales,Chlamydiia,Chlamydiota,rrs_MG1655_2ndrun,1,0,0
Ethanoligenens,Ethanoligenentaceae,Oscillospirales,Clostridia,Bacillota,rrs_MG1655_2ndrun,1,0,0
Eubacterium,Eubacteriaceae,Eubacteriales,Clostridia,Bacillota,rrs_MG1655_2ndrun,12,0,0
Eudoraea,Flavobacteriaceae,Flavobacteriales,Bacteroidia,Bacteroidota,rrs_MG1655_2ndrun,2,0,0
Euhalothece,NA,NA,NA,NA,rrs_MG1655_2ndrun,1,0,0
Eupransor,Lactobacillaceae,Lactobacillales,Bacilli,Bacillota,rrs_MG1655_2ndrun,1,0,0
Euryhalocaulis,Maricaulaceae,Caulobacterales,Alphaproteobacteria,Pseudomonadota,rrs_MG1655_2ndrun,1,0,0
Euzebya,Euzebyaceae,Euzebyales,Nitriliruptoria,Actinomycetota,rrs_MG1655_2ndrun,3,0,0
Euzebyella,Flavobacteriaceae,Flavobacteriales,Bacteroidia,Bacteroidota,rrs_MG1655_2ndrun,2,0,0
Evansella,Salisediminibacteriaceae,Bacillales_H,Bacilli,Bacillota,rrs_MG1655_2ndrun,3,0,0
Ewingella,Enterobacteriaceae,Enterobacterales,Gammaproteobacteria,Pseudomonadota,rrs_MG1655_2ndrun,1,0,0
Exercitatus,Pasteurellaceae,Enterobacterales,Gammaproteobacteria,Pseudomonadota,rrs_MG1655_2ndrun,1,0,0
Exiguobacterium,Exiguobacteriaceae,Exiguobacteriales,Bacilli,Bacillota,rrs_MG1655_2ndrun,14,0,0
Exilibacterium,Cellvibrionaceae,Pseudomonadales,Gammaproteobacteria,Pseudomonadota,rrs_MG1655_2ndrun,1,0,0
Exobacillus,NA,NA,NA,NA,rrs_MG1655_2ndrun,1,0,0
Extensimonas,Burkholderiaceae,Burkholderiales,Gammaproteobacteria,Pseudomonadota,rrs_MG1655_2ndrun,3,0,0
Ezakiella,Peptoniphilaceae,Tissierellales,Clostridia,Bacillota,rrs_MG1655_2ndrun,3,0,0
Facilibium,Francisellaceae,Francisellales,Gammaproteobacteria,Pseudomonadota,rrs_MG1655_2ndrun,1,0,0
Facivitalis,NA,NA,NA,NA,rrs_MG1655_2ndrun,1,0,0
Facklamia,Aerococcaceae,Lactobacillales,Bacilli,Bacillota,rrs_MG1655_2ndrun,4,0,0
Faecalibacillus,Coprobacillaceae,Erysipelotrichales,Bacilli,Bacillota,rrs_MG1655_2ndrun,2,0,0
Faecalibacter,Weeksellaceae,Flavobacteriales,Bacteroidia,Bacteroidota,rrs_MG1655_2ndrun,2,0,0
Faecalibacterium,Ruminococcaceae,Oscillospirales,Clostridia,Bacillota,rrs_MG1655_2ndrun,9,0,0
Faecalibaculum,Erysipelotrichaceae,Erysipelotrichales,Bacilli,Bacillota,rrs_MG1655_2ndrun,1,0,0
Faecalicatena,Lachnospiraceae,Lachnospirales,Clostridia,Bacillota,rrs_MG1655_2ndrun,3,0,0
Faecalicoccus,Erysipelotrichaceae,Erysipelotrichales,Bacilli,Bacillota,rrs_MG1655_2ndrun,2,0,0
Faecalimicrobium,Peptostreptococcaceae,Peptostreptococcales,Clostridia,Bacillota,rrs_MG1655_2ndrun,1,0,0
Faecalimonas,Lachnospiraceae,Lachnospirales,Clostridia,Bacillota,rrs_MG1655_2ndrun,1,0,0
Faecalispora,Acutalibacteraceae,Oscillospirales,Clostridia,Bacillota,rrs_MG1655_2ndrun,2,0,0
Faecalitalea,Erysipelotrichaceae,Erysipelotrichales,Bacilli,Bacillota,rrs_MG1655_2ndrun,1,0,0
Faecousia,Oscillospiraceae,Oscillospirales,Clostridia,Bacillota,rrs_MG1655_2ndrun,1,0,0
Falsarthrobacter,Micrococcaceae,Actinomycetales,Actinomycetes,Actinomycetota,rrs_MG1655_2ndrun,1,0,0
Falseniella,Aerococcaceae,Lactobacillales,Bacilli,Bacillota,rrs_MG1655_2ndrun,1,0,0
Falsibacillus,DSM-25281,Bacillales_B,Bacilli,Bacillota,rrs_MG1655_2ndrun,1,0,0
Falsigemmobacter,NA,NA,NA,NA,rrs_MG1655_2ndrun,1,0,0
Falsihalocynthiibacter,Rhodobacteraceae,Rhodobacterales,Alphaproteobacteria,Pseudomonadota,rrs_MG1655_2ndrun,1,0,0
Falsirhodobacter,Rhodobacteraceae,Rhodobacterales,Alphaproteobacteria,Pseudomonadota,rrs_MG1655_2ndrun,4,0,0
Falsiroseomonas,Acetobacteraceae,Acetobacterales,Alphaproteobacteria,Pseudomonadota,rrs_MG1655_2ndrun,9,0,0
Falsiruegeria,Rhodobacteraceae,Rhodobacterales,Alphaproteobacteria,Pseudomonadota,rrs_MG1655_2ndrun,1,0,0
Falsochrobactrum,NA,NA,NA,NA,rrs_MG1655_2ndrun,3,0,0
Fangia,Francisellaceae,Francisellales,Gammaproteobacteria,Pseudomonadota,rrs_MG1655_2ndrun,1,0,0
Fannyhessea,Atopobiaceae,Coriobacteriales,Coriobacteriia,Actinomycetota,rrs_MG1655_2ndrun,1,0,0
Fastidiosibacter,Francisellaceae,Francisellales,Gammaproteobacteria,Pseudomonadota,rrs_MG1655_2ndrun,1,0,0
Fastidiosipila,Fastidiosipilaceae,Saccharofermentanales,Clostridia,Bacillota,rrs_MG1655_2ndrun,1,0,0
Faucicola,NA,NA,NA,NA,rrs_MG1655_2ndrun,4,0,0
Faunimonas,Afifellaceae,Rhizobiales,Alphaproteobacteria,Pseudomonadota,rrs_MG1655_2ndrun,1,0,0
Feifania,Feifaniaceae,Oscillospirales,Clostridia,Bacillota,rrs_MG1655_2ndrun,1,0,0
Fenollaria,Peptoniphilaceae,Tissierellales,Clostridia,Bacillota,rrs_MG1655_2ndrun,3,0,0
Ferirhizobium,Rhizobiaceae,Rhizobiales,Alphaproteobacteria,Pseudomonadota,rrs_MG1655_2ndrun,1,0,0
Ferranicluibacter,Rhizobiaceae,Rhizobiales,Alphaproteobacteria,Pseudomonadota,rrs_MG1655_2ndrun,1,0,0
Ferribacterium,NA,NA,NA,NA,rrs_MG1655_2ndrun,1,0,0
Ferrigenium,NA,NA,NA,NA,rrs_MG1655_2ndrun,1,0,0
Ferrimicrobium,Acidimicrobiaceae,Acidimicrobiales,Acidimicrobiia,Actinomycetota,rrs_MG1655_2ndrun,1,0,0
Ferrimonas,Shewanellaceae,Enterobacterales,Gammaproteobacteria,Pseudomonadota,rrs_MG1655_2ndrun,3,0,0
Ferriphaselus,Gallionellaceae,Burkholderiales,Gammaproteobacteria,Pseudomonadota,rrs_MG1655_2ndrun,1,0,0
Ferrithrix,Acidimicrobiaceae,Acidimicrobiales,Acidimicrobiia,Actinomycetota,rrs_MG1655_2ndrun,1,0,0
Ferrovibrio,Ferrovibrionaceae,Ferrovibrionales,Alphaproteobacteria,Pseudomonadota,rrs_MG1655_2ndrun,2,0,0
Ferrovum,Ferrovaceae,Burkholderiales,Gammaproteobacteria,Pseudomonadota,rrs_MG1655_2ndrun,1,0,0
Ferruginibacter,Chitinophagaceae,Chitinophagales,Bacteroidia,Bacteroidota,rrs_MG1655_2ndrun,4,0,0
Ferruginivarius,Rhodovibrionaceae,Kiloniellales,Alphaproteobacteria,Pseudomonadota,rrs_MG1655_2ndrun,1,0,0
Fertoeibacter,Rhodobacteraceae,Rhodobacterales,Alphaproteobacteria,Pseudomonadota,rrs_MG1655_2ndrun,1,0,0
Fervidibacillus,Caldibacillaceae,Bacillales_B,Bacilli,Bacillota,rrs_MG1655_2ndrun,2,0,0
Fervidicella,Caloramatoraceae,Clostridiales,Clostridia,Bacillota,rrs_MG1655_2ndrun,1,0,0
Ferviditalea,KCTC-25726,Paenibacillales,Bacilli,Bacillota,rrs_MG1655_2ndrun,1,0,0
Fervidobacterium,Fervidobacteriaceae,Thermotogales,Thermotogae,Thermotogota,rrs_MG1655_2ndrun,6,0,0
Fibrella,Spirosomataceae,Cytophagales,Bacteroidia,Bacteroidota,rrs_MG1655_2ndrun,4,0,0
Fibrisoma,Spirosomataceae,Cytophagales,Bacteroidia,Bacteroidota,rrs_MG1655_2ndrun,2,0,0
Fibrivirga,NA,NA,NA,NA,rrs_MG1655_2ndrun,1,0,0
Fibrobacter,Fibrobacteraceae,Fibrobacterales,Fibrobacteria,Fibrobacterota,rrs_MG1655_2ndrun,2,0,0
Fictibacillus,Fictibacillaceae,Bacillales_G,Bacilli,Bacillota,rrs_MG1655_2ndrun,7,0,0
Fidelibacter,NA,NA,NA,NA,rrs_MG1655_2ndrun,1,0,0
Filibacter,NA,NA,NA,NA,rrs_MG1655_2ndrun,1,0,0
Filifactor,Filifactoraceae,Peptostreptococcales,Clostridia,Bacillota,rrs_MG1655_2ndrun,2,0,0
Filimonas,Chitinophagaceae,Chitinophagales,Bacteroidia,Bacteroidota,rrs_MG1655_2ndrun,2,0,0
Filobacillus,Alkalibacillaceae,Bacillales_D,Bacilli,Bacillota,rrs_MG1655_2ndrun,1,0,0
Filomicrobium,Hyphomicrobiaceae,Rhizobiales,Alphaproteobacteria,Pseudomonadota,rrs_MG1655_2ndrun,1,0,0
Fimbriiglobus,Gemmataceae,Gemmatales,Planctomycetia,Planctomycetota,rrs_MG1655_2ndrun,1,0,0
Fimbriimonas,Fimbriimonadaceae,Fimbriimonadales,Fimbriimonadia,Armatimonadota,rrs_MG1655_2ndrun,1,0,0
Finegoldia,Peptoniphilaceae,Tissierellales,Clostridia,Bacillota,rrs_MG1655_2ndrun,2,0,0
Fischerella,Nostocaceae,Cyanobacteriales,Cyanobacteriia,Cyanobacteriota,rrs_MG1655_2ndrun,2,0,0
Flagellatimonas,Nevskiaceae,Nevskiales,Gammaproteobacteria,Pseudomonadota,rrs_MG1655_2ndrun,1,0,0
Flagellimonas,Flavobacteriaceae,Flavobacteriales,Bacteroidia,Bacteroidota,rrs_MG1655_2ndrun,42,0,0
Flammeovirga,Flammeovirgaceae,Cytophagales,Bacteroidia,Bacteroidota,rrs_MG1655_2ndrun,6,0,0
Flaviaesturariibacter,NA,NA,NA,NA,rrs_MG1655_2ndrun,3,0,0
Flavicella,Flavobacteriaceae,Flavobacteriales,Bacteroidia,Bacteroidota,rrs_MG1655_2ndrun,2,0,0
Flaviflagellibacter,NA,NA,NA,NA,rrs_MG1655_2ndrun,1,0,0
Flaviflexus,Actinomycetaceae,Actinomycetales,Actinomycetes,Actinomycetota,rrs_MG1655_2ndrun,5,0,0
Flavihumibacter,Chitinophagaceae,Chitinophagales,Bacteroidia,Bacteroidota,rrs_MG1655_2ndrun,8,0,0
Flavilitoribacter,Saprospiraceae,Chitinophagales,Bacteroidia,Bacteroidota,rrs_MG1655_2ndrun,1,0,0
Flavimaribacter,Rhizobiaceae,Rhizobiales,Alphaproteobacteria,Pseudomonadota,rrs_MG1655_2ndrun,1,0,0
Flavimaricola,Rhodobacteraceae,Rhodobacterales,Alphaproteobacteria,Pseudomonadota,rrs_MG1655_2ndrun,1,0,0
Flavimobilis,Cellulomonadaceae,Actinomycetales,Actinomycetes,Actinomycetota,rrs_MG1655_2ndrun,1,0,0
Flavipsychrobacter,NA,NA,NA,NA,rrs_MG1655_2ndrun,1,0,0
Flaviramulus,Flavobacteriaceae,Flavobacteriales,Bacteroidia,Bacteroidota,rrs_MG1655_2ndrun,3,0,0
Flavisolibacter,Chitinophagaceae,Chitinophagales,Bacteroidia,Bacteroidota,rrs_MG1655_2ndrun,3,0,0
Flavisphingomonas,NA,NA,NA,NA,rrs_MG1655_2ndrun,1,0,0
Flavisphingopyxis,NA,NA,NA,NA,rrs_MG1655_2ndrun,1,0,0
Flavivirga,Flavobacteriaceae,Flavobacteriales,Bacteroidia,Bacteroidota,rrs_MG1655_2ndrun,8,0,0
Flavobacterium,Flavobacteriaceae,Flavobacteriales,Bacteroidia,Bacteroidota,rrs_MG1655_2ndrun,273,0,0
Flavonifractor,Oscillospiraceae,Oscillospirales,Clostridia,Bacillota,rrs_MG1655_2ndrun,2,0,0
Flectobacillus,Spirosomataceae,Cytophagales,Bacteroidia,Bacteroidota,rrs_MG1655_2ndrun,3,0,0
Flexibacter,Flexibacteraceae,Cytophagales,Bacteroidia,Bacteroidota,rrs_MG1655_2ndrun,1,0,0
Flexibacterium,NA,NA,NA,NA,rrs_MG1655_2ndrun,1,0,0
Flexilinea,Anaerolineaceae,Anaerolineales,Anaerolineae,Chloroflexota,rrs_MG1655_2ndrun,1,0,0
Flexistipes,Flexistipitaceae,Deferribacterales,Deferribacteres,Chrysiogenota,rrs_MG1655_2ndrun,1,0,0
Flexithrix,Flammeovirgaceae,Cytophagales,Bacteroidia,Bacteroidota,rrs_MG1655_2ndrun,1,0,0
Flexivirga,Dermatophilaceae,Actinomycetales,Actinomycetes,Actinomycetota,rrs_MG1655_2ndrun,6,0,0
Flintibacter,NA,NA,NA,NA,rrs_MG1655_2ndrun,4,0,0
Floccifex,Erysipelotrichaceae,Erysipelotrichales,Bacilli,Bacillota,rrs_MG1655_2ndrun,1,0,0
Flocculibacter,Alteromonadaceae,Enterobacterales,Gammaproteobacteria,Pseudomonadota,rrs_MG1655_2ndrun,1,0,0
Floricoccus,Streptococcaceae,Lactobacillales,Bacilli,Bacillota,rrs_MG1655_2ndrun,2,0,0
Floridanema,NA,NA,NA,NA,rrs_MG1655_2ndrun,3,0,0
Fluctibacter,Alteromonadaceae,Enterobacterales,Gammaproteobacteria,Pseudomonadota,rrs_MG1655_2ndrun,1,0,0
Fluoribacter,NA,NA,NA,NA,rrs_MG1655_2ndrun,2,0,0
Fluviibacter,Rhodocyclaceae,Burkholderiales,Gammaproteobacteria,Pseudomonadota,rrs_MG1655_2ndrun,1,0,0
Fluviicoccus,Moraxellaceae,Pseudomonadales,Gammaproteobacteria,Pseudomonadota,rrs_MG1655_2ndrun,1,0,0
Fluviicola,Crocinitomicaceae,Flavobacteriales,Bacteroidia,Bacteroidota,rrs_MG1655_2ndrun,2,0,0
Fluviispira,NA,NA,NA,NA,rrs_MG1655_2ndrun,2,0,0
Fodinibacter,Dermatophilaceae,Actinomycetales,Actinomycetes,Actinomycetota,rrs_MG1655_2ndrun,1,0,0
Fodinibius,Balneolaceae,Balneolales,Rhodothermia,Bacteroidota_A,rrs_MG1655_2ndrun,9,0,0
Fodinicola,HKI-0501,Mycobacteriales,Actinomycetes,Actinomycetota,rrs_MG1655_2ndrun,2,0,0
Fodinicurvata,DSM-21159,Kiloniellales,Alphaproteobacteria,Pseudomonadota,rrs_MG1655_2ndrun,3,0,0
Fodinisporobacter,MYW30-H2,Tumebacillales,Bacilli,Bacillota,rrs_MG1655_2ndrun,1,0,0
Foetidibacter,Chitinophagaceae,Chitinophagales,Bacteroidia,Bacteroidota,rrs_MG1655_2ndrun,1,0,0
Fontibacter,NA,NA,NA,NA,rrs_MG1655_2ndrun,1,0,0
Fonticella,Caloramatoraceae,Clostridiales,Clostridia,Bacillota,rrs_MG1655_2ndrun,1,0,0
Fontimonas,Nevskiaceae,Nevskiales,Gammaproteobacteria,Pseudomonadota,rrs_MG1655_2ndrun,1,0,0
Fontisphaera,Fontisphaeraceae,Limisphaerales,Verrucomicrobiia,Verrucomicrobiota,rrs_MG1655_2ndrun,1,0,0
Fontisubflavum,NA,NA,NA,NA,rrs_MG1655_2ndrun,1,0,0
Fontivita,NA,NA,NA,NA,rrs_MG1655_2ndrun,1,0,0
Formicincola,Acetobacteraceae,Acetobacterales,Alphaproteobacteria,Pseudomonadota,rrs_MG1655_2ndrun,1,0,0
Formivibrio,Chitinibacteraceae,Burkholderiales,Gammaproteobacteria,Pseudomonadota,rrs_MG1655_2ndrun,1,0,0
Formosa,Flavobacteriaceae,Flavobacteriales,Bacteroidia,Bacteroidota,rrs_MG1655_2ndrun,6,0,0
Formosimonas,Burkholderiaceae,Burkholderiales,Gammaproteobacteria,Pseudomonadota,rrs_MG1655_2ndrun,1,0,0
Fortiea,Nostocaceae,Cyanobacteriales,Cyanobacteriia,Cyanobacteriota,rrs_MG1655_2ndrun,1,0,0
Francisella,Francisellaceae,Francisellales,Gammaproteobacteria,Pseudomonadota,rrs_MG1655_2ndrun,15,0,0
Frankia,Frankiaceae,Mycobacteriales,Actinomycetes,Actinomycetota,rrs_MG1655_2ndrun,7,0,0
Franzmannia,Halomonadaceae,Pseudomonadales,Gammaproteobacteria,Pseudomonadota,rrs_MG1655_2ndrun,2,0,0
Frateuria,Rhodanobacteraceae,Xanthomonadales,Gammaproteobacteria,Pseudomonadota,rrs_MG1655_2ndrun,7,0,0
Frederiksenia,Pasteurellaceae,Enterobacterales,Gammaproteobacteria,Pseudomonadota,rrs_MG1655_2ndrun,1,0,0
Fredinandcohnia,NA,NA,NA,NA,rrs_MG1655_2ndrun,2,0,0
Fretibacter,Maricaulaceae,Caulobacterales,Alphaproteobacteria,Pseudomonadota,rrs_MG1655_2ndrun,1,0,0
Fretibacterium,Aminobacteriaceae,Synergistales,Synergistia,Synergistota,rrs_MG1655_2ndrun,1,0,0
Friedmanniella,Propionibacteriaceae,Propionibacteriales,Actinomycetes,Actinomycetota,rrs_MG1655_2ndrun,1,0,0
Frigidibacter,Rhodobacteraceae,Rhodobacterales,Alphaproteobacteria,Pseudomonadota,rrs_MG1655_2ndrun,3,0,0
Frigoribacterium,Microbacteriaceae,Actinomycetales,Actinomycetes,Actinomycetota,rrs_MG1655_2ndrun,2,0,0
Frigoriflavimonas,Weeksellaceae,Flavobacteriales,Bacteroidia,Bacteroidota,rrs_MG1655_2ndrun,1,0,0
Frigoriglobus,NA,NA,NA,NA,rrs_MG1655_2ndrun,1,0,0
Frischella,Enterobacteriaceae,Enterobacterales,Gammaproteobacteria,Pseudomonadota,rrs_MG1655_2ndrun,2,0,0
Frisingicoccus,Lachnospiraceae,Lachnospirales,Clostridia,Bacillota,rrs_MG1655_2ndrun,1,0,0
Frondihabitans,Microbacteriaceae,Actinomycetales,Actinomycetes,Actinomycetota,rrs_MG1655_2ndrun,4,0,0
Fructilactobacillus,Lactobacillaceae,Lactobacillales,Bacilli,Bacillota,rrs_MG1655_2ndrun,11,0,0
Fructobacillus,Lactobacillaceae,Lactobacillales,Bacilli,Bacillota,rrs_MG1655_2ndrun,13,0,0
Fuchsiella,Acetohalobiaceae,Halobacteroidales,Halanaerobiia,Bacillota,rrs_MG1655_2ndrun,1,0,0
Fuerstiella,Planctomycetaceae,Planctomycetales,Planctomycetia,Planctomycetota,rrs_MG1655_2ndrun,1,0,0
Fulvimarina,Rhizobiaceae,Rhizobiales,Alphaproteobacteria,Pseudomonadota,rrs_MG1655_2ndrun,4,0,0
Fulvimonas,Rhodanobacteraceae,Xanthomonadales,Gammaproteobacteria,Pseudomonadota,rrs_MG1655_2ndrun,2,0,0
Fulvitalea,Cyclobacteriaceae,Cytophagales,Bacteroidia,Bacteroidota,rrs_MG1655_2ndrun,1,0,0
Fulvivirga,Cyclobacteriaceae,Cytophagales,Bacteroidia,Bacteroidota,rrs_MG1655_2ndrun,10,0,0
Fumia,Ruminococcaceae,Oscillospirales,Clostridia,Bacillota,rrs_MG1655_2ndrun,1,0,0
Fundicoccus,Aerococcaceae,Lactobacillales,Bacilli,Bacillota,rrs_MG1655_2ndrun,2,0,0
Fundidesulfovibrio,Desulfovibrionaceae,Desulfovibrionales,Desulfovibrionia,Desulfobacterota_I,rrs_MG1655_2ndrun,4,0,0
Funiculus,FACHB-T130,Cyanobacteriales,Cyanobacteriia,Cyanobacteriota,rrs_MG1655_2ndrun,1,0,0
Furfurilactobacillus,Lactobacillaceae,Lactobacillales,Bacilli,Bacillota,rrs_MG1655_2ndrun,3,0,0
Fuscibacter,Rhodobacteraceae,Rhodobacterales,Alphaproteobacteria,Pseudomonadota,rrs_MG1655_2ndrun,1,0,0
Fuscovulum,Rhodobacteraceae,Rhodobacterales,Alphaproteobacteria,Pseudomonadota,rrs_MG1655_2ndrun,1,0,0
Fusibacter,Acidaminobacteraceae,Peptostreptococcales,Clostridia,Bacillota,rrs_MG1655_2ndrun,2,0,0
Fusicatenibacter,Lachnospiraceae,Lachnospirales,Clostridia,Bacillota,rrs_MG1655_2ndrun,2,0,0
Fusobacterium,Fusobacteriaceae,Fusobacteriales,Fusobacteriia,Fusobacteriota,rrs_MG1655_2ndrun,20,0,0
Futiania,Futianiaceae,Futianiales,Alphaproteobacteria,Pseudomonadota,rrs_MG1655_2ndrun,1,0,0
Gabonibacter,Marinifilaceae,Bacteroidales,Bacteroidia,Bacteroidota,rrs_MG1655_2ndrun,2,0,0
Gaetbulibacter,Flavobacteriaceae,Flavobacteriales,Bacteroidia,Bacteroidota,rrs_MG1655_2ndrun,3,0,0
Gaiella,Gaiellaceae,Gaiellales,Thermoleophilia,Actinomycetota,rrs_MG1655_2ndrun,1,0,0
Galactobacillus,NA,NA,NA,NA,rrs_MG1655_2ndrun,1,0,0
Galactobacter,Micrococcaceae,Actinomycetales,Actinomycetes,Actinomycetota,rrs_MG1655_2ndrun,2,0,0
Galbibacter,Flavobacteriaceae,Flavobacteriales,Bacteroidia,Bacteroidota,rrs_MG1655_2ndrun,4,0,0
Galbitalea,Microbacteriaceae,Actinomycetales,Actinomycetes,Actinomycetota,rrs_MG1655_2ndrun,1,0,0
Gallaecimonas,Gallaecimonadaceae,Enterobacterales,Gammaproteobacteria,Pseudomonadota,rrs_MG1655_2ndrun,4,0,0
Gallalistipes,Rikenellaceae,Bacteroidales,Bacteroidia,Bacteroidota,rrs_MG1655_2ndrun,1,0,0
Gallibacter,Anaerovoracaceae,Peptostreptococcales,Clostridia,Bacillota,rrs_MG1655_2ndrun,1,0,0
Gallibacterium,Pasteurellaceae,Enterobacterales,Gammaproteobacteria,Pseudomonadota,rrs_MG1655_2ndrun,2,0,0
Gallintestinimicrobium,Lachnospiraceae,Lachnospirales,Clostridia,Bacillota,rrs_MG1655_2ndrun,1,0,0
Gallionella,Gallionellaceae,Burkholderiales,Gammaproteobacteria,Pseudomonadota,rrs_MG1655_2ndrun,1,0,0
Galliscardovia,Bifidobacteriaceae,Actinomycetales,Actinomycetes,Actinomycetota,rrs_MG1655_2ndrun,1,0,0
Gandjariella,Pseudonocardiaceae,Mycobacteriales,Actinomycetes,Actinomycetota,rrs_MG1655_2ndrun,1,0,0
Gangjinia,Flavobacteriaceae,Flavobacteriales,Bacteroidia,Bacteroidota,rrs_MG1655_2ndrun,1,0,0
Gaopeijia,NA,NA,NA,NA,rrs_MG1655_2ndrun,1,0,0
Gaoshiqia,Prolixibacteraceae,Bacteroidales,Bacteroidia,Bacteroidota,rrs_MG1655_2ndrun,2,0,0
Garciella,Garciellaceae,Eubacteriales,Clostridia,Bacillota,rrs_MG1655_2ndrun,1,0,0
Gardnerella,NA,NA,NA,NA,rrs_MG1655_2ndrun,4,0,0
Garicola,NA,NA,NA,NA,rrs_MG1655_2ndrun,1,0,0
Gayadomonas,NA,NA,NA,NA,rrs_MG1655_2ndrun,1,0,0
Gehongia,NSJ-53,Christensenellales,Clostridia,Bacillota,rrs_MG1655_2ndrun,1,0,0
Gelatiniphilus,NA,NA,NA,NA,rrs_MG1655_2ndrun,1,0,0
Gelidibacter,Flavobacteriaceae,Flavobacteriales,Bacteroidia,Bacteroidota,rrs_MG1655_2ndrun,8,0,0
Gellertiella,Rhizobiaceae,Rhizobiales,Alphaproteobacteria,Pseudomonadota,rrs_MG1655_2ndrun,1,0,0
Gemella,Gemellaceae,Staphylococcales,Bacilli,Bacillota,rrs_MG1655_2ndrun,5,0,0
Gemelliphila,Gemellaceae,Staphylococcales,Bacilli,Bacillota,rrs_MG1655_2ndrun,2,0,0
Geminicoccus,Geminicoccaceae,Geminicoccales,Alphaproteobacteria,Pseudomonadota,rrs_MG1655_2ndrun,3,0,0
Geminisphaera,Opitutaceae,Opitutales,Verrucomicrobiia,Verrucomicrobiota,rrs_MG1655_2ndrun,1,0,0
Geminocystis,Cyanobacteriaceae,Cyanobacteriales,Cyanobacteriia,Cyanobacteriota,rrs_MG1655_2ndrun,1,0,0
Gemmata,Gemmataceae,Gemmatales,Planctomycetia,Planctomycetota,rrs_MG1655_2ndrun,4,0,0
Gemmatimonas,Gemmatimonadaceae,Gemmatimonadales,Gemmatimonadetes,Gemmatimonadota,rrs_MG1655_2ndrun,3,0,0
Gemmatirosa,Gemmatimonadaceae,Gemmatimonadales,Gemmatimonadetes,Gemmatimonadota,rrs_MG1655_2ndrun,1,0,0
Gemmiger,Ruminococcaceae,Oscillospirales,Clostridia,Bacillota,rrs_MG1655_2ndrun,2,0,0
Gemmobacter,Rhodobacteraceae,Rhodobacterales,Alphaproteobacteria,Pseudomonadota,rrs_MG1655_2ndrun,12,0,0
Geoalkalibacter,Geoalkalibacteraceae,Desulfuromonadales,Desulfuromonadia,Desulfobacterota,rrs_MG1655_2ndrun,3,0,0
Geoanaerobacter,DSM-12255,Geobacterales,Desulfuromonadia,Desulfobacterota,rrs_MG1655_2ndrun,1,0,0
Geobacillus,Anoxybacillaceae,Bacillales,Bacilli,Bacillota,rrs_MG1655_2ndrun,10,0,0
Geobacter,Geobacteraceae,Geobacterales,Desulfuromonadia,Desulfobacterota,rrs_MG1655_2ndrun,8,0,0
Geochorda,NA,NA,NA,NA,rrs_MG1655_2ndrun,1,0,0
Geodermatophilus,Geodermatophilaceae,Mycobacteriales,Actinomycetes,Actinomycetota,rrs_MG1655_2ndrun,17,0,0
Geofilum,Marinilabiliaceae,Bacteroidales,Bacteroidia,Bacteroidota,rrs_MG1655_2ndrun,2,0,0
Geomesophilobacter,Geobacteraceae,Geobacterales,Desulfuromonadia,Desulfobacterota,rrs_MG1655_2ndrun,1,0,0
Geomicrobium,Marinococcaceae,Bacillales_H,Bacilli,Bacillota,rrs_MG1655_2ndrun,2,0,0
Geomobilimonas,Geobacteraceae,Geobacterales,Desulfuromonadia,Desulfobacterota,rrs_MG1655_2ndrun,1,0,0
Geomonas,Geobacteraceae,Geobacterales,Desulfuromonadia,Desulfobacterota,rrs_MG1655_2ndrun,14,0,0
Geopseudomonas,Pseudomonadaceae,Pseudomonadales,Gammaproteobacteria,Pseudomonadota,rrs_MG1655_2ndrun,3,0,0
Geopsychrobacter,Geopsychrobacteraceae,Desulfuromonadales,Desulfuromonadia,Desulfobacterota,rrs_MG1655_2ndrun,1,0,0
Georgenia,Actinomycetaceae,Actinomycetales,Actinomycetes,Actinomycetota,rrs_MG1655_2ndrun,12,0,0
Georgfuchsia,Rhodocyclaceae,Burkholderiales,Gammaproteobacteria,Pseudomonadota,rrs_MG1655_2ndrun,1,0,0
Georhizobium,Rhizobiaceae,Rhizobiales,Alphaproteobacteria,Pseudomonadota,rrs_MG1655_2ndrun,1,0,0
Geosporobacter,Thermotaleaceae,Peptostreptococcales,Clostridia,Bacillota,rrs_MG1655_2ndrun,1,0,0
Geotalea,Geobacteraceae,Geobacterales,Desulfuromonadia,Desulfobacterota,rrs_MG1655_2ndrun,3,0,0
Geothermobacter,Geothermobacteraceae,Desulfuromonadales,Desulfuromonadia,Desulfobacterota,rrs_MG1655_2ndrun,2,0,0
Geothrix,Holophagaceae,Holophagales,Holophagae,Acidobacteriota,rrs_MG1655_2ndrun,12,0,0
Geotoga,Petrotogaceae,Petrotogales,Thermotogae,Thermotogota,rrs_MG1655_2ndrun,1,0,0
Geovibrio,Geovibrionaceae,Deferribacterales,Deferribacteres,Chrysiogenota,rrs_MG1655_2ndrun,2,0,0
Gephyromycinifex,Dermatophilaceae,Actinomycetales,Actinomycetes,Actinomycetota,rrs_MG1655_2ndrun,1,0,0
Ghiorsea,Mariprofundaceae,Mariprofundales,Zetaproteobacteria,Pseudomonadota,rrs_MG1655_2ndrun,1,0,0
Gibbsiella,Enterobacteriaceae,Enterobacterales,Gammaproteobacteria,Pseudomonadota,rrs_MG1655_2ndrun,1,0,0
Giesbergeria,NA,NA,NA,NA,rrs_MG1655_2ndrun,2,0,0
Gilliamella,Enterobacteriaceae,Enterobacterales,Gammaproteobacteria,Pseudomonadota,rrs_MG1655_2ndrun,4,0,0
Gillisia,Flavobacteriaceae,Flavobacteriales,Bacteroidia,Bacteroidota,rrs_MG1655_2ndrun,5,0,0
Gilvimarinus,Cellvibrionaceae,Pseudomonadales,Gammaproteobacteria,Pseudomonadota,rrs_MG1655_2ndrun,6,0,0
Gilvirhabdus,NA,NA,NA,NA,rrs_MG1655_2ndrun,1,0,0
Gimesia,Planctomycetaceae,Planctomycetales,Planctomycetia,Planctomycetota,rrs_MG1655_2ndrun,8,0,0
Gimibacter,Kordiimonadaceae,Sphingomonadales,Alphaproteobacteria,Pseudomonadota,rrs_MG1655_2ndrun,1,0,0
Ginsengibacter,Chitinophagaceae,Chitinophagales,Bacteroidia,Bacteroidota,rrs_MG1655_2ndrun,1,0,0
Glaciecola,Alteromonadaceae,Enterobacterales,Gammaproteobacteria,Pseudomonadota,rrs_MG1655_2ndrun,1,0,0
Glacieibacterium,Sphingomonadaceae,Sphingomonadales,Alphaproteobacteria,Pseudomonadota,rrs_MG1655_2ndrun,1,0,0
Glaciibacter,NA,NA,NA,NA,rrs_MG1655_2ndrun,2,0,0
Glaciihabitans,Microbacteriaceae,Actinomycetales,Actinomycetes,Actinomycetota,rrs_MG1655_2ndrun,2,0,0
Glaciimonas,Burkholderiaceae,Burkholderiales,Gammaproteobacteria,Pseudomonadota,rrs_MG1655_2ndrun,2,0,0
Glaesserella,Pasteurellaceae,Enterobacterales,Gammaproteobacteria,Pseudomonadota,rrs_MG1655_2ndrun,1,0,0
Gleimia,Actinomycetaceae,Actinomycetales,Actinomycetes,Actinomycetota,rrs_MG1655_2ndrun,2,0,0
Globicatella,Aerococcaceae,Lactobacillales,Bacilli,Bacillota,rrs_MG1655_2ndrun,2,0,0
Gloeobacter,Gloeobacteraceae,Gloeobacterales,Cyanobacteriia,Cyanobacteriota,rrs_MG1655_2ndrun,3,0,0
Gloeocapsopsis,Chroococcidiopsidaceae,Cyanobacteriales,Cyanobacteriia,Cyanobacteriota,rrs_MG1655_2ndrun,2,0,0
Gloeomargarita,Gloeomargaritaceae,Gloeomargaritales,Cyanobacteriia,Cyanobacteriota,rrs_MG1655_2ndrun,1,0,0
Gloeothece,Microcystaceae,Cyanobacteriales,Cyanobacteriia,Cyanobacteriota,rrs_MG1655_2ndrun,2,0,0
Gluconacetobacter,Acetobacteraceae,Acetobacterales,Alphaproteobacteria,Pseudomonadota,rrs_MG1655_2ndrun,12,0,0
Gluconobacter,Acetobacteraceae,Acetobacterales,Alphaproteobacteria,Pseudomonadota,rrs_MG1655_2ndrun,17,0,0
Glutamicibacter,Micrococcaceae,Actinomycetales,Actinomycetes,Actinomycetota,rrs_MG1655_2ndrun,13,0,0
Glycocaulis,Maricaulaceae,Caulobacterales,Alphaproteobacteria,Pseudomonadota,rrs_MG1655_2ndrun,3,0,0
Glycomyces,Micromonosporaceae,Mycobacteriales,Actinomycetes,Actinomycetota,rrs_MG1655_2ndrun,18,0,0
Goekera,Geodermatophilaceae,Mycobacteriales,Actinomycetes,Actinomycetota,rrs_MG1655_2ndrun,1,0,0
Gordonia,Mycobacteriaceae,Mycobacteriales,Actinomycetes,Actinomycetota,rrs_MG1655_2ndrun,48,0,0
Gordonibacter,Eggerthellaceae,Coriobacteriales,Coriobacteriia,Actinomycetota,rrs_MG1655_2ndrun,3,0,0
Gordoniibacillus,NBRC-103111,Paenibacillales,Bacilli,Bacillota,rrs_MG1655_2ndrun,1,0,0
Gorillibacterium,NBRC-103111,Paenibacillales,Bacilli,Bacillota,rrs_MG1655_2ndrun,2,0,0
Gottfriedia,Bacillaceae_G,Bacillales,Bacilli,Bacillota,rrs_MG1655_2ndrun,2,0,0
Gottschalkia,Gottschalkiaceae,Tissierellales,Clostridia,Bacillota,rrs_MG1655_2ndrun,1,0,0
Govania,Govaniaceae,Sphingomonadales,Alphaproteobacteria,Pseudomonadota,rrs_MG1655_2ndrun,1,0,0
Gracilibacillus,Amphibacillaceae,Bacillales_D,Bacilli,Bacillota,rrs_MG1655_2ndrun,14,0,0
Gracilimonas,Balneolaceae,Balneolales,Rhodothermia,Bacteroidota_A,rrs_MG1655_2ndrun,6,0,0
Gracilinema,Breznakiellaceae,Treponematales,Spirochaetia,Spirochaetota,rrs_MG1655_2ndrun,1,0,0
Gramella,NA,NA,NA,NA,rrs_MG1655_2ndrun,1,0,0
Granulibacter,Acetobacteraceae,Acetobacterales,Alphaproteobacteria,Pseudomonadota,rrs_MG1655_2ndrun,1,0,0
Granulicatella,Aerococcaceae,Lactobacillales,Bacilli,Bacillota,rrs_MG1655_2ndrun,4,0,0
Granulicella,Acidobacteriaceae,Terriglobales,Terriglobia,Acidobacteriota,rrs_MG1655_2ndrun,9,0,0
Granulicoccus,Propionibacteriaceae,Propionibacteriales,Actinomycetes,Actinomycetota,rrs_MG1655_2ndrun,1,0,0
Granulimonas,Atopobiaceae,Coriobacteriales,Coriobacteriia,Actinomycetota,rrs_MG1655_2ndrun,1,0,0
Granulosicoccus,Granulosicoccaceae,Granulosicoccales,Gammaproteobacteria,Pseudomonadota,rrs_MG1655_2ndrun,1,0,0
Grimontia,NA,NA,NA,NA,rrs_MG1655_2ndrun,6,0,0
Gryllotalpicola,Microbacteriaceae,Actinomycetales,Actinomycetes,Actinomycetota,rrs_MG1655_2ndrun,6,0,0
Grylomicrobium,NA,NA,NA,NA,rrs_MG1655_2ndrun,1,0,0
Gudongella,Tissierellaceae,Tissierellales,Clostridia,Bacillota,rrs_MG1655_2ndrun,1,0,0
Gulosibacter,Microbacteriaceae,Actinomycetales,Actinomycetes,Actinomycetota,rrs_MG1655_2ndrun,7,0,0
Guopingia,Christensenellaceae,Christensenellales,Clostridia,Bacillota,rrs_MG1655_2ndrun,1,0,0
Guptibacillus,NA,NA,NA,NA,rrs_MG1655_2ndrun,4,0,0
Guyparkeria,Halothiobacillaceae,Halothiobacillales,Gammaproteobacteria,Pseudomonadota,rrs_MG1655_2ndrun,2,0,0
Gymnodinialimonas,Rhodobacteraceae,Rhodobacterales,Alphaproteobacteria,Pseudomonadota,rrs_MG1655_2ndrun,2,0,0
Gynuella,Natronospirillaceae,Pseudomonadales,Gammaproteobacteria,Pseudomonadota,rrs_MG1655_2ndrun,1,0,0
Gynurincola,Chitinophagaceae,Chitinophagales,Bacteroidia,Bacteroidota,rrs_MG1655_2ndrun,1,0,0
Haematobacter,Rhodobacteraceae,Rhodobacterales,Alphaproteobacteria,Pseudomonadota,rrs_MG1655_2ndrun,2,0,0
Haematomicrobium,Micrococcaceae,Actinomycetales,Actinomycetes,Actinomycetota,rrs_MG1655_2ndrun,1,0,0
Haematospirillum,Rhodospirillaceae,Rhodospirillales,Alphaproteobacteria,Pseudomonadota,rrs_MG1655_2ndrun,1,0,0
Haemophilus,Pasteurellaceae,Enterobacterales,Gammaproteobacteria,Pseudomonadota,rrs_MG1655_2ndrun,10,0,0
Hafnia,Enterobacteriaceae,Enterobacterales,Gammaproteobacteria,Pseudomonadota,rrs_MG1655_2ndrun,3,0,0
Hahella,Oleiphilaceae,Pseudomonadales,Gammaproteobacteria,Pseudomonadota,rrs_MG1655_2ndrun,2,0,0
Halalkalibacillus,Alkalibacillaceae,Bacillales_D,Bacilli,Bacillota,rrs_MG1655_2ndrun,1,0,0
Halalkalibacter,Bacillaceae_D,Bacillales_H,Bacilli,Bacillota,rrs_MG1655_2ndrun,7,0,0
Halalkalibacterium,Bacillaceae_D,Bacillales_H,Bacilli,Bacillota,rrs_MG1655_2ndrun,2,0,0
Halalkalibaculum,Balneolaceae,Balneolales,Rhodothermia,Bacteroidota_A,rrs_MG1655_2ndrun,1,0,0
Halanaerobium,Halanaerobiaceae,Halanaerobiales,Halanaerobiia,Bacillota,rrs_MG1655_2ndrun,5,0,0
Halarcobacter,Arcobacteraceae,Campylobacterales,Campylobacteria,Campylobacterota,rrs_MG1655_2ndrun,4,0,0
Haliangium,Haliangiaceae,Haliangiales,Polyangia,Myxococcota,rrs_MG1655_2ndrun,1,0,0
Haliea,Halieaceae,Pseudomonadales,Gammaproteobacteria,Pseudomonadota,rrs_MG1655_2ndrun,2,0,0
Halioglobus,Halieaceae,Pseudomonadales,Gammaproteobacteria,Pseudomonadota,rrs_MG1655_2ndrun,2,0,0
Haliovirga,Haliovirgaceae,Fusobacteriales,Fusobacteriia,Fusobacteriota,rrs_MG1655_2ndrun,1,0,0
Halioxenophilus,Cellvibrionaceae,Pseudomonadales,Gammaproteobacteria,Pseudomonadota,rrs_MG1655_2ndrun,1,0,0
Haliscomenobacter,Saprospiraceae,Chitinophagales,Bacteroidia,Bacteroidota,rrs_MG1655_2ndrun,1,0,0
Hallella,NA,NA,NA,NA,rrs_MG1655_2ndrun,5,0,0
Hallerella,Fibrobacteraceae,Fibrobacterales,Fibrobacteria,Fibrobacterota,rrs_MG1655_2ndrun,2,0,0
Haloactinomyces,Pseudonocardiaceae,Mycobacteriales,Actinomycetes,Actinomycetota,rrs_MG1655_2ndrun,1,0,0
Haloactinopolyspora,Jiangellaceae,Jiangellales,Actinomycetes,Actinomycetota,rrs_MG1655_2ndrun,1,0,0
Haloactinospora,Streptosporangiaceae,Streptosporangiales,Actinomycetes,Actinomycetota,rrs_MG1655_2ndrun,1,0,0
Halobacillus,Halobacillaceae,Bacillales_D,Bacilli,Bacillota,rrs_MG1655_2ndrun,18,0,0
Halobacteriovorax,Bacteriovoracaceae,Bacteriovoracales,Bacteriovoracia,Bdellovibrionota,rrs_MG1655_2ndrun,2,0,0
Halobacteroides,Halobacteroidaceae,Halobacteroidales,Halanaerobiia,Bacillota,rrs_MG1655_2ndrun,1,0,0
Halochromatium,NA,NA,NA,NA,rrs_MG1655_2ndrun,2,0,0
Halocynthiibacter,Rhodobacteraceae,Rhodobacterales,Alphaproteobacteria,Pseudomonadota,rrs_MG1655_2ndrun,3,0,0
Halodesulfovibrio,Desulfovibrionaceae,Desulfovibrionales,Desulfovibrionia,Desulfobacterota_I,rrs_MG1655_2ndrun,2,0,0
Halodurantibacterium,NA,NA,NA,NA,rrs_MG1655_2ndrun,1,0,0
Haloechinothrix,Pseudonocardiaceae,Mycobacteriales,Actinomycetes,Actinomycetota,rrs_MG1655_2ndrun,4,0,0
Haloferula,Akkermansiaceae,Verrucomicrobiales,Verrucomicrobiia,Verrucomicrobiota,rrs_MG1655_2ndrun,5,0,0
Haloflavibacter,NA,NA,NA,NA,rrs_MG1655_2ndrun,1,0,0
Haloglycomyces,Micromonosporaceae,Mycobacteriales,Actinomycetes,Actinomycetota,rrs_MG1655_2ndrun,1,0,0
Haloimpatiens,Clostridiaceae,Clostridiales,Clostridia,Bacillota,rrs_MG1655_2ndrun,2,0,0
Halolactibacillus,Amphibacillaceae,Bacillales_D,Bacilli,Bacillota,rrs_MG1655_2ndrun,3,0,0
Halomarinibacterium,Flavobacteriaceae,Flavobacteriales,Bacteroidia,Bacteroidota,rrs_MG1655_2ndrun,1,0,0
Halomicronema,Phormidesmidaceae,Phormidesmidales,Cyanobacteriia,Cyanobacteriota,rrs_MG1655_2ndrun,1,0,0
Halomonas,Halomonadaceae,Pseudomonadales,Gammaproteobacteria,Pseudomonadota,rrs_MG1655_2ndrun,54,0,0
Halonatronomonas,Halarsenatibacteraceae,Halanaerobiales,Halanaerobiia,Bacillota,rrs_MG1655_2ndrun,1,0,0
Halonatronum,Halobacteroidaceae,Halobacteroidales,Halanaerobiia,Bacillota,rrs_MG1655_2ndrun,1,0,0
Haloplasma,Haloplasmataceae,Haloplasmatales,Bacilli,Bacillota,rrs_MG1655_2ndrun,1,0,0
Halopolyspora,NA,NA,NA,NA,rrs_MG1655_2ndrun,1,0,0
Halopseudomonas,Pseudomonadaceae,Pseudomonadales,Gammaproteobacteria,Pseudomonadota,rrs_MG1655_2ndrun,17,0,0
Halorhodospira,Halorhodospiraceae,Nitrococcales,Gammaproteobacteria,Pseudomonadota,rrs_MG1655_2ndrun,4,0,0
Halosaccharopolyspora,Pseudonocardiaceae,Mycobacteriales,Actinomycetes,Actinomycetota,rrs_MG1655_2ndrun,1,0,0
Halospina,Oleiphilaceae,Pseudomonadales,Gammaproteobacteria,Pseudomonadota,rrs_MG1655_2ndrun,1,0,0
Halosquirtibacter,NA,NA,NA,NA,rrs_MG1655_2ndrun,2,0,0
Halostreptopolyspora,NA,NA,NA,NA,rrs_MG1655_2ndrun,1,0,0
Halothermothrix,Halothermotrichaceae,Halanaerobiales,Halanaerobiia,Bacillota,rrs_MG1655_2ndrun,1,0,0
Halothiobacillus,Halothiobacillaceae,Halothiobacillales,Gammaproteobacteria,Pseudomonadota,rrs_MG1655_2ndrun,2,0,0
Halotia,Nostocaceae,Cyanobacteriales,Cyanobacteriia,Cyanobacteriota,rrs_MG1655_2ndrun,1,0,0
Halovibrio,NA,NA,NA,NA,rrs_MG1655_2ndrun,2,0,0
Halovulum,Rhodobacteraceae,Rhodobacterales,Alphaproteobacteria,Pseudomonadota,rrs_MG1655_2ndrun,2,0,0
Halpernia,Weeksellaceae,Flavobacteriales,Bacteroidia,Bacteroidota,rrs_MG1655_2ndrun,2,0,0
Hamadaea,Micromonosporaceae,Mycobacteriales,Actinomycetes,Actinomycetota,rrs_MG1655_2ndrun,2,0,0
Hanamia,NA,NA,NA,NA,rrs_MG1655_2ndrun,1,0,0
Hankyongella,Sphingomonadaceae,Sphingomonadales,Alphaproteobacteria,Pseudomonadota,rrs_MG1655_2ndrun,1,0,0
Hansschlegelia,Methylopilaceae,Rhizobiales,Alphaproteobacteria,Pseudomonadota,rrs_MG1655_2ndrun,4,0,0
Hanstruepera,Flavobacteriaceae,Flavobacteriales,Bacteroidia,Bacteroidota,rrs_MG1655_2ndrun,4,0,0
Haoranjiania,Chitinophagaceae,Chitinophagales,Bacteroidia,Bacteroidota,rrs_MG1655_2ndrun,1,0,0
Haploplasma,Acholeplasmataceae,Acholeplasmatales,Bacilli,Bacillota,rrs_MG1655_2ndrun,2,0,0
Harenicola,Rhodobacteraceae,Rhodobacterales,Alphaproteobacteria,Pseudomonadota,rrs_MG1655_2ndrun,1,0,0
Harryflintia,Ruminococcaceae,Oscillospirales,Clostridia,Bacillota,rrs_MG1655_2ndrun,1,0,0
Hartmannibacter,Pleomorphomonadaceae,Rhizobiales,Alphaproteobacteria,Pseudomonadota,rrs_MG1655_2ndrun,1,0,0
Hasllibacter,Rhodobacteraceae,Rhodobacterales,Alphaproteobacteria,Pseudomonadota,rrs_MG1655_2ndrun,1,0,0
Hathewaya,Clostridiaceae,Clostridiales,Clostridia,Bacillota,rrs_MG1655_2ndrun,4,0,0
Helcobacillus,Dermabacteraceae,Actinomycetales,Actinomycetes,Actinomycetota,rrs_MG1655_2ndrun,1,0,0
Helcococcus,Peptoniphilaceae,Tissierellales,Clostridia,Bacillota,rrs_MG1655_2ndrun,4,0,0
Helicobacter,Helicobacteraceae,Campylobacterales,Campylobacteria,Campylobacterota,rrs_MG1655_2ndrun,54,0,0
Helicovermis,Acidaminobacteraceae,Peptostreptococcales,Clostridia,Bacillota,rrs_MG1655_2ndrun,1,0,0
Heliomarina,Rhodobacteraceae,Rhodobacterales,Alphaproteobacteria,Pseudomonadota,rrs_MG1655_2ndrun,1,0,0
Heliomicrobium,Heliobacteriaceae,Heliobacteriales,Desulfitobacteriia,Bacillota,rrs_MG1655_2ndrun,1,0,0
Heliorestis,Heliobacteriaceae,Heliobacteriales,Desulfitobacteriia,Bacillota,rrs_MG1655_2ndrun,2,0,0
Hellea,Maricaulaceae,Caulobacterales,Alphaproteobacteria,Pseudomonadota,rrs_MG1655_2ndrun,1,0,0
Heminiphilus,NA,NA,NA,NA,rrs_MG1655_2ndrun,1,0,0
Henriciella,Hyphomonadaceae,Caulobacterales,Alphaproteobacteria,Pseudomonadota,rrs_MG1655_2ndrun,7,0,0
Hephaestia,NA,NA,NA,NA,rrs_MG1655_2ndrun,2,0,0
Herbaspirillum,Burkholderiaceae,Burkholderiales,Gammaproteobacteria,Pseudomonadota,rrs_MG1655_2ndrun,11,0,0
Herbiconiux,Microbacteriaceae,Actinomycetales,Actinomycetes,Actinomycetota,rrs_MG1655_2ndrun,8,0,0
Herbidospora,Streptosporangiaceae,Streptosporangiales,Actinomycetes,Actinomycetota,rrs_MG1655_2ndrun,7,0,0
Herbihabitans,Pseudonocardiaceae,Mycobacteriales,Actinomycetes,Actinomycetota,rrs_MG1655_2ndrun,1,0,0
Herbinix,NA,NA,NA,NA,rrs_MG1655_2ndrun,1,0,0
Herminiimonas,Burkholderiaceae,Burkholderiales,Gammaproteobacteria,Pseudomonadota,rrs_MG1655_2ndrun,5,0,0
Herpetosiphon,Herpetosiphonaceae,Chloroflexales,Chloroflexia,Chloroflexota,rrs_MG1655_2ndrun,1,0,0
Hespellia,Lachnospiraceae,Lachnospirales,Clostridia,Bacillota,rrs_MG1655_2ndrun,1,0,0
Heyndrickxia,Bacillaceae_C,Bacillales_B,Bacilli,Bacillota,rrs_MG1655_2ndrun,8,0,0
Hippea,Hippeaceae,Desulfurellales,Desulfurellia,Campylobacterota,rrs_MG1655_2ndrun,1,0,0
Hirschia,Hyphomonadaceae,Caulobacterales,Alphaproteobacteria,Pseudomonadota,rrs_MG1655_2ndrun,3,0,0
Histidinibacterium,NA,NA,NA,NA,rrs_MG1655_2ndrun,2,0,0
Histophilus,Pasteurellaceae,Enterobacterales,Gammaproteobacteria,Pseudomonadota,rrs_MG1655_2ndrun,1,0,0
Hoeflea,Rhizobiaceae,Rhizobiales,Alphaproteobacteria,Pseudomonadota,rrs_MG1655_2ndrun,9,0,0
Hohaiivirga,NA,NA,NA,NA,rrs_MG1655_2ndrun,1,0,0
Holdemanella,Erysipelotrichaceae,Erysipelotrichales,Bacilli,Bacillota,rrs_MG1655_2ndrun,3,0,0
Holdemania,Erysipelotrichaceae,Erysipelotrichales,Bacilli,Bacillota,rrs_MG1655_2ndrun,2,0,0
Holophaga,Holophagaceae,Holophagales,Holophagae,Acidobacteriota,rrs_MG1655_2ndrun,1,0,0
Holospora,Holosporaceae,Holosporales,Alphaproteobacteria,Pseudomonadota,rrs_MG1655_2ndrun,4,0,0
Holzapfeliella,Lactobacillaceae,Lactobacillales,Bacilli,Bacillota,rrs_MG1655_2ndrun,2,0,0
Hominenteromicrobium,Acutalibacteraceae,Oscillospirales,Clostridia,Bacillota,rrs_MG1655_2ndrun,1,0,0
Hominibacterium,Anaerovoracaceae,Peptostreptococcales,Clostridia,Bacillota,rrs_MG1655_2ndrun,1,0,0
Hominifimenecus,Lachnospiraceae,Lachnospirales,Clostridia,Bacillota,rrs_MG1655_2ndrun,1,0,0
Hominilimicola,UBA1381,UBA1381,Clostridia,Bacillota,rrs_MG1655_2ndrun,1,0,0
Hominimerdicola,Ruminococcaceae,Oscillospirales,Clostridia,Bacillota,rrs_MG1655_2ndrun,1,0,0
Homoserinibacter,Microbacteriaceae,Actinomycetales,Actinomycetes,Actinomycetota,rrs_MG1655_2ndrun,1,0,0
Homoserinimonas,Microbacteriaceae,Actinomycetales,Actinomycetes,Actinomycetota,rrs_MG1655_2ndrun,3,0,0
Hongsoonwoonella,Stappiaceae,Rhizobiales,Alphaproteobacteria,Pseudomonadota,rrs_MG1655_2ndrun,1,0,0
Hornefia,Anaerovoracaceae,Peptostreptococcales,Clostridia,Bacillota,rrs_MG1655_2ndrun,2,0,0
Horticoccus,Opitutaceae,Opitutales,Verrucomicrobiia,Verrucomicrobiota,rrs_MG1655_2ndrun,1,0,0
Hoylesella,NA,NA,NA,NA,rrs_MG1655_2ndrun,4,0,0
Hoyosella,Mycobacteriaceae,Mycobacteriales,Actinomycetes,Actinomycetota,rrs_MG1655_2ndrun,3,0,0
Huaxiibacter,NA,NA,NA,NA,rrs_MG1655_2ndrun,1,0,0
Hufsiella,Sphingobacteriaceae,Sphingobacteriales,Bacteroidia,Bacteroidota,rrs_MG1655_2ndrun,2,0,0
Hugonella,Eggerthellaceae,Coriobacteriales,Coriobacteriia,Actinomycetota,rrs_MG1655_2ndrun,1,0,0
Huijunlia,NA,NA,NA,NA,rrs_MG1655_2ndrun,1,0,0
Huintestinicola,Ruminococcaceae,Oscillospirales,Clostridia,Bacillota,rrs_MG1655_2ndrun,1,0,0
Hujiaoplasma,Hujiaoplasmataceae,Izemoplasmatales,Bacilli,Bacillota,rrs_MG1655_2ndrun,1,0,0
Humibacillus,Dermatophilaceae,Actinomycetales,Actinomycetes,Actinomycetota,rrs_MG1655_2ndrun,1,0,0
Humibacter,Microbacteriaceae,Actinomycetales,Actinomycetes,Actinomycetota,rrs_MG1655_2ndrun,2,0,0
Humidesulfovibrio,Desulfovibrionaceae,Desulfovibrionales,Desulfovibrionia,Desulfobacterota_I,rrs_MG1655_2ndrun,1,0,0
Humidisolicoccus,NA,NA,NA,NA,rrs_MG1655_2ndrun,1,0,0
Humisphaera,Tepidisphaeraceae,Tepidisphaerales,Phycisphaerae,Planctomycetota,rrs_MG1655_2ndrun,1,0,0
Humitalea,Acetobacteraceae,Acetobacterales,Alphaproteobacteria,Pseudomonadota,rrs_MG1655_2ndrun,1,0,0
Hungatella,Lachnospiraceae,Lachnospirales,Clostridia,Bacillota,rrs_MG1655_2ndrun,3,0,0
Hwangdonia,Flavobacteriaceae,Flavobacteriales,Bacteroidia,Bacteroidota,rrs_MG1655_2ndrun,2,0,0
Hwanghaeella,GCA-2696645,UBA8366,Alphaproteobacteria,Pseudomonadota,rrs_MG1655_2ndrun,1,0,0
Hyalangium,Myxococcaceae,Myxococcales,Myxococcia,Myxococcota,rrs_MG1655_2ndrun,4,0,0
Hydrobacter,NA,NA,NA,NA,rrs_MG1655_2ndrun,1,0,0
Hydrocarboniclastica,Oleiphilaceae,Pseudomonadales,Gammaproteobacteria,Pseudomonadota,rrs_MG1655_2ndrun,1,0,0
Hydrocarboniphaga,Nevskiaceae,Nevskiales,Gammaproteobacteria,Pseudomonadota,rrs_MG1655_2ndrun,2,0,0
Hydrogenibacillus,DSM-22653,Thermicanales,Bacilli,Bacillota,rrs_MG1655_2ndrun,1,0,0
Hydrogeniiclostridium,Acutalibacteraceae,Oscillospirales,Clostridia,Bacillota,rrs_MG1655_2ndrun,1,0,0
Hydrogenimonas,Hydrogenimonadaceae,Campylobacterales,Campylobacteria,Campylobacterota,rrs_MG1655_2ndrun,4,0,0
Hydrogenivirga,Aquificaceae,Aquificales,Aquificia,Aquificota,rrs_MG1655_2ndrun,1,0,0
Hydrogenoanaerobacterium,Ruminococcaceae,Oscillospirales,Clostridia,Bacillota,rrs_MG1655_2ndrun,1,0,0
Hydrogenobacter,Aquificaceae,Aquificales,Aquificia,Aquificota,rrs_MG1655_2ndrun,2,0,0
Hydrogenophaga,Burkholderiaceae,Burkholderiales,Gammaproteobacteria,Pseudomonadota,rrs_MG1655_2ndrun,15,0,0
Hydrogenophilus,Rhodocyclaceae,Burkholderiales,Gammaproteobacteria,Pseudomonadota,rrs_MG1655_2ndrun,2,0,0
Hydrogenothermus,Hydrogenothermaceae,Aquificales,Aquificia,Aquificota,rrs_MG1655_2ndrun,1,0,0
Hydrogenovibrio,Thiomicrospiraceae,Thiomicrospirales,Gammaproteobacteria,Pseudomonadota,rrs_MG1655_2ndrun,5,0,0
Hydromonas,Burkholderiaceae,Burkholderiales,Gammaproteobacteria,Pseudomonadota,rrs_MG1655_2ndrun,1,0,0
Hydrotalea,Chitinophagaceae,Chitinophagales,Bacteroidia,Bacteroidota,rrs_MG1655_2ndrun,3,0,0
Hyella,Xenococcaceae,Cyanobacteriales,Cyanobacteriia,Cyanobacteriota,rrs_MG1655_2ndrun,1,0,0
Hylemonella,Burkholderiaceae,Burkholderiales,Gammaproteobacteria,Pseudomonadota,rrs_MG1655_2ndrun,1,0,0
Hymenobacter,Hymenobacteraceae,Cytophagales,Bacteroidia,Bacteroidota,rrs_MG1655_2ndrun,69,0,0
Hypericibacter,Dongiaceae,Dongiales,Alphaproteobacteria,Pseudomonadota,rrs_MG1655_2ndrun,2,0,0
Hyphobacterium,Maricaulaceae,Caulobacterales,Alphaproteobacteria,Pseudomonadota,rrs_MG1655_2ndrun,4,0,0
Hyphococcus,Parvularculaceae,Caulobacterales,Alphaproteobacteria,Pseudomonadota,rrs_MG1655_2ndrun,5,0,0
Hyphomicrobium,NA,NA,NA,NA,rrs_MG1655_2ndrun,7,0,0
Hyphomonas,Hyphomonadaceae,Caulobacterales,Alphaproteobacteria,Pseudomonadota,rrs_MG1655_2ndrun,12,0,0
Hypnocyclicus,Fusobacteriaceae,Fusobacteriales,Fusobacteriia,Fusobacteriota,rrs_MG1655_2ndrun,1,0,0
Hyunsoonleella,NA,NA,NA,NA,rrs_MG1655_2ndrun,6,0,0
Iamia,Iamiaceae,Acidimicrobiales,Acidimicrobiia,Actinomycetota,rrs_MG1655_2ndrun,1,0,0
Ichthyenterobacterium,Flavobacteriaceae,Flavobacteriales,Bacteroidia,Bacteroidota,rrs_MG1655_2ndrun,1,0,0
Ichthyobacterium,Ichthyobacteriaceae,Flavobacteriales,Bacteroidia,Bacteroidota,rrs_MG1655_2ndrun,1,0,0
Ideonella,Burkholderiaceae,Burkholderiales,Gammaproteobacteria,Pseudomonadota,rrs_MG1655_2ndrun,10,0,0
Idiomarina,Alteromonadaceae,Enterobacterales,Gammaproteobacteria,Pseudomonadota,rrs_MG1655_2ndrun,9,0,0
Ignatzschineria,Wohlfahrtiimonadaceae,Cardiobacteriales,Gammaproteobacteria,Pseudomonadota,rrs_MG1655_2ndrun,4,0,0
Ignavibacterium,Ignavibacteriaceae,Ignavibacteriales,Ignavibacteria,Bacteroidota_A,rrs_MG1655_2ndrun,1,0,0
Ignavigranum,Aerococcaceae,Lactobacillales,Bacilli,Bacillota,rrs_MG1655_2ndrun,1,0,0
Igneacidithiobacillus,Acidithiobacillaceae,Acidithiobacillales,Gammaproteobacteria,Pseudomonadota,rrs_MG1655_2ndrun,1,0,0
Ihuprevotella,NA,NA,NA,NA,rrs_MG1655_2ndrun,1,0,0
Ileibacterium,Erysipelotrichaceae,Erysipelotrichales,Bacilli,Bacillota,rrs_MG1655_2ndrun,1,0,0
Ilumatobacter,Ilumatobacteraceae,Acidimicrobiales,Acidimicrobiia,Actinomycetota,rrs_MG1655_2ndrun,3,0,0
Ilyobacter,Fusobacteriaceae,Fusobacteriales,Fusobacteriia,Fusobacteriota,rrs_MG1655_2ndrun,1,0,0
Ilyomonas,Chitinophagaceae,Chitinophagales,Bacteroidia,Bacteroidota,rrs_MG1655_2ndrun,1,0,0
Imbroritus,NA,NA,NA,NA,rrs_MG1655_2ndrun,1,0,0
Imhoffiella,Chromatiaceae,Chromatiales,Gammaproteobacteria,Pseudomonadota,rrs_MG1655_2ndrun,1,0,0
Immundisolibacter,Immundisolibacteraceae,Immundisolibacterales,Gammaproteobacteria,Pseudomonadota,rrs_MG1655_2ndrun,1,0,0
Imperialibacter,Cyclobacteriaceae,Cytophagales,Bacteroidia,Bacteroidota,rrs_MG1655_2ndrun,1,0,0
Imtechella,Flavobacteriaceae,Flavobacteriales,Bacteroidia,Bacteroidota,rrs_MG1655_2ndrun,1,0,0
Inconstantimicrobium,Clostridiaceae,Clostridiales,Clostridia,Bacillota,rrs_MG1655_2ndrun,2,0,0
Indibacter,Cyclobacteriaceae,Cytophagales,Bacteroidia,Bacteroidota,rrs_MG1655_2ndrun,1,0,0
Indiicoccus,Planococcaceae,Bacillales_A,Bacilli,Bacillota,rrs_MG1655_2ndrun,1,0,0
Indioceanicola,Azospirillaceae,Azospirillales,Alphaproteobacteria,Pseudomonadota,rrs_MG1655_2ndrun,1,0,0
Inediibacterium,Thermotaleaceae,Peptostreptococcales,Clostridia,Bacillota,rrs_MG1655_2ndrun,1,0,0
Inhella,Burkholderiaceae,Burkholderiales,Gammaproteobacteria,Pseudomonadota,rrs_MG1655_2ndrun,3,0,0
Iningainema,Nostocaceae,Cyanobacteriales,Cyanobacteriia,Cyanobacteriota,rrs_MG1655_2ndrun,1,0,0
Inmirania,DSM-100275,DSM-100275,Gammaproteobacteria,Pseudomonadota,rrs_MG1655_2ndrun,1,0,0
Inquilinus,Inquilinaceae,DSM-16000,Alphaproteobacteria,Pseudomonadota,rrs_MG1655_2ndrun,2,0,0
Insolitispirillum,Rhodospirillaceae,Rhodospirillales,Alphaproteobacteria,Pseudomonadota,rrs_MG1655_2ndrun,1,0,0
Insulibacter,DA-C8,Paenibacillales,Bacilli,Bacillota,rrs_MG1655_2ndrun,1,0,0
Intestinibacter,Peptostreptococcaceae,Peptostreptococcales,Clostridia,Bacillota,rrs_MG1655_2ndrun,1,0,0
Intestinibaculum,Coprobacillaceae,Erysipelotrichales,Bacilli,Bacillota,rrs_MG1655_2ndrun,1,0,0
Intestinicryptomonas,Intestinicryptomonadaceae,Opitutales,Verrucomicrobiia,Verrucomicrobiota,rrs_MG1655_2ndrun,1,0,0
Intestinimonas,Oscillospiraceae,Oscillospirales,Clostridia,Bacillota,rrs_MG1655_2ndrun,2,0,0
Intestinirhabdus,Enterobacteriaceae,Enterobacterales,Gammaproteobacteria,Pseudomonadota,rrs_MG1655_2ndrun,1,0,0
Intrasporangium,Dermatophilaceae,Actinomycetales,Actinomycetes,Actinomycetota,rrs_MG1655_2ndrun,5,0,0
Iocasia,DTU029,Halanaerobiales,Halanaerobiia,Bacillota,rrs_MG1655_2ndrun,1,0,0
Iodidimonas,Rhodothalassiaceae,Sphingomonadales,Alphaproteobacteria,Pseudomonadota,rrs_MG1655_2ndrun,2,0,0
Iodobacter,Chitinibacteraceae,Burkholderiales,Gammaproteobacteria,Pseudomonadota,rrs_MG1655_2ndrun,3,0,0
Irregularibacter,Garciellaceae,Eubacteriales,Clostridia,Bacillota,rrs_MG1655_2ndrun,1,0,0
Isachenkonia,T1SED10-28,Peptostreptococcales,Clostridia,Bacillota,rrs_MG1655_2ndrun,1,0,0
Isoalcanivorax,Alcanivoracaceae,Pseudomonadales,Gammaproteobacteria,Pseudomonadota,rrs_MG1655_2ndrun,3,0,0
Isoptericola,Cellulomonadaceae,Actinomycetales,Actinomycetes,Actinomycetota,rrs_MG1655_2ndrun,13,0,0
Isorropodon,NA,NA,NA,NA,rrs_MG1655_2ndrun,1,0,0
Isosphaera,Isosphaeraceae,Isosphaerales,Planctomycetia,Planctomycetota,rrs_MG1655_2ndrun,1,0,0
Izhakiella,Enterobacteriaceae,Enterobacterales,Gammaproteobacteria,Pseudomonadota,rrs_MG1655_2ndrun,1,0,0
Janibacter,Dermatophilaceae,Actinomycetales,Actinomycetes,Actinomycetota,rrs_MG1655_2ndrun,9,0,0
Jannaschia,Rhodobacteraceae,Rhodobacterales,Alphaproteobacteria,Pseudomonadota,rrs_MG1655_2ndrun,14,0,0
Janthinobacterium,Burkholderiaceae,Burkholderiales,Gammaproteobacteria,Pseudomonadota,rrs_MG1655_2ndrun,9,0,0
Jatrophihabitans,Jatrophihabitantaceae,Mycobacteriales,Actinomycetes,Actinomycetota,rrs_MG1655_2ndrun,4,0,0
Jejubacter,Enterobacteriaceae,Enterobacterales,Gammaproteobacteria,Pseudomonadota,rrs_MG1655_2ndrun,1,0,0
Jejudonia,NA,NA,NA,NA,rrs_MG1655_2ndrun,1,0,0
Jejuia,Flavobacteriaceae,Flavobacteriales,Bacteroidia,Bacteroidota,rrs_MG1655_2ndrun,2,0,0
Jeongeupia,Chitinibacteraceae,Burkholderiales,Gammaproteobacteria,Pseudomonadota,rrs_MG1655_2ndrun,3,0,0
Jeotgalibaca,Aerococcaceae,Lactobacillales,Bacilli,Bacillota,rrs_MG1655_2ndrun,5,0,0
Jeotgalibacillus,Jeotgalibacillaceae,Bacillales_B,Bacilli,Bacillota,rrs_MG1655_2ndrun,8,0,0
Jeotgalicoccus,Salinicoccaceae,Staphylococcales,Bacilli,Bacillota,rrs_MG1655_2ndrun,7,0,0
Jezberella,Burkholderiaceae,Burkholderiales,Gammaproteobacteria,Pseudomonadota,rrs_MG1655_2ndrun,1,0,0
Jhaorihella,Rhodobacteraceae,Rhodobacterales,Alphaproteobacteria,Pseudomonadota,rrs_MG1655_2ndrun,1,0,0
Jiangella,Jiangellaceae,Jiangellales,Actinomycetes,Actinomycetota,rrs_MG1655_2ndrun,11,0,0
Jidongwangia,NA,NA,NA,NA,rrs_MG1655_2ndrun,1,0,0
Jiella,Rhizobiaceae,Rhizobiales,Alphaproteobacteria,Pseudomonadota,rrs_MG1655_2ndrun,7,0,0
Jilunia,NA,NA,NA,NA,rrs_MG1655_2ndrun,1,0,0
Jingyaoa,NA,NA,NA,NA,rrs_MG1655_2ndrun,1,0,0
Jiulongibacter,Spirosomataceae,Cytophagales,Bacteroidia,Bacteroidota,rrs_MG1655_2ndrun,1,0,0
Johnsonella,Lachnospiraceae,Lachnospirales,Clostridia,Bacillota,rrs_MG1655_2ndrun,1,0,0
Jonesia,Cellulomonadaceae,Actinomycetales,Actinomycetes,Actinomycetota,rrs_MG1655_2ndrun,1,0,0
Jonquetella,Dethiosulfovibrionaceae,Synergistales,Synergistia,Synergistota,rrs_MG1655_2ndrun,1,0,0
Joostella,NA,NA,NA,NA,rrs_MG1655_2ndrun,1,0,0
Jutongia,Lachnospiraceae,Lachnospirales,Clostridia,Bacillota,rrs_MG1655_2ndrun,1,0,0
Kaistella,Weeksellaceae,Flavobacteriales,Bacteroidia,Bacteroidota,rrs_MG1655_2ndrun,16,0,0
Kaistia,Kaistiaceae,Rhizobiales,Alphaproteobacteria,Pseudomonadota,rrs_MG1655_2ndrun,9,0,0
Kallipyga,Peptoniphilaceae,Tissierellales,Clostridia,Bacillota,rrs_MG1655_2ndrun,1,0,0
Kallotenue,Kallotenuaceae,Chloroflexales,Chloroflexia,Chloroflexota,rrs_MG1655_2ndrun,1,0,0
Kamptonema,Microcoleaceae,Cyanobacteriales,Cyanobacteriia,Cyanobacteriota,rrs_MG1655_2ndrun,1,0,0
Kangiella,Kangiellaceae,Enterobacterales,Gammaproteobacteria,Pseudomonadota,rrs_MG1655_2ndrun,10,0,0
Kangsaoukella,Rhodobacteraceae,Rhodobacterales,Alphaproteobacteria,Pseudomonadota,rrs_MG1655_2ndrun,1,0,0
Kaustia,Im1,Rhizobiales,Alphaproteobacteria,Pseudomonadota,rrs_MG1655_2ndrun,1,0,0
Keguizhuia,Burkholderiaceae,Burkholderiales,Gammaproteobacteria,Pseudomonadota,rrs_MG1655_2ndrun,1,0,0
Keratinibaculum,Tepidimicrobiaceae,Tissierellales,Clostridia,Bacillota,rrs_MG1655_2ndrun,1,0,0
Kerstersia,Burkholderiaceae,Burkholderiales,Gammaproteobacteria,Pseudomonadota,rrs_MG1655_2ndrun,2,0,0
Ketobacter,Ketobacteraceae,Pseudomonadales,Gammaproteobacteria,Pseudomonadota,rrs_MG1655_2ndrun,1,0,0
Ketogulonicigenium,Rhodobacteraceae,Rhodobacterales,Alphaproteobacteria,Pseudomonadota,rrs_MG1655_2ndrun,2,0,0
Kibdelosporangium,Pseudonocardiaceae,Mycobacteriales,Actinomycetes,Actinomycetota,rrs_MG1655_2ndrun,5,0,0
Kiloniella,Kiloniellaceae,Kiloniellales,Alphaproteobacteria,Pseudomonadota,rrs_MG1655_2ndrun,4,0,0
Kineobactrum,Halieaceae,Pseudomonadales,Gammaproteobacteria,Pseudomonadota,rrs_MG1655_2ndrun,2,0,0
Kineococcus,Kineococcaceae,Actinomycetales,Actinomycetes,Actinomycetota,rrs_MG1655_2ndrun,13,0,0
Kineosphaera,Dermatophilaceae,Actinomycetales,Actinomycetes,Actinomycetota,rrs_MG1655_2ndrun,1,0,0
Kineosporia,Kineosporiaceae,Actinomycetales,Actinomycetes,Actinomycetota,rrs_MG1655_2ndrun,4,0,0
Kineothrix,Lachnospiraceae,Lachnospirales,Clostridia,Bacillota,rrs_MG1655_2ndrun,2,0,0
Kingella,Neisseriaceae,Burkholderiales,Gammaproteobacteria,Pseudomonadota,rrs_MG1655_2ndrun,7,0,0
Kinneretia,Burkholderiaceae,Burkholderiales,Gammaproteobacteria,Pseudomonadota,rrs_MG1655_2ndrun,1,0,0
Kiritimatiella,Kiritimatiellaceae,Kiritimatiellales,Kiritimatiellia,Verrucomicrobiota,rrs_MG1655_2ndrun,1,0,0
Kistimonas,Endozoicomonadaceae,Pseudomonadales,Gammaproteobacteria,Pseudomonadota,rrs_MG1655_2ndrun,2,0,0
Kitasatospora,Streptomycetaceae,Streptomycetales,Actinomycetes,Actinomycetota,rrs_MG1655_2ndrun,31,0,0
Klebsiella,Enterobacteriaceae,Enterobacterales,Gammaproteobacteria,Pseudomonadota,rrs_MG1655_2ndrun,14,0,0
Klenkia,Geodermatophilaceae,Mycobacteriales,Actinomycetes,Actinomycetota,rrs_MG1655_2ndrun,4,0,0
Klugiella,Microbacteriaceae,Actinomycetales,Actinomycetes,Actinomycetota,rrs_MG1655_2ndrun,1,0,0
Kluyvera,Enterobacteriaceae,Enterobacterales,Gammaproteobacteria,Pseudomonadota,rrs_MG1655_2ndrun,4,0,0
Knoellia,Dermatophilaceae,Actinomycetales,Actinomycetes,Actinomycetota,rrs_MG1655_2ndrun,7,0,0
Kocuria,Micrococcaceae,Actinomycetales,Actinomycetes,Actinomycetota,rrs_MG1655_2ndrun,24,0,0
Koleobacter,Koleobacteraceae,Koleobacterales,Thermosediminibacteria,Bacillota,rrs_MG1655_2ndrun,1,0,0
Kolteria,NA,NA,NA,NA,rrs_MG1655_2ndrun,1,0,0
Komagataeibacter,Acetobacteraceae,Acetobacterales,Alphaproteobacteria,Pseudomonadota,rrs_MG1655_2ndrun,14,0,0
Komarekiella,Nostocaceae,Cyanobacteriales,Cyanobacteriia,Cyanobacteriota,rrs_MG1655_2ndrun,1,0,0
Konateibacter,NA,NA,NA,NA,rrs_MG1655_2ndrun,1,0,0
Kordia,Flavobacteriaceae,Flavobacteriales,Bacteroidia,Bacteroidota,rrs_MG1655_2ndrun,6,0,0
Kordiimonas,Kordiimonadaceae,Sphingomonadales,Alphaproteobacteria,Pseudomonadota,rrs_MG1655_2ndrun,9,0,0
Kosakonia,Enterobacteriaceae,Enterobacterales,Gammaproteobacteria,Pseudomonadota,rrs_MG1655_2ndrun,9,0,0
Kosmotoga,Kosmotogaceae,Petrotogales,Thermotogae,Thermotogota,rrs_MG1655_2ndrun,3,0,0
Kovacikia,Leptolyngbyaceae,Leptolyngbyales,Cyanobacteriia,Cyanobacteriota,rrs_MG1655_2ndrun,1,0,0
Kozakia,Acetobacteraceae,Acetobacterales,Alphaproteobacteria,Pseudomonadota,rrs_MG1655_2ndrun,1,0,0
Krasilnikovia,NA,NA,NA,NA,rrs_MG1655_2ndrun,1,0,0
Krasilnikoviella,NA,NA,NA,NA,rrs_MG1655_2ndrun,1,0,0
Kribbella,Kribbellaceae,Propionibacteriales,Actinomycetes,Actinomycetota,rrs_MG1655_2ndrun,37,0,0
Kribbia,Dermatophilaceae,Actinomycetales,Actinomycetes,Actinomycetota,rrs_MG1655_2ndrun,1,0,0
Kribbibacterium,Atopobiaceae,Coriobacteriales,Coriobacteriia,Actinomycetota,rrs_MG1655_2ndrun,1,0,0
Kriegella,Flavobacteriaceae,Flavobacteriales,Bacteroidia,Bacteroidota,rrs_MG1655_2ndrun,1,0,0
Kroppenstedtia,DSM-45169,Thermoactinomycetales,Bacilli,Bacillota,rrs_MG1655_2ndrun,3,0,0
Ktedonobacter,Ktedonobacteraceae,Ktedonobacterales,Ktedonobacteria,Chloroflexota,rrs_MG1655_2ndrun,2,0,0
Ktedonospora,NA,NA,NA,NA,rrs_MG1655_2ndrun,1,0,0
Ktedonosporobacter,Ktedonobacteraceae,Ktedonobacterales,Ktedonobacteria,Chloroflexota,rrs_MG1655_2ndrun,1,0,0
Kumtagia,NA,NA,NA,NA,rrs_MG1655_2ndrun,1,0,0
Kurthia,Planococcaceae,Bacillales_A,Bacilli,Bacillota,rrs_MG1655_2ndrun,7,0,0
Kushneria,Halomonadaceae,Pseudomonadales,Gammaproteobacteria,Pseudomonadota,rrs_MG1655_2ndrun,8,0,0
Kutzneria,Pseudonocardiaceae,Mycobacteriales,Actinomycetes,Actinomycetota,rrs_MG1655_2ndrun,5,0,0
Kyrpidia,Kyrpidiaceae,Kyrpidiales,Bacilli,Bacillota,rrs_MG1655_2ndrun,2,0,0
Kytococcus,Dermatophilaceae,Actinomycetales,Actinomycetes,Actinomycetota,rrs_MG1655_2ndrun,2,0,0
Labedaea,Pseudonocardiaceae,Mycobacteriales,Actinomycetes,Actinomycetota,rrs_MG1655_2ndrun,1,0,0
Labedella,Microbacteriaceae,Actinomycetales,Actinomycetes,Actinomycetota,rrs_MG1655_2ndrun,4,0,0
Labilibacter,NA,NA,NA,NA,rrs_MG1655_2ndrun,1,0,0
Labilibaculum,Marinifilaceae,Bacteroidales,Bacteroidia,Bacteroidota,rrs_MG1655_2ndrun,4,0,0
Labilithrix,Polyangiaceae,Polyangiales,Polyangia,Myxococcota,rrs_MG1655_2ndrun,1,0,0
Labrys,Labraceae,Rhizobiales,Alphaproteobacteria,Pseudomonadota,rrs_MG1655_2ndrun,6,0,0
Laceyella,Thermoactinomycetaceae,Thermoactinomycetales,Bacilli,Bacillota,rrs_MG1655_2ndrun,3,0,0
Lachnoanaerobaculum,Lachnospiraceae,Lachnospirales,Clostridia,Bacillota,rrs_MG1655_2ndrun,4,0,0
Lachnobacterium,Lachnospiraceae,Lachnospirales,Clostridia,Bacillota,rrs_MG1655_2ndrun,1,0,0
Lachnoclostridium,Lachnospiraceae,Lachnospirales,Clostridia,Bacillota,rrs_MG1655_2ndrun,2,0,0
Lachnospira,Lachnospiraceae,Lachnospirales,Clostridia,Bacillota,rrs_MG1655_2ndrun,3,0,0
Lachnotalea,Lachnospiraceae,Lachnospirales,Clostridia,Bacillota,rrs_MG1655_2ndrun,1,0,0
Lacibacter,Chitinophagaceae,Chitinophagales,Bacteroidia,Bacteroidota,rrs_MG1655_2ndrun,3,0,0
Lacibacterium,NA,NA,NA,NA,rrs_MG1655_2ndrun,1,0,0
Lacicoccus,Salinicoccaceae,Staphylococcales,Bacilli,Bacillota,rrs_MG1655_2ndrun,1,0,0
Lacihabitans,NA,NA,NA,NA,rrs_MG1655_2ndrun,1,0,0
Lacimonas,NA,NA,NA,NA,rrs_MG1655_2ndrun,1,0,0
Lacinutrix,Flavobacteriaceae,Flavobacteriales,Bacteroidia,Bacteroidota,rrs_MG1655_2ndrun,6,0,0
Lacipirellula,Lacipirellulaceae,Pirellulales,Planctomycetia,Planctomycetota,rrs_MG1655_2ndrun,2,0,0
Lacisediminihabitans,Microbacteriaceae,Actinomycetales,Actinomycetes,Actinomycetota,rrs_MG1655_2ndrun,1,0,0
Lacisediminimonas,Burkholderiaceae,Burkholderiales,Gammaproteobacteria,Pseudomonadota,rrs_MG1655_2ndrun,1,0,0
Lacrimispora,Lachnospiraceae,Lachnospirales,Clostridia,Bacillota,rrs_MG1655_2ndrun,10,0,0
Lacticaseibacillus,Lactobacillaceae,Lactobacillales,Bacilli,Bacillota,rrs_MG1655_2ndrun,34,0,0
Lactimicrobium,NA,NA,NA,NA,rrs_MG1655_2ndrun,1,0,0
Lactiplantibacillus,Lactobacillaceae,Lactobacillales,Bacilli,Bacillota,rrs_MG1655_2ndrun,20,0,0
Lactobacillus,Lactobacillaceae,Lactobacillales,Bacilli,Bacillota,rrs_MG1655_2ndrun,45,0,0
Lactococcus,Streptococcaceae,Lactobacillales,Bacilli,Bacillota,rrs_MG1655_2ndrun,14,0,0
Lactonifactor,Lachnospiraceae,Lachnospirales,Clostridia,Bacillota,rrs_MG1655_2ndrun,1,0,0
Lactovum,Streptococcaceae,Lactobacillales,Bacilli,Bacillota,rrs_MG1655_2ndrun,1,0,0
Lacunisphaera,Opitutaceae,Opitutales,Verrucomicrobiia,Verrucomicrobiota,rrs_MG1655_2ndrun,1,0,0
Laedolimicola,Lachnospiraceae,Lachnospirales,Clostridia,Bacillota,rrs_MG1655_2ndrun,2,0,0
Lagierella,NA,NA,NA,NA,rrs_MG1655_2ndrun,1,0,0
Lamprobacter,Chromatiaceae,Chromatiales,Gammaproteobacteria,Pseudomonadota,rrs_MG1655_2ndrun,1,0,0
Lamprocystis,Chromatiaceae,Chromatiales,Gammaproteobacteria,Pseudomonadota,rrs_MG1655_2ndrun,1,0,0
Lampropedia,Burkholderiaceae,Burkholderiales,Gammaproteobacteria,Pseudomonadota,rrs_MG1655_2ndrun,4,0,0
Lancefieldella,Atopobiaceae,Coriobacteriales,Coriobacteriia,Actinomycetota,rrs_MG1655_2ndrun,2,0,0
Lapidilactobacillus,Lactobacillaceae,Lactobacillales,Bacilli,Bacillota,rrs_MG1655_2ndrun,8,0,0
Lapillicoccus,Dermatophilaceae,Actinomycetales,Actinomycetes,Actinomycetota,rrs_MG1655_2ndrun,1,0,0
Laribacter,Aquaspirillaceae,Burkholderiales,Gammaproteobacteria,Pseudomonadota,rrs_MG1655_2ndrun,1,0,0
Larkinella,Spirosomataceae,Cytophagales,Bacteroidia,Bacteroidota,rrs_MG1655_2ndrun,7,0,0
Larsenimonas,Halomonadaceae,Pseudomonadales,Gammaproteobacteria,Pseudomonadota,rrs_MG1655_2ndrun,3,0,0
Lascolabacillus,NA,NA,NA,NA,rrs_MG1655_2ndrun,1,0,0
Latilactobacillus,Lactobacillaceae,Lactobacillales,Bacilli,Bacillota,rrs_MG1655_2ndrun,5,0,0
Lautropia,Burkholderiaceae,Burkholderiales,Gammaproteobacteria,Pseudomonadota,rrs_MG1655_2ndrun,2,0,0
Lawsonella,Mycobacteriaceae,Mycobacteriales,Actinomycetes,Actinomycetota,rrs_MG1655_2ndrun,1,0,0
Lawsonia,NA,NA,NA,NA,rrs_MG1655_2ndrun,1,0,0
Lawsonibacter,Oscillospiraceae,Oscillospirales,Clostridia,Bacillota,rrs_MG1655_2ndrun,3,0,0
Leadbettera,Breznakiellaceae,Treponematales,Spirochaetia,Spirochaetota,rrs_MG1655_2ndrun,1,0,0
Leadbetterella,Spirosomataceae,Cytophagales,Bacteroidia,Bacteroidota,rrs_MG1655_2ndrun,1,0,0
Lebetimonas,Nautiliaceae,Nautiliales,Campylobacteria,Campylobacterota,rrs_MG1655_2ndrun,1,0,0
Leclercia,Enterobacteriaceae,Enterobacterales,Gammaproteobacteria,Pseudomonadota,rrs_MG1655_2ndrun,3,0,0
Lederbergia,Bacillaceae_C,Bacillales_B,Bacilli,Bacillota,rrs_MG1655_2ndrun,6,0,0
Leeia,Leeiaceae,Burkholderiales,Gammaproteobacteria,Pseudomonadota,rrs_MG1655_2ndrun,3,0,0
Leekyejoonella,Dermatophilaceae,Actinomycetales,Actinomycetes,Actinomycetota,rrs_MG1655_2ndrun,1,0,0
Leeuwenhoekiella,Flavobacteriaceae,Flavobacteriales,Bacteroidia,Bacteroidota,rrs_MG1655_2ndrun,8,0,0
Legionella,Legionellaceae,Legionellales,Gammaproteobacteria,Pseudomonadota,rrs_MG1655_2ndrun,62,0,0
Leifsonella,NA,NA,NA,NA,rrs_MG1655_2ndrun,1,0,0
Leifsonia,Microbacteriaceae,Actinomycetales,Actinomycetes,Actinomycetota,rrs_MG1655_2ndrun,11,0,0
Leisingera,Rhodobacteraceae,Rhodobacterales,Alphaproteobacteria,Pseudomonadota,rrs_MG1655_2ndrun,6,0,0
Lelliottia,Enterobacteriaceae,Enterobacterales,Gammaproteobacteria,Pseudomonadota,rrs_MG1655_2ndrun,3,0,0
Leminorella,Enterobacteriaceae,Enterobacterales,Gammaproteobacteria,Pseudomonadota,rrs_MG1655_2ndrun,2,0,0
Lentibacillus,Amphibacillaceae,Bacillales_D,Bacilli,Bacillota,rrs_MG1655_2ndrun,8,0,0
Lentibacter,Rhodobacteraceae,Rhodobacterales,Alphaproteobacteria,Pseudomonadota,rrs_MG1655_2ndrun,1,0,0
Lentihominibacter,Anaerovoracaceae,Peptostreptococcales,Clostridia,Bacillota,rrs_MG1655_2ndrun,2,0,0
Lentilactobacillus,Lactobacillaceae,Lactobacillales,Bacilli,Bacillota,rrs_MG1655_2ndrun,18,0,0
Lentimicrobium,Lentimicrobiaceae,Bacteroidales,Bacteroidia,Bacteroidota,rrs_MG1655_2ndrun,1,0,0
Lentiprolixibacter,Flavobacteriaceae,Flavobacteriales,Bacteroidia,Bacteroidota,rrs_MG1655_2ndrun,1,0,0
Lentisalinibacter,NA,NA,NA,NA,rrs_MG1655_2ndrun,3,0,0
Lentisphaera,Lentisphaeraceae,Lentisphaerales,Lentisphaeria,Verrucomicrobiota,rrs_MG1655_2ndrun,3,0,0
Lentzea,Pseudonocardiaceae,Mycobacteriales,Actinomycetes,Actinomycetota,rrs_MG1655_2ndrun,17,0,0
Leptobacterium,Flavobacteriaceae,Flavobacteriales,Bacteroidia,Bacteroidota,rrs_MG1655_2ndrun,2,0,0
Leptodesmis,Leptolyngbyaceae,Leptolyngbyales,Cyanobacteriia,Cyanobacteriota,rrs_MG1655_2ndrun,1,0,0
Leptogranulimonas,Atopobiaceae,Coriobacteriales,Coriobacteriia,Actinomycetota,rrs_MG1655_2ndrun,1,0,0
Leptolinea,Anaerolineaceae,Anaerolineales,Anaerolineae,Chloroflexota,rrs_MG1655_2ndrun,1,0,0
Leptolyngbya,Leptolyngbyaceae,Leptolyngbyales,Cyanobacteriia,Cyanobacteriota,rrs_MG1655_2ndrun,5,0,0
Leptonema,Leptonemataceae,Leptospirales,Leptospiria,Spirochaetota,rrs_MG1655_2ndrun,1,0,0
Leptospira,Leptospiraceae,Leptospirales,Leptospiria,Spirochaetota,rrs_MG1655_2ndrun,72,0,0
Leptospirillum,Leptospirillaceae,Leptospirillales,Leptospirillia,Nitrospirota_A,rrs_MG1655_2ndrun,2,0,0
Leptothermofonsia,Leptolyngbyaceae,Leptolyngbyales,Cyanobacteriia,Cyanobacteriota,rrs_MG1655_2ndrun,1,0,0
Leptothoe,Phormidesmidaceae,Phormidesmidales,Cyanobacteriia,Cyanobacteriota,rrs_MG1655_2ndrun,2,0,0
Leptothrix,NA,NA,NA,NA,rrs_MG1655_2ndrun,3,0,0
Leptotrichia,Leptotrichiaceae,Fusobacteriales,Fusobacteriia,Fusobacteriota,rrs_MG1655_2ndrun,10,0,0
Leucobacter,Microbacteriaceae,Actinomycetales,Actinomycetes,Actinomycetota,rrs_MG1655_2ndrun,31,0,0
Leuconostoc,Lactobacillaceae,Lactobacillales,Bacilli,Bacillota,rrs_MG1655_2ndrun,18,0,0
Leucothrix,Thiotrichaceae,Thiotrichales,Gammaproteobacteria,Pseudomonadota,rrs_MG1655_2ndrun,2,0,0
Levilactobacillus,Lactobacillaceae,Lactobacillales,Bacilli,Bacillota,rrs_MG1655_2ndrun,27,0,0
Levilinea,Anaerolineaceae,Anaerolineales,Anaerolineae,Chloroflexota,rrs_MG1655_2ndrun,1,0,0
Levyella,NA,NA,NA,NA,rrs_MG1655_2ndrun,1,0,0
Lewinella,Saprospiraceae,Chitinophagales,Bacteroidia,Bacteroidota,rrs_MG1655_2ndrun,1,0,0
Leyella,NA,NA,NA,NA,rrs_MG1655_2ndrun,1,0,0
Liberibacter,Rhizobiaceae,Rhizobiales,Alphaproteobacteria,Pseudomonadota,rrs_MG1655_2ndrun,1,0,0
Liberiplasma,NA,NA,NA,NA,rrs_MG1655_2ndrun,1,0,0
Lichenibacterium,NA,NA,NA,NA,rrs_MG1655_2ndrun,3,0,0
Lichenicoccus,Acetobacteraceae,Acetobacterales,Alphaproteobacteria,Pseudomonadota,rrs_MG1655_2ndrun,1,0,0
Lichenicola,Acetobacteraceae,Acetobacterales,Alphaproteobacteria,Pseudomonadota,rrs_MG1655_2ndrun,1,0,0
Lichenifustis,NA,NA,NA,NA,rrs_MG1655_2ndrun,1,0,0
Lichenihabitans,Beijerinckiaceae,Rhizobiales,Alphaproteobacteria,Pseudomonadota,rrs_MG1655_2ndrun,1,0,0
Lientehia,Lachnospiraceae,Lachnospirales,Clostridia,Bacillota,rrs_MG1655_2ndrun,1,0,0
Ligaoa,Ruminococcaceae,Oscillospirales,Clostridia,Bacillota,rrs_MG1655_2ndrun,1,0,0
Ligilactobacillus,Lactobacillaceae,Lactobacillales,Bacilli,Bacillota,rrs_MG1655_2ndrun,15,0,0
Lignipirellula,Pirellulaceae,Pirellulales,Planctomycetia,Planctomycetota,rrs_MG1655_2ndrun,1,0,0
Lihuaxuella,Thermoactinomycetaceae,Thermoactinomycetales,Bacilli,Bacillota,rrs_MG1655_2ndrun,1,0,0
Limibacillus,CECT-8803,Kiloniellales,Alphaproteobacteria,Pseudomonadota,rrs_MG1655_2ndrun,1,0,0
Limibacter,Flammeovirgaceae,Cytophagales,Bacteroidia,Bacteroidota,rrs_MG1655_2ndrun,1,0,0
Limibacterium,NA,NA,NA,NA,rrs_MG1655_2ndrun,1,0,0
Limihaloglobus,Sedimentisphaeraceae,Sedimentisphaerales,Phycisphaerae,Planctomycetota,rrs_MG1655_2ndrun,1,0,0
Limimaricola,Rhodobacteraceae,Rhodobacterales,Alphaproteobacteria,Pseudomonadota,rrs_MG1655_2ndrun,5,0,0
Limimonas,Rhodovibrionaceae,Kiloniellales,Alphaproteobacteria,Pseudomonadota,rrs_MG1655_2ndrun,1,0,0
Limisalsivibrio,Geovibrionaceae,Deferribacterales,Deferribacteres,Chrysiogenota,rrs_MG1655_2ndrun,1,0,0
Limisphaera,Limisphaeraceae,Limisphaerales,Verrucomicrobiia,Verrucomicrobiota,rrs_MG1655_2ndrun,1,0,0
Limnobacter,Burkholderiaceae,Burkholderiales,Gammaproteobacteria,Pseudomonadota,rrs_MG1655_2ndrun,7,0,0
Limnobaculum,Enterobacteriaceae,Enterobacterales,Gammaproteobacteria,Pseudomonadota,rrs_MG1655_2ndrun,5,0,0
Limnochorda,Limnochordaceae,Limnochordales,Limnochordia,Bacillota,rrs_MG1655_2ndrun,1,0,0
Limnofasciculus,Coleofasciculaceae,Cyanobacteriales,Cyanobacteriia,Cyanobacteriota,rrs_MG1655_2ndrun,1,0,0
Limnoglobus,Gemmataceae,Gemmatales,Planctomycetia,Planctomycetota,rrs_MG1655_2ndrun,1,0,0
Limnohabitans,Burkholderiaceae,Burkholderiales,Gammaproteobacteria,Pseudomonadota,rrs_MG1655_2ndrun,4,0,0
Limnospira,Microcoleaceae,Cyanobacteriales,Cyanobacteriia,Cyanobacteriota,rrs_MG1655_2ndrun,3,0,0
Limnothrix,MRBY01,Cyanobacteriales,Cyanobacteriia,Cyanobacteriota,rrs_MG1655_2ndrun,2,0,0
Limnovirga,Chitinophagaceae,Chitinophagales,Bacteroidia,Bacteroidota,rrs_MG1655_2ndrun,1,0,0
Limobrevibacterium,Acetobacteraceae,Acetobacterales,Alphaproteobacteria,Pseudomonadota,rrs_MG1655_2ndrun,1,0,0
Limosilactobacillus,Lactobacillaceae,Lactobacillales,Bacilli,Bacillota,rrs_MG1655_2ndrun,29,0,0
Lipingzhangella,Streptosporangiaceae,Streptosporangiales,Actinomycetes,Actinomycetota,rrs_MG1655_2ndrun,2,0,0
Liquorilactobacillus,Lactobacillaceae,Lactobacillales,Bacilli,Bacillota,rrs_MG1655_2ndrun,13,0,0
Lishizhenia,Crocinitomicaceae,Flavobacteriales,Bacteroidia,Bacteroidota,rrs_MG1655_2ndrun,1,0,0
Listeria,Listeriaceae,Lactobacillales,Bacilli,Bacillota,rrs_MG1655_2ndrun,26,0,0
Litchfieldella,Halomonadaceae,Pseudomonadales,Gammaproteobacteria,Pseudomonadota,rrs_MG1655_2ndrun,3,0,0
Litchfieldia,Bacillaceae_L,Bacillales,Bacilli,Bacillota,rrs_MG1655_2ndrun,3,0,0
Litoreibacter,Rhodobacteraceae,Rhodobacterales,Alphaproteobacteria,Pseudomonadota,rrs_MG1655_2ndrun,8,0,0
Litoribacter,Cyclobacteriaceae,Cytophagales,Bacteroidia,Bacteroidota,rrs_MG1655_2ndrun,1,0,0
Litoribacterium,DSM-28697,DSM-28697,Bacilli,Bacillota,rrs_MG1655_2ndrun,1,0,0
Litoribaculum,Flavobacteriaceae,Flavobacteriales,Bacteroidia,Bacteroidota,rrs_MG1655_2ndrun,1,0,0
Litoribrevibacter,NA,NA,NA,NA,rrs_MG1655_2ndrun,1,0,0
Litorihabitans,Beutenbergiaceae,Actinomycetales,Actinomycetes,Actinomycetota,rrs_MG1655_2ndrun,1,0,0
Litorilinea,Caldilineaceae,Caldilineales,Anaerolineae,Chloroflexota,rrs_MG1655_2ndrun,1,0,0
Litorilituus,Alteromonadaceae,Enterobacterales,Gammaproteobacteria,Pseudomonadota,rrs_MG1655_2ndrun,2,0,0
Litorimonas,Maricaulaceae,Caulobacterales,Alphaproteobacteria,Pseudomonadota,rrs_MG1655_2ndrun,3,0,0
Litorisediminicola,NA,NA,NA,NA,rrs_MG1655_2ndrun,1,0,0
Litorivicinus,Litorivicinaceae,Pseudomonadales,Gammaproteobacteria,Pseudomonadota,rrs_MG1655_2ndrun,1,0,0
Litorivita,Rhodobacteraceae,Rhodobacterales,Alphaproteobacteria,Pseudomonadota,rrs_MG1655_2ndrun,1,0,0
Litorivivens,Spongiibacteraceae,Pseudomonadales,Gammaproteobacteria,Pseudomonadota,rrs_MG1655_2ndrun,1,0,0
Loigolactobacillus,Lactobacillaceae,Lactobacillales,Bacilli,Bacillota,rrs_MG1655_2ndrun,8,0,0
Loktanella,Rhodobacteraceae,Rhodobacterales,Alphaproteobacteria,Pseudomonadota,rrs_MG1655_2ndrun,5,0,0
Lolliginicoccus,Mycobacteriaceae,Mycobacteriales,Actinomycetes,Actinomycetota,rrs_MG1655_2ndrun,2,0,0
Lonepinella,Pasteurellaceae,Enterobacterales,Gammaproteobacteria,Pseudomonadota,rrs_MG1655_2ndrun,1,0,0
Longibacter,Salinibacteraceae,Rhodothermales,Rhodothermia,Bacteroidota_A,rrs_MG1655_2ndrun,1,0,0
Longibaculum,Coprobacillaceae,Erysipelotrichales,Bacilli,Bacillota,rrs_MG1655_2ndrun,1,0,0
Longicatena,Erysipelotrichaceae,Erysipelotrichales,Bacilli,Bacillota,rrs_MG1655_2ndrun,1,0,0
Longilinea,Anaerolineaceae,Anaerolineales,Anaerolineae,Chloroflexota,rrs_MG1655_2ndrun,1,0,0
Longimicrobium,Longimicrobiaceae,Longimicrobiales,Gemmatimonadetes,Gemmatimonadota,rrs_MG1655_2ndrun,1,0,0
Longimonas,Salinibacteraceae,Rhodothermales,Rhodothermia,Bacteroidota_A,rrs_MG1655_2ndrun,1,0,0
Longimycelium,Pseudonocardiaceae,Mycobacteriales,Actinomycetes,Actinomycetota,rrs_MG1655_2ndrun,1,0,0
Longirhabdus,SCSIO-06110,Paenibacillales,Bacilli,Bacillota,rrs_MG1655_2ndrun,1,0,0
Longispora,Micromonosporaceae,Mycobacteriales,Actinomycetes,Actinomycetota,rrs_MG1655_2ndrun,2,0,0
Longitalea,NA,NA,NA,NA,rrs_MG1655_2ndrun,2,0,0
Longivirga,NA,NA,NA,NA,rrs_MG1655_2ndrun,1,0,0
Lonsdalea,Enterobacteriaceae,Enterobacterales,Gammaproteobacteria,Pseudomonadota,rrs_MG1655_2ndrun,3,0,0
Lottiidibacillus,SA5d-4,Bacillales_E,Bacilli,Bacillota,rrs_MG1655_2ndrun,1,0,0
Lucifera,UPPP01,Sporomusales,Negativicutes,Bacillota,rrs_MG1655_2ndrun,1,0,0
Luedemannella,Micromonosporaceae,Mycobacteriales,Actinomycetes,Actinomycetota,rrs_MG1655_2ndrun,2,0,0
Luethyella,NA,NA,NA,NA,rrs_MG1655_2ndrun,1,0,0
Lujinxingia,Bradymonadaceae,Bradymonadales,Bradymonadia,Myxococcota,rrs_MG1655_2ndrun,2,0,0
Luminiphilus,Halieaceae,Pseudomonadales,Gammaproteobacteria,Pseudomonadota,rrs_MG1655_2ndrun,1,0,0
Lunatibacter,Cyclobacteriaceae,Cytophagales,Bacteroidia,Bacteroidota,rrs_MG1655_2ndrun,1,0,0
Lunatimonas,Cyclobacteriaceae,Cytophagales,Bacteroidia,Bacteroidota,rrs_MG1655_2ndrun,2,0,0
Luoshenia,GCA-900066905,Christensenellales,Clostridia,Bacillota,rrs_MG1655_2ndrun,1,0,0
Lusitaniella,Spirulinaceae,Cyanobacteriales,Cyanobacteriia,Cyanobacteriota,rrs_MG1655_2ndrun,1,0,0
Luteibacter,Rhodanobacteraceae,Xanthomonadales,Gammaproteobacteria,Pseudomonadota,rrs_MG1655_2ndrun,10,0,0
Luteibaculum,Luteibaculaceae,Flavobacteriales,Bacteroidia,Bacteroidota,rrs_MG1655_2ndrun,1,0,0
Luteimicrobium,Cellulomonadaceae,Actinomycetales,Actinomycetes,Actinomycetota,rrs_MG1655_2ndrun,3,0,0
Luteimonas,Xanthomonadaceae,Xanthomonadales,Gammaproteobacteria,Pseudomonadota,rrs_MG1655_2ndrun,36,0,0
Luteipulveratus,Dermatophilaceae,Actinomycetales,Actinomycetes,Actinomycetota,rrs_MG1655_2ndrun,3,0,0
Luteirhabdus,Flavobacteriaceae,Flavobacteriales,Bacteroidia,Bacteroidota,rrs_MG1655_2ndrun,1,0,0
Luteitalea,Vicinamibacteraceae,Vicinamibacterales,Vicinamibacteria,Acidobacteriota,rrs_MG1655_2ndrun,1,0,0
Luteithermobacter,Emcibacteraceae,Sphingomonadales,Alphaproteobacteria,Pseudomonadota,rrs_MG1655_2ndrun,1,0,0
Luteococcus,Propionibacteriaceae,Propionibacteriales,Actinomycetes,Actinomycetota,rrs_MG1655_2ndrun,2,0,0
Luteolibacter,Akkermansiaceae,Verrucomicrobiales,Verrucomicrobiia,Verrucomicrobiota,rrs_MG1655_2ndrun,10,0,0
Lutibacter,Flavobacteriaceae,Flavobacteriales,Bacteroidia,Bacteroidota,rrs_MG1655_2ndrun,10,0,0
Lutibaculum,Tepidamorphaceae,Rhizobiales,Alphaproteobacteria,Pseudomonadota,rrs_MG1655_2ndrun,1,0,0
Lutimaribacter,Rhodobacteraceae,Rhodobacterales,Alphaproteobacteria,Pseudomonadota,rrs_MG1655_2ndrun,4,0,0
Lutimonas,Flavobacteriaceae,Flavobacteriales,Bacteroidia,Bacteroidota,rrs_MG1655_2ndrun,4,0,0
Lutispora,Lutisporaceae,Lutisporales,Clostridia,Bacillota,rrs_MG1655_2ndrun,1,0,0
Luxibacter,Lachnospiraceae,Lachnospirales,Clostridia,Bacillota,rrs_MG1655_2ndrun,1,0,0
Lwoffella,NA,NA,NA,NA,rrs_MG1655_2ndrun,1,0,0
Lyngbya,Thermosynechococcaceae,Thermosynechococcales,Cyanobacteriia,Cyanobacteriota,rrs_MG1655_2ndrun,1,0,0
Lysinibacillus,Planococcaceae,Bacillales_A,Bacilli,Bacillota,rrs_MG1655_2ndrun,23,0,0
Lysinibacter,Microbacteriaceae,Actinomycetales,Actinomycetes,Actinomycetota,rrs_MG1655_2ndrun,1,0,0
Lysinimonas,NA,NA,NA,NA,rrs_MG1655_2ndrun,1,0,0
Lysobacter,Xanthomonadaceae,Xanthomonadales,Gammaproteobacteria,Pseudomonadota,rrs_MG1655_2ndrun,24,0,0
Lyticum,Midichloriaceae,Rickettsiales,Alphaproteobacteria,Pseudomonadota,rrs_MG1655_2ndrun,1,0,0
Maccoyibacter,NA,NA,NA,NA,rrs_MG1655_2ndrun,1,0,0
Macellibacteroides,Tannerellaceae,Bacteroidales,Bacteroidia,Bacteroidota,rrs_MG1655_2ndrun,1,0,0
Macrococcoides,Staphylococcaceae,Staphylococcales,Bacilli,Bacillota,rrs_MG1655_2ndrun,4,0,0
Macrococcus,Staphylococcaceae,Staphylococcales,Bacilli,Bacillota,rrs_MG1655_2ndrun,9,0,0
Macromonas,NA,NA,NA,NA,rrs_MG1655_2ndrun,2,0,0
Mageeibacillus,Fastidiosipilaceae,Saccharofermentanales,Clostridia,Bacillota,rrs_MG1655_2ndrun,1,0,0
Magnetococcus,Magnetococcaceae,Magnetococcales,Magnetococcia,Pseudomonadota,rrs_MG1655_2ndrun,1,0,0
Magnetofaba,Magnetococcaceae,Magnetococcales,Magnetococcia,Pseudomonadota,rrs_MG1655_2ndrun,1,0,0
Magnetospirillum,Magnetospirillaceae,Rhodospirillales,Alphaproteobacteria,Pseudomonadota,rrs_MG1655_2ndrun,6,0,0
Magnetovibrio,Magnetovibrionaceae,Rhodospirillales,Alphaproteobacteria,Pseudomonadota,rrs_MG1655_2ndrun,1,0,0
Magnetovirga,NA,NA,NA,NA,rrs_MG1655_2ndrun,1,0,0
Mahella,Mahellaceae,Mahellales,Clostridia,Bacillota,rrs_MG1655_2ndrun,1,0,0
Mailhella,Desulfovibrionaceae,Desulfovibrionales,Desulfovibrionia,Desulfobacterota_I,rrs_MG1655_2ndrun,1,0,0
Maioricimonas,Planctomycetaceae,Planctomycetales,Planctomycetia,Planctomycetota,rrs_MG1655_2ndrun,1,0,0
Malaciobacter,Arcobacteraceae,Campylobacterales,Campylobacteria,Campylobacterota,rrs_MG1655_2ndrun,6,0,0
Malacoplasma,Mycoplasmoidaceae,Mycoplasmatales,Bacilli,Bacillota,rrs_MG1655_2ndrun,3,0,0
Maledivibacter,Caminicellaceae,Peptostreptococcales,Clostridia,Bacillota,rrs_MG1655_2ndrun,1,0,0
Malikia,Burkholderiaceae,Burkholderiales,Gammaproteobacteria,Pseudomonadota,rrs_MG1655_2ndrun,2,0,0
Maliponia,NA,NA,NA,NA,rrs_MG1655_2ndrun,1,0,0
Mameliella,NA,NA,NA,NA,rrs_MG1655_2ndrun,2,0,0
Mammaliicoccus,Staphylococcaceae,Staphylococcales,Bacilli,Bacillota,rrs_MG1655_2ndrun,4,0,0
Manganibacter,NA,NA,NA,NA,rrs_MG1655_2ndrun,1,0,0
Mangrovactinospora,Streptomycetaceae,Streptomycetales,Actinomycetes,Actinomycetota,rrs_MG1655_2ndrun,1,0,0
Mangrovibacillus,R1DC41,Bacillales_B,Bacilli,Bacillota,rrs_MG1655_2ndrun,1,0,0
Mangrovibacter,Enterobacteriaceae,Enterobacterales,Gammaproteobacteria,Pseudomonadota,rrs_MG1655_2ndrun,3,0,0
Mangrovibacterium,Prolixibacteraceae,Bacteroidales,Bacteroidia,Bacteroidota,rrs_MG1655_2ndrun,3,0,0
Mangrovibrevibacter,NA,NA,NA,NA,rrs_MG1655_2ndrun,1,0,0
Mangrovicella,Rhizobiaceae,Rhizobiales,Alphaproteobacteria,Pseudomonadota,rrs_MG1655_2ndrun,1,0,0
Mangrovicoccus,Rhodobacteraceae,Rhodobacterales,Alphaproteobacteria,Pseudomonadota,rrs_MG1655_2ndrun,1,0,0
Mangrovihabitans,NA,NA,NA,NA,rrs_MG1655_2ndrun,1,0,0
Mangrovimicrobium,NA,NA,NA,NA,rrs_MG1655_2ndrun,1,0,0
Mangrovimonas,Flavobacteriaceae,Flavobacteriales,Bacteroidia,Bacteroidota,rrs_MG1655_2ndrun,6,0,0
Mangrovitalea,Oleiphilaceae,Pseudomonadales,Gammaproteobacteria,Pseudomonadota,rrs_MG1655_2ndrun,1,0,0
Mangrovivirga,Cyclobacteriaceae,Cytophagales,Bacteroidia,Bacteroidota,rrs_MG1655_2ndrun,1,0,0
Mannheimia,Pasteurellaceae,Enterobacterales,Gammaproteobacteria,Pseudomonadota,rrs_MG1655_2ndrun,9,0,0
Marasmitruncus,NA,NA,NA,NA,rrs_MG1655_2ndrun,1,0,0
Maribacter,Flavobacteriaceae,Flavobacteriales,Bacteroidia,Bacteroidota,rrs_MG1655_2ndrun,29,0,0
Maribellus,NA,NA,NA,NA,rrs_MG1655_2ndrun,5,0,0
Maribrevibacterium,NA,NA,NA,NA,rrs_MG1655_2ndrun,1,0,0
Maricaulis,Maricaulaceae,Caulobacterales,Alphaproteobacteria,Pseudomonadota,rrs_MG1655_2ndrun,5,0,0
Marichromatium,Chromatiaceae,Chromatiales,Gammaproteobacteria,Pseudomonadota,rrs_MG1655_2ndrun,3,0,0
Maricurvus,NA,NA,NA,NA,rrs_MG1655_2ndrun,1,0,0
Maridesulfovibrio,Desulfovibrionaceae,Desulfovibrionales,Desulfovibrionia,Desulfobacterota_I,rrs_MG1655_2ndrun,3,0,0
Marihabitans,Dermatophilaceae,Actinomycetales,Actinomycetes,Actinomycetota,rrs_MG1655_2ndrun,1,0,0
Marilutibacter,Xanthomonadaceae,Xanthomonadales,Gammaproteobacteria,Pseudomonadota,rrs_MG1655_2ndrun,6,0,0
Mariluticola,Devosiaceae,Rhizobiales,Alphaproteobacteria,Pseudomonadota,rrs_MG1655_2ndrun,1,0,0
Marimonas,Rhodobacteraceae,Rhodobacterales,Alphaproteobacteria,Pseudomonadota,rrs_MG1655_2ndrun,2,0,0
Marinactinospora,Streptosporangiaceae,Streptosporangiales,Actinomycetes,Actinomycetota,rrs_MG1655_2ndrun,2,0,0
Marinagarivorans,Cellvibrionaceae,Pseudomonadales,Gammaproteobacteria,Pseudomonadota,rrs_MG1655_2ndrun,2,0,0
Marinibacterium,Rhodobacteraceae,Rhodobacterales,Alphaproteobacteria,Pseudomonadota,rrs_MG1655_2ndrun,1,0,0
Marinibaculum,NA,NA,NA,NA,rrs_MG1655_2ndrun,1,0,0
Mariniblastus,Pirellulaceae,Pirellulales,Planctomycetia,Planctomycetota,rrs_MG1655_2ndrun,1,0,0
Marinicauda,Maricaulaceae,Caulobacterales,Alphaproteobacteria,Pseudomonadota,rrs_MG1655_2ndrun,3,0,0
Marinicella,Marinicellaceae,Xanthomonadales,Gammaproteobacteria,Pseudomonadota,rrs_MG1655_2ndrun,6,0,0
Marinicellulosiphila,NA,NA,NA,NA,rrs_MG1655_2ndrun,1,0,0
Marinifaba,Alteromonadaceae,Enterobacterales,Gammaproteobacteria,Pseudomonadota,rrs_MG1655_2ndrun,1,0,0
Marinifilum,Marinifilaceae,Bacteroidales,Bacteroidia,Bacteroidota,rrs_MG1655_2ndrun,4,0,0
Mariniflexile,Flavobacteriaceae,Flavobacteriales,Bacteroidia,Bacteroidota,rrs_MG1655_2ndrun,8,0,0
Marinihelvus,SZUA-36,Xanthomonadales,Gammaproteobacteria,Pseudomonadota,rrs_MG1655_2ndrun,1,0,0
Marinilabilia,Marinilabiliaceae,Bacteroidales,Bacteroidia,Bacteroidota,rrs_MG1655_2ndrun,2,0,0
Marinilactibacillus,Carnobacteriaceae,Lactobacillales,Bacilli,Bacillota,rrs_MG1655_2ndrun,3,0,0
Marinilongibacter,NA,NA,NA,NA,rrs_MG1655_2ndrun,1,0,0
Marinimicrobium,Cellvibrionaceae,Pseudomonadales,Gammaproteobacteria,Pseudomonadota,rrs_MG1655_2ndrun,4,0,0
Marinimicrococcus,Geminicoccaceae,Geminicoccales,Alphaproteobacteria,Pseudomonadota,rrs_MG1655_2ndrun,1,0,0
Marininema,DSM-45169,Thermoactinomycetales,Bacilli,Bacillota,rrs_MG1655_2ndrun,2,0,0
Mariniphaga,Prolixibacteraceae,Bacteroidales,Bacteroidia,Bacteroidota,rrs_MG1655_2ndrun,2,0,0
Mariniplasma,Acholeplasmataceae,Acholeplasmatales,Bacilli,Bacillota,rrs_MG1655_2ndrun,1,0,0
Mariniradius,Cyclobacteriaceae,Cytophagales,Bacteroidia,Bacteroidota,rrs_MG1655_2ndrun,2,0,0
Marinirhabdus,Flavobacteriaceae,Flavobacteriales,Bacteroidia,Bacteroidota,rrs_MG1655_2ndrun,1,0,0
Marinisporobacter,Thermotaleaceae,Peptostreptococcales,Clostridia,Bacillota,rrs_MG1655_2ndrun,1,0,0
Marinitenerispora,Streptosporangiaceae,Streptosporangiales,Actinomycetes,Actinomycetota,rrs_MG1655_2ndrun,1,0,0
Marinithermofilum,DSM-45169,Thermoactinomycetales,Bacilli,Bacillota,rrs_MG1655_2ndrun,1,0,0
Marinithermus,Marinithermaceae,Deinococcales,Deinococci,Deinococcota,rrs_MG1655_2ndrun,1,0,0
Marinitoga,Petrotogaceae,Petrotogales,Thermotogae,Thermotogota,rrs_MG1655_2ndrun,5,0,0
Marinobacter,Oleiphilaceae,Pseudomonadales,Gammaproteobacteria,Pseudomonadota,rrs_MG1655_2ndrun,61,0,0
Marinobacterium,Balneatricaceae,Pseudomonadales,Gammaproteobacteria,Pseudomonadota,rrs_MG1655_2ndrun,16,0,0
Marinococcus,Marinococcaceae,Bacillales_H,Bacilli,Bacillota,rrs_MG1655_2ndrun,2,0,0
Marinomonas,Marinomonadaceae,Pseudomonadales,Gammaproteobacteria,Pseudomonadota,rrs_MG1655_2ndrun,32,0,0
Marinoscillum,Cyclobacteriaceae,Cytophagales,Bacteroidia,Bacteroidota,rrs_MG1655_2ndrun,3,0,0
Marinospirillum,Halomonadaceae,Pseudomonadales,Gammaproteobacteria,Pseudomonadota,rrs_MG1655_2ndrun,4,0,0
Marinovum,Rhodobacteraceae,Rhodobacterales,Alphaproteobacteria,Pseudomonadota,rrs_MG1655_2ndrun,1,0,0
Mariprofundus,Mariprofundaceae,Mariprofundales,Zetaproteobacteria,Pseudomonadota,rrs_MG1655_2ndrun,5,0,0
Marisediminicola,Microbacteriaceae,Actinomycetales,Actinomycetes,Actinomycetota,rrs_MG1655_2ndrun,2,0,0
Marisediminitalea,NA,NA,NA,NA,rrs_MG1655_2ndrun,1,0,0
Marispirochaeta,Marispirochaetaceae,JC444,Spirochaetia,Spirochaetota,rrs_MG1655_2ndrun,1,0,0
Maritalea,Devosiaceae,Rhizobiales,Alphaproteobacteria,Pseudomonadota,rrs_MG1655_2ndrun,4,0,0
Maritimibacter,Rhodobacteraceae,Rhodobacterales,Alphaproteobacteria,Pseudomonadota,rrs_MG1655_2ndrun,5,0,0
Marivibrio,GCA-2696645,UBA8366,Alphaproteobacteria,Pseudomonadota,rrs_MG1655_2ndrun,1,0,0
Marivirga,Cyclobacteriaceae,Cytophagales,Bacteroidia,Bacteroidota,rrs_MG1655_2ndrun,8,0,0
Marivita,Rhodobacteraceae,Rhodobacterales,Alphaproteobacteria,Pseudomonadota,rrs_MG1655_2ndrun,4,0,0
Marivivens,Rhodobacteraceae,Rhodobacterales,Alphaproteobacteria,Pseudomonadota,rrs_MG1655_2ndrun,4,0,0
Marixanthomonas,Flavobacteriaceae,Flavobacteriales,Bacteroidia,Bacteroidota,rrs_MG1655_2ndrun,2,0,0
Marixanthotalea,Flavobacteriaceae,Flavobacteriales,Bacteroidia,Bacteroidota,rrs_MG1655_2ndrun,1,0,0
Marmoricola,Nocardioidaceae,Propionibacteriales,Actinomycetes,Actinomycetota,rrs_MG1655_2ndrun,1,0,0
Marnyiella,Weeksellaceae,Flavobacteriales,Bacteroidia,Bacteroidota,rrs_MG1655_2ndrun,1,0,0
Marseilla,NA,NA,NA,NA,rrs_MG1655_2ndrun,1,0,0
Martelella,Rhizobiaceae,Rhizobiales,Alphaproteobacteria,Pseudomonadota,rrs_MG1655_2ndrun,7,0,0
Marvinbryantia,Lachnospiraceae,Lachnospirales,Clostridia,Bacillota,rrs_MG1655_2ndrun,1,0,0
Massilia,NA,NA,NA,NA,rrs_MG1655_2ndrun,31,0,0
Massilibacillus,Massilibacillaceae,FLKF01,Negativicutes,Bacillota,rrs_MG1655_2ndrun,1,0,0
Massilibacterium,Massilibacteriaceae,Bacillales_E,Bacilli,Bacillota,rrs_MG1655_2ndrun,1,0,0
Massilibacteroides,Tannerellaceae,Bacteroidales,Bacteroidia,Bacteroidota,rrs_MG1655_2ndrun,1,0,0
Massilicoli,Erysipelotrichaceae,Erysipelotrichales,Bacilli,Bacillota,rrs_MG1655_2ndrun,1,0,0
Massiliimalia,Ruminococcaceae,Oscillospirales,Clostridia,Bacillota,rrs_MG1655_2ndrun,2,0,0
Massilimicrobiota,NA,NA,NA,NA,rrs_MG1655_2ndrun,1,0,0
Massilioclostridium,Ruminococcaceae,Oscillospirales,Clostridia,Bacillota,rrs_MG1655_2ndrun,1,0,0
Mastigocladopsis,Nostocaceae,Cyanobacteriales,Cyanobacteriia,Cyanobacteriota,rrs_MG1655_2ndrun,1,0,0
Mastigocoleus,Nostocaceae,Cyanobacteriales,Cyanobacteriia,Cyanobacteriota,rrs_MG1655_2ndrun,1,0,0
Mediannikoviicoccus,Peptoniphilaceae,Tissierellales,Clostridia,Bacillota,rrs_MG1655_2ndrun,1,0,0
Mediterranea,NA,NA,NA,NA,rrs_MG1655_2ndrun,1,0,0
Mediterraneibacter,Lachnospiraceae,Lachnospirales,Clostridia,Bacillota,rrs_MG1655_2ndrun,7,0,0
Megalodesulfovibrio,Desulfovibrionaceae,Desulfovibrionales,Desulfovibrionia,Desulfobacterota_I,rrs_MG1655_2ndrun,1,0,0
Megamonas,Selenomonadaceae,Selenomonadales,Negativicutes,Bacillota,rrs_MG1655_2ndrun,2,0,0
Megasphaera,Megasphaeraceae,Veillonellales,Negativicutes,Bacillota,rrs_MG1655_2ndrun,11,0,0
Meinhardsimonia,Rhodobacteraceae,Rhodobacterales,Alphaproteobacteria,Pseudomonadota,rrs_MG1655_2ndrun,1,0,0
Meiothermus,Thermaceae,Deinococcales,Deinococci,Deinococcota,rrs_MG1655_2ndrun,7,0,0
Meishania,NA,NA,NA,NA,rrs_MG1655_2ndrun,1,0,0
Melaminivora,Burkholderiaceae,Burkholderiales,Gammaproteobacteria,Pseudomonadota,rrs_MG1655_2ndrun,3,0,0
Melghirimyces,DSM-45169,Thermoactinomycetales,Bacilli,Bacillota,rrs_MG1655_2ndrun,2,0,0
Melioribacter,Melioribacteraceae,Ignavibacteriales,Ignavibacteria,Bacteroidota_A,rrs_MG1655_2ndrun,1,0,0
Melissococcus,Enterococcaceae,Lactobacillales,Bacilli,Bacillota,rrs_MG1655_2ndrun,1,0,0
Melittangium,Myxococcaceae,Myxococcales,Myxococcia,Myxococcota,rrs_MG1655_2ndrun,1,0,0
Membranihabitans,Saprospiraceae,Chitinophagales,Bacteroidia,Bacteroidota,rrs_MG1655_2ndrun,1,0,0
Merdibacter,Erysipelotrichaceae,Erysipelotrichales,Bacilli,Bacillota,rrs_MG1655_2ndrun,1,0,0
Merdimmobilis,Ruminococcaceae,Oscillospirales,Clostridia,Bacillota,rrs_MG1655_2ndrun,1,0,0
Mergibacter,Pasteurellaceae,Enterobacterales,Gammaproteobacteria,Pseudomonadota,rrs_MG1655_2ndrun,1,0,0
Meridianimarinicoccus,Rhodobacteraceae,Rhodobacterales,Alphaproteobacteria,Pseudomonadota,rrs_MG1655_2ndrun,4,0,0
Mesoaciditoga,Mesoaciditogaceae,Mesoaciditogales,Thermotogae,Thermotogota,rrs_MG1655_2ndrun,1,0,0
Mesobacillus,DSM-18226,Bacillales_B,Bacilli,Bacillota,rrs_MG1655_2ndrun,8,0,0
Mesobacterium,Rhodobacteraceae,Rhodobacterales,Alphaproteobacteria,Pseudomonadota,rrs_MG1655_2ndrun,2,0,0
Mesobaculum,NA,NA,NA,NA,rrs_MG1655_2ndrun,1,0,0
Mesoflavibacter,Flavobacteriaceae,Flavobacteriales,Bacteroidia,Bacteroidota,rrs_MG1655_2ndrun,2,0,0
Mesohalobacter,NA,NA,NA,NA,rrs_MG1655_2ndrun,1,0,0
Mesomycoplasma,Metamycoplasmataceae,Mycoplasmatales,Bacilli,Bacillota,rrs_MG1655_2ndrun,11,0,0
Mesonia,Flavobacteriaceae,Flavobacteriales,Bacteroidia,Bacteroidota,rrs_MG1655_2ndrun,7,0,0
Mesoplasma,Mycoplasmataceae,Mycoplasmatales,Bacilli,Bacillota,rrs_MG1655_2ndrun,11,0,0
Mesopusillimonas,Burkholderiaceae,Burkholderiales,Gammaproteobacteria,Pseudomonadota,rrs_MG1655_2ndrun,1,0,0
Mesorhizobium,Rhizobiaceae,Rhizobiales,Alphaproteobacteria,Pseudomonadota,rrs_MG1655_2ndrun,63,0,0
Mesosutterella,Burkholderiaceae,Burkholderiales,Gammaproteobacteria,Pseudomonadota,rrs_MG1655_2ndrun,2,0,0
Mesoterricola,Holophagaceae,Holophagales,Holophagae,Acidobacteriota,rrs_MG1655_2ndrun,2,0,0
Mesotoga,Kosmotogaceae,Petrotogales,Thermotogae,Thermotogota,rrs_MG1655_2ndrun,2,0,0
Metabacillus,Bacillaceae,Bacillales,Bacilli,Bacillota,rrs_MG1655_2ndrun,21,0,0
Metallibacterium,Rhodanobacteraceae,Xanthomonadales,Gammaproteobacteria,Pseudomonadota,rrs_MG1655_2ndrun,1,0,0
Metallococcus,Dermatophilaceae,Actinomycetales,Actinomycetes,Actinomycetota,rrs_MG1655_2ndrun,1,0,0
Metallumcola,JADQBR01,JADQBR01,JADQBR01,Bacillota,rrs_MG1655_2ndrun,1,0,0
Metalysinibacillus,Planococcaceae,Bacillales_A,Bacilli,Bacillota,rrs_MG1655_2ndrun,1,0,0
Metamycoplasma,Metamycoplasmataceae,Mycoplasmatales,Bacilli,Bacillota,rrs_MG1655_2ndrun,18,0,0
Metapseudomonas,Pseudomonadaceae,Pseudomonadales,Gammaproteobacteria,Pseudomonadota,rrs_MG1655_2ndrun,4,0,0
Metarhizobium,Rhizobiaceae,Rhizobiales,Alphaproteobacteria,Pseudomonadota,rrs_MG1655_2ndrun,1,0,0
Metasolibacillus,Planococcaceae,Bacillales_A,Bacilli,Bacillota,rrs_MG1655_2ndrun,1,0,0
Methylacidimicrobium,Methylacidiphilaceae,Methylacidiphilales,Verrucomicrobiia,Verrucomicrobiota,rrs_MG1655_2ndrun,2,0,0
Methylacidiphilum,Methylacidiphilaceae,Methylacidiphilales,Verrucomicrobiia,Verrucomicrobiota,rrs_MG1655_2ndrun,2,0,0
Methylibium,Burkholderiaceae,Burkholderiales,Gammaproteobacteria,Pseudomonadota,rrs_MG1655_2ndrun,2,0,0
Methylicorpusculum,Methylomonadaceae,Methylococcales,Gammaproteobacteria,Pseudomonadota,rrs_MG1655_2ndrun,1,0,0
Methylobacillus,Methylophilaceae,Burkholderiales,Gammaproteobacteria,Pseudomonadota,rrs_MG1655_2ndrun,7,0,0
Methylobacter,Methylomonadaceae,Methylococcales,Gammaproteobacteria,Pseudomonadota,rrs_MG1655_2ndrun,5,0,0
Methylobacterium,Beijerinckiaceae,Rhizobiales,Alphaproteobacteria,Pseudomonadota,rrs_MG1655_2ndrun,54,0,0
Methylobrevis,Pleomorphomonadaceae,Rhizobiales,Alphaproteobacteria,Pseudomonadota,rrs_MG1655_2ndrun,1,0,0
Methylocaldum,Methylococcaceae,Methylococcales,Gammaproteobacteria,Pseudomonadota,rrs_MG1655_2ndrun,2,0,0
Methylocapsa,Beijerinckiaceae,Rhizobiales,Alphaproteobacteria,Pseudomonadota,rrs_MG1655_2ndrun,4,0,0
Methyloceanibacter,Methyloligellaceae,Rhizobiales,Alphaproteobacteria,Pseudomonadota,rrs_MG1655_2ndrun,5,0,0
Methylocella,NA,NA,NA,NA,rrs_MG1655_2ndrun,2,0,0
Methylococcus,Methylococcaceae,Methylococcales,Gammaproteobacteria,Pseudomonadota,rrs_MG1655_2ndrun,3,0,0
Methylocucumis,NA,NA,NA,NA,rrs_MG1655_2ndrun,1,0,0
Methylocystis,Beijerinckiaceae,Rhizobiales,Alphaproteobacteria,Pseudomonadota,rrs_MG1655_2ndrun,10,0,0
Methyloferula,Beijerinckiaceae,Rhizobiales,Alphaproteobacteria,Pseudomonadota,rrs_MG1655_2ndrun,1,0,0
Methylogaea,Methylococcaceae,Methylococcales,Gammaproteobacteria,Pseudomonadota,rrs_MG1655_2ndrun,1,0,0
Methylohalobius,Methylothermaceae,Methylococcales,Gammaproteobacteria,Pseudomonadota,rrs_MG1655_2ndrun,1,0,0
Methylohalomonas,Eutrophobiaceae,Eutrophobiales,Gammaproteobacteria,Pseudomonadota,rrs_MG1655_2ndrun,1,0,0
Methyloligella,Methyloligellaceae,Rhizobiales,Alphaproteobacteria,Pseudomonadota,rrs_MG1655_2ndrun,2,0,0
Methylomagnum,Methylococcaceae,Methylococcales,Gammaproteobacteria,Pseudomonadota,rrs_MG1655_2ndrun,1,0,0
Methylomarinovum,NA,NA,NA,NA,rrs_MG1655_2ndrun,2,0,0
Methylomarinum,Methylomonadaceae,Methylococcales,Gammaproteobacteria,Pseudomonadota,rrs_MG1655_2ndrun,2,0,0
Methylomicrobium,Methylomonadaceae,Methylococcales,Gammaproteobacteria,Pseudomonadota,rrs_MG1655_2ndrun,3,0,0
Methylomonas,Methylomonadaceae,Methylococcales,Gammaproteobacteria,Pseudomonadota,rrs_MG1655_2ndrun,15,0,0
Methylomusa,Sporomusaceae,Sporomusales,Negativicutes,Bacillota,rrs_MG1655_2ndrun,1,0,0
Methylonatrum,Aquisalimonadaceae,Nitrococcales,Gammaproteobacteria,Pseudomonadota,rrs_MG1655_2ndrun,1,0,0
Methylophaga,Methylophagaceae,Nitrosococcales,Gammaproteobacteria,Pseudomonadota,rrs_MG1655_2ndrun,10,0,0
Methylophilus,Methylophilaceae,Burkholderiales,Gammaproteobacteria,Pseudomonadota,rrs_MG1655_2ndrun,6,0,0
Methylopila,Methylopilaceae,Rhizobiales,Alphaproteobacteria,Pseudomonadota,rrs_MG1655_2ndrun,5,0,0
Methyloprofundus,Methylomonadaceae,Methylococcales,Gammaproteobacteria,Pseudomonadota,rrs_MG1655_2ndrun,1,0,0
Methyloradius,Methylophilaceae,Burkholderiales,Gammaproteobacteria,Pseudomonadota,rrs_MG1655_2ndrun,1,0,0
Methyloraptor,NA,NA,NA,NA,rrs_MG1655_2ndrun,1,0,0
Methylorubrum,NA,NA,NA,NA,rrs_MG1655_2ndrun,10,0,0
Methylosarcina,Methylomonadaceae,Methylococcales,Gammaproteobacteria,Pseudomonadota,rrs_MG1655_2ndrun,1,0,0
Methylosinus,Beijerinckiaceae,Rhizobiales,Alphaproteobacteria,Pseudomonadota,rrs_MG1655_2ndrun,1,0,0
Methylotenera,Methylophilaceae,Burkholderiales,Gammaproteobacteria,Pseudomonadota,rrs_MG1655_2ndrun,3,0,0
Methyloterricola,Methylococcaceae,Methylococcales,Gammaproteobacteria,Pseudomonadota,rrs_MG1655_2ndrun,1,0,0
Methylotetracoccus,Methylococcaceae,Methylococcales,Gammaproteobacteria,Pseudomonadota,rrs_MG1655_2ndrun,1,0,0
Methylotuvimicrobium,Methylomonadaceae,Methylococcales,Gammaproteobacteria,Pseudomonadota,rrs_MG1655_2ndrun,2,0,0
Methyloversatilis,Rhodocyclaceae,Burkholderiales,Gammaproteobacteria,Pseudomonadota,rrs_MG1655_2ndrun,3,0,0
Methylovirgula,Beijerinckiaceae,Rhizobiales,Alphaproteobacteria,Pseudomonadota,rrs_MG1655_2ndrun,1,0,0
Methylovorus,Methylophilaceae,Burkholderiales,Gammaproteobacteria,Pseudomonadota,rrs_MG1655_2ndrun,3,0,0
Methylovulum,Methylomonadaceae,Methylococcales,Gammaproteobacteria,Pseudomonadota,rrs_MG1655_2ndrun,2,0,0
Micavibrio,Micavibrionaceae,Micavibrionales,Alphaproteobacteria,Pseudomonadota,rrs_MG1655_2ndrun,1,0,0
Microaceticoccus,NA,NA,NA,NA,rrs_MG1655_2ndrun,1,0,0
Microaerobacter,DSM-22679,DSM-22679,Bacilli,Bacillota,rrs_MG1655_2ndrun,1,0,0
Microbacter,Paludibacteraceae,Bacteroidales,Bacteroidia,Bacteroidota,rrs_MG1655_2ndrun,1,0,0
Microbacterium,Microbacteriaceae,Actinomycetales,Actinomycetes,Actinomycetota,rrs_MG1655_2ndrun,151,0,0
Microbaculum,Tepidamorphaceae,Rhizobiales,Alphaproteobacteria,Pseudomonadota,rrs_MG1655_2ndrun,2,0,0
Microbispora,Streptosporangiaceae,Streptosporangiales,Actinomycetes,Actinomycetota,rrs_MG1655_2ndrun,11,0,0
Microbulbifer,Cellvibrionaceae,Pseudomonadales,Gammaproteobacteria,Pseudomonadota,rrs_MG1655_2ndrun,28,0,0
Microcella,Microbacteriaceae,Actinomycetales,Actinomycetes,Actinomycetota,rrs_MG1655_2ndrun,9,0,0
Micrococcoides,NA,NA,NA,NA,rrs_MG1655_2ndrun,1,0,0
Micrococcus,Micrococcaceae,Actinomycetales,Actinomycetes,Actinomycetota,rrs_MG1655_2ndrun,10,0,0
Microcoleus,Microcoleaceae,Cyanobacteriales,Cyanobacteriia,Cyanobacteriota,rrs_MG1655_2ndrun,1,0,0
Microcosmobacter,Flavobacteriaceae,Flavobacteriales,Bacteroidia,Bacteroidota,rrs_MG1655_2ndrun,1,0,0
Microcystis,Microcystaceae,Cyanobacteriales,Cyanobacteriia,Cyanobacteriota,rrs_MG1655_2ndrun,6,0,0
Microlunatus,Propionibacteriaceae,Propionibacteriales,Actinomycetes,Actinomycetota,rrs_MG1655_2ndrun,15,0,0
Micromonospora,Micromonosporaceae,Mycobacteriales,Actinomycetes,Actinomycetota,rrs_MG1655_2ndrun,115,0,0
Micropruina,Propionibacteriaceae,Propionibacteriales,Actinomycetes,Actinomycetota,rrs_MG1655_2ndrun,2,0,0
Microscilla,Microscillaceae,Cytophagales,Bacteroidia,Bacteroidota,rrs_MG1655_2ndrun,1,0,0
Microseira,Aerosakkonemataceae,Cyanobacteriales,Cyanobacteriia,Cyanobacteriota,rrs_MG1655_2ndrun,1,0,0
Microterricola,Microbacteriaceae,Actinomycetales,Actinomycetes,Actinomycetota,rrs_MG1655_2ndrun,3,0,0
Microtetraspora,Streptosporangiaceae,Streptosporangiales,Actinomycetes,Actinomycetota,rrs_MG1655_2ndrun,3,0,0
Microvenator,Bradymonadaceae,Bradymonadales,Bradymonadia,Myxococcota,rrs_MG1655_2ndrun,1,0,0
Microvirga,Beijerinckiaceae,Rhizobiales,Alphaproteobacteria,Pseudomonadota,rrs_MG1655_2ndrun,31,0,0
Microvirgula,Aquaspirillaceae,Burkholderiales,Gammaproteobacteria,Pseudomonadota,rrs_MG1655_2ndrun,1,0,0
Millionella,NA,NA,NA,NA,rrs_MG1655_2ndrun,1,0,0
Millisia,Mycobacteriaceae,Mycobacteriales,Actinomycetes,Actinomycetota,rrs_MG1655_2ndrun,1,0,0
Miltoncostaea,Miltoncostaeaceae,Miltoncostaeales,Thermoleophilia,Actinomycetota,rrs_MG1655_2ndrun,2,0,0
Miniimonas,Beutenbergiaceae,Actinomycetales,Actinomycetes,Actinomycetota,rrs_MG1655_2ndrun,1,0,0
Miniphocaeibacter,Peptoniphilaceae,Tissierellales,Clostridia,Bacillota,rrs_MG1655_2ndrun,2,0,0
Minwuia,Minwuiaceae,Minwuiales,Alphaproteobacteria,Pseudomonadota,rrs_MG1655_2ndrun,1,0,0
Mitsuokella,Selenomonadaceae,Selenomonadales,Negativicutes,Bacillota,rrs_MG1655_2ndrun,2,0,0
Mixta,Enterobacteriaceae,Enterobacterales,Gammaproteobacteria,Pseudomonadota,rrs_MG1655_2ndrun,5,0,0
Mizugakiibacter,Rhodanobacteraceae,Xanthomonadales,Gammaproteobacteria,Pseudomonadota,rrs_MG1655_2ndrun,1,0,0
Mobilibacterium,NA,NA,NA,NA,rrs_MG1655_2ndrun,1,0,0
Mobilicoccus,Dermatophilaceae,Actinomycetales,Actinomycetes,Actinomycetota,rrs_MG1655_2ndrun,3,0,0
Mobilisporobacter,Lachnospiraceae,Lachnospirales,Clostridia,Bacillota,rrs_MG1655_2ndrun,1,0,0
Mobiluncus,Actinomycetaceae,Actinomycetales,Actinomycetes,Actinomycetota,rrs_MG1655_2ndrun,4,0,0
Modestobacter,Geodermatophilaceae,Mycobacteriales,Actinomycetes,Actinomycetota,rrs_MG1655_2ndrun,7,0,0
Modicisalibacter,Halomonadaceae,Pseudomonadales,Gammaproteobacteria,Pseudomonadota,rrs_MG1655_2ndrun,5,0,0
Moellerella,Enterobacteriaceae,Enterobacterales,Gammaproteobacteria,Pseudomonadota,rrs_MG1655_2ndrun,1,0,0
Mogibacterium,Anaerovoracaceae,Peptostreptococcales,Clostridia,Bacillota,rrs_MG1655_2ndrun,4,0,0
Moheibacter,Weeksellaceae,Flavobacteriales,Bacteroidia,Bacteroidota,rrs_MG1655_2ndrun,2,0,0
Mongoliibacter,Cyclobacteriaceae,Cytophagales,Bacteroidia,Bacteroidota,rrs_MG1655_2ndrun,1,0,0
Mongoliimonas,NA,NA,NA,NA,rrs_MG1655_2ndrun,1,0,0
Mongoliitalea,Cyclobacteriaceae,Cytophagales,Bacteroidia,Bacteroidota,rrs_MG1655_2ndrun,1,0,0
Monoglobus,Monoglobaceae,Monoglobales,Clostridia,Bacillota,rrs_MG1655_2ndrun,1,0,0
Montanilutibacter,Xanthomonadaceae,Xanthomonadales,Gammaproteobacteria,Pseudomonadota,rrs_MG1655_2ndrun,1,0,0
Moorella,Moorellaceae,Moorellales,Moorellia,Bacillota,rrs_MG1655_2ndrun,1,0,0
Moorena,Coleofasciculaceae,Cyanobacteriales,Cyanobacteriia,Cyanobacteriota,rrs_MG1655_2ndrun,2,0,0
Moraxella,Moraxellaceae,Pseudomonadales,Gammaproteobacteria,Pseudomonadota,rrs_MG1655_2ndrun,23,0,0
Mordavella,NA,NA,NA,NA,rrs_MG1655_2ndrun,1,0,0
Morganella,Enterobacteriaceae,Enterobacterales,Gammaproteobacteria,Pseudomonadota,rrs_MG1655_2ndrun,2,0,0
Moritella,Moritellaceae,Enterobacterales,Gammaproteobacteria,Pseudomonadota,rrs_MG1655_2ndrun,4,1,0.25
Morococcus,NA,NA,NA,NA,rrs_MG1655_2ndrun,1,0,0
Moryella,Lachnospiraceae,Lachnospirales,Clostridia,Bacillota,rrs_MG1655_2ndrun,1,0,0
Motilibacter,Motilibacteraceae,Motilibacterales,Actinomycetes,Actinomycetota,rrs_MG1655_2ndrun,3,0,0
Motilimonas,Psychromonadaceae,Enterobacterales,Gammaproteobacteria,Pseudomonadota,rrs_MG1655_2ndrun,2,0,0
Motiliproteus,Balneatricaceae,Pseudomonadales,Gammaproteobacteria,Pseudomonadota,rrs_MG1655_2ndrun,2,0,0
Mucilaginibacter,Sphingobacteriaceae,Sphingobacteriales,Bacteroidia,Bacteroidota,rrs_MG1655_2ndrun,69,0,0
Mucisphaera,Phycisphaeraceae,Phycisphaerales,Phycisphaerae,Planctomycetota,rrs_MG1655_2ndrun,1,0,0
Mucispirillum,Mucispirillaceae,Deferribacterales,Deferribacteres,Chrysiogenota,rrs_MG1655_2ndrun,1,0,0
Mumia,Nocardioidaceae,Propionibacteriales,Actinomycetes,Actinomycetota,rrs_MG1655_2ndrun,5,0,0
Murdochiella,Peptoniphilaceae,Tissierellales,Clostridia,Bacillota,rrs_MG1655_2ndrun,2,0,0
Muribacter,Pasteurellaceae,Enterobacterales,Gammaproteobacteria,Pseudomonadota,rrs_MG1655_2ndrun,1,0,0
Muribaculum,Muribaculaceae,Bacteroidales,Bacteroidia,Bacteroidota,rrs_MG1655_2ndrun,2,0,0
Muricaecibacterium,NA,NA,NA,NA,rrs_MG1655_2ndrun,1,0,0
Muricauda,NA,NA,NA,NA,rrs_MG1655_2ndrun,2,0,0
Muricoccus,NA,NA,NA,NA,rrs_MG1655_2ndrun,6,0,0
Muricomes,Lachnospiraceae,Lachnospirales,Clostridia,Bacillota,rrs_MG1655_2ndrun,1,0,0
Muricoprocola,Lachnospiraceae,Lachnospirales,Clostridia,Bacillota,rrs_MG1655_2ndrun,1,0,0
Muriicola,Flavobacteriaceae,Flavobacteriales,Bacteroidia,Bacteroidota,rrs_MG1655_2ndrun,3,0,0
Murimonas,Lachnospiraceae,Lachnospirales,Clostridia,Bacillota,rrs_MG1655_2ndrun,1,0,0
Murinocardiopsis,Streptosporangiaceae,Streptosporangiales,Actinomycetes,Actinomycetota,rrs_MG1655_2ndrun,1,0,0
Muriventricola,NA,NA,NA,NA,rrs_MG1655_2ndrun,1,0,0
Musicola,Enterobacteriaceae,Enterobacterales,Gammaproteobacteria,Pseudomonadota,rrs_MG1655_2ndrun,2,0,0
Myceligenerans,Cellulomonadaceae,Actinomycetales,Actinomycetes,Actinomycetota,rrs_MG1655_2ndrun,5,0,0
Mycetocola,Microbacteriaceae,Actinomycetales,Actinomycetes,Actinomycetota,rrs_MG1655_2ndrun,7,0,0
Mycetohabitans,Burkholderiaceae,Burkholderiales,Gammaproteobacteria,Pseudomonadota,rrs_MG1655_2ndrun,2,0,0
Mycoavidus,Burkholderiaceae,Burkholderiales,Gammaproteobacteria,Pseudomonadota,rrs_MG1655_2ndrun,1,0,0
Mycobacterium,Mycobacteriaceae,Mycobacteriales,Actinomycetes,Actinomycetota,rrs_MG1655_2ndrun,114,0,0
Mycobacteroides,NA,NA,NA,NA,rrs_MG1655_2ndrun,6,0,0
Mycolicibacillus,NA,NA,NA,NA,rrs_MG1655_2ndrun,3,0,0
Mycolicibacter,NA,NA,NA,NA,rrs_MG1655_2ndrun,15,0,0
Mycolicibacterium,NA,NA,NA,NA,rrs_MG1655_2ndrun,91,0,0
Mycoplana,Rhizobiaceae,Rhizobiales,Alphaproteobacteria,Pseudomonadota,rrs_MG1655_2ndrun,4,0,0
Mycoplasma,Mycoplasmataceae,Mycoplasmatales,Bacilli,Bacillota,rrs_MG1655_2ndrun,43,0,0
Mycoplasmoides,Mycoplasmoidaceae,Mycoplasmatales,Bacilli,Bacillota,rrs_MG1655_2ndrun,6,0,0
Mycoplasmopsis,Metamycoplasmataceae,Mycoplasmatales,Bacilli,Bacillota,rrs_MG1655_2ndrun,43,0,0
Mycovorax,NA,NA,NA,NA,rrs_MG1655_2ndrun,1,0,0
Myroides,NA,NA,NA,NA,rrs_MG1655_2ndrun,9,0,0
Myxococcus,Myxococcaceae,Myxococcales,Myxococcia,Myxococcota,rrs_MG1655_2ndrun,11,0,0
Naasia,Microbacteriaceae,Actinomycetales,Actinomycetes,Actinomycetota,rrs_MG1655_2ndrun,2,0,0
Nafulsella,Cyclobacteriaceae,Cytophagales,Bacteroidia,Bacteroidota,rrs_MG1655_2ndrun,1,0,0
Nakamurella,Nakamurellaceae,Mycobacteriales,Actinomycetes,Actinomycetota,rrs_MG1655_2ndrun,10,0,0
Namhaeicola,NA,NA,NA,NA,rrs_MG1655_2ndrun,1,0,0
Nanchangia,Actinomycetaceae,Actinomycetales,Actinomycetes,Actinomycetota,rrs_MG1655_2ndrun,1,0,0
Nannocystis,Nannocystaceae,Nannocystales,Polyangia,Myxococcota,rrs_MG1655_2ndrun,5,0,0
Natranaerobius,Natranaerobiaceae,Natranaerobiales,Natranaerobiia,Bacillota,rrs_MG1655_2ndrun,2,0,0
Natranaerofaba,Natranaerofabaceae,Natranaerobiales,Natranaerobiia,Bacillota,rrs_MG1655_2ndrun,1,0,0
Natranaerovirga,DSM-24629,Lachnospirales,Clostridia,Bacillota,rrs_MG1655_2ndrun,2,0,0
Natroniella,Halobacteroidaceae,Halobacteroidales,Halanaerobiia,Bacillota,rrs_MG1655_2ndrun,2,0,0
Natronincola,NA,NA,NA,NA,rrs_MG1655_2ndrun,1,0,0
Natronobacillus,Amphibacillaceae,Bacillales_D,Bacilli,Bacillota,rrs_MG1655_2ndrun,1,0,0
Natronocella,Aquisalimonadaceae,Nitrococcales,Gammaproteobacteria,Pseudomonadota,rrs_MG1655_2ndrun,1,0,0
Natronoflexus,Marinilabiliaceae,Bacteroidales,Bacteroidia,Bacteroidota,rrs_MG1655_2ndrun,1,0,0
Natronoglycomyces,Micromonosporaceae,Mycobacteriales,Actinomycetes,Actinomycetota,rrs_MG1655_2ndrun,1,0,0
Natronogracilivirga,Natronogracilivirgulaceae,Balneolales,Rhodothermia,Bacteroidota_A,rrs_MG1655_2ndrun,1,0,0
Natronohydrobacter,NA,NA,NA,NA,rrs_MG1655_2ndrun,1,0,0
Natronomicrosphaera,NA,NA,NA,NA,rrs_MG1655_2ndrun,1,0,0
Natronospira,Natronospiraceae,Natronospirales,Gammaproteobacteria,Pseudomonadota,rrs_MG1655_2ndrun,3,0,0
Natronospirillum,Natronospirillaceae,Pseudomonadales,Gammaproteobacteria,Pseudomonadota,rrs_MG1655_2ndrun,1,0,0
Natronosporangium,Micromonosporaceae,Mycobacteriales,Actinomycetes,Actinomycetota,rrs_MG1655_2ndrun,1,0,0
Naumannella,Propionibacteriaceae,Propionibacteriales,Actinomycetes,Actinomycetota,rrs_MG1655_2ndrun,2,0,0
Nautilia,Nautiliaceae,Nautiliales,Campylobacteria,Campylobacterota,rrs_MG1655_2ndrun,1,0,0
Ndongobacter,Peptoniphilaceae,Tissierellales,Clostridia,Bacillota,rrs_MG1655_2ndrun,1,0,0
Necropsobacter,Pasteurellaceae,Enterobacterales,Gammaproteobacteria,Pseudomonadota,rrs_MG1655_2ndrun,1,0,0
Negadavirga,NA,NA,NA,NA,rrs_MG1655_2ndrun,1,0,0
Negativibacillus,Ruminococcaceae,Oscillospirales,Clostridia,Bacillota,rrs_MG1655_2ndrun,1,0,0
Neglectibacter,NA,NA,NA,NA,rrs_MG1655_2ndrun,2,0,0
Neiella,Neiellaceae,Enterobacterales,Gammaproteobacteria,Pseudomonadota,rrs_MG1655_2ndrun,1,0,0
Neisseria,Neisseriaceae,Burkholderiales,Gammaproteobacteria,Pseudomonadota,rrs_MG1655_2ndrun,41,0,0
Nemorincola,Chitinophagaceae,Chitinophagales,Bacteroidia,Bacteroidota,rrs_MG1655_2ndrun,1,0,0
Neoactinobaculum,Actinomycetaceae,Actinomycetales,Actinomycetes,Actinomycetota,rrs_MG1655_2ndrun,1,0,0
Neoaquamicrobium,NA,NA,NA,NA,rrs_MG1655_2ndrun,2,0,0
Neoasaia,Acetobacteraceae,Acetobacterales,Alphaproteobacteria,Pseudomonadota,rrs_MG1655_2ndrun,1,0,0
Neobacillus,DSM-18226,Bacillales_B,Bacilli,Bacillota,rrs_MG1655_2ndrun,22,0,0
Neoehrlichia,Anaplasmataceae,Rickettsiales,Alphaproteobacteria,Pseudomonadota,rrs_MG1655_2ndrun,1,0,0
Neofamilia,Peptoniphilaceae,Tissierellales,Clostridia,Bacillota,rrs_MG1655_2ndrun,1,0,0
Neogemmobacter,NA,NA,NA,NA,rrs_MG1655_2ndrun,1,0,0
Neokomagataea,Acetobacteraceae,Acetobacterales,Alphaproteobacteria,Pseudomonadota,rrs_MG1655_2ndrun,3,0,0
Neolewinella,Saprospiraceae,Chitinophagales,Bacteroidia,Bacteroidota,rrs_MG1655_2ndrun,7,0,0
Neomegalonema,Rhodobacteraceae,Rhodobacterales,Alphaproteobacteria,Pseudomonadota,rrs_MG1655_2ndrun,1,0,0
Neomesorhizobium,NA,NA,NA,NA,rrs_MG1655_2ndrun,1,0,0
Neomicrococcus,Micrococcaceae,Actinomycetales,Actinomycetes,Actinomycetota,rrs_MG1655_2ndrun,2,0,0
Neomoorella,NA,NA,NA,NA,rrs_MG1655_2ndrun,7,0,0
Neopoerus,NA,NA,NA,NA,rrs_MG1655_2ndrun,1,0,0
Neopusillimonas,Burkholderiaceae,Burkholderiales,Gammaproteobacteria,Pseudomonadota,rrs_MG1655_2ndrun,3,0,0
Neorhizobium,Rhizobiaceae,Rhizobiales,Alphaproteobacteria,Pseudomonadota,rrs_MG1655_2ndrun,9,0,0
Neorhodopirellula,NA,NA,NA,NA,rrs_MG1655_2ndrun,2,0,0
Neorickettsia,Anaplasmataceae,Rickettsiales,Alphaproteobacteria,Pseudomonadota,rrs_MG1655_2ndrun,3,0,0
Neoroseomonas,Acetobacteraceae,Acetobacterales,Alphaproteobacteria,Pseudomonadota,rrs_MG1655_2ndrun,8,0,0
Neosynechococcus,Neosynechococcaceae,Neosynechococcales,Cyanobacteriia,Cyanobacteriota,rrs_MG1655_2ndrun,1,0,0
Neotabrizicola,Rhodobacteraceae,Rhodobacterales,Alphaproteobacteria,Pseudomonadota,rrs_MG1655_2ndrun,1,0,0
Neotamlana,NA,NA,NA,NA,rrs_MG1655_2ndrun,4,0,0
Neptunicella,Alteromonadaceae,Enterobacterales,Gammaproteobacteria,Pseudomonadota,rrs_MG1655_2ndrun,1,0,0
Neptunicoccus,NA,NA,NA,NA,rrs_MG1655_2ndrun,2,0,0
Neptuniibacter,Balneatricaceae,Pseudomonadales,Gammaproteobacteria,Pseudomonadota,rrs_MG1655_2ndrun,3,0,0
Neptunitalea,Flavobacteriaceae,Flavobacteriales,Bacteroidia,Bacteroidota,rrs_MG1655_2ndrun,2,0,0
Neptunomonas,Balneatricaceae,Pseudomonadales,Gammaproteobacteria,Pseudomonadota,rrs_MG1655_2ndrun,5,0,0
Nereida,Rhodobacteraceae,Rhodobacterales,Alphaproteobacteria,Pseudomonadota,rrs_MG1655_2ndrun,1,0,0
Nesiotobacter,NA,NA,NA,NA,rrs_MG1655_2ndrun,1,0,0
Nesterenkonia,Micrococcaceae,Actinomycetales,Actinomycetes,Actinomycetota,rrs_MG1655_2ndrun,27,0,0
Nevskia,Nevskiaceae,Nevskiales,Gammaproteobacteria,Pseudomonadota,rrs_MG1655_2ndrun,2,0,0
Nguyenibacter,NA,NA,NA,NA,rrs_MG1655_2ndrun,1,0,0
Niabella,Chitinophagaceae,Chitinophagales,Bacteroidia,Bacteroidota,rrs_MG1655_2ndrun,12,0,0
Niallia,DSM-18226,Bacillales_B,Bacilli,Bacillota,rrs_MG1655_2ndrun,6,0,0
Niameybacter,NA,NA,NA,NA,rrs_MG1655_2ndrun,1,0,0
Niastella,Chitinophagaceae,Chitinophagales,Bacteroidia,Bacteroidota,rrs_MG1655_2ndrun,6,0,0
Nibrella,Spirosomataceae,Cytophagales,Bacteroidia,Bacteroidota,rrs_MG1655_2ndrun,1,0,0
Nibribacter,Hymenobacteraceae,Cytophagales,Bacteroidia,Bacteroidota,rrs_MG1655_2ndrun,1,0,0
Nibricoccus,Opitutaceae,Opitutales,Verrucomicrobiia,Verrucomicrobiota,rrs_MG1655_2ndrun,1,0,0
Nicoletella,Pasteurellaceae,Enterobacterales,Gammaproteobacteria,Pseudomonadota,rrs_MG1655_2ndrun,1,0,0
Nicoliella,Lactobacillaceae,Lactobacillales,Bacilli,Bacillota,rrs_MG1655_2ndrun,2,0,0
Nigerium,NA,NA,NA,NA,rrs_MG1655_2ndrun,1,0,0
Ningiella,NA,NA,NA,NA,rrs_MG1655_2ndrun,1,0,0
Nioella,Rhodobacteraceae,Rhodobacterales,Alphaproteobacteria,Pseudomonadota,rrs_MG1655_2ndrun,4,0,0
Nisaea,Thalassobaculaceae,Thalassobaculales,Alphaproteobacteria,Pseudomonadota,rrs_MG1655_2ndrun,4,0,0
Nissabacter,NA,NA,NA,NA,rrs_MG1655_2ndrun,1,0,0
Nitratidesulfovibrio,Desulfovibrionaceae,Desulfovibrionales,Desulfovibrionia,Desulfobacterota_I,rrs_MG1655_2ndrun,4,0,0
Nitratifractor,Sulfurovaceae,Campylobacterales,Campylobacteria,Campylobacterota,rrs_MG1655_2ndrun,1,0,0
Nitratireductor,Rhizobiaceae,Rhizobiales,Alphaproteobacteria,Pseudomonadota,rrs_MG1655_2ndrun,14,0,0
Nitratiruptor,Nitratiruptoraceae,Campylobacterales,Campylobacteria,Campylobacterota,rrs_MG1655_2ndrun,1,0,0
Nitriliruptor,Nitriliruptoraceae,Nitriliruptorales,Nitriliruptoria,Actinomycetota,rrs_MG1655_2ndrun,1,0,0
Nitrincola,Balneatricaceae,Pseudomonadales,Gammaproteobacteria,Pseudomonadota,rrs_MG1655_2ndrun,8,0,0
Nitritalea,Cyclobacteriaceae,Cytophagales,Bacteroidia,Bacteroidota,rrs_MG1655_2ndrun,1,0,0
Nitrobacter,Xanthobacteraceae,Rhizobiales,Alphaproteobacteria,Pseudomonadota,rrs_MG1655_2ndrun,3,0,0
Nitrogeniibacter,Rhodocyclaceae,Burkholderiales,Gammaproteobacteria,Pseudomonadota,rrs_MG1655_2ndrun,2,0,0
Nitrolancea,Thermomicrobiaceae,Thermomicrobiales,Chloroflexia,Chloroflexota,rrs_MG1655_2ndrun,1,0,0
Nitrosococcus,Nitrosococcaceae,Nitrosococcales,Gammaproteobacteria,Pseudomonadota,rrs_MG1655_2ndrun,4,0,0
Nitrosomonas,Nitrosomonadaceae,Burkholderiales,Gammaproteobacteria,Pseudomonadota,rrs_MG1655_2ndrun,12,0,0
Nitrosophilus,Nitratiruptoraceae,Campylobacterales,Campylobacteria,Campylobacterota,rrs_MG1655_2ndrun,3,0,0
Nitrosospira,Nitrosomonadaceae,Burkholderiales,Gammaproteobacteria,Pseudomonadota,rrs_MG1655_2ndrun,3,0,0
Nitrosovibrio,NA,NA,NA,NA,rrs_MG1655_2ndrun,1,0,0
Nitrospina,Nitrospinaceae,Nitrospinales,Nitrospinia,Nitrospinota,rrs_MG1655_2ndrun,2,0,0
Nitrospira,NA,NA,NA,NA,rrs_MG1655_2ndrun,5,0,0
Nitrospirillum,Azospirillaceae,Azospirillales,Alphaproteobacteria,Pseudomonadota,rrs_MG1655_2ndrun,3,0,0
Niveibacterium,Rhodocyclaceae,Burkholderiales,Gammaproteobacteria,Pseudomonadota,rrs_MG1655_2ndrun,3,0,0
Niveispirillum,Azospirillaceae,Azospirillales,Alphaproteobacteria,Pseudomonadota,rrs_MG1655_2ndrun,3,0,0
Nocardia,Mycobacteriaceae,Mycobacteriales,Actinomycetes,Actinomycetota,rrs_MG1655_2ndrun,113,0,0
Nocardioides,Nocardioidaceae,Propionibacteriales,Actinomycetes,Actinomycetota,rrs_MG1655_2ndrun,150,0,0
Nocardiopsis,Streptosporangiaceae,Streptosporangiales,Actinomycetes,Actinomycetota,rrs_MG1655_2ndrun,38,0,0
Nodosilinea,Phormidesmidaceae,Phormidesmidales,Cyanobacteriia,Cyanobacteriota,rrs_MG1655_2ndrun,1,0,0
Nodularia,Nostocaceae,Cyanobacteriales,Cyanobacteriia,Cyanobacteriota,rrs_MG1655_2ndrun,3,0,0
Nonlabens,Flavobacteriaceae,Flavobacteriales,Bacteroidia,Bacteroidota,rrs_MG1655_2ndrun,11,0,0
Nonomuraea,Streptosporangiaceae,Streptosporangiales,Actinomycetes,Actinomycetota,rrs_MG1655_2ndrun,56,0,0
Nosocomiicoccus,Salinicoccaceae,Staphylococcales,Bacilli,Bacillota,rrs_MG1655_2ndrun,2,0,0
Nostoc,Nostocaceae,Cyanobacteriales,Cyanobacteriia,Cyanobacteriota,rrs_MG1655_2ndrun,14,0,0
Nostocoides,Dermatophilaceae,Actinomycetales,Actinomycetes,Actinomycetota,rrs_MG1655_2ndrun,5,0,0
Notoacmeibacter,Rhizobiaceae,Rhizobiales,Alphaproteobacteria,Pseudomonadota,rrs_MG1655_2ndrun,2,0,0
Novacetimonas,Acetobacteraceae,Acetobacterales,Alphaproteobacteria,Pseudomonadota,rrs_MG1655_2ndrun,4,0,0
Novibacillus,Novibacillaceae,Thermoactinomycetales,Bacilli,Bacillota,rrs_MG1655_2ndrun,1,0,0
Noviherbaspirillum,Burkholderiaceae,Burkholderiales,Gammaproteobacteria,Pseudomonadota,rrs_MG1655_2ndrun,15,0,0
Noviluteimonas,Xanthomonadaceae,Xanthomonadales,Gammaproteobacteria,Pseudomonadota,rrs_MG1655_2ndrun,4,0,0
Novilysobacter,Xanthomonadaceae,Xanthomonadales,Gammaproteobacteria,Pseudomonadota,rrs_MG1655_2ndrun,9,0,0
Novimethylophilus,Methylophilaceae,Burkholderiales,Gammaproteobacteria,Pseudomonadota,rrs_MG1655_2ndrun,1,0,0
Novipirellula,Pirellulaceae,Pirellulales,Planctomycetia,Planctomycetota,rrs_MG1655_2ndrun,5,0,0
Novisyntrophococcus,Lachnospiraceae,Lachnospirales,Clostridia,Bacillota,rrs_MG1655_2ndrun,1,0,0
Novosphingobium,Sphingomonadaceae,Sphingomonadales,Alphaproteobacteria,Pseudomonadota,rrs_MG1655_2ndrun,61,0,0
Novosphingopyxis,Sphingomonadaceae,Sphingomonadales,Alphaproteobacteria,Pseudomonadota,rrs_MG1655_2ndrun,2,0,0
Nubsella,NA,NA,NA,NA,rrs_MG1655_2ndrun,1,0,0
Nucisporomicrobium,NA,NA,NA,NA,rrs_MG1655_2ndrun,1,0,0
Numidum,Novibacillaceae,Thermoactinomycetales,Bacilli,Bacillota,rrs_MG1655_2ndrun,1,0,0
Obesumbacterium,NA,NA,NA,NA,rrs_MG1655_2ndrun,1,0,0
Occallatibacter,Acidobacteriaceae,Terriglobales,Terriglobia,Acidobacteriota,rrs_MG1655_2ndrun,2,0,0
Occultella,Beutenbergiaceae,Actinomycetales,Actinomycetes,Actinomycetota,rrs_MG1655_2ndrun,2,0,0
Oceanibacterium,Sneathiellaceae,Sneathiellales,Alphaproteobacteria,Pseudomonadota,rrs_MG1655_2ndrun,1,0,0
Oceanibaculum,Oceanibaculaceae,Oceanibaculales,Alphaproteobacteria,Pseudomonadota,rrs_MG1655_2ndrun,3,0,0
Oceanibium,NA,NA,NA,NA,rrs_MG1655_2ndrun,1,0,0
Oceanicaulis,Maricaulaceae,Caulobacterales,Alphaproteobacteria,Pseudomonadota,rrs_MG1655_2ndrun,1,0,0
Oceanicoccus,DSM-21967,Pseudomonadales,Gammaproteobacteria,Pseudomonadota,rrs_MG1655_2ndrun,1,0,0
Oceanicola,Rhodobacteraceae,Rhodobacterales,Alphaproteobacteria,Pseudomonadota,rrs_MG1655_2ndrun,1,0,0
Oceanidesulfovibrio,Desulfovibrionaceae,Desulfovibrionales,Desulfovibrionia,Desulfobacterota_I,rrs_MG1655_2ndrun,2,0,0
Oceaniferula,Akkermansiaceae,Verrucomicrobiales,Verrucomicrobiia,Verrucomicrobiota,rrs_MG1655_2ndrun,2,0,0
Oceaniglobus,Rhodobacteraceae,Rhodobacterales,Alphaproteobacteria,Pseudomonadota,rrs_MG1655_2ndrun,3,0,0
Oceanihabitans,Flavobacteriaceae,Flavobacteriales,Bacteroidia,Bacteroidota,rrs_MG1655_2ndrun,1,0,0
Oceanimonas,Aeromonadaceae,Enterobacterales,Gammaproteobacteria,Pseudomonadota,rrs_MG1655_2ndrun,1,0,0
Oceaniovalibus,NA,NA,NA,NA,rrs_MG1655_2ndrun,1,0,0
Oceanipulchritudo,Oceanipulchritudinaceae,Opitutales,Verrucomicrobiia,Verrucomicrobiota,rrs_MG1655_2ndrun,1,0,0
Oceaniradius,NA,NA,NA,NA,rrs_MG1655_2ndrun,1,0,0
Oceanisphaera,NA,NA,NA,NA,rrs_MG1655_2ndrun,4,0,0
Oceanispirochaeta,NBMC01,Spirochaetales_E,Spirochaetia,Spirochaetota,rrs_MG1655_2ndrun,1,0,0
Oceanitalea,Actinomycetaceae,Actinomycetales,Actinomycetes,Actinomycetota,rrs_MG1655_2ndrun,1,0,0
Oceanithermus,Marinithermaceae,Deinococcales,Deinococci,Deinococcota,rrs_MG1655_2ndrun,2,0,0
Oceanivirga,Leptotrichiaceae,Fusobacteriales,Fusobacteriia,Fusobacteriota,rrs_MG1655_2ndrun,2,0,0
Oceanobacillus,Amphibacillaceae,Bacillales_D,Bacilli,Bacillota,rrs_MG1655_2ndrun,20,0,0
Oceanobacter,DSM-6294,Pseudomonadales,Gammaproteobacteria,Pseudomonadota,rrs_MG1655_2ndrun,1,0,0
Oceanococcus,Oceanococcaceae,Nevskiales,Gammaproteobacteria,Pseudomonadota,rrs_MG1655_2ndrun,1,0,0
Oceanomicrobium,Rhodobacteraceae,Rhodobacterales,Alphaproteobacteria,Pseudomonadota,rrs_MG1655_2ndrun,1,0,0
Oceanospirillum,Halomonadaceae,Pseudomonadales,Gammaproteobacteria,Pseudomonadota,rrs_MG1655_2ndrun,2,0,0
Oceanotoga,Petrotogaceae,Petrotogales,Thermotogae,Thermotogota,rrs_MG1655_2ndrun,1,0,0
Ochrobactrum,NA,NA,NA,NA,rrs_MG1655_2ndrun,5,0,0
Octadecabacter,Rhodobacteraceae,Rhodobacterales,Alphaproteobacteria,Pseudomonadota,rrs_MG1655_2ndrun,6,0,0
Odoribacter,Marinifilaceae,Bacteroidales,Bacteroidia,Bacteroidota,rrs_MG1655_2ndrun,3,0,0
Oecophyllibacter,Acetobacteraceae,Acetobacterales,Alphaproteobacteria,Pseudomonadota,rrs_MG1655_2ndrun,1,0,0
Oenococcus,Lactobacillaceae,Lactobacillales,Bacilli,Bacillota,rrs_MG1655_2ndrun,3,0,0
Oerskovia,Cellulomonadaceae,Actinomycetales,Actinomycetes,Actinomycetota,rrs_MG1655_2ndrun,9,0,0
Oharaeibacter,Pleomorphomonadaceae,Rhizobiales,Alphaproteobacteria,Pseudomonadota,rrs_MG1655_2ndrun,1,0,0
Ohessyouella,NA,NA,NA,NA,rrs_MG1655_2ndrun,1,0,0
Ohtaekwangia,Cyclobacteriaceae,Cytophagales,Bacteroidia,Bacteroidota,rrs_MG1655_2ndrun,2,0,0
Oikeobacillus,DSM-23947,Bacillales_B,Bacilli,Bacillota,rrs_MG1655_2ndrun,1,0,0
Okeanomitos,Nostocaceae,Cyanobacteriales,Cyanobacteriia,Cyanobacteriota,rrs_MG1655_2ndrun,1,0,0
Okibacterium,Microbacteriaceae,Actinomycetales,Actinomycetes,Actinomycetota,rrs_MG1655_2ndrun,1,0,0
Olegusella,Atopobiaceae,Coriobacteriales,Coriobacteriia,Actinomycetota,rrs_MG1655_2ndrun,1,0,0
Oleiagrimonas,Rhodanobacteraceae,Xanthomonadales,Gammaproteobacteria,Pseudomonadota,rrs_MG1655_2ndrun,2,0,0
Oleidesulfovibrio,Desulfovibrionaceae,Desulfovibrionales,Desulfovibrionia,Desulfobacterota_I,rrs_MG1655_2ndrun,1,0,0
Oleiharenicola,NA,NA,NA,NA,rrs_MG1655_2ndrun,1,0,0
Oleiphilus,Oleiphilaceae,Pseudomonadales,Gammaproteobacteria,Pseudomonadota,rrs_MG1655_2ndrun,1,0,0
Oleisolibacter,Azospirillaceae,Azospirillales,Alphaproteobacteria,Pseudomonadota,rrs_MG1655_2ndrun,1,0,0
Oleispirillum,Rhodospirillaceae,Rhodospirillales,Alphaproteobacteria,Pseudomonadota,rrs_MG1655_2ndrun,1,0,0
Oleomonas,NA,NA,NA,NA,rrs_MG1655_2ndrun,1,0,0
Oligella,Burkholderiaceae,Burkholderiales,Gammaproteobacteria,Pseudomonadota,rrs_MG1655_2ndrun,2,0,0
Oligoflexus,Oligoflexaceae,Oligoflexales,Oligoflexia,Bdellovibrionota_B,rrs_MG1655_2ndrun,1,0,0
Oligosphaera,Oligosphaeraceae,Oligosphaerales,Lentisphaeria,Verrucomicrobiota,rrs_MG1655_2ndrun,1,0,0
Oliverpabstia,Lachnospiraceae,Lachnospirales,Clostridia,Bacillota,rrs_MG1655_2ndrun,1,0,0
Olivibacter,Sphingobacteriaceae,Sphingobacteriales,Bacteroidia,Bacteroidota,rrs_MG1655_2ndrun,2,0,0
Olleya,Flavobacteriaceae,Flavobacteriales,Bacteroidia,Bacteroidota,rrs_MG1655_2ndrun,4,0,0
Ollibium,NA,NA,NA,NA,rrs_MG1655_2ndrun,1,0,0
Olsenella,Atopobiaceae,Coriobacteriales,Coriobacteriia,Actinomycetota,rrs_MG1655_2ndrun,9,0,0
Onishia,Halomonadaceae,Pseudomonadales,Gammaproteobacteria,Pseudomonadota,rrs_MG1655_2ndrun,1,0,0
Opacimonas,Alteromonadaceae,Enterobacterales,Gammaproteobacteria,Pseudomonadota,rrs_MG1655_2ndrun,2,0,0
Opitutus,Opitutaceae,Opitutales,Verrucomicrobiia,Verrucomicrobiota,rrs_MG1655_2ndrun,1,0,0
Orbus,Enterobacteriaceae,Enterobacterales,Gammaproteobacteria,Pseudomonadota,rrs_MG1655_2ndrun,4,0,0
Orenia,Halobacteroidaceae,Halobacteroidales,Halanaerobiia,Bacillota,rrs_MG1655_2ndrun,2,0,0
Oribacterium,Lachnospiraceae,Lachnospirales,Clostridia,Bacillota,rrs_MG1655_2ndrun,2,0,0
Oricola,Rhizobiaceae,Rhizobiales,Alphaproteobacteria,Pseudomonadota,rrs_MG1655_2ndrun,4,0,0
Orientia,Rickettsiaceae,Rickettsiales,Alphaproteobacteria,Pseudomonadota,rrs_MG1655_2ndrun,1,0,0
Orlajensenia,NA,NA,NA,NA,rrs_MG1655_2ndrun,2,0,0
Ornatilinea,Anaerolineaceae,Anaerolineales,Anaerolineae,Chloroflexota,rrs_MG1655_2ndrun,1,0,0
Ornithinibacillus,NA,NA,NA,NA,rrs_MG1655_2ndrun,8,0,0
Ornithinibacter,NA,NA,NA,NA,rrs_MG1655_2ndrun,1,0,0
Ornithinicoccus,Dermatophilaceae,Actinomycetales,Actinomycetes,Actinomycetota,rrs_MG1655_2ndrun,2,0,0
Ornithinimicrobium,Dermatophilaceae,Actinomycetales,Actinomycetes,Actinomycetota,rrs_MG1655_2ndrun,13,0,0
Ornithobacterium,Weeksellaceae,Flavobacteriales,Bacteroidia,Bacteroidota,rrs_MG1655_2ndrun,1,0,0
Orrella,Burkholderiaceae,Burkholderiales,Gammaproteobacteria,Pseudomonadota,rrs_MG1655_2ndrun,3,0,0
Oryzibacter,NA,NA,NA,NA,rrs_MG1655_2ndrun,1,0,0
Oryzicola,Rhizobiaceae,Rhizobiales,Alphaproteobacteria,Pseudomonadota,rrs_MG1655_2ndrun,1,0,0
Oryzihumus,Dermatophilaceae,Actinomycetales,Actinomycetes,Actinomycetota,rrs_MG1655_2ndrun,1,0,0
Oryzisolibacter,NA,NA,NA,NA,rrs_MG1655_2ndrun,1,0,0
Oryzobacter,NA,NA,NA,NA,rrs_MG1655_2ndrun,3,0,0
Oryzomicrobium,Rhodocyclaceae,Burkholderiales,Gammaproteobacteria,Pseudomonadota,rrs_MG1655_2ndrun,1,0,0
Oryzomonas,Pseudopelobacteraceae,Geobacterales,Desulfuromonadia,Desulfobacterota,rrs_MG1655_2ndrun,3,0,0
Oscillatoria,Oscillatoriaceae,Cyanobacteriales,Cyanobacteriia,Cyanobacteriota,rrs_MG1655_2ndrun,2,0,0
Oscillibacter,Oscillospiraceae,Oscillospirales,Clostridia,Bacillota,rrs_MG1655_2ndrun,4,0,0
Ostreibacterium,Ostreibacteriaceae,Cardiobacteriales,Gammaproteobacteria,Pseudomonadota,rrs_MG1655_2ndrun,1,0,0
Ostreiculturibacter,Rhodobacteraceae,Rhodobacterales,Alphaproteobacteria,Pseudomonadota,rrs_MG1655_2ndrun,1,0,0
Otariodibacter,Pasteurellaceae,Enterobacterales,Gammaproteobacteria,Pseudomonadota,rrs_MG1655_2ndrun,1,0,0
Ottowia,Burkholderiaceae,Burkholderiales,Gammaproteobacteria,Pseudomonadota,rrs_MG1655_2ndrun,9,0,0
Owariibacterium,NA,NA,NA,NA,rrs_MG1655_2ndrun,1,0,0
Owenweeksia,Schleiferiaceae,Flavobacteriales,Bacteroidia,Bacteroidota,rrs_MG1655_2ndrun,1,0,0
Oxalicibacterium,Burkholderiaceae,Burkholderiales,Gammaproteobacteria,Pseudomonadota,rrs_MG1655_2ndrun,3,0,0
Oxalobacter,Burkholderiaceae,Burkholderiales,Gammaproteobacteria,Pseudomonadota,rrs_MG1655_2ndrun,5,0,0
Oxobacter,Oxobacteraceae,Clostridiales,Clostridia,Bacillota,rrs_MG1655_2ndrun,1,0,0
Oxynema,Laspinemataceae,Cyanobacteriales,Cyanobacteriia,Cyanobacteriota,rrs_MG1655_2ndrun,1,0,0
Pacificibacter,NA,NA,NA,NA,rrs_MG1655_2ndrun,2,0,0
Pacificimonas,Sphingomonadaceae,Sphingomonadales,Alphaproteobacteria,Pseudomonadota,rrs_MG1655_2ndrun,3,0,0
Pacificispira,GCA-2696645,UBA8366,Alphaproteobacteria,Pseudomonadota,rrs_MG1655_2ndrun,1,0,0
Pacificitalea,Rhodobacteraceae,Rhodobacterales,Alphaproteobacteria,Pseudomonadota,rrs_MG1655_2ndrun,1,0,0
Paenacidovorax,Burkholderiaceae,Burkholderiales,Gammaproteobacteria,Pseudomonadota,rrs_MG1655_2ndrun,2,0,0
Paenactinomyces,Thermoactinomycetaceae,Thermoactinomycetales,Bacilli,Bacillota,rrs_MG1655_2ndrun,1,0,0
Paenalcaligenes,Burkholderiaceae,Burkholderiales,Gammaproteobacteria,Pseudomonadota,rrs_MG1655_2ndrun,4,0,0
Paenalkalicoccus,Salisediminibacteriaceae,Bacillales_H,Bacilli,Bacillota,rrs_MG1655_2ndrun,1,0,0
Paenarthrobacter,NA,NA,NA,NA,rrs_MG1655_2ndrun,7,0,0
Paenibacillus,Paenibacillaceae,Paenibacillales,Bacilli,Bacillota,rrs_MG1655_2ndrun,191,0,0
Paeniclostridium,NA,NA,NA,NA,rrs_MG1655_2ndrun,1,0,0
Paeniglutamicibacter,Micrococcaceae,Actinomycetales,Actinomycetes,Actinomycetota,rrs_MG1655_2ndrun,8,0,0
Paenimyroides,NA,NA,NA,NA,rrs_MG1655_2ndrun,5,0,0
Paenirhodobacter,Rhodobacteraceae,Rhodobacterales,Alphaproteobacteria,Pseudomonadota,rrs_MG1655_2ndrun,5,0,0
Paeniroseomonas,NA,NA,NA,NA,rrs_MG1655_2ndrun,1,0,0
Paenisporosarcina,Planococcaceae,Bacillales_A,Bacilli,Bacillota,rrs_MG1655_2ndrun,4,0,0
Paenochrobactrum,Rhizobiaceae,Rhizobiales,Alphaproteobacteria,Pseudomonadota,rrs_MG1655_2ndrun,3,0,0
Pajaroellobacter,Polyangiaceae,Polyangiales,Polyangia,Myxococcota,rrs_MG1655_2ndrun,1,0,0
Palleniella,NA,NA,NA,NA,rrs_MG1655_2ndrun,2,0,0
Palleronia,Rhodobacteraceae,Rhodobacterales,Alphaproteobacteria,Pseudomonadota,rrs_MG1655_2ndrun,9,0,0
Pallidibacillus,Caldibacillaceae,Bacillales_B,Bacilli,Bacillota,rrs_MG1655_2ndrun,2,0,0
Paludibacillus,NA,NA,NA,NA,rrs_MG1655_2ndrun,1,0,0
Paludibacter,Paludibacteraceae,Bacteroidales,Bacteroidia,Bacteroidota,rrs_MG1655_2ndrun,2,0,0
Paludibacterium,Chromobacteriaceae,Burkholderiales,Gammaproteobacteria,Pseudomonadota,rrs_MG1655_2ndrun,4,0,0
Paludibaculum,Bryobacteraceae,Bryobacterales,Terriglobia,Acidobacteriota,rrs_MG1655_2ndrun,1,0,0
Paludifilum,DSM-45169,Thermoactinomycetales,Bacilli,Bacillota,rrs_MG1655_2ndrun,1,0,0
Paludisphaera,Isosphaeraceae,Isosphaerales,Planctomycetia,Planctomycetota,rrs_MG1655_2ndrun,4,0,0
Panacagrimonas,Nevskiaceae,Nevskiales,Gammaproteobacteria,Pseudomonadota,rrs_MG1655_2ndrun,1,0,0
Panacibacter,Chitinophagaceae,Chitinophagales,Bacteroidia,Bacteroidota,rrs_MG1655_2ndrun,2,0,0
Pandoraea,Burkholderiaceae,Burkholderiales,Gammaproteobacteria,Pseudomonadota,rrs_MG1655_2ndrun,27,0,0
Pannonibacter,Stappiaceae,Rhizobiales,Alphaproteobacteria,Pseudomonadota,rrs_MG1655_2ndrun,5,0,0
Pannus,Microcystaceae,Cyanobacteriales,Cyanobacteriia,Cyanobacteriota,rrs_MG1655_2ndrun,1,0,0
Pantanalinema,Leptolyngbyaceae,Leptolyngbyales,Cyanobacteriia,Cyanobacteriota,rrs_MG1655_2ndrun,1,0,0
Pantoea,Enterobacteriaceae,Enterobacterales,Gammaproteobacteria,Pseudomonadota,rrs_MG1655_2ndrun,26,0,0
Papillibacter,Oscillospiraceae,Oscillospirales,Clostridia,Bacillota,rrs_MG1655_2ndrun,1,0,0
Parabacteroides,Tannerellaceae,Bacteroidales,Bacteroidia,Bacteroidota,rrs_MG1655_2ndrun,16,0,0
Parablautia,NA,NA,NA,NA,rrs_MG1655_2ndrun,2,0,0
Paraburkholderia,Burkholderiaceae,Burkholderiales,Gammaproteobacteria,Pseudomonadota,rrs_MG1655_2ndrun,85,0,0
Paracandidimonas,Burkholderiaceae,Burkholderiales,Gammaproteobacteria,Pseudomonadota,rrs_MG1655_2ndrun,2,0,0
Parachitinimonas,Chitinimonadaceae,Burkholderiales,Gammaproteobacteria,Pseudomonadota,rrs_MG1655_2ndrun,1,0,0
Parachlamydia,Parachlamydiaceae,Chlamydiales,Chlamydiia,Chlamydiota,rrs_MG1655_2ndrun,1,0,0
Paracholeplasma,UBA5453,Acholeplasmatales,Bacilli,Bacillota,rrs_MG1655_2ndrun,3,0,0
Parachryseolinea,NA,NA,NA,NA,rrs_MG1655_2ndrun,1,0,0
Paracidobacterium,Acidobacteriaceae,Terriglobales,Terriglobia,Acidobacteriota,rrs_MG1655_2ndrun,1,0,0
Paracidovorax,Burkholderiaceae,Burkholderiales,Gammaproteobacteria,Pseudomonadota,rrs_MG1655_2ndrun,7,0,0
Paraclostridium,Peptostreptococcaceae,Peptostreptococcales,Clostridia,Bacillota,rrs_MG1655_2ndrun,4,0,0
Paracnuella,Chitinophagaceae,Chitinophagales,Bacteroidia,Bacteroidota,rrs_MG1655_2ndrun,1,0,0
Paracoccus,Rhodobacteraceae,Rhodobacterales,Alphaproteobacteria,Pseudomonadota,rrs_MG1655_2ndrun,92,0,0
Paraconexibacter,Solirubrobacteraceae,Solirubrobacterales,Thermoleophilia,Actinomycetota,rrs_MG1655_2ndrun,2,0,0
Paracraurococcus,Acetobacteraceae,Acetobacterales,Alphaproteobacteria,Pseudomonadota,rrs_MG1655_2ndrun,2,0,0
Paracrocinitomix,Crocinitomicaceae,Flavobacteriales,Bacteroidia,Bacteroidota,rrs_MG1655_2ndrun,1,0,0
Paractinoplanes,NA,NA,NA,NA,rrs_MG1655_2ndrun,19,0,0
Paradesertivirga,Sphingobacteriaceae,Sphingobacteriales,Bacteroidia,Bacteroidota,rrs_MG1655_2ndrun,1,0,0
Paradesulfitobacterium,Desulfitobacteriaceae,Desulfitobacteriales,Desulfitobacteriia,Bacillota,rrs_MG1655_2ndrun,1,0,0
Paradevosia,Devosiaceae,Rhizobiales,Alphaproteobacteria,Pseudomonadota,rrs_MG1655_2ndrun,2,0,0
Paraeggerthella,Eggerthellaceae,Coriobacteriales,Coriobacteriia,Actinomycetota,rrs_MG1655_2ndrun,2,0,0
Parafannyhessea,Atopobiaceae,Coriobacteriales,Coriobacteriia,Actinomycetota,rrs_MG1655_2ndrun,1,0,0
Paraferrimonas,Shewanellaceae,Enterobacterales,Gammaproteobacteria,Pseudomonadota,rrs_MG1655_2ndrun,2,0,0
Parafilimonas,Chitinophagaceae,Chitinophagales,Bacteroidia,Bacteroidota,rrs_MG1655_2ndrun,1,0,0
Paraflavisolibacter,Chitinophagaceae,Chitinophagales,Bacteroidia,Bacteroidota,rrs_MG1655_2ndrun,1,0,0
Paraflavitalea,Chitinophagaceae,Chitinophagales,Bacteroidia,Bacteroidota,rrs_MG1655_2ndrun,4,0,0
Parafrankia,Frankiaceae,Mycobacteriales,Actinomycetes,Actinomycetota,rrs_MG1655_2ndrun,3,0,0
Parafrigoribacterium,Microbacteriaceae,Actinomycetales,Actinomycetes,Actinomycetota,rrs_MG1655_2ndrun,3,0,0
Paragemmobacter,NA,NA,NA,NA,rrs_MG1655_2ndrun,5,0,0
Parageobacillus,Anoxybacillaceae,Bacillales,Bacilli,Bacillota,rrs_MG1655_2ndrun,3,0,0
Paraglaciecola,Alteromonadaceae,Enterobacterales,Gammaproteobacteria,Pseudomonadota,rrs_MG1655_2ndrun,9,0,0
Parahaliea,Halieaceae,Pseudomonadales,Gammaproteobacteria,Pseudomonadota,rrs_MG1655_2ndrun,3,0,0
Parahalioglobus,Halieaceae,Pseudomonadales,Gammaproteobacteria,Pseudomonadota,rrs_MG1655_2ndrun,1,0,0
Paraherbaspirillum,NA,NA,NA,NA,rrs_MG1655_2ndrun,1,0,0
Paralabilibaculum,NA,NA,NA,NA,rrs_MG1655_2ndrun,1,0,0
Paralcaligenes,Burkholderiaceae,Burkholderiales,Gammaproteobacteria,Pseudomonadota,rrs_MG1655_2ndrun,1,0,0
Paralimibaculum,NA,NA,NA,NA,rrs_MG1655_2ndrun,1,0,0
Paraliobacillus,Amphibacillaceae,Bacillales_D,Bacilli,Bacillota,rrs_MG1655_2ndrun,4,0,0
Paraliomyxa,Nannocystaceae,Nannocystales,Polyangia,Myxococcota,rrs_MG1655_2ndrun,1,0,0
Paralysiella,Neisseriaceae,Burkholderiales,Gammaproteobacteria,Pseudomonadota,rrs_MG1655_2ndrun,1,0,0
Paramagnetospirillum,Magnetospirillaceae,Rhodospirillales,Alphaproteobacteria,Pseudomonadota,rrs_MG1655_2ndrun,5,0,0
Paramesorhizobium,Rhizobiaceae,Rhizobiales,Alphaproteobacteria,Pseudomonadota,rrs_MG1655_2ndrun,1,0,0
Paramicrobacterium,Microbacteriaceae,Actinomycetales,Actinomycetes,Actinomycetota,rrs_MG1655_2ndrun,4,0,0
Paramixta,Enterobacteriaceae,Enterobacterales,Gammaproteobacteria,Pseudomonadota,rrs_MG1655_2ndrun,1,0,0
Paramuribaculum,Muribaculaceae,Bacteroidales,Bacteroidia,Bacteroidota,rrs_MG1655_2ndrun,1,0,0
Paramylibacter,NA,NA,NA,NA,rrs_MG1655_2ndrun,2,0,0
Paraneptunicella,Alteromonadaceae,Enterobacterales,Gammaproteobacteria,Pseudomonadota,rrs_MG1655_2ndrun,1,0,0
Paranoxybacillus,NA,NA,NA,NA,rrs_MG1655_2ndrun,1,0,0
Paraoerskovia,Cellulomonadaceae,Actinomycetales,Actinomycetes,Actinomycetota,rrs_MG1655_2ndrun,2,0,0
Parapedobacter,Sphingobacteriaceae,Sphingobacteriales,Bacteroidia,Bacteroidota,rrs_MG1655_2ndrun,10,0,0
Paraperlucidibaca,NA,NA,NA,NA,rrs_MG1655_2ndrun,2,0,0
Paraphotobacterium,Vibrionaceae,Enterobacterales,Gammaproteobacteria,Pseudomonadota,rrs_MG1655_2ndrun,1,0,0
Parapontixanthobacter,Sphingomonadaceae,Sphingomonadales,Alphaproteobacteria,Pseudomonadota,rrs_MG1655_2ndrun,1,0,0
Paraprevotella,Bacteroidaceae,Bacteroidales,Bacteroidia,Bacteroidota,rrs_MG1655_2ndrun,2,0,0
Parapusillimonas,Burkholderiaceae,Burkholderiales,Gammaproteobacteria,Pseudomonadota,rrs_MG1655_2ndrun,1,0,0
Pararhizobium,Rhizobiaceae,Rhizobiales,Alphaproteobacteria,Pseudomonadota,rrs_MG1655_2ndrun,8,0,0
Pararhodobacter,Rhodobacteraceae,Rhodobacterales,Alphaproteobacteria,Pseudomonadota,rrs_MG1655_2ndrun,4,0,0
Pararhodonellum,Cyclobacteriaceae,Cytophagales,Bacteroidia,Bacteroidota,rrs_MG1655_2ndrun,1,0,0
Pararhodospirillum,Rhodospirillaceae,Rhodospirillales,Alphaproteobacteria,Pseudomonadota,rrs_MG1655_2ndrun,2,0,0
Pararobbsia,Burkholderiaceae,Burkholderiales,Gammaproteobacteria,Pseudomonadota,rrs_MG1655_2ndrun,2,0,0
Pararoseomonas,NA,NA,NA,NA,rrs_MG1655_2ndrun,1,0,0
Parasaccharibacter,NA,NA,NA,NA,rrs_MG1655_2ndrun,1,0,0
Parasalinivibrio,NA,NA,NA,NA,rrs_MG1655_2ndrun,1,0,0
Parascardovia,NA,NA,NA,NA,rrs_MG1655_2ndrun,1,0,0
Parasedimentitalea,Rhodobacteraceae,Rhodobacterales,Alphaproteobacteria,Pseudomonadota,rrs_MG1655_2ndrun,5,0,0
Parasediminibacterium,NA,NA,NA,NA,rrs_MG1655_2ndrun,1,0,0
Parashewanella,Shewanellaceae,Enterobacterales,Gammaproteobacteria,Pseudomonadota,rrs_MG1655_2ndrun,4,0,0
Parasphaerochaeta,Sphaerochaetaceae,Sphaerochaetales,Spirochaetia,Spirochaetota,rrs_MG1655_2ndrun,1,0,0
Parasphingopyxis,Sphingomonadaceae,Sphingomonadales,Alphaproteobacteria,Pseudomonadota,rrs_MG1655_2ndrun,3,0,0
Parasphingorhabdus,Sphingomonadaceae,Sphingomonadales,Alphaproteobacteria,Pseudomonadota,rrs_MG1655_2ndrun,5,0,0
Parasporobacterium,Lachnospiraceae,Lachnospirales,Clostridia,Bacillota,rrs_MG1655_2ndrun,1,0,0
Parasulfitobacter,NA,NA,NA,NA,rrs_MG1655_2ndrun,1,0,0
Parasulfuritortus,Thiobacillaceae,Burkholderiales,Gammaproteobacteria,Pseudomonadota,rrs_MG1655_2ndrun,1,0,0
Parasutterella,Burkholderiaceae,Burkholderiales,Gammaproteobacteria,Pseudomonadota,rrs_MG1655_2ndrun,3,0,0
Parasynechococcus,Cyanobiaceae,PCC-6307,Cyanobacteriia,Cyanobacteriota,rrs_MG1655_2ndrun,1,0,0
Parathalassolituus,NA,NA,NA,NA,rrs_MG1655_2ndrun,1,0,0
Parathermosynechococcus,NA,NA,NA,NA,rrs_MG1655_2ndrun,1,0,0
Paratractidigestivibacter,Atopobiaceae,Coriobacteriales,Coriobacteriia,Actinomycetota,rrs_MG1655_2ndrun,1,0,0
Paraurantiacibacter,Sphingomonadaceae,Sphingomonadales,Alphaproteobacteria,Pseudomonadota,rrs_MG1655_2ndrun,1,0,0
Parazoarcus,Rhodocyclaceae,Burkholderiales,Gammaproteobacteria,Pseudomonadota,rrs_MG1655_2ndrun,1,0,0
Parelusimicrobium,NA,NA,NA,NA,rrs_MG1655_2ndrun,1,0,0
Paremcibacter,Emcibacteraceae,Sphingomonadales,Alphaproteobacteria,Pseudomonadota,rrs_MG1655_2ndrun,1,0,0
Parendozoicomonas,NA,NA,NA,NA,rrs_MG1655_2ndrun,1,0,0
Parenemella,Propionibacteriaceae,Propionibacteriales,Actinomycetes,Actinomycetota,rrs_MG1655_2ndrun,1,0,0
Parerythrobacter,Sphingomonadaceae,Sphingomonadales,Alphaproteobacteria,Pseudomonadota,rrs_MG1655_2ndrun,5,0,0
Pareuzebyella,Flavobacteriaceae,Flavobacteriales,Bacteroidia,Bacteroidota,rrs_MG1655_2ndrun,1,0,0
Paroceanicella,Rhodobacteraceae,Rhodobacterales,Alphaproteobacteria,Pseudomonadota,rrs_MG1655_2ndrun,1,0,0
Parolsenella,Atopobiaceae,Coriobacteriales,Coriobacteriia,Actinomycetota,rrs_MG1655_2ndrun,2,0,0
Parvibacter,Eggerthellaceae,Coriobacteriales,Coriobacteriia,Actinomycetota,rrs_MG1655_2ndrun,1,0,0
Parvibaculum,Parvibaculaceae,Parvibaculales,Alphaproteobacteria,Pseudomonadota,rrs_MG1655_2ndrun,3,0,0
Parvibium,Burkholderiaceae,Burkholderiales,Gammaproteobacteria,Pseudomonadota,rrs_MG1655_2ndrun,1,0,0
Parvicella,Parvicellaceae,Flavobacteriales,Bacteroidia,Bacteroidota,rrs_MG1655_2ndrun,1,0,0
Parvimonas,Peptoniphilaceae,Tissierellales,Clostridia,Bacillota,rrs_MG1655_2ndrun,2,0,0
Parvivirga,Anaerosomataceae,Anaerosomatales,Coriobacteriia,Actinomycetota,rrs_MG1655_2ndrun,1,0,0
Parvularcula,Parvularculaceae,Caulobacterales,Alphaproteobacteria,Pseudomonadota,rrs_MG1655_2ndrun,7,0,0
Pasteurella,Pasteurellaceae,Enterobacterales,Gammaproteobacteria,Pseudomonadota,rrs_MG1655_2ndrun,8,0,0
Pasteuria,Thermoactinomycetaceae,Thermoactinomycetales,Bacilli,Bacillota,rrs_MG1655_2ndrun,1,0,0
Patiriisocius,Flavobacteriaceae,Flavobacteriales,Bacteroidia,Bacteroidota,rrs_MG1655_2ndrun,3,0,0
Patulibacter,Solirubrobacteraceae,Solirubrobacterales,Thermoleophilia,Actinomycetota,rrs_MG1655_2ndrun,5,0,0
Paucibacter,Burkholderiaceae,Burkholderiales,Gammaproteobacteria,Pseudomonadota,rrs_MG1655_2ndrun,1,0,0
Paucidesulfovibrio,Desulfovibrionaceae,Desulfovibrionales,Desulfovibrionia,Desulfobacterota_I,rrs_MG1655_2ndrun,1,0,0
Paucihalobacter,Flavobacteriaceae,Flavobacteriales,Bacteroidia,Bacteroidota,rrs_MG1655_2ndrun,1,0,0
Paucilactobacillus,Lactobacillaceae,Lactobacillales,Bacilli,Bacillota,rrs_MG1655_2ndrun,7,0,0
Paucimonas,Burkholderiaceae,Burkholderiales,Gammaproteobacteria,Pseudomonadota,rrs_MG1655_2ndrun,1,0,0
Pauljensenia,Actinomycetaceae,Actinomycetales,Actinomycetes,Actinomycetota,rrs_MG1655_2ndrun,1,0,0
Pectinatus,Selenomonadaceae,Selenomonadales,Negativicutes,Bacillota,rrs_MG1655_2ndrun,3,0,0
Pectobacterium,Enterobacteriaceae,Enterobacterales,Gammaproteobacteria,Pseudomonadota,rrs_MG1655_2ndrun,21,1,0.047619047619047616
Pediococcus,Lactobacillaceae,Lactobacillales,Bacilli,Bacillota,rrs_MG1655_2ndrun,11,0,0
Pedobacter,Sphingobacteriaceae,Sphingobacteriales,Bacteroidia,Bacteroidota,rrs_MG1655_2ndrun,82,0,0
Pedococcus,Dermatophilaceae,Actinomycetales,Actinomycetes,Actinomycetota,rrs_MG1655_2ndrun,6,0,0
Pedomonas,Sphingomonadaceae,Sphingomonadales,Alphaproteobacteria,Pseudomonadota,rrs_MG1655_2ndrun,1,0,0
Pedosphaera,Pedosphaeraceae,Limisphaerales,Verrucomicrobiia,Verrucomicrobiota,rrs_MG1655_2ndrun,1,0,0
Peiella,NA,NA,NA,NA,rrs_MG1655_2ndrun,1,0,0
Pelagerythrobacter,Sphingomonadaceae,Sphingomonadales,Alphaproteobacteria,Pseudomonadota,rrs_MG1655_2ndrun,4,0,0
Pelagibacterium,Devosiaceae,Rhizobiales,Alphaproteobacteria,Pseudomonadota,rrs_MG1655_2ndrun,10,0,0
Pelagibaculum,HP12,HP12,Gammaproteobacteria,Pseudomonadota,rrs_MG1655_2ndrun,1,0,0
Pelagibius,Kiloniellaceae,Kiloniellales,Alphaproteobacteria,Pseudomonadota,rrs_MG1655_2ndrun,2,0,0
Pelagicoccus,Opitutaceae,Opitutales,Verrucomicrobiia,Verrucomicrobiota,rrs_MG1655_2ndrun,3,0,0
Pelagihabitans,Flavobacteriaceae,Flavobacteriales,Bacteroidia,Bacteroidota,rrs_MG1655_2ndrun,1,0,0
Pelagimonas,Rhodobacteraceae,Rhodobacterales,Alphaproteobacteria,Pseudomonadota,rrs_MG1655_2ndrun,2,0,0
Pelagirhabdus,Amphibacillaceae,Bacillales_D,Bacilli,Bacillota,rrs_MG1655_2ndrun,1,0,0
Pelagivirga,NA,NA,NA,NA,rrs_MG1655_2ndrun,1,0,0
Pelagovum,NA,NA,NA,NA,rrs_MG1655_2ndrun,1,0,0
Pelistega,Burkholderiaceae,Burkholderiales,Gammaproteobacteria,Pseudomonadota,rrs_MG1655_2ndrun,3,0,0
Pelobacter,NA,NA,NA,NA,rrs_MG1655_2ndrun,2,0,0
Pelobium,Sphingobacteriaceae,Sphingobacteriales,Bacteroidia,Bacteroidota,rrs_MG1655_2ndrun,1,0,0
Pelodictyon,NA,NA,NA,NA,rrs_MG1655_2ndrun,2,0,0
Pelolinea,Anaerolineaceae,Anaerolineales,Anaerolineae,Chloroflexota,rrs_MG1655_2ndrun,1,0,0
Pelomicrobium,UBA6910,Burkholderiales,Gammaproteobacteria,Pseudomonadota,rrs_MG1655_2ndrun,1,0,0
Pelomonas,Burkholderiaceae,Burkholderiales,Gammaproteobacteria,Pseudomonadota,rrs_MG1655_2ndrun,10,0,0
Peloplasma,Acholeplasmataceae,Acholeplasmatales,Bacilli,Bacillota,rrs_MG1655_2ndrun,1,0,0
Pelosinus,DSM-13327,DSM-13327,Negativicutes,Bacillota,rrs_MG1655_2ndrun,2,0,0
Pelotalea,Pseudopelobacteraceae,Geobacterales,Desulfuromonadia,Desulfobacterota,rrs_MG1655_2ndrun,1,0,0
Pelotomaculum,Pelotomaculaceae,Desulfotomaculales,Desulfotomaculia,Bacillota,rrs_MG1655_2ndrun,4,0,0
Pelovirga,Geopsychrobacteraceae,Desulfuromonadales,Desulfuromonadia,Desulfobacterota,rrs_MG1655_2ndrun,1,0,0
Penaeicola,Cyclobacteriaceae,Cytophagales,Bacteroidia,Bacteroidota,rrs_MG1655_2ndrun,1,0,0
Pendulispora,NA,NA,NA,NA,rrs_MG1655_2ndrun,3,0,0
Pengzhenrongella,Cellulomonadaceae,Actinomycetales,Actinomycetes,Actinomycetota,rrs_MG1655_2ndrun,3,0,0
Peptacetobacter,Peptostreptococcaceae,Peptostreptococcales,Clostridia,Bacillota,rrs_MG1655_2ndrun,2,0,0
Peptidiphaga,Actinomycetaceae,Actinomycetales,Actinomycetes,Actinomycetota,rrs_MG1655_2ndrun,1,0,0
Peptoanaerobacter,Filifactoraceae,Peptostreptococcales,Clostridia,Bacillota,rrs_MG1655_2ndrun,1,0,0
Peptoclostridium,Peptostreptococcaceae,Peptostreptococcales,Clostridia,Bacillota,rrs_MG1655_2ndrun,2,0,0
Peptoniphilus,Peptoniphilaceae,Tissierellales,Clostridia,Bacillota,rrs_MG1655_2ndrun,23,0,0
Peptostreptococcus,Peptostreptococcaceae,Peptostreptococcales,Clostridia,Bacillota,rrs_MG1655_2ndrun,5,0,0
Peredibacter,Bacteriovoracaceae,Bacteriovoracales,Bacteriovoracia,Bdellovibrionota,rrs_MG1655_2ndrun,1,0,0
Peribacillus,DSM-1321,Bacillales_B,Bacilli,Bacillota,rrs_MG1655_2ndrun,15,0,0
Peristeroidobacter,Steroidobacteraceae,Steroidobacterales,Gammaproteobacteria,Pseudomonadota,rrs_MG1655_2ndrun,2,0,0
Periweissella,Lactobacillaceae,Lactobacillales,Bacilli,Bacillota,rrs_MG1655_2ndrun,5,0,0
Perlabentimonas,Tenuifilaceae,Bacteroidales,Bacteroidia,Bacteroidota,rrs_MG1655_2ndrun,1,0,0
Perlucidibaca,Moraxellaceae,Pseudomonadales,Gammaproteobacteria,Pseudomonadota,rrs_MG1655_2ndrun,1,0,0
Permianibacter,DSM-103792,Enterobacterales,Gammaproteobacteria,Pseudomonadota,rrs_MG1655_2ndrun,2,0,0
Persephonella,Hydrogenothermaceae,Aquificales,Aquificia,Aquificota,rrs_MG1655_2ndrun,2,0,0
Persicimonas,Bradymonadaceae,Bradymonadales,Bradymonadia,Myxococcota,rrs_MG1655_2ndrun,1,0,0
Persicirhabdus,Akkermansiaceae,Verrucomicrobiales,Verrucomicrobiia,Verrucomicrobiota,rrs_MG1655_2ndrun,1,0,0
Persicitalea,Spirosomataceae,Cytophagales,Bacteroidia,Bacteroidota,rrs_MG1655_2ndrun,1,0,0
Persicobacter,Cyclobacteriaceae,Cytophagales,Bacteroidia,Bacteroidota,rrs_MG1655_2ndrun,2,0,0
Perspicuibacillus,Caldibacillaceae,Bacillales_B,Bacilli,Bacillota,rrs_MG1655_2ndrun,1,0,0
Peterkaempfera,Streptomycetaceae,Streptomycetales,Actinomycetes,Actinomycetota,rrs_MG1655_2ndrun,3,0,0
Peteryoungia,NA,NA,NA,NA,rrs_MG1655_2ndrun,4,0,0
Petralouisia,Lachnospiraceae,Lachnospirales,Clostridia,Bacillota,rrs_MG1655_2ndrun,1,0,0
Petrimonas,Dysgonomonadaceae,Bacteroidales,Bacteroidia,Bacteroidota,rrs_MG1655_2ndrun,2,0,0
Petrocella,Vallitaleaceae,Lachnospirales,Clostridia,Bacillota,rrs_MG1655_2ndrun,1,0,0
Petroclostridium,SK-Y3,SK-Y3,Clostridia,Bacillota,rrs_MG1655_2ndrun,1,0,0
Petropleomorpha,Geodermatophilaceae,Mycobacteriales,Actinomycetes,Actinomycetota,rrs_MG1655_2ndrun,1,0,0
Petrotoga,Petrotogaceae,Petrotogales,Thermotogae,Thermotogota,rrs_MG1655_2ndrun,4,0,0
Phaeacidiphilus,Streptomycetaceae,Streptomycetales,Actinomycetes,Actinomycetota,rrs_MG1655_2ndrun,1,0,0
Phaeobacter,Rhodobacteraceae,Rhodobacterales,Alphaproteobacteria,Pseudomonadota,rrs_MG1655_2ndrun,6,0,0
Phaeocystidibacter,Schleiferiaceae,Flavobacteriales,Bacteroidia,Bacteroidota,rrs_MG1655_2ndrun,2,0,0
Phaeodactylibacter,Saprospiraceae,Chitinophagales,Bacteroidia,Bacteroidota,rrs_MG1655_2ndrun,2,0,0
Phaeospirillum,NA,NA,NA,NA,rrs_MG1655_2ndrun,1,0,0
Phaeovibrio,Rhodospirillaceae,Rhodospirillales,Alphaproteobacteria,Pseudomonadota,rrs_MG1655_2ndrun,1,0,0
Phaeovulum,Rhodobacteraceae,Rhodobacterales,Alphaproteobacteria,Pseudomonadota,rrs_MG1655_2ndrun,2,0,0
Phascolarctobacterium,Acidaminococcaceae,Acidaminococcales,Negativicutes,Bacillota,rrs_MG1655_2ndrun,2,0,0
Phenylobacterium,Caulobacteraceae,Caulobacterales,Alphaproteobacteria,Pseudomonadota,rrs_MG1655_2ndrun,15,0,0
Philodulcilactobacillus,Lactobacillaceae,Lactobacillales,Bacilli,Bacillota,rrs_MG1655_2ndrun,1,0,0
Phnomibacter,Chitinophagaceae,Chitinophagales,Bacteroidia,Bacteroidota,rrs_MG1655_2ndrun,1,0,0
Phocaeicola,Bacteroidaceae,Bacteroidales,Bacteroidia,Bacteroidota,rrs_MG1655_2ndrun,13,0,0
Phocicoccus,Salinicoccaceae,Staphylococcales,Bacilli,Bacillota,rrs_MG1655_2ndrun,2,0,0
Phocoenobacter,Pasteurellaceae,Enterobacterales,Gammaproteobacteria,Pseudomonadota,rrs_MG1655_2ndrun,3,0,0
Phoenicibacter,Eggerthellaceae,Coriobacteriales,Coriobacteriia,Actinomycetota,rrs_MG1655_2ndrun,1,0,0
Phorcysia,Desulfurobacteriaceae,Desulfurobacteriales,Aquificia,Aquificota,rrs_MG1655_2ndrun,1,0,0
Phormidesmis,Phormidesmidaceae,Phormidesmidales,Cyanobacteriia,Cyanobacteriota,rrs_MG1655_2ndrun,1,0,0
Phormidium,NA,NA,NA,NA,rrs_MG1655_2ndrun,3,0,0
Phosphitispora,UBA2595,Thermincolales,Thermincolia,Bacillota,rrs_MG1655_2ndrun,1,0,0
Photobacterium,Vibrionaceae,Enterobacterales,Gammaproteobacteria,Pseudomonadota,rrs_MG1655_2ndrun,32,0,0
Photorhabdus,Enterobacteriaceae,Enterobacterales,Gammaproteobacteria,Pseudomonadota,rrs_MG1655_2ndrun,21,0,0
Phototrophicus,Phototrophicaceae,Aggregatilineales,Anaerolineae,Chloroflexota,rrs_MG1655_2ndrun,1,0,0
Phragmitibacter,Verrucomicrobiaceae,Verrucomicrobiales,Verrucomicrobiia,Verrucomicrobiota,rrs_MG1655_2ndrun,1,0,0
Phreatobacter,Phreatobacteraceae,Rhizobiales,Alphaproteobacteria,Pseudomonadota,rrs_MG1655_2ndrun,4,0,0
Phycicoccus,Dermatophilaceae,Actinomycetales,Actinomycetes,Actinomycetota,rrs_MG1655_2ndrun,8,0,0
Phycisphaera,Phycisphaeraceae,Phycisphaerales,Phycisphaerae,Planctomycetota,rrs_MG1655_2ndrun,1,0,0
Phycobacter,Rhodobacteraceae,Rhodobacterales,Alphaproteobacteria,Pseudomonadota,rrs_MG1655_2ndrun,1,0,0
Phyllobacterium,Rhizobiaceae,Rhizobiales,Alphaproteobacteria,Pseudomonadota,rrs_MG1655_2ndrun,13,0,0
Phytoactinopolyspora,Jiangellaceae,Jiangellales,Actinomycetes,Actinomycetota,rrs_MG1655_2ndrun,6,0,0
Phytobacter,Enterobacteriaceae,Enterobacterales,Gammaproteobacteria,Pseudomonadota,rrs_MG1655_2ndrun,2,0,0
Phytohabitans,Micromonosporaceae,Mycobacteriales,Actinomycetes,Actinomycetota,rrs_MG1655_2ndrun,7,0,0
Phytohalomonas,Halomonadaceae,Pseudomonadales,Gammaproteobacteria,Pseudomonadota,rrs_MG1655_2ndrun,1,0,0
Phytomonospora,Micromonosporaceae,Mycobacteriales,Actinomycetes,Actinomycetota,rrs_MG1655_2ndrun,1,0,0
Phytopseudomonas,NA,NA,NA,NA,rrs_MG1655_2ndrun,7,0,0
Pigmentibacter,NA,NA,NA,NA,rrs_MG1655_2ndrun,1,0,0
Pigmentiphaga,Burkholderiaceae,Burkholderiales,Gammaproteobacteria,Pseudomonadota,rrs_MG1655_2ndrun,6,0,0
Pikeienuella,Rhodobacteraceae,Rhodobacterales,Alphaproteobacteria,Pseudomonadota,rrs_MG1655_2ndrun,1,0,0
Pilimelia,Micromonosporaceae,Mycobacteriales,Actinomycetes,Actinomycetota,rrs_MG1655_2ndrun,3,0,0
Pimelobacter,NA,NA,NA,NA,rrs_MG1655_2ndrun,1,0,0
Pinibacter,Chitinophagaceae,Chitinophagales,Bacteroidia,Bacteroidota,rrs_MG1655_2ndrun,2,0,0
Pinirhizobacter,Rhodanobacteraceae,Xanthomonadales,Gammaproteobacteria,Pseudomonadota,rrs_MG1655_2ndrun,1,0,0
Pinisolibacter,Ancalomicrobiaceae,Rhizobiales,Alphaproteobacteria,Pseudomonadota,rrs_MG1655_2ndrun,1,0,0
Pirellulimonas,Lacipirellulaceae,Pirellulales,Planctomycetia,Planctomycetota,rrs_MG1655_2ndrun,1,0,0
Piscicoccus,NA,NA,NA,NA,rrs_MG1655_2ndrun,1,0,0
Piscinibacter,Burkholderiaceae,Burkholderiales,Gammaproteobacteria,Pseudomonadota,rrs_MG1655_2ndrun,5,0,0
Piscinibacterium,NA,NA,NA,NA,rrs_MG1655_2ndrun,1,0,0
Piscirickettsia,Piscirickettsiaceae,Piscirickettsiales,Gammaproteobacteria,Pseudomonadota,rrs_MG1655_2ndrun,1,0,0
Pistricoccus,Halomonadaceae,Pseudomonadales,Gammaproteobacteria,Pseudomonadota,rrs_MG1655_2ndrun,1,0,0
Planctellipticum,Planctomycetaceae,Planctomycetales,Planctomycetia,Planctomycetota,rrs_MG1655_2ndrun,1,0,0
Planctomicrobium,Planctomycetaceae,Planctomycetales,Planctomycetia,Planctomycetota,rrs_MG1655_2ndrun,1,0,0
Planctomonas,Microbacteriaceae,Actinomycetales,Actinomycetes,Actinomycetota,rrs_MG1655_2ndrun,2,0,0
Planctopirus,Planctomycetaceae,Planctomycetales,Planctomycetia,Planctomycetota,rrs_MG1655_2ndrun,3,0,0
Planifilum,DSM-44946,Thermoactinomycetales,Bacilli,Bacillota,rrs_MG1655_2ndrun,1,0,0
Planktosalinus,Flavobacteriaceae,Flavobacteriales,Bacteroidia,Bacteroidota,rrs_MG1655_2ndrun,1,0,0
Planktotalea,Rhodobacteraceae,Rhodobacterales,Alphaproteobacteria,Pseudomonadota,rrs_MG1655_2ndrun,2,0,0
Planktothricoides,Laspinemataceae,Cyanobacteriales,Cyanobacteriia,Cyanobacteriota,rrs_MG1655_2ndrun,1,0,0
Planktothrix,Microcoleaceae,Cyanobacteriales,Cyanobacteriia,Cyanobacteriota,rrs_MG1655_2ndrun,5,0,0
Planobacterium,Weeksellaceae,Flavobacteriales,Bacteroidia,Bacteroidota,rrs_MG1655_2ndrun,1,0,0
Planobispora,Streptosporangiaceae,Streptosporangiales,Actinomycetes,Actinomycetota,rrs_MG1655_2ndrun,3,0,0
Planococcus,Planococcaceae,Bacillales_A,Bacilli,Bacillota,rrs_MG1655_2ndrun,25,0,0
Planomicrobium,NA,NA,NA,NA,rrs_MG1655_2ndrun,3,0,0
Planomonospora,Streptosporangiaceae,Streptosporangiales,Actinomycetes,Actinomycetota,rrs_MG1655_2ndrun,4,0,0
Planosporangium,Micromonosporaceae,Mycobacteriales,Actinomycetes,Actinomycetota,rrs_MG1655_2ndrun,4,0,0
Planotetraspora,Streptosporangiaceae,Streptosporangiales,Actinomycetes,Actinomycetota,rrs_MG1655_2ndrun,5,0,0
Plantactinospora,Micromonosporaceae,Mycobacteriales,Actinomycetes,Actinomycetota,rrs_MG1655_2ndrun,8,0,0
Plantibacter,Microbacteriaceae,Actinomycetales,Actinomycetes,Actinomycetota,rrs_MG1655_2ndrun,2,0,0
Plantimonas,NA,NA,NA,NA,rrs_MG1655_2ndrun,1,0,0
Plasticicumulans,Competibacteraceae,Competibacterales,Gammaproteobacteria,Pseudomonadota,rrs_MG1655_2ndrun,2,0,0
Plastorhodobacter,NA,NA,NA,NA,rrs_MG1655_2ndrun,1,0,0
Plastoroseomonas,Acetobacteraceae,Acetobacterales,Alphaproteobacteria,Pseudomonadota,rrs_MG1655_2ndrun,2,0,0
Plebeiibacterium,NA,NA,NA,NA,rrs_MG1655_2ndrun,2,0,0
Pleionea,Kangiellaceae,Enterobacterales,Gammaproteobacteria,Pseudomonadota,rrs_MG1655_2ndrun,3,0,0
Pleomorphomonas,Pleomorphomonadaceae,Rhizobiales,Alphaproteobacteria,Pseudomonadota,rrs_MG1655_2ndrun,4,0,0
Pleomorphovibrio,Cyclobacteriaceae,Cytophagales,Bacteroidia,Bacteroidota,rrs_MG1655_2ndrun,1,0,0
Plesiocystis,Nannocystaceae,Nannocystales,Polyangia,Myxococcota,rrs_MG1655_2ndrun,1,0,0
Plesiomonas,Enterobacteriaceae,Enterobacterales,Gammaproteobacteria,Pseudomonadota,rrs_MG1655_2ndrun,1,0,0
Pluralibacter,Enterobacteriaceae,Enterobacterales,Gammaproteobacteria,Pseudomonadota,rrs_MG1655_2ndrun,1,0,0
Pokkaliibacter,Balneatricaceae,Pseudomonadales,Gammaproteobacteria,Pseudomonadota,rrs_MG1655_2ndrun,1,0,0
Polaribacter,Flavobacteriaceae,Flavobacteriales,Bacteroidia,Bacteroidota,rrs_MG1655_2ndrun,29,0,0
Polaromonas,Burkholderiaceae,Burkholderiales,Gammaproteobacteria,Pseudomonadota,rrs_MG1655_2ndrun,7,0,0
Pollutibacter,Chitinophagaceae,Chitinophagales,Bacteroidia,Bacteroidota,rrs_MG1655_2ndrun,1,0,0
Polluticoccus,NA,NA,NA,NA,rrs_MG1655_2ndrun,1,0,0
Pollutimonas,Burkholderiaceae,Burkholderiales,Gammaproteobacteria,Pseudomonadota,rrs_MG1655_2ndrun,5,0,0
Polyangium,Polyangiaceae,Polyangiales,Polyangia,Myxococcota,rrs_MG1655_2ndrun,4,0,0
Polycladidibacter,NA,NA,NA,NA,rrs_MG1655_2ndrun,2,0,0
Polycladomyces,JIR-001,Thermoactinomycetales,Bacilli,Bacillota,rrs_MG1655_2ndrun,2,0,0
Polycladospora,Thermoactinomycetaceae,Thermoactinomycetales,Bacilli,Bacillota,rrs_MG1655_2ndrun,1,0,0
Polycyclovorans,Nevskiaceae,Nevskiales,Gammaproteobacteria,Pseudomonadota,rrs_MG1655_2ndrun,1,0,0
Polymorphobacter,NA,NA,NA,NA,rrs_MG1655_2ndrun,5,0,0
Polymorphospora,Micromonosporaceae,Mycobacteriales,Actinomycetes,Actinomycetota,rrs_MG1655_2ndrun,2,0,0
Polymorphum,Stappiaceae,Rhizobiales,Alphaproteobacteria,Pseudomonadota,rrs_MG1655_2ndrun,1,0,0
Polynucleobacter,Burkholderiaceae,Burkholderiales,Gammaproteobacteria,Pseudomonadota,rrs_MG1655_2ndrun,31,0,0
Polystyrenella,Planctomycetaceae,Planctomycetales,Planctomycetia,Planctomycetota,rrs_MG1655_2ndrun,1,0,0
Pontibaca,Rhodobacteraceae,Rhodobacterales,Alphaproteobacteria,Pseudomonadota,rrs_MG1655_2ndrun,2,0,0
Pontibacillus,BH030062,Bacillales_D,Bacilli,Bacillota,rrs_MG1655_2ndrun,4,0,0
Pontibacter,Hymenobacteraceae,Cytophagales,Bacteroidia,Bacteroidota,rrs_MG1655_2ndrun,38,0,0
Pontibacterium,Balneatricaceae,Pseudomonadales,Gammaproteobacteria,Pseudomonadota,rrs_MG1655_2ndrun,2,0,0
Ponticaulis,Hyphomonadaceae,Caulobacterales,Alphaproteobacteria,Pseudomonadota,rrs_MG1655_2ndrun,2,0,0
Ponticoccus,Rhodobacteraceae,Rhodobacterales,Alphaproteobacteria,Pseudomonadota,rrs_MG1655_2ndrun,2,0,0
Pontiella,Pontiellaceae,Kiritimatiellales,Kiritimatiellia,Verrucomicrobiota,rrs_MG1655_2ndrun,3,0,0
Pontimicrobium,Flavobacteriaceae,Flavobacteriales,Bacteroidia,Bacteroidota,rrs_MG1655_2ndrun,1,0,0
Pontimonas,Microbacteriaceae,Actinomycetales,Actinomycetes,Actinomycetota,rrs_MG1655_2ndrun,1,0,0
Pontitalea,NA,NA,NA,NA,rrs_MG1655_2ndrun,1,0,0
Pontivivens,Rhodobacteraceae,Rhodobacterales,Alphaproteobacteria,Pseudomonadota,rrs_MG1655_2ndrun,4,0,0
Pontixanthobacter,Sphingomonadaceae,Sphingomonadales,Alphaproteobacteria,Pseudomonadota,rrs_MG1655_2ndrun,5,0,0
Populibacterium,NA,NA,NA,NA,rrs_MG1655_2ndrun,1,0,0
Porcincola,Lachnospiraceae,Lachnospirales,Clostridia,Bacillota,rrs_MG1655_2ndrun,1,0,0
Porcipelethomonas,Ruminococcaceae,Oscillospirales,Clostridia,Bacillota,rrs_MG1655_2ndrun,1,0,0
Porifericola,NA,NA,NA,NA,rrs_MG1655_2ndrun,1,0,0
Poriferisphaera,Phycisphaeraceae,Phycisphaerales,Phycisphaerae,Planctomycetota,rrs_MG1655_2ndrun,1,0,0
Poritiphilus,Flavobacteriaceae,Flavobacteriales,Bacteroidia,Bacteroidota,rrs_MG1655_2ndrun,1,0,0
Porphyromonas,Porphyromonadaceae,Bacteroidales,Bacteroidia,Bacteroidota,rrs_MG1655_2ndrun,19,0,0
Portibacter,Saprospiraceae,Chitinophagales,Bacteroidia,Bacteroidota,rrs_MG1655_2ndrun,2,0,0
Porticoccus,Porticoccaceae,Pseudomonadales,Gammaproteobacteria,Pseudomonadota,rrs_MG1655_2ndrun,2,0,0
Poseidonibacter,Arcobacteraceae,Campylobacterales,Campylobacteria,Campylobacterota,rrs_MG1655_2ndrun,4,0,0
Poseidonocella,Rhodobacteraceae,Rhodobacterales,Alphaproteobacteria,Pseudomonadota,rrs_MG1655_2ndrun,2,0,0
Posidoniimonas,Lacipirellulaceae,Pirellulales,Planctomycetia,Planctomycetota,rrs_MG1655_2ndrun,2,0,0
Postechiella,Flavobacteriaceae,Flavobacteriales,Bacteroidia,Bacteroidota,rrs_MG1655_2ndrun,1,0,0
Povalibacter,Steroidobacteraceae,Steroidobacterales,Gammaproteobacteria,Pseudomonadota,rrs_MG1655_2ndrun,1,0,0
Pradoshia,Pradoshiaceae,Bacillales_B,Bacilli,Bacillota,rrs_MG1655_2ndrun,1,0,0
Pragia,Enterobacteriaceae,Enterobacterales,Gammaproteobacteria,Pseudomonadota,rrs_MG1655_2ndrun,1,0,0
Prauserella,Pseudonocardiaceae,Mycobacteriales,Actinomycetes,Actinomycetota,rrs_MG1655_2ndrun,14,0,0
Prescottella,Mycobacteriaceae,Mycobacteriales,Actinomycetes,Actinomycetota,rrs_MG1655_2ndrun,5,0,0
Prevotella,Bacteroidaceae,Bacteroidales,Bacteroidia,Bacteroidota,rrs_MG1655_2ndrun,30,0,0
Prevotellamassilia,NA,NA,NA,NA,rrs_MG1655_2ndrun,1,0,0
Pricia,Flavobacteriaceae,Flavobacteriales,Bacteroidia,Bacteroidota,rrs_MG1655_2ndrun,2,0,0
Priestia,Bacillaceae_H,Bacillales,Bacilli,Bacillota,rrs_MG1655_2ndrun,6,0,0
Primorskyibacter,Rhodobacteraceae,Rhodobacterales,Alphaproteobacteria,Pseudomonadota,rrs_MG1655_2ndrun,4,0,0
Prochlorococcus,Cyanobiaceae,PCC-6307,Cyanobacteriia,Cyanobacteriota,rrs_MG1655_2ndrun,1,0,0
Prochlorothrix,Prochlorotrichaceae,PCC-9006,Cyanobacteriia,Cyanobacteriota,rrs_MG1655_2ndrun,1,0,0
Prodigiosinella,Enterobacteriaceae,Enterobacterales,Gammaproteobacteria,Pseudomonadota,rrs_MG1655_2ndrun,1,0,0
Profundibacter,Rhodobacteraceae,Rhodobacterales,Alphaproteobacteria,Pseudomonadota,rrs_MG1655_2ndrun,1,0,0
Profundibacterium,Rhodobacteraceae,Rhodobacterales,Alphaproteobacteria,Pseudomonadota,rrs_MG1655_2ndrun,1,0,0
Profundicola,Weeksellaceae,Flavobacteriales,Bacteroidia,Bacteroidota,rrs_MG1655_2ndrun,1,0,0
Prolixibacter,Prolixibacteraceae,Bacteroidales,Bacteroidia,Bacteroidota,rrs_MG1655_2ndrun,2,0,0
Proluteimonas,NA,NA,NA,NA,rrs_MG1655_2ndrun,1,0,0
Promicromonospora,Cellulomonadaceae,Actinomycetales,Actinomycetes,Actinomycetota,rrs_MG1655_2ndrun,11,0,0
Propionibacterium,Propionibacteriaceae,Propionibacteriales,Actinomycetes,Actinomycetota,rrs_MG1655_2ndrun,5,0,0
Propionicicella,Propionibacteriaceae,Propionibacteriales,Actinomycetes,Actinomycetota,rrs_MG1655_2ndrun,1,0,0
Propioniciclava,Propionibacteriaceae,Propionibacteriales,Actinomycetes,Actinomycetota,rrs_MG1655_2ndrun,5,0,0
Propionicimonas,Propionibacteriaceae,Propionibacteriales,Actinomycetes,Actinomycetota,rrs_MG1655_2ndrun,1,0,0
Propioniferax,Propionibacteriaceae,Propionibacteriales,Actinomycetes,Actinomycetota,rrs_MG1655_2ndrun,1,0,0
Propionigenium,Fusobacteriaceae,Fusobacteriales,Fusobacteriia,Fusobacteriota,rrs_MG1655_2ndrun,1,0,0
Propionimicrobium,Propionibacteriaceae,Propionibacteriales,Actinomycetes,Actinomycetota,rrs_MG1655_2ndrun,1,0,0
Propionispora,Propionisporaceae,Propionisporales,Negativicutes,Bacillota,rrs_MG1655_2ndrun,1,0,0
Propionivibrio,Rhodocyclaceae,Burkholderiales,Gammaproteobacteria,Pseudomonadota,rrs_MG1655_2ndrun,3,0,0
Propylenella,Afifellaceae,Rhizobiales,Alphaproteobacteria,Pseudomonadota,rrs_MG1655_2ndrun,1,0,0
Prosthecobacter,Verrucomicrobiaceae,Verrucomicrobiales,Verrucomicrobiia,Verrucomicrobiota,rrs_MG1655_2ndrun,6,0,0
Prosthecochloris,Chlorobiaceae,Chlorobiales,Chlorobiia,Bacteroidota_A,rrs_MG1655_2ndrun,4,0,0
Prosthecodimorpha,Ancalomicrobiaceae,Rhizobiales,Alphaproteobacteria,Pseudomonadota,rrs_MG1655_2ndrun,1,0,0
Prosthecomicrobium,Kaistiaceae,Rhizobiales,Alphaproteobacteria,Pseudomonadota,rrs_MG1655_2ndrun,1,0,0
Protaetiibacter,NA,NA,NA,NA,rrs_MG1655_2ndrun,3,0,0
Proteiniborus,Proteiniboraceae,Tissierellales,Clostridia,Bacillota,rrs_MG1655_2ndrun,1,0,0
Proteiniclasticum,Clostridiaceae,Clostridiales,Clostridia,Bacillota,rrs_MG1655_2ndrun,1,0,0
Proteiniphilum,Dysgonomonadaceae,Bacteroidales,Bacteroidia,Bacteroidota,rrs_MG1655_2ndrun,3,0,0
Proteinivorax,Proteinivoraceae,Proteinivoracales,Proteinivoracia,Bacillota,rrs_MG1655_2ndrun,2,0,0
Proteus,Enterobacteriaceae,Enterobacterales,Gammaproteobacteria,Pseudomonadota,rrs_MG1655_2ndrun,11,0,0
Protofrankia,Frankiaceae,Mycobacteriales,Actinomycetes,Actinomycetota,rrs_MG1655_2ndrun,1,0,0
Provencibacterium,NA,NA,NA,NA,rrs_MG1655_2ndrun,1,0,0
Providencia,Enterobacteriaceae,Enterobacterales,Gammaproteobacteria,Pseudomonadota,rrs_MG1655_2ndrun,14,0,0
Pseudacidobacterium,Acidobacteriaceae,Terriglobales,Terriglobia,Acidobacteriota,rrs_MG1655_2ndrun,1,0,0
Pseudacidovorax,NA,NA,NA,NA,rrs_MG1655_2ndrun,1,0,0
Pseudactinotalea,Beutenbergiaceae,Actinomycetales,Actinomycetes,Actinomycetota,rrs_MG1655_2ndrun,2,0,0
Pseudaeromonas,Aeromonadaceae,Enterobacterales,Gammaproteobacteria,Pseudomonadota,rrs_MG1655_2ndrun,1,0,0
Pseudaestuariivita,Rhodobacteraceae,Rhodobacterales,Alphaproteobacteria,Pseudomonadota,rrs_MG1655_2ndrun,2,0,0
Pseudahrensia,NA,NA,NA,NA,rrs_MG1655_2ndrun,1,0,0
Pseudalgibacter,Flavobacteriaceae,Flavobacteriales,Bacteroidia,Bacteroidota,rrs_MG1655_2ndrun,1,0,0
Pseudaminobacter,Rhizobiaceae,Rhizobiales,Alphaproteobacteria,Pseudomonadota,rrs_MG1655_2ndrun,1,0,0
Pseudanabaena,Pseudanabaenaceae,Pseudanabaenales,Cyanobacteriia,Cyanobacteriota,rrs_MG1655_2ndrun,7,0,0
Pseudaquabacterium,NA,NA,NA,NA,rrs_MG1655_2ndrun,4,0,0
Pseudaquidulcibacter,TH1-2,Caulobacterales,Alphaproteobacteria,Pseudomonadota,rrs_MG1655_2ndrun,1,0,0
Pseudarcicella,Spirosomataceae,Cytophagales,Bacteroidia,Bacteroidota,rrs_MG1655_2ndrun,1,0,0
Pseudarthrobacter,NA,NA,NA,NA,rrs_MG1655_2ndrun,11,0,0
Pseudazoarcus,Rhodocyclaceae,Burkholderiales,Gammaproteobacteria,Pseudomonadota,rrs_MG1655_2ndrun,1,0,0
Pseudemcibacter,Emcibacteraceae,Sphingomonadales,Alphaproteobacteria,Pseudomonadota,rrs_MG1655_2ndrun,1,0,0
Pseudenterobacter,Enterobacteriaceae,Enterobacterales,Gammaproteobacteria,Pseudomonadota,rrs_MG1655_2ndrun,1,0,0
Pseudescherichia,Enterobacteriaceae,Enterobacterales,Gammaproteobacteria,Pseudomonadota,rrs_MG1655_2ndrun,1,0,0
Pseudidiomarina,Alteromonadaceae,Enterobacterales,Gammaproteobacteria,Pseudomonadota,rrs_MG1655_2ndrun,20,0,0
Pseudoalteromonas,Alteromonadaceae,Enterobacterales,Gammaproteobacteria,Pseudomonadota,rrs_MG1655_2ndrun,46,0,0
Pseudobacillus,Domibacillaceae,Bacillales_B,Bacilli,Bacillota,rrs_MG1655_2ndrun,2,0,0
Pseudobacter,Chitinophagaceae,Chitinophagales,Bacteroidia,Bacteroidota,rrs_MG1655_2ndrun,1,0,0
Pseudobacteriovorax,Oligoflexaceae,Oligoflexales,Oligoflexia,Bdellovibrionota_B,rrs_MG1655_2ndrun,1,0,0
Pseudobacteroides,DSM-2933,Acetivibrionales,Clostridia,Bacillota,rrs_MG1655_2ndrun,1,0,0
Pseudobdellovibrio,Bdellovibrionaceae,Bdellovibrionales,Bdellovibrionia,Bdellovibrionota,rrs_MG1655_2ndrun,1,0,0
Pseudobowmanella,NA,NA,NA,NA,rrs_MG1655_2ndrun,1,0,0
Pseudobythopirellula,Lacipirellulaceae,Pirellulales,Planctomycetia,Planctomycetota,rrs_MG1655_2ndrun,1,0,0
Pseudocalidococcus,Thermosynechococcaceae,Thermosynechococcales,Cyanobacteriia,Cyanobacteriota,rrs_MG1655_2ndrun,1,0,0
Pseudochelatococcus,Beijerinckiaceae,Rhizobiales,Alphaproteobacteria,Pseudomonadota,rrs_MG1655_2ndrun,2,0,0
Pseudochrobactrum,Rhizobiaceae,Rhizobiales,Alphaproteobacteria,Pseudomonadota,rrs_MG1655_2ndrun,5,0,0
Pseudochryseolinea,NA,NA,NA,NA,rrs_MG1655_2ndrun,1,0,0
Pseudocitrobacter,Enterobacteriaceae,Enterobacterales,Gammaproteobacteria,Pseudomonadota,rrs_MG1655_2ndrun,3,0,0
Pseudoclavibacter,Microbacteriaceae,Actinomycetales,Actinomycetes,Actinomycetota,rrs_MG1655_2ndrun,7,0,0
Pseudocnuella,NA,NA,NA,NA,rrs_MG1655_2ndrun,1,0,0
Pseudodesulfovibrio,Desulfovibrionaceae,Desulfovibrionales,Desulfovibrionia,Desulfobacterota_I,rrs_MG1655_2ndrun,17,0,0
Pseudodonghicola,Rhodobacteraceae,Rhodobacterales,Alphaproteobacteria,Pseudomonadota,rrs_MG1655_2ndrun,1,0,0
Pseudoduganella,Burkholderiaceae,Burkholderiales,Gammaproteobacteria,Pseudomonadota,rrs_MG1655_2ndrun,12,0,0
Pseudoflavitalea,NA,NA,NA,NA,rrs_MG1655_2ndrun,1,0,0
Pseudoflavonifractor,Oscillospiraceae,Oscillospirales,Clostridia,Bacillota,rrs_MG1655_2ndrun,5,0,0
Pseudofrancisella,Francisellaceae,Francisellales,Gammaproteobacteria,Pseudomonadota,rrs_MG1655_2ndrun,1,0,0
Pseudofrankia,Frankiaceae,Mycobacteriales,Actinomycetes,Actinomycetota,rrs_MG1655_2ndrun,2,0,0
Pseudofulvibacter,NA,NA,NA,NA,rrs_MG1655_2ndrun,1,0,0
Pseudofulvimonas,UBA2363,Xanthomonadales,Gammaproteobacteria,Pseudomonadota,rrs_MG1655_2ndrun,1,0,0
Pseudogemmatithrix,Gemmatimonadaceae,Gemmatimonadales,Gemmatimonadetes,Gemmatimonadota,rrs_MG1655_2ndrun,1,0,0
Pseudogemmobacter,Rhodobacteraceae,Rhodobacterales,Alphaproteobacteria,Pseudomonadota,rrs_MG1655_2ndrun,5,0,0
Pseudoglutamicibacter,Micrococcaceae,Actinomycetales,Actinomycetes,Actinomycetota,rrs_MG1655_2ndrun,2,0,0
Pseudogracilibacillus,Amphibacillaceae,Bacillales_D,Bacilli,Bacillota,rrs_MG1655_2ndrun,1,0,0
Pseudogulbenkiania,Chromobacteriaceae,Burkholderiales,Gammaproteobacteria,Pseudomonadota,rrs_MG1655_2ndrun,2,0,0
Pseudohaliea,Halieaceae,Pseudomonadales,Gammaproteobacteria,Pseudomonadota,rrs_MG1655_2ndrun,1,0,0
Pseudohalioglobus,NA,NA,NA,NA,rrs_MG1655_2ndrun,1,0,0
Pseudohalocynthiibacter,Rhodobacteraceae,Rhodobacterales,Alphaproteobacteria,Pseudomonadota,rrs_MG1655_2ndrun,1,0,0
Pseudohoeflea,Rhizobiaceae,Rhizobiales,Alphaproteobacteria,Pseudomonadota,rrs_MG1655_2ndrun,2,0,0
Pseudohongiella,Pseudohongiellaceae,Pseudomonadales,Gammaproteobacteria,Pseudomonadota,rrs_MG1655_2ndrun,3,0,0
Pseudokineococcus,Quadrisphaeraceae,Actinomycetales,Actinomycetes,Actinomycetota,rrs_MG1655_2ndrun,3,0,0
Pseudokordiimonas,NA,NA,NA,NA,rrs_MG1655_2ndrun,1,0,0
Pseudolabrys,Xanthobacteraceae,Rhizobiales,Alphaproteobacteria,Pseudomonadota,rrs_MG1655_2ndrun,1,0,0
Pseudolactococcus,NA,NA,NA,NA,rrs_MG1655_2ndrun,10,0,0
Pseudoleptotrichia,Leptotrichiaceae,Fusobacteriales,Fusobacteriia,Fusobacteriota,rrs_MG1655_2ndrun,1,0,0
Pseudoluteimonas,Xanthomonadaceae,Xanthomonadales,Gammaproteobacteria,Pseudomonadota,rrs_MG1655_2ndrun,1,0,0
Pseudolysinimonas,Microbacteriaceae,Actinomycetales,Actinomycetes,Actinomycetota,rrs_MG1655_2ndrun,2,0,0
Pseudolysobacter,Rhodanobacteraceae,Xanthomonadales,Gammaproteobacteria,Pseudomonadota,rrs_MG1655_2ndrun,1,0,0
Pseudomaricurvus,Cellvibrionaceae,Pseudomonadales,Gammaproteobacteria,Pseudomonadota,rrs_MG1655_2ndrun,3,0,0
Pseudomarimonas,Xanthomonadaceae,Xanthomonadales,Gammaproteobacteria,Pseudomonadota,rrs_MG1655_2ndrun,2,0,0
Pseudomethylobacillus,Methylophilaceae,Burkholderiales,Gammaproteobacteria,Pseudomonadota,rrs_MG1655_2ndrun,1,0,0
Pseudomonas,Pseudomonadaceae,Pseudomonadales,Gammaproteobacteria,Pseudomonadota,rrs_MG1655_2ndrun,348,0,0
Pseudomyxococcus,NA,NA,NA,NA,rrs_MG1655_2ndrun,2,0,0
Pseudonocardia,Pseudonocardiaceae,Mycobacteriales,Actinomycetes,Actinomycetota,rrs_MG1655_2ndrun,42,0,0
Pseudooceanicola,Rhodobacteraceae,Rhodobacterales,Alphaproteobacteria,Pseudomonadota,rrs_MG1655_2ndrun,13,0,0
Pseudooctadecabacter,Rhodobacteraceae,Rhodobacterales,Alphaproteobacteria,Pseudomonadota,rrs_MG1655_2ndrun,1,0,0
Pseudopedobacter,NA,NA,NA,NA,rrs_MG1655_2ndrun,1,0,0
Pseudophaeobacter,Rhodobacteraceae,Rhodobacterales,Alphaproteobacteria,Pseudomonadota,rrs_MG1655_2ndrun,4,0,0
Pseudoponticoccus,Rhodobacteraceae,Rhodobacterales,Alphaproteobacteria,Pseudomonadota,rrs_MG1655_2ndrun,1,0,0
Pseudopontixanthobacter,Sphingomonadaceae,Sphingomonadales,Alphaproteobacteria,Pseudomonadota,rrs_MG1655_2ndrun,1,0,0
Pseudoprevotella,NA,NA,NA,NA,rrs_MG1655_2ndrun,1,0,0
Pseudoprimorskyibacter,Rhodobacteraceae,Rhodobacterales,Alphaproteobacteria,Pseudomonadota,rrs_MG1655_2ndrun,1,0,0
Pseudopropionibacterium,NA,NA,NA,NA,rrs_MG1655_2ndrun,1,0,0
Pseudoramibacter,Eubacteriaceae,Eubacteriales,Clostridia,Bacillota,rrs_MG1655_2ndrun,2,0,0
Pseudorhizobium,NA,NA,NA,NA,rrs_MG1655_2ndrun,6,0,0
Pseudorhodobacter,Rhodobacteraceae,Rhodobacterales,Alphaproteobacteria,Pseudomonadota,rrs_MG1655_2ndrun,5,0,0
Pseudorhodoferax,Burkholderiaceae,Burkholderiales,Gammaproteobacteria,Pseudomonadota,rrs_MG1655_2ndrun,2,0,0
Pseudorhodoplanes,Xanthobacteraceae,Rhizobiales,Alphaproteobacteria,Pseudomonadota,rrs_MG1655_2ndrun,1,0,0
Pseudoroseicyclus,Rhodobacteraceae,Rhodobacterales,Alphaproteobacteria,Pseudomonadota,rrs_MG1655_2ndrun,2,0,0
Pseudoruegeria,Rhodobacteraceae,Rhodobacterales,Alphaproteobacteria,Pseudomonadota,rrs_MG1655_2ndrun,1,0,0
Pseudoruminococcus,Acutalibacteraceae,Oscillospirales,Clostridia,Bacillota,rrs_MG1655_2ndrun,1,0,0
Pseudoscardovia,Bifidobacteriaceae,Actinomycetales,Actinomycetes,Actinomycetota,rrs_MG1655_2ndrun,2,0,0
Pseudosporangium,NA,NA,NA,NA,rrs_MG1655_2ndrun,1,0,0
Pseudostreptobacillus,Leptotrichiaceae,Fusobacteriales,Fusobacteriia,Fusobacteriota,rrs_MG1655_2ndrun,1,0,0
Pseudosulfitobacter,Rhodobacteraceae,Rhodobacterales,Alphaproteobacteria,Pseudomonadota,rrs_MG1655_2ndrun,1,0,0
Pseudotabrizicola,Rhodobacteraceae,Rhodobacterales,Alphaproteobacteria,Pseudomonadota,rrs_MG1655_2ndrun,4,0,0
Pseudotamlana,NA,NA,NA,NA,rrs_MG1655_2ndrun,3,0,0
Pseudotenacibaculum,NA,NA,NA,NA,rrs_MG1655_2ndrun,1,0,0
Pseudoteredinibacter,Cellvibrionaceae,Pseudomonadales,Gammaproteobacteria,Pseudomonadota,rrs_MG1655_2ndrun,1,0,0
Pseudothauera,Rhodocyclaceae,Burkholderiales,Gammaproteobacteria,Pseudomonadota,rrs_MG1655_2ndrun,4,0,0
Pseudothermotoga,DSM-5069,Thermotogales,Thermotogae,Thermotogota,rrs_MG1655_2ndrun,4,0,0
Pseudothioclava,Rhodobacteraceae,Rhodobacterales,Alphaproteobacteria,Pseudomonadota,rrs_MG1655_2ndrun,2,0,0
Pseudovibrio,Stappiaceae,Rhizobiales,Alphaproteobacteria,Pseudomonadota,rrs_MG1655_2ndrun,6,0,0
Pseudoxanthomonas,Xanthomonadaceae,Xanthomonadales,Gammaproteobacteria,Pseudomonadota,rrs_MG1655_2ndrun,23,0,0
Pseudozobellia,Flavobacteriaceae,Flavobacteriales,Bacteroidia,Bacteroidota,rrs_MG1655_2ndrun,1,0,0
Psittacicella,Psittacicellaceae,Enterobacterales,Gammaproteobacteria,Pseudomonadota,rrs_MG1655_2ndrun,3,0,0
Psychrilyobacter,Fusobacteriaceae,Fusobacteriales,Fusobacteriia,Fusobacteriota,rrs_MG1655_2ndrun,2,0,0
Psychrobacillus,Planococcaceae,Bacillales_A,Bacilli,Bacillota,rrs_MG1655_2ndrun,7,0,0
Psychrobacter,Moraxellaceae,Pseudomonadales,Gammaproteobacteria,Pseudomonadota,rrs_MG1655_2ndrun,42,0,0
Psychroflexus,Flavobacteriaceae,Flavobacteriales,Bacteroidia,Bacteroidota,rrs_MG1655_2ndrun,12,0,0
Psychromarinibacter,Rhodobacteraceae,Rhodobacterales,Alphaproteobacteria,Pseudomonadota,rrs_MG1655_2ndrun,2,0,0
Psychromicrobium,NA,NA,NA,NA,rrs_MG1655_2ndrun,2,0,0
Psychromonas,Psychromonadaceae,Enterobacterales,Gammaproteobacteria,Pseudomonadota,rrs_MG1655_2ndrun,3,0,0
Psychroserpens,Flavobacteriaceae,Flavobacteriales,Bacteroidia,Bacteroidota,rrs_MG1655_2ndrun,7,0,0
Psychrosphaera,Alteromonadaceae,Enterobacterales,Gammaproteobacteria,Pseudomonadota,rrs_MG1655_2ndrun,6,1,0.16666666666666666
Puerhibacterium,Cellulomonadaceae,Actinomycetales,Actinomycetes,Actinomycetota,rrs_MG1655_2ndrun,1,0,0
Pukyongia,Flavobacteriaceae,Flavobacteriales,Bacteroidia,Bacteroidota,rrs_MG1655_2ndrun,1,0,0
Pukyongiella,Rhodobacteraceae,Rhodobacterales,Alphaproteobacteria,Pseudomonadota,rrs_MG1655_2ndrun,1,0,0
Pulveribacter,NA,NA,NA,NA,rrs_MG1655_2ndrun,1,0,0
Pumilibacter,Pumilibacteraceae,Christensenellales,Clostridia,Bacillota,rrs_MG1655_2ndrun,2,0,0
Puniceibacterium,Rhodobacteraceae,Rhodobacterales,Alphaproteobacteria,Pseudomonadota,rrs_MG1655_2ndrun,3,0,0
Puniceicoccus,Puniceicoccaceae,Opitutales,Verrucomicrobiia,Verrucomicrobiota,rrs_MG1655_2ndrun,1,0,0
Pusillibacter,NA,NA,NA,NA,rrs_MG1655_2ndrun,1,0,0
Pusillimonas,Burkholderiaceae,Burkholderiales,Gammaproteobacteria,Pseudomonadota,rrs_MG1655_2ndrun,3,0,0
Putridiphycobacter,Crocinitomicaceae,Flavobacteriales,Bacteroidia,Bacteroidota,rrs_MG1655_2ndrun,1,0,0
Pygmaiobacter,Ruminococcaceae,Oscillospirales,Clostridia,Bacillota,rrs_MG1655_2ndrun,1,0,0
Pyramidobacter,Dethiosulfovibrionaceae,Synergistales,Synergistia,Synergistota,rrs_MG1655_2ndrun,2,0,0
Pyrinomonas,Pyrinomonadaceae,Pyrinomonadales,Blastocatellia,Acidobacteriota,rrs_MG1655_2ndrun,1,0,0
Pyruvatibacter,CGMCC-115125,CGMCC-115125,Alphaproteobacteria,Pseudomonadota,rrs_MG1655_2ndrun,1,0,0
Pyxidicoccus,NA,NA,NA,NA,rrs_MG1655_2ndrun,5,0,0
Qaidamihabitans,Pseudonocardiaceae,Mycobacteriales,Actinomycetes,Actinomycetota,rrs_MG1655_2ndrun,1,0,0
Qiania,NA,NA,NA,NA,rrs_MG1655_2ndrun,1,0,0
Qingrenia,UMGS1810,UMGS1810,Clostridia,Bacillota,rrs_MG1655_2ndrun,1,0,0
Qingshengfaniella,Rhodobacteraceae,Rhodobacterales,Alphaproteobacteria,Pseudomonadota,rrs_MG1655_2ndrun,1,0,0
Qipengyuania,Sphingomonadaceae,Sphingomonadales,Alphaproteobacteria,Pseudomonadota,rrs_MG1655_2ndrun,34,0,0
Quadrisphaera,Quadrisphaeraceae,Actinomycetales,Actinomycetes,Actinomycetota,rrs_MG1655_2ndrun,2,0,0
Quatrionicoccus,NA,NA,NA,NA,rrs_MG1655_2ndrun,1,0,0
Quisquiliibacterium,Burkholderiaceae,Burkholderiales,Gammaproteobacteria,Pseudomonadota,rrs_MG1655_2ndrun,1,0,0
Radiobacillus,Amphibacillaceae,Bacillales_D,Bacilli,Bacillota,rrs_MG1655_2ndrun,2,0,0
Rahnella,Enterobacteriaceae,Enterobacterales,Gammaproteobacteria,Pseudomonadota,rrs_MG1655_2ndrun,11,0,0
Raineya,Thermonemataceae,Cytophagales,Bacteroidia,Bacteroidota,rrs_MG1655_2ndrun,1,0,0
Raineyella,Propionibacteriaceae,Propionibacteriales,Actinomycetes,Actinomycetota,rrs_MG1655_2ndrun,2,0,0
Ralstonia,Burkholderiaceae,Burkholderiales,Gammaproteobacteria,Pseudomonadota,rrs_MG1655_2ndrun,18,0,0
Ramlibacter,Burkholderiaceae,Burkholderiales,Gammaproteobacteria,Pseudomonadota,rrs_MG1655_2ndrun,18,0,0
Raoultella,NA,NA,NA,NA,rrs_MG1655_2ndrun,5,0,0
Raoultibacter,Eggerthellaceae,Coriobacteriales,Coriobacteriia,Actinomycetota,rrs_MG1655_2ndrun,3,0,0
Rapidithrix,Flammeovirgaceae,Cytophagales,Bacteroidia,Bacteroidota,rrs_MG1655_2ndrun,1,0,0
Rappaport,Cardiobacteriaceae,Cardiobacteriales,Gammaproteobacteria,Pseudomonadota,rrs_MG1655_2ndrun,1,0,0
Rariglobus,Opitutaceae,Opitutales,Verrucomicrobiia,Verrucomicrobiota,rrs_MG1655_2ndrun,1,0,0
Rarispira,NA,NA,NA,NA,rrs_MG1655_2ndrun,1,0,0
Rarobacter,Cellulomonadaceae,Actinomycetales,Actinomycetes,Actinomycetota,rrs_MG1655_2ndrun,2,0,0
Rasiella,NA,NA,NA,NA,rrs_MG1655_2ndrun,1,0,0
Rathayibacter,Microbacteriaceae,Actinomycetales,Actinomycetes,Actinomycetota,rrs_MG1655_2ndrun,11,0,0
Rectinema,Rectinemataceae,Treponematales,Spirochaetia,Spirochaetota,rrs_MG1655_2ndrun,1,0,0
Rehaibacterium,Xanthomonadaceae,Xanthomonadales,Gammaproteobacteria,Pseudomonadota,rrs_MG1655_2ndrun,1,0,0
Reichenbachiella,Cyclobacteriaceae,Cytophagales,Bacteroidia,Bacteroidota,rrs_MG1655_2ndrun,6,0,0
Reinekea,Natronospirillaceae,Pseudomonadales,Gammaproteobacteria,Pseudomonadota,rrs_MG1655_2ndrun,5,0,0
Renibacterium,Micrococcaceae,Actinomycetales,Actinomycetes,Actinomycetota,rrs_MG1655_2ndrun,1,0,0
Reticulibacter,NA,NA,NA,NA,rrs_MG1655_2ndrun,1,0,0
Reyranella,Reyranellaceae,Reyranellales,Alphaproteobacteria,Pseudomonadota,rrs_MG1655_2ndrun,4,0,0
Rhabdaerophilum,Beijerinckiaceae,Rhizobiales,Alphaproteobacteria,Pseudomonadota,rrs_MG1655_2ndrun,1,0,0
Rhabdobacter,Spirosomataceae,Cytophagales,Bacteroidia,Bacteroidota,rrs_MG1655_2ndrun,1,0,0
Rhabdochlamydiaceae,NA,NA,NA,NA,rrs_MG1655_2ndrun,1,0,0
Rhabdochromatium,Chromatiaceae,Chromatiales,Gammaproteobacteria,Pseudomonadota,rrs_MG1655_2ndrun,1,0,0
Rhabdonatronobacter,Rhodobacteraceae,Rhodobacterales,Alphaproteobacteria,Pseudomonadota,rrs_MG1655_2ndrun,1,0,0
Rhabdothermincola,UBA8139,Acidimicrobiales,Acidimicrobiia,Actinomycetota,rrs_MG1655_2ndrun,2,0,0
Rheinheimera,Alteromonadaceae,Enterobacterales,Gammaproteobacteria,Pseudomonadota,rrs_MG1655_2ndrun,14,0,0
Rhizobium,Rhizobiaceae,Rhizobiales,Alphaproteobacteria,Pseudomonadota,rrs_MG1655_2ndrun,92,0,0
Rhizocola,Micromonosporaceae,Mycobacteriales,Actinomycetes,Actinomycetota,rrs_MG1655_2ndrun,1,0,0
Rhizohabitans,Streptosporangiaceae,Streptosporangiales,Actinomycetes,Actinomycetota,rrs_MG1655_2ndrun,1,0,0
Rhizomicrobium,Micropepsaceae,Micropepsales,Alphaproteobacteria,Pseudomonadota,rrs_MG1655_2ndrun,2,0,0
Rhizomonospora,NA,NA,NA,NA,rrs_MG1655_2ndrun,1,0,0
Rhizorhabdus,Sphingomonadaceae,Sphingomonadales,Alphaproteobacteria,Pseudomonadota,rrs_MG1655_2ndrun,5,0,0
Rhizorhapis,Sphingomonadaceae,Sphingomonadales,Alphaproteobacteria,Pseudomonadota,rrs_MG1655_2ndrun,1,0,0
Rhizosaccharibacter,NA,NA,NA,NA,rrs_MG1655_2ndrun,1,0,0
Rhizosphaericola,Chitinophagaceae,Chitinophagales,Bacteroidia,Bacteroidota,rrs_MG1655_2ndrun,1,0,0
Rhodalgimonas,Rhodobacteraceae,Rhodobacterales,Alphaproteobacteria,Pseudomonadota,rrs_MG1655_2ndrun,1,0,0
Rhodanobacter,Rhodanobacteraceae,Xanthomonadales,Gammaproteobacteria,Pseudomonadota,rrs_MG1655_2ndrun,18,0,0
Rhodobacter,Rhodobacteraceae,Rhodobacterales,Alphaproteobacteria,Pseudomonadota,rrs_MG1655_2ndrun,9,0,0
Rhodobaculum,Rhodobacteraceae,Rhodobacterales,Alphaproteobacteria,Pseudomonadota,rrs_MG1655_2ndrun,1,0,0
Rhodobium,Rhodobiaceae,Rhizobiales,Alphaproteobacteria,Pseudomonadota,rrs_MG1655_2ndrun,2,0,0
Rhodoblastus,Beijerinckiaceae,Rhizobiales,Alphaproteobacteria,Pseudomonadota,rrs_MG1655_2ndrun,2,0,0
Rhodocaloribacter,ISCAR-4553,Rhodothermales,Rhodothermia,Bacteroidota_A,rrs_MG1655_2ndrun,1,0,0
Rhodococcoides,Mycobacteriaceae,Mycobacteriales,Actinomycetes,Actinomycetota,rrs_MG1655_2ndrun,5,0,0
Rhodococcus,Mycobacteriaceae,Mycobacteriales,Actinomycetes,Actinomycetota,rrs_MG1655_2ndrun,42,0,0
Rhodocyclus,Rhodocyclaceae,Burkholderiales,Gammaproteobacteria,Pseudomonadota,rrs_MG1655_2ndrun,3,0,0
Rhodocytophaga,172606-1,Cytophagales,Bacteroidia,Bacteroidota,rrs_MG1655_2ndrun,2,0,0
Rhodoferax,Burkholderiaceae,Burkholderiales,Gammaproteobacteria,Pseudomonadota,rrs_MG1655_2ndrun,12,0,0
Rhodoflexus,Thermoflexibacteraceae,Cytophagales,Bacteroidia,Bacteroidota,rrs_MG1655_2ndrun,1,0,0
Rhodoglobus,Microbacteriaceae,Actinomycetales,Actinomycetes,Actinomycetota,rrs_MG1655_2ndrun,2,0,0
Rhodohalobacter,Balneolaceae,Balneolales,Rhodothermia,Bacteroidota_A,rrs_MG1655_2ndrun,3,0,0
Rhodoligotrophos,Im1,Rhizobiales,Alphaproteobacteria,Pseudomonadota,rrs_MG1655_2ndrun,3,0,0
Rhodoluna,Microbacteriaceae,Actinomycetales,Actinomycetes,Actinomycetota,rrs_MG1655_2ndrun,2,0,0
Rhodomicrobium,Rhodomicrobiaceae,Rhizobiales,Alphaproteobacteria,Pseudomonadota,rrs_MG1655_2ndrun,3,0,0
Rhodonellum,Cyclobacteriaceae,Cytophagales,Bacteroidia,Bacteroidota,rrs_MG1655_2ndrun,2,0,0
Rhodophyticola,Rhodobacteraceae,Rhodobacterales,Alphaproteobacteria,Pseudomonadota,rrs_MG1655_2ndrun,1,0,0
Rhodopila,Acetobacteraceae,Acetobacterales,Alphaproteobacteria,Pseudomonadota,rrs_MG1655_2ndrun,1,0,0
Rhodopirellula,Pirellulaceae,Pirellulales,Planctomycetia,Planctomycetota,rrs_MG1655_2ndrun,6,0,0
Rhodoplanes,Xanthobacteraceae,Rhizobiales,Alphaproteobacteria,Pseudomonadota,rrs_MG1655_2ndrun,4,0,0
Rhodopseudomonas,Xanthobacteraceae,Rhizobiales,Alphaproteobacteria,Pseudomonadota,rrs_MG1655_2ndrun,8,0,0
Rhodosalinus,Rhodobacteraceae,Rhodobacterales,Alphaproteobacteria,Pseudomonadota,rrs_MG1655_2ndrun,1,0,0
Rhodospira,Rhodospirillaceae,Rhodospirillales,Alphaproteobacteria,Pseudomonadota,rrs_MG1655_2ndrun,1,0,0
Rhodospirillum,Rhodospirillaceae,Rhodospirillales,Alphaproteobacteria,Pseudomonadota,rrs_MG1655_2ndrun,2,0,0
Rhodothalassium,Rhodothalassiaceae,Sphingomonadales,Alphaproteobacteria,Pseudomonadota,rrs_MG1655_2ndrun,1,0,0
Rhodothermus,Rhodothermaceae,Rhodothermales,Rhodothermia,Bacteroidota_A,rrs_MG1655_2ndrun,3,0,0
Rhodovarius,Acetobacteraceae,Acetobacterales,Alphaproteobacteria,Pseudomonadota,rrs_MG1655_2ndrun,2,0,0
Rhodovastum,Acetobacteraceae,Acetobacterales,Alphaproteobacteria,Pseudomonadota,rrs_MG1655_2ndrun,1,0,0
Rhodovibrio,Rhodovibrionaceae,Kiloniellales,Alphaproteobacteria,Pseudomonadota,rrs_MG1655_2ndrun,2,0,0
Rhodovulum,Rhodobacteraceae,Rhodobacterales,Alphaproteobacteria,Pseudomonadota,rrs_MG1655_2ndrun,13,0,0
Richelia,Nostocaceae,Cyanobacteriales,Cyanobacteriia,Cyanobacteriota,rrs_MG1655_2ndrun,2,0,0
Rickettsia,Rickettsiaceae,Rickettsiales,Alphaproteobacteria,Pseudomonadota,rrs_MG1655_2ndrun,41,0,0
Rickettsiales,NA,NA,NA,NA,rrs_MG1655_2ndrun,3,0,0
Rickettsiella,NA,NA,NA,NA,rrs_MG1655_2ndrun,8,0,0
Riemerella,Weeksellaceae,Flavobacteriales,Bacteroidia,Bacteroidota,rrs_MG1655_2ndrun,3,0,0
Rikenella,Rikenellaceae,Bacteroidales,Bacteroidia,Bacteroidota,rrs_MG1655_2ndrun,1,0,0
Rippkaea,Microcystaceae,Cyanobacteriales,Cyanobacteriia,Cyanobacteriota,rrs_MG1655_2ndrun,1,0,0
Risungbinella,Thermoactinomycetaceae,Thermoactinomycetales,Bacilli,Bacillota,rrs_MG1655_2ndrun,1,0,0
Rivibacter,Burkholderiaceae,Burkholderiales,Gammaproteobacteria,Pseudomonadota,rrs_MG1655_2ndrun,1,0,0
Rivihabitans,Aquaspirillaceae,Burkholderiales,Gammaproteobacteria,Pseudomonadota,rrs_MG1655_2ndrun,1,0,0
Robbsia,Burkholderiaceae,Burkholderiales,Gammaproteobacteria,Pseudomonadota,rrs_MG1655_2ndrun,1,0,0
Robertkochia,Flavobacteriaceae,Flavobacteriales,Bacteroidia,Bacteroidota,rrs_MG1655_2ndrun,4,0,0
Robertmurraya,DSM-18226,Bacillales_B,Bacilli,Bacillota,rrs_MG1655_2ndrun,6,0,0
Robiginitalea,Flavobacteriaceae,Flavobacteriales,Bacteroidia,Bacteroidota,rrs_MG1655_2ndrun,6,0,0
Robiginitomaculum,Maricaulaceae,Caulobacterales,Alphaproteobacteria,Pseudomonadota,rrs_MG1655_2ndrun,1,0,0
Robinsoniella,Lachnospiraceae,Lachnospirales,Clostridia,Bacillota,rrs_MG1655_2ndrun,1,0,0
Rodentibacter,Pasteurellaceae,Enterobacterales,Gammaproteobacteria,Pseudomonadota,rrs_MG1655_2ndrun,10,0,0
Rohdeia,NA,NA,NA,NA,rrs_MG1655_2ndrun,1,0,0
Romboutsia,Peptostreptococcaceae,Peptostreptococcales,Clostridia,Bacillota,rrs_MG1655_2ndrun,6,0,0
Romeriopsis,JAAFJU01,JAAFJU01,Cyanobacteriia,Cyanobacteriota,rrs_MG1655_2ndrun,1,0,0
Roseateles,Burkholderiaceae,Burkholderiales,Gammaproteobacteria,Pseudomonadota,rrs_MG1655_2ndrun,23,0,0
Roseburia,Lachnospiraceae,Lachnospirales,Clostridia,Bacillota,rrs_MG1655_2ndrun,10,0,0
Roseiarcus,Beijerinckiaceae,Rhizobiales,Alphaproteobacteria,Pseudomonadota,rrs_MG1655_2ndrun,1,0,0
Roseibaca,NA,NA,NA,NA,rrs_MG1655_2ndrun,1,0,0
Roseibacillus,Akkermansiaceae,Verrucomicrobiales,Verrucomicrobiia,Verrucomicrobiota,rrs_MG1655_2ndrun,2,0,0
Roseibacterium,Rhodobacteraceae,Rhodobacterales,Alphaproteobacteria,Pseudomonadota,rrs_MG1655_2ndrun,1,0,0
Roseibium,Stappiaceae,Rhizobiales,Alphaproteobacteria,Pseudomonadota,rrs_MG1655_2ndrun,18,0,0
Roseicella,NA,NA,NA,NA,rrs_MG1655_2ndrun,2,0,0
Roseicitreum,Rhodobacteraceae,Rhodobacterales,Alphaproteobacteria,Pseudomonadota,rrs_MG1655_2ndrun,1,0,0
Roseiconus,NA,NA,NA,NA,rrs_MG1655_2ndrun,2,0,0
Roseicyclus,Rhodobacteraceae,Rhodobacterales,Alphaproteobacteria,Pseudomonadota,rrs_MG1655_2ndrun,7,0,0
Roseiflexus,Roseiflexaceae,Chloroflexales,Chloroflexia,Chloroflexota,rrs_MG1655_2ndrun,1,0,0
Roseimarinus,NA,NA,NA,NA,rrs_MG1655_2ndrun,1,0,0
Roseimaritima,Pirellulaceae,Pirellulales,Planctomycetia,Planctomycetota,rrs_MG1655_2ndrun,3,0,0
Roseimicrobium,Verrucomicrobiaceae,Verrucomicrobiales,Verrucomicrobiia,Verrucomicrobiota,rrs_MG1655_2ndrun,1,0,0
Roseinatronobacter,Rhodobacteraceae,Rhodobacterales,Alphaproteobacteria,Pseudomonadota,rrs_MG1655_2ndrun,6,0,0
Roseisalinus,NA,NA,NA,NA,rrs_MG1655_2ndrun,1,0,0
Roseisolibacter,Gemmatimonadaceae,Gemmatimonadales,Gemmatimonadetes,Gemmatimonadota,rrs_MG1655_2ndrun,1,0,0
Roseitalea,Rhizobiaceae,Rhizobiales,Alphaproteobacteria,Pseudomonadota,rrs_MG1655_2ndrun,1,0,0
Roseiterribacter,NA,NA,NA,NA,rrs_MG1655_2ndrun,1,0,0
Roseitranquillus,Rhodobacteraceae,Rhodobacterales,Alphaproteobacteria,Pseudomonadota,rrs_MG1655_2ndrun,1,0,0
Roseivirga,Cyclobacteriaceae,Cytophagales,Bacteroidia,Bacteroidota,rrs_MG1655_2ndrun,7,0,0
Roseivivax,Rhodobacteraceae,Rhodobacterales,Alphaproteobacteria,Pseudomonadota,rrs_MG1655_2ndrun,7,0,0
Rosenbergiella,Enterobacteriaceae,Enterobacterales,Gammaproteobacteria,Pseudomonadota,rrs_MG1655_2ndrun,2,0,0
Roseobacter,Rhodobacteraceae,Rhodobacterales,Alphaproteobacteria,Pseudomonadota,rrs_MG1655_2ndrun,8,0,0
Roseococcus,Acetobacteraceae,Acetobacterales,Alphaproteobacteria,Pseudomonadota,rrs_MG1655_2ndrun,3,0,0
Roseofilum,Desertifilaceae,Cyanobacteriales,Cyanobacteriia,Cyanobacteriota,rrs_MG1655_2ndrun,3,0,0
Roseomonas,Acetobacteraceae,Acetobacterales,Alphaproteobacteria,Pseudomonadota,rrs_MG1655_2ndrun,14,0,0
Roseospira,NA,NA,NA,NA,rrs_MG1655_2ndrun,4,0,0
Roseospirillum,Rhodospirillaceae,Rhodospirillales,Alphaproteobacteria,Pseudomonadota,rrs_MG1655_2ndrun,1,0,0
Roseovarius,Rhodobacteraceae,Rhodobacterales,Alphaproteobacteria,Pseudomonadota,rrs_MG1655_2ndrun,38,0,0
Rosettibacter,Melioribacteraceae,Ignavibacteriales,Ignavibacteria,Bacteroidota_A,rrs_MG1655_2ndrun,2,0,0
Rosistilla,Pirellulaceae,Pirellulales,Planctomycetia,Planctomycetota,rrs_MG1655_2ndrun,3,0,0
Rossellomorea,Bacillaceae_B,Bacillales_B,Bacilli,Bacillota,rrs_MG1655_2ndrun,6,0,0
Rothia,Micrococcaceae,Actinomycetales,Actinomycetes,Actinomycetota,rrs_MG1655_2ndrun,13,0,0
Rouxiella,Enterobacteriaceae,Enterobacterales,Gammaproteobacteria,Pseudomonadota,rrs_MG1655_2ndrun,4,0,0
Ruania,Beutenbergiaceae,Actinomycetales,Actinomycetes,Actinomycetota,rrs_MG1655_2ndrun,7,0,0
Rubellicoccus,Cerasicoccaceae,Opitutales,Verrucomicrobiia,Verrucomicrobiota,rrs_MG1655_2ndrun,1,0,0
Rubellimicrobium,Rhodobacteraceae,Rhodobacterales,Alphaproteobacteria,Pseudomonadota,rrs_MG1655_2ndrun,6,0,0
Rubeoparvulum,Rubeoparvulaceae,Rubeoparvulales,Bacilli,Bacillota,rrs_MG1655_2ndrun,1,0,0
Rubidibacter,Rubidibacteraceae,Cyanobacteriales,Cyanobacteriia,Cyanobacteriota,rrs_MG1655_2ndrun,1,0,0
Rubinisphaera,Planctomycetaceae,Planctomycetales,Planctomycetia,Planctomycetota,rrs_MG1655_2ndrun,3,0,0
Rubneribacter,Eggerthellaceae,Coriobacteriales,Coriobacteriia,Actinomycetota,rrs_MG1655_2ndrun,1,0,0
Rubricella,Rhodobacteraceae,Rhodobacterales,Alphaproteobacteria,Pseudomonadota,rrs_MG1655_2ndrun,1,0,0
Rubricoccus,Rubricoccaceae,Rhodothermales,Rhodothermia,Bacteroidota_A,rrs_MG1655_2ndrun,1,0,0
Rubrimonas,Rhodobacteraceae,Rhodobacterales,Alphaproteobacteria,Pseudomonadota,rrs_MG1655_2ndrun,1,0,0
Rubripirellula,Pirellulaceae,Pirellulales,Planctomycetia,Planctomycetota,rrs_MG1655_2ndrun,5,0,0
Rubritalea,Akkermansiaceae,Verrucomicrobiales,Verrucomicrobiia,Verrucomicrobiota,rrs_MG1655_2ndrun,3,0,0
Rubrivirga,Rubricoccaceae,Rhodothermales,Rhodothermia,Bacteroidota_A,rrs_MG1655_2ndrun,2,0,0
Rubrivivax,Burkholderiaceae,Burkholderiales,Gammaproteobacteria,Pseudomonadota,rrs_MG1655_2ndrun,2,0,0
Rubrobacter,Rubrobacteraceae,Rubrobacterales,Rubrobacteria,Actinomycetota,rrs_MG1655_2ndrun,9,0,0
Rubrolithibacter,NA,NA,NA,NA,rrs_MG1655_2ndrun,1,0,0
Ructibacterium,Monoglobaceae,Monoglobales,Clostridia,Bacillota,rrs_MG1655_2ndrun,1,0,0
Rudaea,Rhodanobacteraceae,Xanthomonadales,Gammaproteobacteria,Pseudomonadota,rrs_MG1655_2ndrun,1,0,0
Rudaeicoccus,Dermatophilaceae,Actinomycetales,Actinomycetes,Actinomycetota,rrs_MG1655_2ndrun,1,0,0
Rudanella,Spirosomataceae,Cytophagales,Bacteroidia,Bacteroidota,rrs_MG1655_2ndrun,2,0,0
Ruegeria,Rhodobacteraceae,Rhodobacterales,Alphaproteobacteria,Pseudomonadota,rrs_MG1655_2ndrun,19,0,0
Rufibacter,Hymenobacteraceae,Cytophagales,Bacteroidia,Bacteroidota,rrs_MG1655_2ndrun,13,0,0
Ruficoccus,Cerasicoccaceae,Opitutales,Verrucomicrobiia,Verrucomicrobiota,rrs_MG1655_2ndrun,1,0,0
Rugamonas,Burkholderiaceae,Burkholderiales,Gammaproteobacteria,Pseudomonadota,rrs_MG1655_2ndrun,3,0,0
Rugosibacter,Rhodocyclaceae,Burkholderiales,Gammaproteobacteria,Pseudomonadota,rrs_MG1655_2ndrun,1,0,0
Rugosimonospora,Micromonosporaceae,Mycobacteriales,Actinomycetes,Actinomycetota,rrs_MG1655_2ndrun,2,0,0
Ruicaihuangia,Microbacteriaceae,Actinomycetales,Actinomycetes,Actinomycetota,rrs_MG1655_2ndrun,1,0,0
Ruixingdingia,Rhodobacteraceae,Rhodobacterales,Alphaproteobacteria,Pseudomonadota,rrs_MG1655_2ndrun,1,0,0
Ruminiclostridium,DSM-27016,Acetivibrionales,Clostridia,Bacillota,rrs_MG1655_2ndrun,6,0,0
Ruminobacter,Succinivibrionaceae,Enterobacterales,Gammaproteobacteria,Pseudomonadota,rrs_MG1655_2ndrun,1,0,0
Ruminococcoides,Acutalibacteraceae,Oscillospirales,Clostridia,Bacillota,rrs_MG1655_2ndrun,2,0,0
Ruminococcus,Ruminococcaceae,Oscillospirales,Clostridia,Bacillota,rrs_MG1655_2ndrun,10,0,0
Rummeliibacillus,Planococcaceae,Bacillales_A,Bacilli,Bacillota,rrs_MG1655_2ndrun,2,0,0
Runella,Spirosomataceae,Cytophagales,Bacteroidia,Bacteroidota,rrs_MG1655_2ndrun,6,0,0
Ruoffia,Aerococcaceae,Lactobacillales,Bacilli,Bacillota,rrs_MG1655_2ndrun,1,0,0
Rurimicrobium,Chitinophagaceae,Chitinophagales,Bacteroidia,Bacteroidota,rrs_MG1655_2ndrun,1,0,0
Ruthenibacterium,Ruminococcaceae,Oscillospirales,Clostridia,Bacillota,rrs_MG1655_2ndrun,2,0,0
Sabulibacter,NA,NA,NA,NA,rrs_MG1655_2ndrun,1,0,0
Sabulicella,NA,NA,NA,NA,rrs_MG1655_2ndrun,2,0,0
Saccharibacillus,Paenibacillaceae,Paenibacillales,Bacilli,Bacillota,rrs_MG1655_2ndrun,5,0,0
Saccharibacter,Acetobacteraceae,Acetobacterales,Alphaproteobacteria,Pseudomonadota,rrs_MG1655_2ndrun,1,0,0
Saccharicrinis,Marinilabiliaceae,Bacteroidales,Bacteroidia,Bacteroidota,rrs_MG1655_2ndrun,2,0,0
Saccharobesus,Alteromonadaceae,Enterobacterales,Gammaproteobacteria,Pseudomonadota,rrs_MG1655_2ndrun,1,0,0
Saccharococcus,Anoxybacillaceae,Bacillales,Bacilli,Bacillota,rrs_MG1655_2ndrun,2,0,0
Saccharomonospora,Pseudonocardiaceae,Mycobacteriales,Actinomycetes,Actinomycetota,rrs_MG1655_2ndrun,11,0,0
Saccharophagus,Cellvibrionaceae,Pseudomonadales,Gammaproteobacteria,Pseudomonadota,rrs_MG1655_2ndrun,1,0,0
Saccharopolyspora,Pseudonocardiaceae,Mycobacteriales,Actinomycetes,Actinomycetota,rrs_MG1655_2ndrun,30,0,0
Saccharospirillum,Natronospirillaceae,Pseudomonadales,Gammaproteobacteria,Pseudomonadota,rrs_MG1655_2ndrun,3,0,0
Saccharothrix,NA,NA,NA,NA,rrs_MG1655_2ndrun,19,0,0
Saezia,Burkholderiaceae,Burkholderiales,Gammaproteobacteria,Pseudomonadota,rrs_MG1655_2ndrun,1,0,0
Sagittula,Rhodobacteraceae,Rhodobacterales,Alphaproteobacteria,Pseudomonadota,rrs_MG1655_2ndrun,3,0,0
Salana,Beutenbergiaceae,Actinomycetales,Actinomycetes,Actinomycetota,rrs_MG1655_2ndrun,1,0,0
Salaquimonas,Rhizobiaceae,Rhizobiales,Alphaproteobacteria,Pseudomonadota,rrs_MG1655_2ndrun,1,0,0
Salegentibacter,Flavobacteriaceae,Flavobacteriales,Bacteroidia,Bacteroidota,rrs_MG1655_2ndrun,11,0,0
Salibacter,Salibacteraceae,Flavobacteriales,Bacteroidia,Bacteroidota,rrs_MG1655_2ndrun,1,0,0
Salibacterium,Marinococcaceae,Bacillales_H,Bacilli,Bacillota,rrs_MG1655_2ndrun,2,0,0
Salibaculum,Rhodobacteraceae,Rhodobacterales,Alphaproteobacteria,Pseudomonadota,rrs_MG1655_2ndrun,2,0,0
Salicibibacter,Marinococcaceae,Bacillales_H,Bacilli,Bacillota,rrs_MG1655_2ndrun,4,0,0
Salidesulfovibrio,NA,NA,NA,NA,rrs_MG1655_2ndrun,2,0,0
Salimicrobium,Halobacillaceae,Bacillales_D,Bacilli,Bacillota,rrs_MG1655_2ndrun,4,0,0
Salinactinospora,Streptosporangiaceae,Streptosporangiales,Actinomycetes,Actinomycetota,rrs_MG1655_2ndrun,1,0,0
Salinarimonas,Beijerinckiaceae,Rhizobiales,Alphaproteobacteria,Pseudomonadota,rrs_MG1655_2ndrun,3,0,0
Salinibacillus,Alkalibacillaceae,Bacillales_D,Bacilli,Bacillota,rrs_MG1655_2ndrun,3,0,0
Salinibacter,Salinibacteraceae,Rhodothermales,Rhodothermia,Bacteroidota_A,rrs_MG1655_2ndrun,4,0,0
Salinibacterium,NA,NA,NA,NA,rrs_MG1655_2ndrun,3,0,0
Salinicoccus,Salinicoccaceae,Staphylococcales,Bacilli,Bacillota,rrs_MG1655_2ndrun,10,0,0
Salinicola,Halomonadaceae,Pseudomonadales,Gammaproteobacteria,Pseudomonadota,rrs_MG1655_2ndrun,12,0,0
Salinihabitans,Rhodobacteraceae,Rhodobacterales,Alphaproteobacteria,Pseudomonadota,rrs_MG1655_2ndrun,1,0,0
Salinilacustrithrix,NA,NA,NA,NA,rrs_MG1655_2ndrun,1,0,0
Salinimicrobium,Flavobacteriaceae,Flavobacteriales,Bacteroidia,Bacteroidota,rrs_MG1655_2ndrun,9,0,0
Salinimonas,NA,NA,NA,NA,rrs_MG1655_2ndrun,5,0,0
Salininema,NA,NA,NA,NA,rrs_MG1655_2ndrun,1,0,0
Saliniradius,Alteromonadaceae,Enterobacterales,Gammaproteobacteria,Pseudomonadota,rrs_MG1655_2ndrun,1,0,0
Saliniramus,Beijerinckiaceae,Rhizobiales,Alphaproteobacteria,Pseudomonadota,rrs_MG1655_2ndrun,1,0,0
Salinisphaera,Salinisphaeraceae,Nevskiales,Gammaproteobacteria,Pseudomonadota,rrs_MG1655_2ndrun,6,0,0
Salinispira,Salinispiraceae,DSM-27196,Spirochaetia,Spirochaetota,rrs_MG1655_2ndrun,1,0,0
Salinispora,NA,NA,NA,NA,rrs_MG1655_2ndrun,7,0,0
Salinivibrio,Vibrionaceae,Enterobacterales,Gammaproteobacteria,Pseudomonadota,rrs_MG1655_2ndrun,5,0,0
Salinivirga,Salinivirgaceae,Bacteroidales,Bacteroidia,Bacteroidota,rrs_MG1655_2ndrun,1,0,0
Salipaludibacillus,Salisediminibacteriaceae,Bacillales_H,Bacilli,Bacillota,rrs_MG1655_2ndrun,5,0,0
Salipiger,Rhodobacteraceae,Rhodobacterales,Alphaproteobacteria,Pseudomonadota,rrs_MG1655_2ndrun,9,0,0
Salirhabdus,Alkalibacillaceae,Bacillales_D,Bacilli,Bacillota,rrs_MG1655_2ndrun,2,0,0
Salisaeta,Salinibacteraceae,Rhodothermales,Rhodothermia,Bacteroidota_A,rrs_MG1655_2ndrun,1,0,0
Salisediminibacterium,Salisediminibacteriaceae,Bacillales_H,Bacilli,Bacillota,rrs_MG1655_2ndrun,2,0,0
Saliterribacillus,Amphibacillaceae,Bacillales_D,Bacilli,Bacillota,rrs_MG1655_2ndrun,1,0,0
Salmonella,Enterobacteriaceae,Enterobacterales,Gammaproteobacteria,Pseudomonadota,rrs_MG1655_2ndrun,2,0,0
Salmonirosea,NA,NA,NA,NA,rrs_MG1655_2ndrun,1,0,0
Salsipaludibacter,Nitriliruptoraceae,Nitriliruptorales,Nitriliruptoria,Actinomycetota,rrs_MG1655_2ndrun,1,0,0
Salsuginibacillus,Marinococcaceae,Bacillales_H,Bacilli,Bacillota,rrs_MG1655_2ndrun,1,0,0
Saltatorellus,NA,NA,NA,NA,rrs_MG1655_2ndrun,1,0,0
Samsonia,Enterobacteriaceae,Enterobacterales,Gammaproteobacteria,Pseudomonadota,rrs_MG1655_2ndrun,1,0,0
Sandaracinobacter,NA,NA,NA,NA,rrs_MG1655_2ndrun,1,0,0
Sandaracinobacteroides,Sphingomonadaceae,Sphingomonadales,Alphaproteobacteria,Pseudomonadota,rrs_MG1655_2ndrun,3,0,0
Sandaracinomonas,Spirosomataceae,Cytophagales,Bacteroidia,Bacteroidota,rrs_MG1655_2ndrun,1,0,0
Sandaracinus,Sandaracinaceae,Polyangiales,Polyangia,Myxococcota,rrs_MG1655_2ndrun,1,0,0
Sandarakinorhabdus,Sphingomonadaceae,Sphingomonadales,Alphaproteobacteria,Pseudomonadota,rrs_MG1655_2ndrun,4,0,0
Sangeribacter,NA,NA,NA,NA,rrs_MG1655_2ndrun,1,0,0
Sanguibacter,Cellulomonadaceae,Actinomycetales,Actinomycetes,Actinomycetota,rrs_MG1655_2ndrun,9,0,0
Sanguibacteroides,NA,NA,NA,NA,rrs_MG1655_2ndrun,1,0,0
Sanyastnella,Sanyastnellaceae,Flavobacteriales,Bacteroidia,Bacteroidota,rrs_MG1655_2ndrun,1,0,0
Saonia,Flavobacteriaceae,Flavobacteriales,Bacteroidia,Bacteroidota,rrs_MG1655_2ndrun,1,0,0
Sapientia,NA,NA,NA,NA,rrs_MG1655_2ndrun,1,0,0
Saprospira,Saprospiraceae,Chitinophagales,Bacteroidia,Bacteroidota,rrs_MG1655_2ndrun,1,0,0
Sarcina,Clostridiaceae,Clostridiales,Clostridia,Bacillota,rrs_MG1655_2ndrun,1,0,0
Savagea,Planococcaceae,Bacillales_A,Bacilli,Bacillota,rrs_MG1655_2ndrun,1,0,0
Saxibacter,Brevibacteriaceae,Actinomycetales,Actinomycetes,Actinomycetota,rrs_MG1655_2ndrun,1,0,0
Scandinavium,Enterobacteriaceae,Enterobacterales,Gammaproteobacteria,Pseudomonadota,rrs_MG1655_2ndrun,3,0,0
Scardovia,Bifidobacteriaceae,Actinomycetales,Actinomycetes,Actinomycetota,rrs_MG1655_2ndrun,2,0,0
Scatolibacter,Acutalibacteraceae,Oscillospirales,Clostridia,Bacillota,rrs_MG1655_2ndrun,1,0,0
Schaalia,NA,NA,NA,NA,rrs_MG1655_2ndrun,10,0,0
Schaedlerella,Lachnospiraceae,Lachnospirales,Clostridia,Bacillota,rrs_MG1655_2ndrun,1,0,0
Schauerella,Burkholderiaceae,Burkholderiales,Gammaproteobacteria,Pseudomonadota,rrs_MG1655_2ndrun,1,0,0
Schinkia,Bacillaceae_J,Bacillales_C,Bacilli,Bacillota,rrs_MG1655_2ndrun,1,0,0
Schleiferia,Schleiferiaceae,Flavobacteriales,Bacteroidia,Bacteroidota,rrs_MG1655_2ndrun,1,0,0
Schleiferilactobacillus,Lactobacillaceae,Lactobacillales,Bacilli,Bacillota,rrs_MG1655_2ndrun,2,0,0
Schlesneria,Planctomycetaceae,Planctomycetales,Planctomycetia,Planctomycetota,rrs_MG1655_2ndrun,1,0,0
Schnuerera,Tepidimicrobiaceae,Tissierellales,Clostridia,Bacillota,rrs_MG1655_2ndrun,1,0,0
Schumannella,Microbacteriaceae,Actinomycetales,Actinomycetes,Actinomycetota,rrs_MG1655_2ndrun,2,0,0
Sciscionella,Pseudonocardiaceae,Mycobacteriales,Actinomycetes,Actinomycetota,rrs_MG1655_2ndrun,2,0,0
Scleromatobacter,Burkholderiaceae,Burkholderiales,Gammaproteobacteria,Pseudomonadota,rrs_MG1655_2ndrun,1,0,0
Scopulibacillus,Sporolactobacillaceae,Bacillales_K,Bacilli,Bacillota,rrs_MG1655_2ndrun,2,0,0
Scrofimicrobium,Actinomycetaceae,Actinomycetales,Actinomycetes,Actinomycetota,rrs_MG1655_2ndrun,2,0,0
Scytonema,Nostocaceae,Cyanobacteriales,Cyanobacteriia,Cyanobacteriota,rrs_MG1655_2ndrun,4,0,0
Sebaldella,Leptotrichiaceae,Fusobacteriales,Fusobacteriia,Fusobacteriota,rrs_MG1655_2ndrun,1,0,0
Secundilactobacillus,Lactobacillaceae,Lactobacillales,Bacilli,Bacillota,rrs_MG1655_2ndrun,11,0,0
Sedimentibacter,Sedimentibacteraceae,Tissierellales,Clostridia,Bacillota,rrs_MG1655_2ndrun,2,0,0
Sedimenticola,Sedimenticolaceae,Chromatiales,Gammaproteobacteria,Pseudomonadota,rrs_MG1655_2ndrun,3,0,0
Sedimentimonas,Rhodobacteraceae,Rhodobacterales,Alphaproteobacteria,Pseudomonadota,rrs_MG1655_2ndrun,1,0,0
Sedimentisphaera,Sedimentisphaeraceae,Sedimentisphaerales,Phycisphaerae,Planctomycetota,rrs_MG1655_2ndrun,2,0,0
Sedimentitalea,Rhodobacteraceae,Rhodobacterales,Alphaproteobacteria,Pseudomonadota,rrs_MG1655_2ndrun,4,0,0
Sediminibacillus,Amphibacillaceae,Bacillales_D,Bacilli,Bacillota,rrs_MG1655_2ndrun,4,0,0
Sediminibacterium,Chitinophagaceae,Chitinophagales,Bacteroidia,Bacteroidota,rrs_MG1655_2ndrun,4,0,0
Sediminicoccus,NA,NA,NA,NA,rrs_MG1655_2ndrun,1,0,0
Sediminicola,Flavobacteriaceae,Flavobacteriales,Bacteroidia,Bacteroidota,rrs_MG1655_2ndrun,2,0,0
Sediminihabitans,Cellulomonadaceae,Actinomycetales,Actinomycetes,Actinomycetota,rrs_MG1655_2ndrun,1,0,0
Sediminihaliea,Halieaceae,Pseudomonadales,Gammaproteobacteria,Pseudomonadota,rrs_MG1655_2ndrun,1,0,0
Sediminimonas,Rhodobacteraceae,Rhodobacterales,Alphaproteobacteria,Pseudomonadota,rrs_MG1655_2ndrun,1,0,0
Sediminispirochaeta,Sediminispirochaetaceae,DSM-16054,Spirochaetia,Spirochaetota,rrs_MG1655_2ndrun,2,0,0
Sediminitomix,Flammeovirgaceae,Cytophagales,Bacteroidia,Bacteroidota,rrs_MG1655_2ndrun,1,0,0
Sediminivirga,Brevibacteriaceae,Actinomycetales,Actinomycetes,Actinomycetota,rrs_MG1655_2ndrun,1,0,0
Segatella,NA,NA,NA,NA,rrs_MG1655_2ndrun,6,0,0
Segetibacter,Chitinophagaceae,Chitinophagales,Bacteroidia,Bacteroidota,rrs_MG1655_2ndrun,2,0,0
Segeticoccus,Dermatophilaceae,Actinomycetales,Actinomycetes,Actinomycetota,rrs_MG1655_2ndrun,1,0,0
Segniliparus,Mycobacteriaceae,Mycobacteriales,Actinomycetes,Actinomycetota,rrs_MG1655_2ndrun,2,0,0
Segnochrobactrum,Pseudoxanthobacteraceae,Rhizobiales,Alphaproteobacteria,Pseudomonadota,rrs_MG1655_2ndrun,1,0,0
Seinonella,Thermoactinomycetaceae,Thermoactinomycetales,Bacilli,Bacillota,rrs_MG1655_2ndrun,1,0,0
Seleniivibrio,Geovibrionaceae,Deferribacterales,Deferribacteres,Chrysiogenota,rrs_MG1655_2ndrun,1,0,0
Selenobaculum,ICN-92133,ICN-92133,Negativicutes,Bacillota,rrs_MG1655_2ndrun,1,0,0
Selenomonas,Selenomonadaceae,Selenomonadales,Negativicutes,Bacillota,rrs_MG1655_2ndrun,9,0,0
Sellimonas,Lachnospiraceae,Lachnospirales,Clostridia,Bacillota,rrs_MG1655_2ndrun,2,0,0
Seminibacterium,NA,NA,NA,NA,rrs_MG1655_2ndrun,1,0,0
Senegalia,NA,NA,NA,NA,rrs_MG1655_2ndrun,1,0,0
Senegalimassilia,Eggerthellaceae,Coriobacteriales,Coriobacteriia,Actinomycetota,rrs_MG1655_2ndrun,2,0,0
Senimuribacter,NA,NA,NA,NA,rrs_MG1655_2ndrun,1,0,0
Seohaeicola,Rhodobacteraceae,Rhodobacterales,Alphaproteobacteria,Pseudomonadota,rrs_MG1655_2ndrun,3,0,0
Seonamhaeicola,Flavobacteriaceae,Flavobacteriales,Bacteroidia,Bacteroidota,rrs_MG1655_2ndrun,4,0,0
Seongchinamella,NA,NA,NA,NA,rrs_MG1655_2ndrun,2,0,0
Seramator,Dysgonomonadaceae,Bacteroidales,Bacteroidia,Bacteroidota,rrs_MG1655_2ndrun,1,0,0
Serinibacter,Beutenbergiaceae,Actinomycetales,Actinomycetes,Actinomycetota,rrs_MG1655_2ndrun,1,0,0
Serinicoccus,Dermatophilaceae,Actinomycetales,Actinomycetes,Actinomycetota,rrs_MG1655_2ndrun,6,0,0
Serpens,Pseudomonadaceae,Pseudomonadales,Gammaproteobacteria,Pseudomonadota,rrs_MG1655_2ndrun,1,0,0
Serpentinicella,Natronincolaceae,Peptostreptococcales,Clostridia,Bacillota,rrs_MG1655_2ndrun,1,0,0
Serpentinimonas,Burkholderiaceae,Burkholderiales,Gammaproteobacteria,Pseudomonadota,rrs_MG1655_2ndrun,3,0,0
Serratia,Enterobacteriaceae,Enterobacterales,Gammaproteobacteria,Pseudomonadota,rrs_MG1655_2ndrun,23,0,0
Sessilibacter,Cellvibrionaceae,Pseudomonadales,Gammaproteobacteria,Pseudomonadota,rrs_MG1655_2ndrun,1,0,0
Sheuella,Burkholderiaceae,Burkholderiales,Gammaproteobacteria,Pseudomonadota,rrs_MG1655_2ndrun,1,0,0
Shewanella,Shewanellaceae,Enterobacterales,Gammaproteobacteria,Pseudomonadota,rrs_MG1655_2ndrun,81,0,0
Shiella,Cyclobacteriaceae,Cytophagales,Bacteroidia,Bacteroidota,rrs_MG1655_2ndrun,1,0,0
Shigella,NA,NA,NA,NA,rrs_MG1655_2ndrun,4,0,0
Shimazuella,Thermoactinomycetaceae,Thermoactinomycetales,Bacilli,Bacillota,rrs_MG1655_2ndrun,1,0,0
Shimia,Rhodobacteraceae,Rhodobacterales,Alphaproteobacteria,Pseudomonadota,rrs_MG1655_2ndrun,12,0,0
Shimwellia,Enterobacteriaceae,Enterobacterales,Gammaproteobacteria,Pseudomonadota,rrs_MG1655_2ndrun,2,0,0
Shinella,Rhizobiaceae,Rhizobiales,Alphaproteobacteria,Pseudomonadota,rrs_MG1655_2ndrun,11,0,0
Shivajiella,NA,NA,NA,NA,rrs_MG1655_2ndrun,1,0,0
Shouchella,Bacillaceae_D,Bacillales_H,Bacilli,Bacillota,rrs_MG1655_2ndrun,10,0,0
Shumkonia,Shumkoniaceae,Rhodospirillales,Alphaproteobacteria,Pseudomonadota,rrs_MG1655_2ndrun,1,0,0
Shuttleworthella,NA,NA,NA,NA,rrs_MG1655_2ndrun,1,0,0
Siansivirga,Flavobacteriaceae,Flavobacteriales,Bacteroidia,Bacteroidota,rrs_MG1655_2ndrun,1,0,0
Siccibacter,Enterobacteriaceae,Enterobacterales,Gammaproteobacteria,Pseudomonadota,rrs_MG1655_2ndrun,2,0,0
Siccirubricoccus,Acetobacteraceae,Acetobacterales,Alphaproteobacteria,Pseudomonadota,rrs_MG1655_2ndrun,3,0,0
Siculibacillus,Ancalomicrobiaceae,Rhizobiales,Alphaproteobacteria,Pseudomonadota,rrs_MG1655_2ndrun,1,0,0
Sideroxyarcus,Gallionellaceae,Burkholderiales,Gammaproteobacteria,Pseudomonadota,rrs_MG1655_2ndrun,1,0,0
Sideroxydans,NA,NA,NA,NA,rrs_MG1655_2ndrun,1,0,0
Silanimonas,Xanthomonadaceae,Xanthomonadales,Gammaproteobacteria,Pseudomonadota,rrs_MG1655_2ndrun,1,0,0
Silicimonas,Rhodobacteraceae,Rhodobacterales,Alphaproteobacteria,Pseudomonadota,rrs_MG1655_2ndrun,1,0,0
Silvania,Enterobacteriaceae,Enterobacterales,Gammaproteobacteria,Pseudomonadota,rrs_MG1655_2ndrun,1,0,0
Silvanigrella,Silvanigrellaceae,Silvanigrellales,Oligoflexia,Bdellovibrionota_B,rrs_MG1655_2ndrun,1,0,0
Silvibacterium,Acidobacteriaceae,Terriglobales,Terriglobia,Acidobacteriota,rrs_MG1655_2ndrun,2,0,0
Silvimonas,Chitinibacteraceae,Burkholderiales,Gammaproteobacteria,Pseudomonadota,rrs_MG1655_2ndrun,4,0,0
Simiaoa,NA,NA,NA,NA,rrs_MG1655_2ndrun,1,0,0
Simiduia,Cellvibrionaceae,Pseudomonadales,Gammaproteobacteria,Pseudomonadota,rrs_MG1655_2ndrun,4,0,0
Siminovitchia,Bacillaceae_C,Bacillales_B,Bacilli,Bacillota,rrs_MG1655_2ndrun,2,0,0
Simkania,Simkaniaceae,Chlamydiales,Chlamydiia,Chlamydiota,rrs_MG1655_2ndrun,1,0,0
Simonsiella,Neisseriaceae,Burkholderiales,Gammaproteobacteria,Pseudomonadota,rrs_MG1655_2ndrun,1,0,0
Simplicispira,Burkholderiaceae,Burkholderiales,Gammaproteobacteria,Pseudomonadota,rrs_MG1655_2ndrun,5,0,0
Sinanaerobacter,Anaerovoracaceae,Peptostreptococcales,Clostridia,Bacillota,rrs_MG1655_2ndrun,1,0,0
Singulisphaera,Isosphaeraceae,Isosphaerales,Planctomycetia,Planctomycetota,rrs_MG1655_2ndrun,1,0,0
Sinimarinibacterium,NA,NA,NA,NA,rrs_MG1655_2ndrun,2,0,0
Sinisalibacter,Rhodobacteraceae,Rhodobacterales,Alphaproteobacteria,Pseudomonadota,rrs_MG1655_2ndrun,2,0,0
Sinobaca,Marinococcaceae,Bacillales_H,Bacilli,Bacillota,rrs_MG1655_2ndrun,1,0,0
Sinobacterium,DSM-100316,Pseudomonadales,Gammaproteobacteria,Pseudomonadota,rrs_MG1655_2ndrun,2,0,0
Sinomicrobium,Flavobacteriaceae,Flavobacteriales,Bacteroidia,Bacteroidota,rrs_MG1655_2ndrun,4,0,0
Sinomonas,Micrococcaceae,Actinomycetales,Actinomycetes,Actinomycetota,rrs_MG1655_2ndrun,13,0,0
Sinorhizobium,Rhizobiaceae,Rhizobiales,Alphaproteobacteria,Pseudomonadota,rrs_MG1655_2ndrun,17,0,0
Sinosporangium,Streptosporangiaceae,Streptosporangiales,Actinomycetes,Actinomycetota,rrs_MG1655_2ndrun,2,0,0
Siphonobacter,Spirosomataceae,Cytophagales,Bacteroidia,Bacteroidota,rrs_MG1655_2ndrun,2,0,0
Skermanella,Azospirillaceae,Azospirillales,Alphaproteobacteria,Pseudomonadota,rrs_MG1655_2ndrun,4,0,0
Skermania,Mycobacteriaceae,Mycobacteriales,Actinomycetes,Actinomycetota,rrs_MG1655_2ndrun,1,0,0
Slackia,Eggerthellaceae,Coriobacteriales,Coriobacteriia,Actinomycetota,rrs_MG1655_2ndrun,6,0,0
Smaragdicoccus,Mycobacteriaceae,Mycobacteriales,Actinomycetes,Actinomycetota,rrs_MG1655_2ndrun,1,0,0
Sneathia,Leptotrichiaceae,Fusobacteriales,Fusobacteriia,Fusobacteriota,rrs_MG1655_2ndrun,1,0,0
Sneathiella,Sneathiellaceae,Sneathiellales,Alphaproteobacteria,Pseudomonadota,rrs_MG1655_2ndrun,7,0,0
Snodgrassella,Neisseriaceae,Burkholderiales,Gammaproteobacteria,Pseudomonadota,rrs_MG1655_2ndrun,3,0,0
Snuella,Flavobacteriaceae,Flavobacteriales,Bacteroidia,Bacteroidota,rrs_MG1655_2ndrun,2,0,0
Sodalinema,Geitlerinemataceae,Cyanobacteriales,Cyanobacteriia,Cyanobacteriota,rrs_MG1655_2ndrun,1,0,0
Sodaliphilus,Muribaculaceae,Bacteroidales,Bacteroidia,Bacteroidota,rrs_MG1655_2ndrun,1,0,0
Sodalis,Enterobacteriaceae_A,Enterobacterales_A,Gammaproteobacteria,Pseudomonadota,rrs_MG1655_2ndrun,4,0,0
Sodalis-like,NA,NA,NA,NA,rrs_MG1655_2ndrun,2,0,0
Soehngenia,Tissierellaceae,Tissierellales,Clostridia,Bacillota,rrs_MG1655_2ndrun,1,0,0
Solemya,NA,NA,NA,NA,rrs_MG1655_2ndrun,4,0,0
Solibacillus,Planococcaceae,Bacillales_A,Bacilli,Bacillota,rrs_MG1655_2ndrun,7,0,0
Solibaculum,Acutalibacteraceae,Oscillospirales,Clostridia,Bacillota,rrs_MG1655_2ndrun,1,0,0
Solicola,Nocardioidaceae,Propionibacteriales,Actinomycetes,Actinomycetota,rrs_MG1655_2ndrun,1,0,0
Solidesulfovibrio,Desulfovibrionaceae,Desulfovibrionales,Desulfovibrionia,Desulfobacterota_I,rrs_MG1655_2ndrun,6,0,0
Solihabitans,Pseudonocardiaceae,Mycobacteriales,Actinomycetes,Actinomycetota,rrs_MG1655_2ndrun,1,0,0
Solilutibacter,Xanthomonadaceae,Xanthomonadales,Gammaproteobacteria,Pseudomonadota,rrs_MG1655_2ndrun,4,0,0
Solimicrobium,Burkholderiaceae,Burkholderiales,Gammaproteobacteria,Pseudomonadota,rrs_MG1655_2ndrun,1,0,0
Solimonas,Nevskiaceae,Nevskiales,Gammaproteobacteria,Pseudomonadota,rrs_MG1655_2ndrun,6,0,0
Solirhodobacter,Rhodobacteraceae,Rhodobacterales,Alphaproteobacteria,Pseudomonadota,rrs_MG1655_2ndrun,1,0,0
Solirubrobacter,Solirubrobacteraceae,Solirubrobacterales,Thermoleophilia,Actinomycetota,rrs_MG1655_2ndrun,5,0,0
Solirubrum,Hymenobacteraceae,Cytophagales,Bacteroidia,Bacteroidota,rrs_MG1655_2ndrun,1,0,0
Solitalea,Sphingobacteriaceae,Sphingobacteriales,Bacteroidia,Bacteroidota,rrs_MG1655_2ndrun,4,0,0
Solobacterium,NA,NA,NA,NA,rrs_MG1655_2ndrun,1,0,0
Sorangium,Polyangiaceae,Polyangiales,Polyangia,Myxococcota,rrs_MG1655_2ndrun,2,0,0
Sorlinia,NA,NA,NA,NA,rrs_MG1655_2ndrun,1,0,0
Spartinivicinus,Zooshikellaceae,Pseudomonadales,Gammaproteobacteria,Pseudomonadota,rrs_MG1655_2ndrun,3,0,0
Spectribacter,Salinisphaeraceae,Nevskiales,Gammaproteobacteria,Pseudomonadota,rrs_MG1655_2ndrun,2,0,0
Spelaeicoccus,Brevibacteriaceae,Actinomycetales,Actinomycetes,Actinomycetota,rrs_MG1655_2ndrun,1,0,0
Speluncibacter,Mycobacteriaceae,Mycobacteriales,Actinomycetes,Actinomycetota,rrs_MG1655_2ndrun,1,0,0
Sphaerimonospora,Streptosporangiaceae,Streptosporangiales,Actinomycetes,Actinomycetota,rrs_MG1655_2ndrun,2,0,0
Sphaerisporangium,Streptosporangiaceae,Streptosporangiales,Actinomycetes,Actinomycetota,rrs_MG1655_2ndrun,14,0,0
Sphaerobacter,Thermomicrobiaceae,Thermomicrobiales,Chloroflexia,Chloroflexota,rrs_MG1655_2ndrun,1,0,0
Sphaerochaeta,Sphaerochaetaceae,Sphaerochaetales,Spirochaetia,Spirochaetota,rrs_MG1655_2ndrun,4,0,0
Sphaerospermopsis,Nostocaceae,Cyanobacteriales,Cyanobacteriia,Cyanobacteriota,rrs_MG1655_2ndrun,3,0,0
Sphaerothrix,Phormidesmidaceae,Phormidesmidales,Cyanobacteriia,Cyanobacteriota,rrs_MG1655_2ndrun,1,0,0
Sphaerotilus,Burkholderiaceae,Burkholderiales,Gammaproteobacteria,Pseudomonadota,rrs_MG1655_2ndrun,7,0,0
Sphingoaurantiacus,NA,NA,NA,NA,rrs_MG1655_2ndrun,1,0,0
Sphingobacterium,Sphingobacteriaceae,Sphingobacteriales,Bacteroidia,Bacteroidota,rrs_MG1655_2ndrun,47,0,0
Sphingobium,Sphingomonadaceae,Sphingomonadales,Alphaproteobacteria,Pseudomonadota,rrs_MG1655_2ndrun,45,0,0
Sphingomicrobium,Sphingomonadaceae,Sphingomonadales,Alphaproteobacteria,Pseudomonadota,rrs_MG1655_2ndrun,11,0,0
Sphingomonas,Sphingomonadaceae,Sphingomonadales,Alphaproteobacteria,Pseudomonadota,rrs_MG1655_2ndrun,164,0,0
Sphingopyxis,Sphingomonadaceae,Sphingomonadales,Alphaproteobacteria,Pseudomonadota,rrs_MG1655_2ndrun,19,0,0
Sphingorhabdus,NA,NA,NA,NA,rrs_MG1655_2ndrun,9,0,0
Sphingosinicella,Sphingomonadaceae,Sphingomonadales,Alphaproteobacteria,Pseudomonadota,rrs_MG1655_2ndrun,5,0,0
Sphingosinithalassobacter,NA,NA,NA,NA,rrs_MG1655_2ndrun,2,0,0
Spinactinospora,Streptosporangiaceae,Streptosporangiales,Actinomycetes,Actinomycetota,rrs_MG1655_2ndrun,1,0,0
Spirabiliibacterium,Pasteurellaceae,Enterobacterales,Gammaproteobacteria,Pseudomonadota,rrs_MG1655_2ndrun,3,0,0
Spiractinospora,Streptosporangiaceae,Streptosporangiales,Actinomycetes,Actinomycetota,rrs_MG1655_2ndrun,1,0,0
Spiribacter,Nitrococcaceae,Nitrococcales,Gammaproteobacteria,Pseudomonadota,rrs_MG1655_2ndrun,10,0,0
Spirilliplanes,Micromonosporaceae,Mycobacteriales,Actinomycetes,Actinomycetota,rrs_MG1655_2ndrun,1,0,0
Spirillospora,Streptosporangiaceae,Streptosporangiales,Actinomycetes,Actinomycetota,rrs_MG1655_2ndrun,1,0,0
Spirobacillus,NA,NA,NA,NA,rrs_MG1655_2ndrun,1,0,0
Spirochaeta,NA,NA,NA,NA,rrs_MG1655_2ndrun,3,0,0
Spiroplasma,Mycoplasmataceae,Mycoplasmatales,Bacilli,Bacillota,rrs_MG1655_2ndrun,90,1,0.011111111111111112
Spirosoma,Spirosomataceae,Cytophagales,Bacteroidia,Bacteroidota,rrs_MG1655_2ndrun,25,0,0
Spirulina,Spirulinaceae,Cyanobacteriales,Cyanobacteriia,Cyanobacteriota,rrs_MG1655_2ndrun,2,0,0
Splendidivirga,Cyclobacteriaceae,Cytophagales,Bacteroidia,Bacteroidota,rrs_MG1655_2ndrun,1,0,0
Spongiactinospora,Streptosporangiaceae,Streptosporangiales,Actinomycetes,Actinomycetota,rrs_MG1655_2ndrun,2,0,0
Spongiibacter,Spongiibacteraceae,Pseudomonadales,Gammaproteobacteria,Pseudomonadota,rrs_MG1655_2ndrun,6,0,0
Spongiimicrobium,NA,NA,NA,NA,rrs_MG1655_2ndrun,1,0,0
Spongiivirga,Flavobacteriaceae,Flavobacteriales,Bacteroidia,Bacteroidota,rrs_MG1655_2ndrun,1,0,0
Spongisporangium,NA,NA,NA,NA,rrs_MG1655_2ndrun,1,0,0
Sporanaerobacter,Sporanaerobacteraceae,Tissierellales,Clostridia,Bacillota,rrs_MG1655_2ndrun,1,0,0
Sporichthya,Sporichthyaceae,Sporichthyales,Actinomycetes,Actinomycetota,rrs_MG1655_2ndrun,2,0,0
Sporobacter,Oscillospiraceae,Oscillospirales,Clostridia,Bacillota,rrs_MG1655_2ndrun,1,0,0
Sporocytophaga,Cytophagaceae,Cytophagales,Bacteroidia,Bacteroidota,rrs_MG1655_2ndrun,1,0,0
Sporofaciens,Lachnospiraceae,Lachnospirales,Clostridia,Bacillota,rrs_MG1655_2ndrun,1,0,0
Sporolactobacillus,Sporolactobacillaceae,Bacillales_K,Bacilli,Bacillota,rrs_MG1655_2ndrun,10,0,0
Sporomusa,Sporomusaceae,Sporomusales,Negativicutes,Bacillota,rrs_MG1655_2ndrun,10,0,0
Sporosarcina,Planococcaceae,Bacillales_A,Bacilli,Bacillota,rrs_MG1655_2ndrun,19,0,0
Sporotomaculum,Desulfallaceae,Desulfotomaculales,Desulfotomaculia,Bacillota,rrs_MG1655_2ndrun,1,0,0
Stackebrandtia,Micromonosporaceae,Mycobacteriales,Actinomycetes,Actinomycetota,rrs_MG1655_2ndrun,4,0,0
Stagnihabitans,Rhodobacteraceae,Rhodobacterales,Alphaproteobacteria,Pseudomonadota,rrs_MG1655_2ndrun,1,0,0
Stagnimonas,Nevskiaceae,Nevskiales,Gammaproteobacteria,Pseudomonadota,rrs_MG1655_2ndrun,1,0,0
Stakelama,NA,NA,NA,NA,rrs_MG1655_2ndrun,5,0,0
Stanieria,Xenococcaceae,Cyanobacteriales,Cyanobacteriia,Cyanobacteriota,rrs_MG1655_2ndrun,1,0,0
Staphylococcus,Staphylococcaceae,Staphylococcales,Bacilli,Bacillota,rrs_MG1655_2ndrun,61,0,0
Staphylospora,Thermoactinomycetaceae,Thermoactinomycetales,Bacilli,Bacillota,rrs_MG1655_2ndrun,1,0,0
Stappia,Stappiaceae,Rhizobiales,Alphaproteobacteria,Pseudomonadota,rrs_MG1655_2ndrun,5,0,0
Starkeya,NA,NA,NA,NA,rrs_MG1655_2ndrun,1,0,0
Stella,Stellaceae,ATCC43930,Alphaproteobacteria,Pseudomonadota,rrs_MG1655_2ndrun,1,0,0
Stenotrophobium,Nevskiaceae,Nevskiales,Gammaproteobacteria,Pseudomonadota,rrs_MG1655_2ndrun,1,0,0
Stenotrophomonas,Xanthomonadaceae,Xanthomonadales,Gammaproteobacteria,Pseudomonadota,rrs_MG1655_2ndrun,28,0,0
Stenoxybacter,Neisseriaceae,Burkholderiales,Gammaproteobacteria,Pseudomonadota,rrs_MG1655_2ndrun,1,0,0
Steroidobacter,Steroidobacteraceae,Steroidobacterales,Gammaproteobacteria,Pseudomonadota,rrs_MG1655_2ndrun,5,0,0
Stieleria,Pirellulaceae,Pirellulales,Planctomycetia,Planctomycetota,rrs_MG1655_2ndrun,8,0,0
Stigmatella,Myxococcaceae,Myxococcales,Myxococcia,Myxococcota,rrs_MG1655_2ndrun,4,0,0
Stomatobaculum,NA,NA,NA,NA,rrs_MG1655_2ndrun,1,0,0
Stomatohabitans,Euzebyaceae,Euzebyales,Nitriliruptoria,Actinomycetota,rrs_MG1655_2ndrun,1,0,0
Stratiformator,Planctomycetaceae,Planctomycetales,Planctomycetia,Planctomycetota,rrs_MG1655_2ndrun,1,0,0
Streptacidiphilus,Streptomycetaceae,Streptomycetales,Actinomycetes,Actinomycetota,rrs_MG1655_2ndrun,7,0,0
Streptantibioticus,Streptomycetaceae,Streptomycetales,Actinomycetes,Actinomycetota,rrs_MG1655_2ndrun,4,0,0
Streptoalloteichus,Pseudonocardiaceae,Mycobacteriales,Actinomycetes,Actinomycetota,rrs_MG1655_2ndrun,2,0,0
Streptobacillus,Leptotrichiaceae,Fusobacteriales,Fusobacteriia,Fusobacteriota,rrs_MG1655_2ndrun,5,0,0
Streptococcus,Streptococcaceae,Lactobacillales,Bacilli,Bacillota,rrs_MG1655_2ndrun,131,0,0
Streptodolium,NA,NA,NA,NA,rrs_MG1655_2ndrun,1,0,0
Streptohalobacillus,Amphibacillaceae,Bacillales_D,Bacilli,Bacillota,rrs_MG1655_2ndrun,1,0,0
Streptomonospora,Streptosporangiaceae,Streptosporangiales,Actinomycetes,Actinomycetota,rrs_MG1655_2ndrun,8,0,0
Streptomyces,Streptomycetaceae,Streptomycetales,Actinomycetes,Actinomycetota,rrs_MG1655_2ndrun,669,0,0
Streptosporangium,Streptosporangiaceae,Streptosporangiales,Actinomycetes,Actinomycetota,rrs_MG1655_2ndrun,17,0,0
Streptoverticillium,NA,NA,NA,NA,rrs_MG1655_2ndrun,1,0,0
Stutzerimonas,Pseudomonadaceae,Pseudomonadales,Gammaproteobacteria,Pseudomonadota,rrs_MG1655_2ndrun,14,0,0
Stygiobacter,Melioribacteraceae,Ignavibacteriales,Ignavibacteria,Bacteroidota_A,rrs_MG1655_2ndrun,1,0,0
Subdoligranulum,NA,NA,NA,NA,rrs_MG1655_2ndrun,1,0,0
Subsaximicrobium,NA,NA,NA,NA,rrs_MG1655_2ndrun,1,0,0
Subtercola,Microbacteriaceae,Actinomycetales,Actinomycetes,Actinomycetota,rrs_MG1655_2ndrun,5,0,0
Succinatimonas,Succinivibrionaceae,Enterobacterales,Gammaproteobacteria,Pseudomonadota,rrs_MG1655_2ndrun,1,0,0
Succiniclasticum,Acidaminococcaceae,Acidaminococcales,Negativicutes,Bacillota,rrs_MG1655_2ndrun,1,0,0
Succinimonas,Succinivibrionaceae,Enterobacterales,Gammaproteobacteria,Pseudomonadota,rrs_MG1655_2ndrun,1,0,0
Succinispira,Succinispiraceae,Acidaminococcales,Negativicutes,Bacillota,rrs_MG1655_2ndrun,1,0,0
Succinivibrio,Succinivibrionaceae,Enterobacterales,Gammaproteobacteria,Pseudomonadota,rrs_MG1655_2ndrun,2,0,0
Suicoccus,Aerococcaceae,Lactobacillales,Bacilli,Bacillota,rrs_MG1655_2ndrun,1,0,0
Suilimivivens,Lachnospiraceae,Lachnospirales,Clostridia,Bacillota,rrs_MG1655_2ndrun,1,0,0
Sulfidibacter,Acanthopleuribacteraceae,Acanthopleuribacterales,Holophagae,Acidobacteriota,rrs_MG1655_2ndrun,1,0,0
Sulfitobacter,Rhodobacteraceae,Rhodobacterales,Alphaproteobacteria,Pseudomonadota,rrs_MG1655_2ndrun,25,0,0
Sulfoacidibacillus,SLC66,Alicyclobacillales,Bacilli,Bacillota,rrs_MG1655_2ndrun,1,0,0
Sulfobacillus,Sulfobacillaceae,Sulfobacillales,Sulfobacillia,Bacillota,rrs_MG1655_2ndrun,3,0,0
Sulfuricaulis,Sulfurifustaceae,Acidiferrobacterales,Gammaproteobacteria,Pseudomonadota,rrs_MG1655_2ndrun,1,0,0
Sulfuricella,Sulfuricellaceae,Burkholderiales,Gammaproteobacteria,Pseudomonadota,rrs_MG1655_2ndrun,1,0,0
Sulfuricurvum,Sulfurimonadaceae,Campylobacterales,Campylobacteria,Campylobacterota,rrs_MG1655_2ndrun,1,0,0
Sulfuricystis,Rhodocyclaceae,Burkholderiales,Gammaproteobacteria,Pseudomonadota,rrs_MG1655_2ndrun,2,0,0
Sulfuriferula,Sulfuriferulaceae,Burkholderiales,Gammaproteobacteria,Pseudomonadota,rrs_MG1655_2ndrun,4,0,0
Sulfuriflexus,AKS1,AKS1,Gammaproteobacteria,Pseudomonadota,rrs_MG1655_2ndrun,1,0,0
Sulfurifustis,Sulfurifustaceae,Acidiferrobacterales,Gammaproteobacteria,Pseudomonadota,rrs_MG1655_2ndrun,1,0,0
Sulfurihydrogenibium,Hydrogenothermaceae,Aquificales,Aquificia,Aquificota,rrs_MG1655_2ndrun,3,0,0
Sulfurimicrobium,Sulfuricellaceae,Burkholderiales,Gammaproteobacteria,Pseudomonadota,rrs_MG1655_2ndrun,1,0,0
Sulfurimonas,Sulfurimonadaceae,Campylobacterales,Campylobacteria,Campylobacterota,rrs_MG1655_2ndrun,14,0,0
Sulfurirhabdus,SMCO01,Burkholderiales,Gammaproteobacteria,Pseudomonadota,rrs_MG1655_2ndrun,1,0,0
Sulfuriroseicoccus,SLCJ01,Verrucomicrobiales,Verrucomicrobiia,Verrucomicrobiota,rrs_MG1655_2ndrun,1,0,0
Sulfurisoma,Rhodocyclaceae,Burkholderiales,Gammaproteobacteria,Pseudomonadota,rrs_MG1655_2ndrun,1,0,0
Sulfuritalea,Rhodocyclaceae,Burkholderiales,Gammaproteobacteria,Pseudomonadota,rrs_MG1655_2ndrun,1,0,0
Sulfuritortus,Thiobacillaceae,Burkholderiales,Gammaproteobacteria,Pseudomonadota,rrs_MG1655_2ndrun,1,0,0
Sulfurivermis,Thiohalomonadaceae,Thiohalomonadales,Gammaproteobacteria,Pseudomonadota,rrs_MG1655_2ndrun,1,0,0
Sulfurivirga,Thiomicrospiraceae,Thiomicrospirales,Gammaproteobacteria,Pseudomonadota,rrs_MG1655_2ndrun,1,0,0
Sulfurospirillum,Sulfurospirillaceae,Campylobacterales,Campylobacteria,Campylobacterota,rrs_MG1655_2ndrun,10,0,0
Sulfurovum,Sulfurovaceae,Campylobacterales,Campylobacteria,Campylobacterota,rrs_MG1655_2ndrun,5,0,0
Sungkyunkwania,NA,NA,NA,NA,rrs_MG1655_2ndrun,1,0,0
Sunxiuqinia,Prolixibacteraceae,Bacteroidales,Bacteroidia,Bacteroidota,rrs_MG1655_2ndrun,4,0,0
Superficieibacter,Enterobacteriaceae,Enterobacterales,Gammaproteobacteria,Pseudomonadota,rrs_MG1655_2ndrun,1,0,0
Sutcliffiella,Bacillaceae_I,Bacillales,Bacilli,Bacillota,rrs_MG1655_2ndrun,4,0,0
Sutterella,Burkholderiaceae,Burkholderiales,Gammaproteobacteria,Pseudomonadota,rrs_MG1655_2ndrun,4,0,0
Suttonella,Cardiobacteriaceae,Cardiobacteriales,Gammaproteobacteria,Pseudomonadota,rrs_MG1655_2ndrun,2,0,0
Svornostia,Solirubrobacteraceae,Solirubrobacterales,Thermoleophilia,Actinomycetota,rrs_MG1655_2ndrun,1,0,0
Swaminathania,Acetobacteraceae,Acetobacterales,Alphaproteobacteria,Pseudomonadota,rrs_MG1655_2ndrun,1,0,0
Swingsia,Acetobacteraceae,Acetobacterales,Alphaproteobacteria,Pseudomonadota,rrs_MG1655_2ndrun,1,0,0
Symbiobacterium,Symbiobacteriaceae,Symbiobacteriales,Symbiobacteriia,Bacillota,rrs_MG1655_2ndrun,2,0,0
Symbiopectobacterium,Enterobacteriaceae,Enterobacterales,Gammaproteobacteria,Pseudomonadota,rrs_MG1655_2ndrun,1,0,0
Symbioplanes,NA,NA,NA,NA,rrs_MG1655_2ndrun,1,0,0
Symmachiella,Planctomycetaceae,Planctomycetales,Planctomycetia,Planctomycetota,rrs_MG1655_2ndrun,2,0,0
Synechococcus,Synechococcaceae,Synechococcales,Cyanobacteriia,Cyanobacteriota,rrs_MG1655_2ndrun,2,0,0
Synechocystis,Microcystaceae,Cyanobacteriales,Cyanobacteriia,Cyanobacteriota,rrs_MG1655_2ndrun,1,0,0
Synergistes,Synergistaceae,Synergistales,Synergistia,Synergistota,rrs_MG1655_2ndrun,1,0,0
Synoicihabitans,NA,NA,NA,NA,rrs_MG1655_2ndrun,1,0,0
Syntrophaceticus,Thermacetogeniaceae,Thermacetogeniales,DSM-12270,Bacillota,rrs_MG1655_2ndrun,1,0,0
Syntrophobacter,Syntrophobacteraceae,Syntrophobacterales,Syntrophobacteria,Desulfobacterota,rrs_MG1655_2ndrun,1,0,0
Syntrophobotulus,Syntrophobotulaceae,Desulfitobacteriales,Desulfitobacteriia,Bacillota,rrs_MG1655_2ndrun,1,0,0
Syntrophomonas,Syntrophomonadaceae,Syntrophomonadales,Syntrophomonadia,Bacillota,rrs_MG1655_2ndrun,3,0,0
Syntrophorhabdus,Syntrophorhabdaceae,Syntrophorhabdales,Syntrophorhabdia,Desulfobacterota_G,rrs_MG1655_2ndrun,1,0,0
Syntrophotalea,Syntrophotaleaceae,Desulfuromonadales,Desulfuromonadia,Desulfobacterota,rrs_MG1655_2ndrun,3,0,0
Syntrophothermus,Syntrophothermaceae,Syntrophomonadales,Syntrophomonadia,Bacillota,rrs_MG1655_2ndrun,1,0,0
Syntrophus,Syntrophaceae,Syntrophales,Syntrophia,Desulfobacterota,rrs_MG1655_2ndrun,3,0,0
Szabonella,Rhodobacteraceae,Rhodobacterales,Alphaproteobacteria,Pseudomonadota,rrs_MG1655_2ndrun,1,0,0
Tabrizicola,Rhodobacteraceae,Rhodobacterales,Alphaproteobacteria,Pseudomonadota,rrs_MG1655_2ndrun,7,0,0
Tahibacter,Rhodanobacteraceae,Xanthomonadales,Gammaproteobacteria,Pseudomonadota,rrs_MG1655_2ndrun,5,0,0
Taibaiella,NA,NA,NA,NA,rrs_MG1655_2ndrun,4,0,0
Taishania,Crocinitomicaceae,Flavobacteriales,Bacteroidia,Bacteroidota,rrs_MG1655_2ndrun,1,0,0
Taklimakanibacter,Aestuariivirgaceae,Rhizobiales,Alphaproteobacteria,Pseudomonadota,rrs_MG1655_2ndrun,3,0,0
Tamaricihabitans,Pseudonocardiaceae,Mycobacteriales,Actinomycetes,Actinomycetota,rrs_MG1655_2ndrun,1,0,0
Tamilnaduibacter,Oleiphilaceae,Pseudomonadales,Gammaproteobacteria,Pseudomonadota,rrs_MG1655_2ndrun,1,0,0
Tamlana,Flavobacteriaceae,Flavobacteriales,Bacteroidia,Bacteroidota,rrs_MG1655_2ndrun,2,0,0
Tangfeifania,Prolixibacteraceae,Bacteroidales,Bacteroidia,Bacteroidota,rrs_MG1655_2ndrun,1,0,0
Tannerella,Tannerellaceae,Bacteroidales,Bacteroidia,Bacteroidota,rrs_MG1655_2ndrun,2,0,0
Tannockella,Coprobacillaceae,Erysipelotrichales,Bacilli,Bacillota,rrs_MG1655_2ndrun,1,0,0
Tanticharoenia,Acetobacteraceae,Acetobacterales,Alphaproteobacteria,Pseudomonadota,rrs_MG1655_2ndrun,1,0,0
Tardibacter,Sphingomonadaceae,Sphingomonadales,Alphaproteobacteria,Pseudomonadota,rrs_MG1655_2ndrun,1,0,0
Tardiphaga,Xanthobacteraceae,Rhizobiales,Alphaproteobacteria,Pseudomonadota,rrs_MG1655_2ndrun,2,0,0
Tateyamaria,Rhodobacteraceae,Rhodobacterales,Alphaproteobacteria,Pseudomonadota,rrs_MG1655_2ndrun,3,0,0
Tatumella,Enterobacteriaceae,Enterobacterales,Gammaproteobacteria,Pseudomonadota,rrs_MG1655_2ndrun,4,0,0
Taurinivorans,Desulfovibrionaceae,Desulfovibrionales,Desulfovibrionia,Desulfobacterota_I,rrs_MG1655_2ndrun,1,0,0
Tautonia,Isosphaeraceae,Isosphaerales,Planctomycetia,Planctomycetota,rrs_MG1655_2ndrun,4,0,0
Taylorella,Burkholderiaceae,Burkholderiales,Gammaproteobacteria,Pseudomonadota,rrs_MG1655_2ndrun,2,0,0
Teichococcus,NA,NA,NA,NA,rrs_MG1655_2ndrun,10,0,0
Telluria,Burkholderiaceae,Burkholderiales,Gammaproteobacteria,Pseudomonadota,rrs_MG1655_2ndrun,2,0,0
Telluribacter,Spirosomataceae,Cytophagales,Bacteroidia,Bacteroidota,rrs_MG1655_2ndrun,1,0,0
Tellurirhabdus,Spirosomataceae,Cytophagales,Bacteroidia,Bacteroidota,rrs_MG1655_2ndrun,2,0,0
Telmatobacter,NA,NA,NA,NA,rrs_MG1655_2ndrun,1,0,0
Telmatocola,Gemmataceae,Gemmatales,Planctomycetia,Planctomycetota,rrs_MG1655_2ndrun,1,0,0
Telmatospirillum,Magnetospirillaceae,Rhodospirillales,Alphaproteobacteria,Pseudomonadota,rrs_MG1655_2ndrun,1,0,0
Temperatibacter,Kordiimonadaceae,Sphingomonadales,Alphaproteobacteria,Pseudomonadota,rrs_MG1655_2ndrun,1,0,0
Tenacibaculum,Flavobacteriaceae,Flavobacteriales,Bacteroidia,Bacteroidota,rrs_MG1655_2ndrun,35,0,0
Tenebrionibacter,Enterobacteriaceae,Enterobacterales,Gammaproteobacteria,Pseudomonadota,rrs_MG1655_2ndrun,1,0,0
Tenggerimyces,Actinopolymorphaceae,Propionibacteriales,Actinomycetes,Actinomycetota,rrs_MG1655_2ndrun,1,0,0
Tengunoibacter,Ktedonobacteraceae,Ktedonobacterales,Ktedonobacteria,Chloroflexota,rrs_MG1655_2ndrun,1,0,0
Tenuibacillus,Alkalibacillaceae,Bacillales_D,Bacilli,Bacillota,rrs_MG1655_2ndrun,1,0,0
Tenuifilum,Tenuifilaceae,Bacteroidales,Bacteroidia,Bacteroidota,rrs_MG1655_2ndrun,1,0,0
Tepidamorphus,Tepidamorphaceae,Rhizobiales,Alphaproteobacteria,Pseudomonadota,rrs_MG1655_2ndrun,1,0,0
Tepidanaerobacter,Tepidanaerobacteraceae,Thermosediminibacterales,Thermosediminibacteria,Bacillota,rrs_MG1655_2ndrun,2,0,0
Tepidibacillus,Tepidibacillaceae,Tepidibacillales,Bacilli,Bacillota,rrs_MG1655_2ndrun,3,0,0
Tepidibacter,Peptostreptococcaceae,Peptostreptococcales,Clostridia,Bacillota,rrs_MG1655_2ndrun,3,0,0
Tepidicella,Burkholderiaceae,Burkholderiales,Gammaproteobacteria,Pseudomonadota,rrs_MG1655_2ndrun,2,0,0
Tepidiforma,Tepidiformaceae,Tepidiformales,Dehalococcoidia,Chloroflexota,rrs_MG1655_2ndrun,3,0,0
Tepidimonas,Burkholderiaceae,Burkholderiales,Gammaproteobacteria,Pseudomonadota,rrs_MG1655_2ndrun,7,0,0
Tepidiphilus,Rhodocyclaceae,Burkholderiales,Gammaproteobacteria,Pseudomonadota,rrs_MG1655_2ndrun,2,0,0
Tepiditoga,Petrotogaceae,Petrotogales,Thermotogae,Thermotogota,rrs_MG1655_2ndrun,1,0,0
Terasakiella,Terasakiellaceae,Rhodospirillales,Alphaproteobacteria,Pseudomonadota,rrs_MG1655_2ndrun,2,0,0
Terasakiispira,Halomonadaceae,Pseudomonadales,Gammaproteobacteria,Pseudomonadota,rrs_MG1655_2ndrun,1,0,0
Teredinibacter,Cellvibrionaceae,Pseudomonadales,Gammaproteobacteria,Pseudomonadota,rrs_MG1655_2ndrun,5,0,0
Teretinema,Treponemataceae,Treponematales,Spirochaetia,Spirochaetota,rrs_MG1655_2ndrun,1,0,0
Termitidicoccus,Opitutaceae,Opitutales,Verrucomicrobiia,Verrucomicrobiota,rrs_MG1655_2ndrun,1,0,0
Terrabacter,Dermatophilaceae,Actinomycetales,Actinomycetes,Actinomycetota,rrs_MG1655_2ndrun,6,0,0
Terracidiphilus,NA,NA,NA,NA,rrs_MG1655_2ndrun,1,0,0
Terracoccus,Dermatophilaceae,Actinomycetales,Actinomycetes,Actinomycetota,rrs_MG1655_2ndrun,1,0,0
Terribacillus,Amphibacillaceae,Bacillales_D,Bacilli,Bacillota,rrs_MG1655_2ndrun,3,0,0
Terribium,NA,NA,NA,NA,rrs_MG1655_2ndrun,1,0,0
Terricaulis,NA,NA,NA,NA,rrs_MG1655_2ndrun,1,0,0
Terriglobus,Acidobacteriaceae,Terriglobales,Terriglobia,Acidobacteriota,rrs_MG1655_2ndrun,5,0,0
Terrihabitans,Methylopilaceae,Rhizobiales,Alphaproteobacteria,Pseudomonadota,rrs_MG1655_2ndrun,2,0,0
Terrihalobacillus,Amphibacillaceae,Bacillales_D,Bacilli,Bacillota,rrs_MG1655_2ndrun,1,0,0
Terrilactibacillus,Sporolactobacillaceae,Bacillales_K,Bacilli,Bacillota,rrs_MG1655_2ndrun,1,0,0
Terrimesophilobacter,Microbacteriaceae,Actinomycetales,Actinomycetes,Actinomycetota,rrs_MG1655_2ndrun,1,0,0
Terrimicrobium,Terrimicrobiaceae,Chthoniobacterales,Verrucomicrobiia,Verrucomicrobiota,rrs_MG1655_2ndrun,1,0,0
Terrimonas,Chitinophagaceae,Chitinophagales,Bacteroidia,Bacteroidota,rrs_MG1655_2ndrun,5,0,0
Terripilifer,NA,NA,NA,NA,rrs_MG1655_2ndrun,1,0,0
Terrirubrum,Beijerinckiaceae,Rhizobiales,Alphaproteobacteria,Pseudomonadota,rrs_MG1655_2ndrun,1,0,0
Terrisporobacter,Peptostreptococcaceae,Peptostreptococcales,Clostridia,Bacillota,rrs_MG1655_2ndrun,7,0,0
Tersicoccus,Micrococcaceae,Actinomycetales,Actinomycetes,Actinomycetota,rrs_MG1655_2ndrun,3,0,0
Tessaracoccus,NA,NA,NA,NA,rrs_MG1655_2ndrun,15,0,0
Testudinibacter,NA,NA,NA,NA,rrs_MG1655_2ndrun,1,0,0
Tetragenococcus,Enterococcaceae,Lactobacillales,Bacilli,Bacillota,rrs_MG1655_2ndrun,3,0,0
Tetzosporium,NA,NA,NA,NA,rrs_MG1655_2ndrun,1,0,0
Texcoconibacillus,Salisediminibacteriaceae,Bacillales_H,Bacilli,Bacillota,rrs_MG1655_2ndrun,1,0,0
Thalassobacillus,Halobacillaceae,Bacillales_D,Bacilli,Bacillota,rrs_MG1655_2ndrun,3,0,0
Thalassobacter,Rhodobacteraceae,Rhodobacterales,Alphaproteobacteria,Pseudomonadota,rrs_MG1655_2ndrun,1,0,0
Thalassobacterium,NA,NA,NA,NA,rrs_MG1655_2ndrun,2,0,0
Thalassobaculum,Thalassobaculaceae,Thalassobaculales,Alphaproteobacteria,Pseudomonadota,rrs_MG1655_2ndrun,3,0,0
Thalassobellus,NA,NA,NA,NA,rrs_MG1655_2ndrun,1,0,0
Thalassobius,Rhodobacteraceae,Rhodobacterales,Alphaproteobacteria,Pseudomonadota,rrs_MG1655_2ndrun,1,0,0
Thalassococcus,Rhodobacteraceae,Rhodobacterales,Alphaproteobacteria,Pseudomonadota,rrs_MG1655_2ndrun,4,0,0
Thalassoglobus,Planctomycetaceae,Planctomycetales,Planctomycetia,Planctomycetota,rrs_MG1655_2ndrun,2,0,0
Thalassolituus,DSM-6294,Pseudomonadales,Gammaproteobacteria,Pseudomonadota,rrs_MG1655_2ndrun,6,0,0
Thalassomonas,Alteromonadaceae,Enterobacterales,Gammaproteobacteria,Pseudomonadota,rrs_MG1655_2ndrun,3,0,0
Thalassorhabdomicrobium,Rhodobacteraceae,Rhodobacterales,Alphaproteobacteria,Pseudomonadota,rrs_MG1655_2ndrun,1,0,0
Thalassoroseus,Planctomycetaceae,Planctomycetales,Planctomycetia,Planctomycetota,rrs_MG1655_2ndrun,1,0,0
Thalassospira,Thalassospiraceae,Rhodospirillales,Alphaproteobacteria,Pseudomonadota,rrs_MG1655_2ndrun,10,0,0
Thalassotalea,NA,NA,NA,NA,rrs_MG1655_2ndrun,22,0,0
Thalassovita,NA,NA,NA,NA,rrs_MG1655_2ndrun,7,0,0
Thauera,Rhodocyclaceae,Burkholderiales,Gammaproteobacteria,Pseudomonadota,rrs_MG1655_2ndrun,11,0,0
Thaumasiovibrio,Vibrionaceae,Enterobacterales,Gammaproteobacteria,Pseudomonadota,rrs_MG1655_2ndrun,1,0,0
Thermacetogenium,Thermacetogeniaceae,Thermacetogeniales,DSM-12270,Bacillota,rrs_MG1655_2ndrun,1,0,0
Thermaerobacillus,NA,NA,NA,NA,rrs_MG1655_2ndrun,1,0,0
Thermaerobacter,Thermaerobacteraceae,Thermaerobacterales,Thermaerobacteria,Bacillota,rrs_MG1655_2ndrun,2,0,0
Thermanaeromonas,Moorellaceae,Moorellales,Moorellia,Bacillota,rrs_MG1655_2ndrun,1,0,0
Thermanaerosceptrum,DRI-13,DRI-13,Peptococcia,Bacillota,rrs_MG1655_2ndrun,1,0,0
Thermanaerothrix,Anaerolineaceae,Anaerolineales,Anaerolineae,Chloroflexota,rrs_MG1655_2ndrun,2,0,0
Thermanaerovibrio,Synergistaceae,Synergistales,Synergistia,Synergistota,rrs_MG1655_2ndrun,2,0,0
Thermasporomyces,Actinopolymorphaceae,Propionibacteriales,Actinomycetes,Actinomycetota,rrs_MG1655_2ndrun,1,0,0
Thermatribacter,Thermatribacteraceae,Atribacterales,Atribacteria,Atribacterota,rrs_MG1655_2ndrun,1,0,0
Thermaurantiacus,Sphingomonadaceae,Sphingomonadales,Alphaproteobacteria,Pseudomonadota,rrs_MG1655_2ndrun,1,0,0
Thermaurantimonas,Schleiferiaceae,Flavobacteriales,Bacteroidia,Bacteroidota,rrs_MG1655_2ndrun,1,0,0
Thermicanus,Thermicanaceae,Thermicanales,Bacilli,Bacillota,rrs_MG1655_2ndrun,1,0,0
Thermincola,Thermincolaceae,Thermincolales,Thermincolia,Bacillota,rrs_MG1655_2ndrun,1,0,0
Thermithiobacillus,Thermithiobacillaceae,Acidithiobacillales,Gammaproteobacteria,Pseudomonadota,rrs_MG1655_2ndrun,2,0,0
Thermoactinomyces,Thermoactinomycetaceae,Thermoactinomycetales,Bacilli,Bacillota,rrs_MG1655_2ndrun,4,0,0
Thermoactinospora,NA,NA,NA,NA,rrs_MG1655_2ndrun,1,0,0
Thermoanaerobacter,Thermoanaerobacteraceae,Thermoanaerobacterales,Thermoanaerobacteria,Bacillota,rrs_MG1655_2ndrun,8,0,0
Thermoanaerobacterium,Thermoanaerobacteraceae,Thermoanaerobacterales,Thermoanaerobacteria,Bacillota,rrs_MG1655_2ndrun,5,0,0
Thermoanaerobaculum,Thermoanaerobaculaceae,Thermoanaerobaculales,Thermoanaerobaculia,Acidobacteriota,rrs_MG1655_2ndrun,1,0,0
Thermobacillus,Paenibacillaceae,Paenibacillales,Bacilli,Bacillota,rrs_MG1655_2ndrun,2,0,0
Thermobaculum,Thermobaculaceae,Thermobaculales,Chloroflexia,Chloroflexota,rrs_MG1655_2ndrun,1,0,0
Thermobifida,Streptosporangiaceae,Streptosporangiales,Actinomycetes,Actinomycetota,rrs_MG1655_2ndrun,4,0,0
Thermobispora,Streptosporangiaceae,Streptosporangiales,Actinomycetes,Actinomycetota,rrs_MG1655_2ndrun,1,0,0
Thermobrachium,Caloramatoraceae,Clostridiales,Clostridia,Bacillota,rrs_MG1655_2ndrun,1,0,0
Thermocaproicibacter,Acutalibacteraceae,Oscillospirales,Clostridia,Bacillota,rrs_MG1655_2ndrun,1,0,0
Thermochromatium,Chromatiaceae,Chromatiales,Gammaproteobacteria,Pseudomonadota,rrs_MG1655_2ndrun,1,0,0
Thermoclostridium,DSM-8532,DSM-8532,Clostridia,Bacillota,rrs_MG1655_2ndrun,2,0,0
Thermocoleostomius,Elainellaceae,Elainellales,Cyanobacteriia,Cyanobacteriota,rrs_MG1655_2ndrun,1,0,0
Thermocrinis,Aquificaceae,Aquificales,Aquificia,Aquificota,rrs_MG1655_2ndrun,4,0,0
Thermocrispum,Pseudonocardiaceae,Mycobacteriales,Actinomycetes,Actinomycetota,rrs_MG1655_2ndrun,2,0,0
Thermodesulfatator,Thermodesulfatatoraceae,Thermodesulfobacteriales,Thermodesulfobacteria,Desulfobacterota,rrs_MG1655_2ndrun,2,0,0
Thermodesulfobacterium,Thermodesulfobacteriaceae,Thermodesulfobacteriales,Thermodesulfobacteria,Desulfobacterota,rrs_MG1655_2ndrun,5,0,0
Thermodesulfobium,Thermodesulfobiaceae,Thermodesulfobiales,Thermodesulfobiia,Thermodesulfobiota,rrs_MG1655_2ndrun,2,0,0
Thermodesulforhabdus,Thermodesulforhabdaceae,Syntrophobacterales,Syntrophobacteria,Desulfobacterota,rrs_MG1655_2ndrun,1,0,0
Thermodesulfovibrio,Thermodesulfovibrionaceae,Thermodesulfovibrionales,Thermodesulfovibrionia,Nitrospirota,rrs_MG1655_2ndrun,6,0,0
Thermoflavifilum,Chitinophagaceae,Chitinophagales,Bacteroidia,Bacteroidota,rrs_MG1655_2ndrun,2,0,0
Thermoflavimicrobium,Thermoactinomycetaceae,Thermoactinomycetales,Bacilli,Bacillota,rrs_MG1655_2ndrun,1,0,0
Thermoflexibacter,Thermoflexibacteraceae,Cytophagales,Bacteroidia,Bacteroidota,rrs_MG1655_2ndrun,1,0,0
Thermoflexus,Thermoflexaceae,Thermoflexales,Anaerolineae,Chloroflexota,rrs_MG1655_2ndrun,1,0,0
Thermogemmata,Gemmataceae,Gemmatales,Planctomycetia,Planctomycetota,rrs_MG1655_2ndrun,1,0,0
Thermogemmatispora,Ktedonobacteraceae,Ktedonobacterales,Ktedonobacteria,Chloroflexota,rrs_MG1655_2ndrun,2,0,0
Thermogutta,Thermoguttaceae,Pirellulales,Planctomycetia,Planctomycetota,rrs_MG1655_2ndrun,1,0,0
Thermohalobaculum,Rhodobacteraceae,Rhodobacterales,Alphaproteobacteria,Pseudomonadota,rrs_MG1655_2ndrun,2,0,0
Thermoleophilum,Thermoleophilaceae,Solirubrobacterales,Thermoleophilia,Actinomycetota,rrs_MG1655_2ndrun,1,0,0
Thermoleptolyngbya,Elainellaceae,Elainellales,Cyanobacteriia,Cyanobacteriota,rrs_MG1655_2ndrun,2,0,0
Thermomicrobium,Thermomicrobiaceae,Thermomicrobiales,Chloroflexia,Chloroflexota,rrs_MG1655_2ndrun,1,0,0
Thermomonas,Xanthomonadaceae,Xanthomonadales,Gammaproteobacteria,Pseudomonadota,rrs_MG1655_2ndrun,10,0,0
Thermomonospora,Streptosporangiaceae,Streptosporangiales,Actinomycetes,Actinomycetota,rrs_MG1655_2ndrun,6,0,0
Thermonema,Thermonemataceae,Cytophagales,Bacteroidia,Bacteroidota,rrs_MG1655_2ndrun,1,0,0
Thermophilibacter,Atopobiaceae,Coriobacteriales,Coriobacteriia,Actinomycetota,rrs_MG1655_2ndrun,4,0,0
Thermopolyspora,Streptosporangiaceae,Streptosporangiales,Actinomycetes,Actinomycetota,rrs_MG1655_2ndrun,1,0,0
Thermorudis,Thermomicrobiaceae,Thermomicrobiales,Chloroflexia,Chloroflexota,rrs_MG1655_2ndrun,1,0,0
Thermosediminibacter,Thermosediminibacteraceae,Thermosediminibacterales,Thermosediminibacteria,Bacillota,rrs_MG1655_2ndrun,1,0,0
Thermosinus,Thermosinaceae,Sporomusales,Negativicutes,Bacillota,rrs_MG1655_2ndrun,1,0,0
Thermosipho,Fervidobacteriaceae,Thermotogales,Thermotogae,Thermotogota,rrs_MG1655_2ndrun,7,0,0
Thermospira,Thermospiraceae,Brevinematales,Brevinematia,Spirochaetota,rrs_MG1655_2ndrun,1,0,0
Thermosporothrix,Ktedonobacteraceae,Ktedonobacterales,Ktedonobacteria,Chloroflexota,rrs_MG1655_2ndrun,1,0,0
Thermostaphylospora,Streptosporangiaceae,Streptosporangiales,Actinomycetes,Actinomycetota,rrs_MG1655_2ndrun,1,0,0
Thermostichus,Thermostichaceae,Thermostichales,Cyanobacteriia,Cyanobacteriota,rrs_MG1655_2ndrun,1,0,0
Thermosulfidibacter,Thermosulfidibacteraceae,Thermosulfidibacterales,Thermosulfidibacteria,Thermosulfidibacterota,rrs_MG1655_2ndrun,1,0,0
Thermosulfurimonas,Thermodesulfobacteriaceae,Thermodesulfobacteriales,Thermodesulfobacteria,Desulfobacterota,rrs_MG1655_2ndrun,2,0,0
Thermosulfuriphilus,ST65,Thermodesulfobacteriales,Thermodesulfobacteria,Desulfobacterota,rrs_MG1655_2ndrun,1,0,0
Thermosynechococcus,Thermosynechococcaceae,Thermosynechococcales,Cyanobacteriia,Cyanobacteriota,rrs_MG1655_2ndrun,2,0,0
Thermosyntropha,Syntrophomonadaceae,Syntrophomonadales,Syntrophomonadia,Bacillota,rrs_MG1655_2ndrun,1,0,0
Thermotalea,Thermotaleaceae,Peptostreptococcales,Clostridia,Bacillota,rrs_MG1655_2ndrun,1,0,0
Thermotoga,Thermotogaceae,Thermotogales,Thermotogae,Thermotogota,rrs_MG1655_2ndrun,5,0,0
Thermotomaculum,Thermotomaculaceae,Thermotomaculales,Holophagae,Acidobacteriota,rrs_MG1655_2ndrun,1,0,0
Thermovenabulum,Thermosediminibacteraceae,Thermosediminibacterales,Thermosediminibacteria,Bacillota,rrs_MG1655_2ndrun,1,0,0
Thermovibrio,Desulfurobacteriaceae,Desulfurobacteriales,Aquificia,Aquificota,rrs_MG1655_2ndrun,2,0,0
Thermus,Thermaceae,Deinococcales,Deinococci,Deinococcota,rrs_MG1655_2ndrun,24,0,0
Thetidibacter,Rhodobacteraceae,Rhodobacterales,Alphaproteobacteria,Pseudomonadota,rrs_MG1655_2ndrun,1,0,0
Thioalbus,DSM-26407,DSM-26407,Gammaproteobacteria,Pseudomonadota,rrs_MG1655_2ndrun,1,0,0
Thioalkalicoccus,Chromatiaceae,Chromatiales,Gammaproteobacteria,Pseudomonadota,rrs_MG1655_2ndrun,1,0,0
Thioalkalivibrio,Ectothiorhodospiraceae,Ectothiorhodospirales,Gammaproteobacteria,Pseudomonadota,rrs_MG1655_2ndrun,8,0,0
Thiobaca,Chromatiaceae,Chromatiales,Gammaproteobacteria,Pseudomonadota,rrs_MG1655_2ndrun,1,0,0
Thiobacillus,Thiobacillaceae,Burkholderiales,Gammaproteobacteria,Pseudomonadota,rrs_MG1655_2ndrun,3,0,0
Thiobacter,Thiobacteraceae,Burkholderiales,Gammaproteobacteria,Pseudomonadota,rrs_MG1655_2ndrun,1,0,0
Thiocapsa,Chromatiaceae,Chromatiales,Gammaproteobacteria,Pseudomonadota,rrs_MG1655_2ndrun,5,0,0
Thioclava,Rhodobacteraceae,Rhodobacterales,Alphaproteobacteria,Pseudomonadota,rrs_MG1655_2ndrun,10,0,0
Thiococcus,Chromatiaceae,Chromatiales,Gammaproteobacteria,Pseudomonadota,rrs_MG1655_2ndrun,1,0,0
Thiocystis,Chromatiaceae,Chromatiales,Gammaproteobacteria,Pseudomonadota,rrs_MG1655_2ndrun,2,0,0
Thiofilum,Thiotrichaceae,Thiotrichales,Gammaproteobacteria,Pseudomonadota,rrs_MG1655_2ndrun,1,0,0
Thioflavicoccus,Chromatiaceae,Chromatiales,Gammaproteobacteria,Pseudomonadota,rrs_MG1655_2ndrun,1,0,0
Thioflexithrix,Beggiatoaceae,Beggiatoales,Gammaproteobacteria,Pseudomonadota,rrs_MG1655_2ndrun,1,0,0
Thiogranum,DSM-19610,DSM-19610,Gammaproteobacteria,Pseudomonadota,rrs_MG1655_2ndrun,1,0,0
Thiohalobacter,Thiohalobacteraceae,Thiohalobacterales,Gammaproteobacteria,Pseudomonadota,rrs_MG1655_2ndrun,1,0,0
Thiohalocapsa,Chromatiaceae,Chromatiales,Gammaproteobacteria,Pseudomonadota,rrs_MG1655_2ndrun,2,0,0
Thiohalomonas,Thiohalomonadaceae,Thiohalomonadales,Gammaproteobacteria,Pseudomonadota,rrs_MG1655_2ndrun,1,0,0
Thiohalophilus,Thiohalophilaceae,UBA6429,Gammaproteobacteria,Pseudomonadota,rrs_MG1655_2ndrun,1,0,0
Thiohalorhabdus,Thiohalorhabdaceae,Thiohalorhabdales,Gammaproteobacteria,Pseudomonadota,rrs_MG1655_2ndrun,1,0,0
Thiohalospira,Thiohalospiraceae,Thiohalospirales,Gammaproteobacteria,Pseudomonadota,rrs_MG1655_2ndrun,1,0,0
Thiolapillus,Sedimenticolaceae,Chromatiales,Gammaproteobacteria,Pseudomonadota,rrs_MG1655_2ndrun,1,0,0
Thiolinea,Thiotrichaceae,Thiotrichales,Gammaproteobacteria,Pseudomonadota,rrs_MG1655_2ndrun,1,0,0
Thiomicrorhabdus,Thiomicrospiraceae,Thiomicrospirales,Gammaproteobacteria,Pseudomonadota,rrs_MG1655_2ndrun,10,0,0
Thiomicrospira,Thiomicrospiraceae,Thiomicrospirales,Gammaproteobacteria,Pseudomonadota,rrs_MG1655_2ndrun,3,0,0
Thiomonas,Burkholderiaceae,Burkholderiales,Gammaproteobacteria,Pseudomonadota,rrs_MG1655_2ndrun,4,0,0
Thiopseudomonas,Pseudomonadaceae,Pseudomonadales,Gammaproteobacteria,Pseudomonadota,rrs_MG1655_2ndrun,2,0,0
Thiorhodococcus,Chromatiaceae,Chromatiales,Gammaproteobacteria,Pseudomonadota,rrs_MG1655_2ndrun,4,0,0
Thiorhodospira,Ectothiorhodospiraceae,Ectothiorhodospirales,Gammaproteobacteria,Pseudomonadota,rrs_MG1655_2ndrun,1,0,0
Thiorhodovibrio,Chromatiaceae,Chromatiales,Gammaproteobacteria,Pseudomonadota,rrs_MG1655_2ndrun,3,0,0
Thiosocius,Sedimenticolaceae,Chromatiales,Gammaproteobacteria,Pseudomonadota,rrs_MG1655_2ndrun,1,0,0
Thiospirillum,Chromatiaceae,Chromatiales,Gammaproteobacteria,Pseudomonadota,rrs_MG1655_2ndrun,1,0,0
Thiospirochaeta,DSM-19205,Spirochaetales_E,Spirochaetia,Spirochaetota,rrs_MG1655_2ndrun,1,0,0
Thiosulfatihalobacter,NA,NA,NA,NA,rrs_MG1655_2ndrun,1,0,0
Thiosulfatimonas,NA,NA,NA,NA,rrs_MG1655_2ndrun,1,0,0
Thiosulfativibrio,Thiomicrospiraceae,Thiomicrospirales,Gammaproteobacteria,Pseudomonadota,rrs_MG1655_2ndrun,1,0,0
Thiothrix,Thiotrichaceae,Thiotrichales,Gammaproteobacteria,Pseudomonadota,rrs_MG1655_2ndrun,9,0,0
Thiovibrio,Desulfurivibrionaceae,Desulfobulbales,Desulfobulbia,Desulfobacterota,rrs_MG1655_2ndrun,1,0,0
Thomasclavelia,Coprobacillaceae,Erysipelotrichales,Bacilli,Bacillota,rrs_MG1655_2ndrun,4,0,0
Thorsellia,Enterobacteriaceae,Enterobacterales,Gammaproteobacteria,Pseudomonadota,rrs_MG1655_2ndrun,2,0,0
Tianweitania,Rhizobiaceae,Rhizobiales,Alphaproteobacteria,Pseudomonadota,rrs_MG1655_2ndrun,3,0,0
Tibeticola,Burkholderiaceae,Burkholderiales,Gammaproteobacteria,Pseudomonadota,rrs_MG1655_2ndrun,1,0,0
Tichowtungia,Tichowtungiaceae,Kiritimatiellales,Kiritimatiellia,Verrucomicrobiota,rrs_MG1655_2ndrun,1,0,0
Tidjanibacter,Rikenellaceae,Bacteroidales,Bacteroidia,Bacteroidota,rrs_MG1655_2ndrun,1,0,0
Tigheibacillus,Amphibacillaceae,Bacillales_D,Bacilli,Bacillota,rrs_MG1655_2ndrun,2,0,0
Timonella,Cellulomonadaceae,Actinomycetales,Actinomycetes,Actinomycetota,rrs_MG1655_2ndrun,1,0,0
Tindallia,Tindalliaceae,Peptostreptococcales,Clostridia,Bacillota,rrs_MG1655_2ndrun,1,0,0
Tissierella,Tissierellaceae,Tissierellales,Clostridia,Bacillota,rrs_MG1655_2ndrun,4,0,0
Tistlia,DSM-21159,Kiloniellales,Alphaproteobacteria,Pseudomonadota,rrs_MG1655_2ndrun,1,0,0
Tistrella,Tistrellaceae,Tistrellales,Alphaproteobacteria,Pseudomonadota,rrs_MG1655_2ndrun,3,0,0
Tolumonas,Aeromonadaceae,Enterobacterales,Gammaproteobacteria,Pseudomonadota,rrs_MG1655_2ndrun,3,0,0
Tolypothrix,NA,NA,NA,NA,rrs_MG1655_2ndrun,3,0,0
Tomitella,Mycobacteriaceae,Mycobacteriales,Actinomycetes,Actinomycetota,rrs_MG1655_2ndrun,4,0,0
Trabulsiella,Enterobacteriaceae,Enterobacterales,Gammaproteobacteria,Pseudomonadota,rrs_MG1655_2ndrun,2,0,0
Tractidigestivibacter,Atopobiaceae,Coriobacteriales,Coriobacteriia,Actinomycetota,rrs_MG1655_2ndrun,2,0,0
Tranquillimonas,Rhodobacteraceae,Rhodobacterales,Alphaproteobacteria,Pseudomonadota,rrs_MG1655_2ndrun,1,0,0
Traorella,Erysipelotrichaceae,Erysipelotrichales,Bacilli,Bacillota,rrs_MG1655_2ndrun,1,0,0
Trebonia,Streptosporangiaceae,Streptosporangiales,Actinomycetes,Actinomycetota,rrs_MG1655_2ndrun,1,0,0
Treponema,Treponemataceae,Treponematales,Spirochaetia,Spirochaetota,rrs_MG1655_2ndrun,24,0,0
Trichlorobacter,Pseudopelobacteraceae,Geobacterales,Desulfuromonadia,Desulfobacterota,rrs_MG1655_2ndrun,3,0,0
Trichloromonas,Trichloromonadaceae,Desulfuromonadales,Desulfuromonadia,Desulfobacterota,rrs_MG1655_2ndrun,1,0,0
Trichococcus,Aerococcaceae,Lactobacillales,Bacilli,Bacillota,rrs_MG1655_2ndrun,4,0,0
Trichocoleus,FACHB-46,FACHB-46,Cyanobacteriia,Cyanobacteriota,rrs_MG1655_2ndrun,1,0,0
Trichodesmium,Microcoleaceae,Cyanobacteriales,Cyanobacteriia,Cyanobacteriota,rrs_MG1655_2ndrun,1,0,0
Trichormus,Nostocaceae,Cyanobacteriales,Cyanobacteriia,Cyanobacteriota,rrs_MG1655_2ndrun,2,0,0
Trichothermofontia,B231,B231,Cyanobacteriia,Cyanobacteriota,rrs_MG1655_2ndrun,1,0,0
Trinickia,Burkholderiaceae,Burkholderiales,Gammaproteobacteria,Pseudomonadota,rrs_MG1655_2ndrun,11,0,0
Tritonibacter,NA,NA,NA,NA,rrs_MG1655_2ndrun,6,0,0
Tropheryma,Microbacteriaceae,Actinomycetales,Actinomycetes,Actinomycetota,rrs_MG1655_2ndrun,1,0,0
Tropicibacter,Rhodobacteraceae,Rhodobacterales,Alphaproteobacteria,Pseudomonadota,rrs_MG1655_2ndrun,3,0,0
Tropicimonas,Rhodobacteraceae,Rhodobacterales,Alphaproteobacteria,Pseudomonadota,rrs_MG1655_2ndrun,5,0,0
Truepera,Trueperaceae,Deinococcales,Deinococci,Deinococcota,rrs_MG1655_2ndrun,1,0,0
Trueperella,Actinomycetaceae,Actinomycetales,Actinomycetes,Actinomycetota,rrs_MG1655_2ndrun,6,0,0
Trujillonella,NA,NA,NA,NA,rrs_MG1655_2ndrun,1,0,0
Tsukamurella,Mycobacteriaceae,Mycobacteriales,Actinomycetes,Actinomycetota,rrs_MG1655_2ndrun,10,0,0
Tsuneonella,Sphingomonadaceae,Sphingomonadales,Alphaproteobacteria,Pseudomonadota,rrs_MG1655_2ndrun,9,0,0
Tumebacillus,Tumebacillaceae,Tumebacillales,Bacilli,Bacillota,rrs_MG1655_2ndrun,2,0,0
Tumidithrix,Pseudanabaenaceae,Pseudanabaenales,Cyanobacteriia,Cyanobacteriota,rrs_MG1655_2ndrun,1,0,0
Tundrisphaera,NA,NA,NA,NA,rrs_MG1655_2ndrun,1,0,0
Tunicatimonas,Cyclobacteriaceae,Cytophagales,Bacteroidia,Bacteroidota,rrs_MG1655_2ndrun,1,0,0
Tunturiibacter,NA,NA,NA,NA,rrs_MG1655_2ndrun,4,0,0
Turicibacter,Turicibacteraceae,MOL361,Bacilli,Bacillota,rrs_MG1655_2ndrun,3,0,0
Turicimonas,Burkholderiaceae,Burkholderiales,Gammaproteobacteria,Pseudomonadota,rrs_MG1655_2ndrun,1,0,0
Turneriella,Turneriellaceae,Turneriellales,Leptospiria,Spirochaetota,rrs_MG1655_2ndrun,1,0,0
Tuwongella,Gemmataceae,Gemmatales,Planctomycetia,Planctomycetota,rrs_MG1655_2ndrun,1,0,0
Tychonema,NA,NA,NA,NA,rrs_MG1655_2ndrun,1,0,0
Type-D,NA,NA,NA,NA,rrs_MG1655_2ndrun,1,0,0
Uliginosibacterium,Rhodocyclaceae,Burkholderiales,Gammaproteobacteria,Pseudomonadota,rrs_MG1655_2ndrun,4,0,0
Ulvibacter,Flavobacteriaceae,Flavobacteriales,Bacteroidia,Bacteroidota,rrs_MG1655_2ndrun,2,0,0
Ulvibacterium,Flavobacteriaceae,Flavobacteriales,Bacteroidia,Bacteroidota,rrs_MG1655_2ndrun,1,0,0
Umboniibacter,DSM-25080,Pseudomonadales,Gammaproteobacteria,Pseudomonadota,rrs_MG1655_2ndrun,1,0,0
Umezakia,Nostocaceae,Cyanobacteriales,Cyanobacteriia,Cyanobacteriota,rrs_MG1655_2ndrun,1,0,0
Umezawaea,Pseudonocardiaceae,Mycobacteriales,Actinomycetes,Actinomycetota,rrs_MG1655_2ndrun,2,0,0
Undibacter,NA,NA,NA,NA,rrs_MG1655_2ndrun,1,0,0
Undibacterium,Burkholderiaceae,Burkholderiales,Gammaproteobacteria,Pseudomonadota,rrs_MG1655_2ndrun,22,0,0
Uniformispora,NA,NA,NA,NA,rrs_MG1655_2ndrun,1,0,0
Urbifossiella,Gemmataceae,Gemmatales,Planctomycetia,Planctomycetota,rrs_MG1655_2ndrun,1,0,0
Ureaplasma,Mycoplasmoidaceae,Mycoplasmatales,Bacilli,Bacillota,rrs_MG1655_2ndrun,6,0,0
Urechidicola,Flavobacteriaceae,Flavobacteriales,Bacteroidia,Bacteroidota,rrs_MG1655_2ndrun,2,0,0
Ureibacillus,Planococcaceae,Bacillales_A,Bacilli,Bacillota,rrs_MG1655_2ndrun,9,0,0
Urinicoccus,Peptoniphilaceae,Tissierellales,Clostridia,Bacillota,rrs_MG1655_2ndrun,2,0,0
Ursidibacter,Pasteurellaceae,Enterobacterales,Gammaproteobacteria,Pseudomonadota,rrs_MG1655_2ndrun,1,0,0
Uruburuella,NA,NA,NA,NA,rrs_MG1655_2ndrun,2,0,0
Usitatibacter,Usitatibacteraceae,Burkholderiales,Gammaproteobacteria,Pseudomonadota,rrs_MG1655_2ndrun,2,0,0
Utexia,NA,NA,NA,NA,rrs_MG1655_2ndrun,1,0,0
Vaginella,Weeksellaceae,Flavobacteriales,Bacteroidia,Bacteroidota,rrs_MG1655_2ndrun,1,0,0
Vaginimicrobium,Propionibacteriaceae,Propionibacteriales,Actinomycetes,Actinomycetota,rrs_MG1655_2ndrun,1,0,0
Vaginisenegalia,Aerococcaceae,Lactobacillales,Bacilli,Bacillota,rrs_MG1655_2ndrun,1,0,0
Vagococcus,Vagococcaceae,Lactobacillales,Bacilli,Bacillota,rrs_MG1655_2ndrun,23,0,0
Vallicoccus,Motilibacteraceae,Motilibacterales,Actinomycetes,Actinomycetota,rrs_MG1655_2ndrun,1,0,0
Vallitalea,Vallitaleaceae,Lachnospirales,Clostridia,Bacillota,rrs_MG1655_2ndrun,4,0,0
Vandammella,NA,NA,NA,NA,rrs_MG1655_2ndrun,1,0,0
Vannielia,Rhodobacteraceae,Rhodobacterales,Alphaproteobacteria,Pseudomonadota,rrs_MG1655_2ndrun,1,0,0
Varibaculum,Actinomycetaceae,Actinomycetales,Actinomycetes,Actinomycetota,rrs_MG1655_2ndrun,5,0,0
Variibacter,Xanthobacteraceae,Rhizobiales,Alphaproteobacteria,Pseudomonadota,rrs_MG1655_2ndrun,1,0,0
Variimorphobacter,NA,NA,NA,NA,rrs_MG1655_2ndrun,1,0,0
Variovorax,Burkholderiaceae,Burkholderiales,Gammaproteobacteria,Pseudomonadota,rrs_MG1655_2ndrun,14,0,0
Varunaivibrio,Magnetovibrionaceae,Rhodospirillales,Alphaproteobacteria,Pseudomonadota,rrs_MG1655_2ndrun,1,0,0
Vasconcelosia,NA,NA,NA,NA,rrs_MG1655_2ndrun,1,0,0
Veillonella,Veillonellaceae,Veillonellales,Negativicutes,Bacillota,rrs_MG1655_2ndrun,18,0,0
Velocimicrobium,Lachnospiraceae,Lachnospirales,Clostridia,Bacillota,rrs_MG1655_2ndrun,1,0,0
Venatoribacter,DSM-6294,Pseudomonadales,Gammaproteobacteria,Pseudomonadota,rrs_MG1655_2ndrun,1,0,0
Venenivibrio,Hydrogenothermaceae,Aquificales,Aquificia,Aquificota,rrs_MG1655_2ndrun,1,0,0
Ventosimonas,Pseudomonadaceae,Pseudomonadales,Gammaproteobacteria,Pseudomonadota,rrs_MG1655_2ndrun,1,0,0
Ventrimonas,NA,NA,NA,NA,rrs_MG1655_2ndrun,1,0,0
Vermiculatibacterium,Oscillospiraceae,Oscillospirales,Clostridia,Bacillota,rrs_MG1655_2ndrun,1,0,0
Verminephrobacter,NA,NA,NA,NA,rrs_MG1655_2ndrun,2,0,0
Veronia,Vibrionaceae,Enterobacterales,Gammaproteobacteria,Pseudomonadota,rrs_MG1655_2ndrun,1,0,0
Verrucomicrobium,Verrucomicrobiaceae,Verrucomicrobiales,Verrucomicrobiia,Verrucomicrobiota,rrs_MG1655_2ndrun,1,0,0
Verrucosispora,NA,NA,NA,NA,rrs_MG1655_2ndrun,1,0,0
Verticiella,Burkholderiaceae,Burkholderiales,Gammaproteobacteria,Pseudomonadota,rrs_MG1655_2ndrun,1,0,0
Vescimonas,Oscillospiraceae,Oscillospirales,Clostridia,Bacillota,rrs_MG1655_2ndrun,3,0,0
Vespertiliibacter,Pasteurellaceae,Enterobacterales,Gammaproteobacteria,Pseudomonadota,rrs_MG1655_2ndrun,1,0,0
Vibrio,Vibrionaceae,Enterobacterales,Gammaproteobacteria,Pseudomonadota,rrs_MG1655_2ndrun,152,1,0.006578947368421052
Vicingus,Vicingaceae,Flavobacteriales,Bacteroidia,Bacteroidota,rrs_MG1655_2ndrun,1,0,0
Victivallis,Victivallaceae,Victivallales,Lentisphaeria,Verrucomicrobiota,rrs_MG1655_2ndrun,1,0,0
Vineibacter,Reyranellaceae,Reyranellales,Alphaproteobacteria,Pseudomonadota,rrs_MG1655_2ndrun,1,0,0
Virgibacillus,Amphibacillaceae,Bacillales_D,Bacilli,Bacillota,rrs_MG1655_2ndrun,23,0,0
Virgifigura,NA,NA,NA,NA,rrs_MG1655_2ndrun,1,0,0
Virgisporangium,Micromonosporaceae,Mycobacteriales,Actinomycetes,Actinomycetota,rrs_MG1655_2ndrun,3,0,0
Viridibacillus,Planococcaceae,Bacillales_A,Bacilli,Bacillota,rrs_MG1655_2ndrun,2,0,0
Viridibacterium,Rhodocyclaceae,Burkholderiales,Gammaproteobacteria,Pseudomonadota,rrs_MG1655_2ndrun,1,0,0
Vitreimonas,TH1-2,Caulobacterales,Alphaproteobacteria,Pseudomonadota,rrs_MG1655_2ndrun,1,0,0
Vitreoscilla,Neisseriaceae,Burkholderiales,Gammaproteobacteria,Pseudomonadota,rrs_MG1655_2ndrun,3,0,0
Vogesella,Chromobacteriaceae,Burkholderiales,Gammaproteobacteria,Pseudomonadota,rrs_MG1655_2ndrun,8,0,0
Volucribacter,Pasteurellaceae,Enterobacterales,Gammaproteobacteria,Pseudomonadota,rrs_MG1655_2ndrun,2,0,0
Vreelandella,Halomonadaceae,Pseudomonadales,Gammaproteobacteria,Pseudomonadota,rrs_MG1655_2ndrun,28,0,0
Vulcanibacillus,Tepidibacillaceae,Tepidibacillales,Bacilli,Bacillota,rrs_MG1655_2ndrun,1,0,0
Vulcaniibacterium,Xanthomonadaceae,Xanthomonadales,Gammaproteobacteria,Pseudomonadota,rrs_MG1655_2ndrun,3,0,0
Vulcanimicrobium,Vulcanimicrobiaceae,Vulcanimicrobiales,Vulcanimicrobiia,Vulcanimicrobiota,rrs_MG1655_2ndrun,1,0,0
Vulcanococcus,Cyanobiaceae,PCC-6307,Cyanobacteriia,Cyanobacteriota,rrs_MG1655_2ndrun,1,0,0
Vulgatibacter,Vulgatibacteraceae,Myxococcales,Myxococcia,Myxococcota,rrs_MG1655_2ndrun,1,0,0
Waddlia,Waddliaceae,Chlamydiales,Chlamydiia,Chlamydiota,rrs_MG1655_2ndrun,1,0,0
Waltera,NA,NA,NA,NA,rrs_MG1655_2ndrun,2,0,0
Wandonia,Crocinitomicaceae,Flavobacteriales,Bacteroidia,Bacteroidota,rrs_MG1655_2ndrun,1,0,0
Wansuia,NA,NA,NA,NA,rrs_MG1655_2ndrun,1,0,0
Weeksella,Weeksellaceae,Flavobacteriales,Bacteroidia,Bacteroidota,rrs_MG1655_2ndrun,1,0,0
Weissella,Lactobacillaceae,Lactobacillales,Bacilli,Bacillota,rrs_MG1655_2ndrun,20,0,0
Weizmannia,Bacillaceae_C,Bacillales_B,Bacilli,Bacillota,rrs_MG1655_2ndrun,1,0,0
Wenjunlia,Streptomycetaceae,Streptomycetales,Actinomycetes,Actinomycetota,rrs_MG1655_2ndrun,2,0,0
Wenxinia,Rhodobacteraceae,Rhodobacterales,Alphaproteobacteria,Pseudomonadota,rrs_MG1655_2ndrun,2,0,0
Wenyingzhuangia,Flavobacteriaceae,Flavobacteriales,Bacteroidia,Bacteroidota,rrs_MG1655_2ndrun,5,0,0
Wenzhouxiangella,Wenzhouxiangellaceae,Xanthomonadales,Gammaproteobacteria,Pseudomonadota,rrs_MG1655_2ndrun,3,0,0
Wielerella,Neisseriaceae,Burkholderiales,Gammaproteobacteria,Pseudomonadota,rrs_MG1655_2ndrun,1,0,0
Wigglesworthia,Enterobacteriaceae_A,Enterobacterales_A,Gammaproteobacteria,Pseudomonadota,rrs_MG1655_2ndrun,1,0,0
Williamsia,Mycobacteriaceae,Mycobacteriales,Actinomycetes,Actinomycetota,rrs_MG1655_2ndrun,9,0,0
Williamsoniiplasma,Mycoplasmataceae,Mycoplasmatales,Bacilli,Bacillota,rrs_MG1655_2ndrun,3,0,0
Williamwhitmania,Williamwhitmaniaceae,Bacteroidales,Bacteroidia,Bacteroidota,rrs_MG1655_2ndrun,1,0,0
Winkia,Actinomycetaceae,Actinomycetales,Actinomycetes,Actinomycetota,rrs_MG1655_2ndrun,1,0,0
Winogradskya,NA,NA,NA,NA,rrs_MG1655_2ndrun,2,0,0
Winogradskyella,Flavobacteriaceae,Flavobacteriales,Bacteroidia,Bacteroidota,rrs_MG1655_2ndrun,41,0,0
Winslowiella,Enterobacteriaceae,Enterobacterales,Gammaproteobacteria,Pseudomonadota,rrs_MG1655_2ndrun,2,0,0
Wocania,NA,NA,NA,NA,rrs_MG1655_2ndrun,2,0,0
Woeseia,Woeseiaceae,Woeseiales,Gammaproteobacteria,Pseudomonadota,rrs_MG1655_2ndrun,1,0,0
Wohlfahrtiimonas,Wohlfahrtiimonadaceae,Cardiobacteriales,Gammaproteobacteria,Pseudomonadota,rrs_MG1655_2ndrun,2,0,0
Wolbachia,Anaplasmataceae,Rickettsiales,Alphaproteobacteria,Pseudomonadota,rrs_MG1655_2ndrun,303,0,0
Wolinella,Helicobacteraceae,Campylobacterales,Campylobacteria,Campylobacterota,rrs_MG1655_2ndrun,1,0,0
Woodsholea,Maricaulaceae,Caulobacterales,Alphaproteobacteria,Pseudomonadota,rrs_MG1655_2ndrun,1,0,0
Wujia,Lachnospiraceae,Lachnospirales,Clostridia,Bacillota,rrs_MG1655_2ndrun,1,0,0
Wukongibacter,NA,NA,NA,NA,rrs_MG1655_2ndrun,1,0,0
Xanthobacter,Xanthobacteraceae,Rhizobiales,Alphaproteobacteria,Pseudomonadota,rrs_MG1655_2ndrun,7,0,0
Xanthocytophaga,172606-1,Cytophagales,Bacteroidia,Bacteroidota,rrs_MG1655_2ndrun,1,0,0
Xanthomarina,Flavobacteriaceae,Flavobacteriales,Bacteroidia,Bacteroidota,rrs_MG1655_2ndrun,2,0,0
Xanthomonas,Xanthomonadaceae,Xanthomonadales,Gammaproteobacteria,Pseudomonadota,rrs_MG1655_2ndrun,46,0,0
Xanthovirga,Cyclobacteriaceae,Cytophagales,Bacteroidia,Bacteroidota,rrs_MG1655_2ndrun,1,0,0
Xaviernesmea,Rhizobiaceae,Rhizobiales,Alphaproteobacteria,Pseudomonadota,rrs_MG1655_2ndrun,1,0,0
Xenophilus,Burkholderiaceae,Burkholderiales,Gammaproteobacteria,Pseudomonadota,rrs_MG1655_2ndrun,2,0,0
Xenorhabdus,Enterobacteriaceae,Enterobacterales,Gammaproteobacteria,Pseudomonadota,rrs_MG1655_2ndrun,28,0,0
Xiamenia,Eggerthellaceae,Coriobacteriales,Coriobacteriia,Actinomycetota,rrs_MG1655_2ndrun,1,0,0
Xiashengella,NA,NA,NA,NA,rrs_MG1655_2ndrun,1,0,0
Xinfangfangia,Rhodobacteraceae,Rhodobacterales,Alphaproteobacteria,Pseudomonadota,rrs_MG1655_2ndrun,1,0,0
Xylanibacillus,K13,Paenibacillales,Bacilli,Bacillota,rrs_MG1655_2ndrun,1,0,0
Xylanibacter,NA,NA,NA,NA,rrs_MG1655_2ndrun,6,0,0
Xylanimonas,Cellulomonadaceae,Actinomycetales,Actinomycetes,Actinomycetota,rrs_MG1655_2ndrun,5,0,0
Xylanivirga,Xylanivirgaceae,Caldicoprobacterales,Clostridia,Bacillota,rrs_MG1655_2ndrun,1,0,0
Xylella,Xanthomonadaceae,Xanthomonadales,Gammaproteobacteria,Pseudomonadota,rrs_MG1655_2ndrun,2,0,0
Xylocopilactobacillus,Lactobacillaceae,Lactobacillales,Bacilli,Bacillota,rrs_MG1655_2ndrun,2,0,0
Xylophilus,Burkholderiaceae,Burkholderiales,Gammaproteobacteria,Pseudomonadota,rrs_MG1655_2ndrun,2,0,0
Yanghanlia,Burkholderiaceae,Burkholderiales,Gammaproteobacteria,Pseudomonadota,rrs_MG1655_2ndrun,1,0,0
Yaniella,Micrococcaceae,Actinomycetales,Actinomycetes,Actinomycetota,rrs_MG1655_2ndrun,1,0,0
Yanshouia,NA,NA,NA,NA,rrs_MG1655_2ndrun,1,0,0
Yeguia,Acutalibacteraceae,Oscillospirales,Clostridia,Bacillota,rrs_MG1655_2ndrun,1,0,0
Yeosuana,Flavobacteriaceae,Flavobacteriales,Bacteroidia,Bacteroidota,rrs_MG1655_2ndrun,2,0,0
Yersinia,Enterobacteriaceae,Enterobacterales,Gammaproteobacteria,Pseudomonadota,rrs_MG1655_2ndrun,25,0,0
Yimella,Dermatophilaceae,Actinomycetales,Actinomycetes,Actinomycetota,rrs_MG1655_2ndrun,1,0,0
Yinghuangia,Streptomycetaceae,Streptomycetales,Actinomycetes,Actinomycetota,rrs_MG1655_2ndrun,3,0,0
Yokenella,Enterobacteriaceae,Enterobacterales,Gammaproteobacteria,Pseudomonadota,rrs_MG1655_2ndrun,1,0,0
Yoonia,Rhodobacteraceae,Rhodobacterales,Alphaproteobacteria,Pseudomonadota,rrs_MG1655_2ndrun,11,0,0
Youngiibacter,Clostridiaceae,Clostridiales,Clostridia,Bacillota,rrs_MG1655_2ndrun,2,0,0
Youxingia,Ruminococcaceae,Oscillospirales,Clostridia,Bacillota,rrs_MG1655_2ndrun,1,0,0
Yunchengibacter,NA,NA,NA,NA,rrs_MG1655_2ndrun,1,0,0
Zarconia,Geitlerinemataceae,Cyanobacteriales,Cyanobacteriia,Cyanobacteriota,rrs_MG1655_2ndrun,1,0,0
Zavarzinia,Zavarziniaceae,Zavarziniales,Alphaproteobacteria,Pseudomonadota,rrs_MG1655_2ndrun,3,0,0
Zeaxanthinibacter,Flavobacteriaceae,Flavobacteriales,Bacteroidia,Bacteroidota,rrs_MG1655_2ndrun,1,0,0
Zeimonas,Burkholderiaceae,Burkholderiales,Gammaproteobacteria,Pseudomonadota,rrs_MG1655_2ndrun,2,0,0
Zestomonas,NA,NA,NA,NA,rrs_MG1655_2ndrun,3,0,0
Zhaonella,Zhaonellaceae,DUOV01,DUOV01,Bacillota,rrs_MG1655_2ndrun,1,0,0
Zhengella,Rhizobiaceae,Rhizobiales,Alphaproteobacteria,Pseudomonadota,rrs_MG1655_2ndrun,1,0,0
Zhenhengia,Cellulosilyticaceae,Lachnospirales,Clostridia,Bacillota,rrs_MG1655_2ndrun,1,0,0
Zhenpiania,NA,NA,NA,NA,rrs_MG1655_2ndrun,1,0,0
Zhihengliuella,Micrococcaceae,Actinomycetales,Actinomycetes,Actinomycetota,rrs_MG1655_2ndrun,4,0,0
Zhongshania,Spongiibacteraceae,Pseudomonadales,Gammaproteobacteria,Pseudomonadota,rrs_MG1655_2ndrun,8,0,0
Zhouia,Flavobacteriaceae,Flavobacteriales,Bacteroidia,Bacteroidota,rrs_MG1655_2ndrun,2,0,0
Zobellella,NA,NA,NA,NA,rrs_MG1655_2ndrun,5,0,0
Zobellia,Flavobacteriaceae,Flavobacteriales,Bacteroidia,Bacteroidota,rrs_MG1655_2ndrun,9,1,0.1111111111111111
Zongyangia,Ruminococcaceae,Oscillospirales,Clostridia,Bacillota,rrs_MG1655_2ndrun,1,0,0
Zoogloea,Rhodocyclaceae,Burkholderiales,Gammaproteobacteria,Pseudomonadota,rrs_MG1655_2ndrun,4,0,0
Zooshikella,Zooshikellaceae,Pseudomonadales,Gammaproteobacteria,Pseudomonadota,rrs_MG1655_2ndrun,2,0,0
Zophobihabitans,Enterobacteriaceae,Enterobacterales,Gammaproteobacteria,Pseudomonadota,rrs_MG1655_2ndrun,1,0,0
Zunongwangia,Flavobacteriaceae,Flavobacteriales,Bacteroidia,Bacteroidota,rrs_MG1655_2ndrun,4,0,0
Zwartia,Burkholderiaceae,Burkholderiales,Gammaproteobacteria,Pseudomonadota,rrs_MG1655_2ndrun,3,0,0
Zymobacter,Halomonadaceae,Pseudomonadales,Gammaproteobacteria,Pseudomonadota,rrs_MG1655_2ndrun,1,0,0
Zymomonas,Sphingomonadaceae,Sphingomonadales,Alphaproteobacteria,Pseudomonadota,rrs_MG1655_2ndrun,1,0,0
bacterium,NA,NA,NA,NA,rrs_MG1655_2ndrun,2,0,0
cyanobacterium,NA,NA,NA,NA,rrs_MG1655_2ndrun,3,0,0
endosymbiont,NA,NA,NA,NA,rrs_MG1655_2ndrun,11,0,0
methane-oxidizing,NA,NA,NA,NA,rrs_MG1655_2ndrun,1,0,0
methanotrophic,NA,NA,NA,NA,rrs_MG1655_2ndrun,1,0,0
secondary,NA,NA,NA,NA,rrs_MG1655_2ndrun,3,0,0
sulfur-oxidizing,NA,NA,NA,NA,rrs_MG1655_2ndrun,1,0,0
symbiont,NA,NA,NA,NA,rrs_MG1655_2ndrun,1,0,0
thiotrophic,NA,NA,NA,NA,rrs_MG1655_2ndrun,1,0,0
unidentified,NA,NA,NA,NA,rrs_MG1655_2ndrun,1,0,0
