accession_number,species_name,genus,resistance_status,mean_alig_score,mean_core_dist,n_pairs
GCF_001702215.1,Pediococcus claussenii,Pediococcus,0,3117.3614501953125,0.5,6
GCF_001702265.1,Pseudomonas aylmerensis,Pseudomonas,0,3045.95166015625,0,3
GCF_000005845.2,Escherichia coli,Escherichia,0,2990.2518484933034,0,21
GCF_000006685.1,Chlamydia muridarum,Chlamydia,0,3077.65869140625,0,1
GCF_001704115.1,Acinetobacter larvae,Acinetobacter,7,3045.95166015625,0,21
GCF_000006925.2,Shigella flexneri,Shigella,0,3043.251025390625,1.2,10
GCF_000006945.2,Salmonella enterica,Salmonella,0,3012.67353515625,0,10
GCF_000006985.1,Chlorobaculum tepidum,Chlorobaculum,0,2976.592529296875,0,1
GCF_000007085.1,Caldanaerobacter subterraneus,Caldanaerobacter,1,2409.2872924804688,7,6
GCF_001704615.3,Acinetobacter defluvii,Acinetobacter,0,3049.9150390625,0,21
GCF_000007125.1,Brucella melitensis,Brucella,3,2942.90380859375,0,3
GCF_000007505.1,Brucella suis,Brucella,3,2942.90380859375,0,3
GCF_001704635.1,Streptomyces sparsogenes,Streptomyces,0,2765.61865234375,0,15
GCF_000007625.1,Clostridium tetani,Clostridium,0,2977.9011067708334,0.3333333333333333,15
GCF_001705175.1,Flavobacterium anhuiense,Flavobacterium,5,2992.491943359375,0,10
GCF_001708305.1,Streptococcus himalayensis,Streptococcus,0,3067.750244140625,0,6
GCF_001708405.1,Kangiella sediminilitoris,Kangiella,0,3045.95166015625,0,1
GCF_000007745.1,Mannheimia succiniciproducens,Mannheimia,0,3043.1521158854166,0.3333333333333333,15
GCF_000007985.2,Geobacter sulfurreducens,Geobacter,2,3083.603759765625,0,1
GCF_000008185.1,Treponema denticola,Treponema,0,3053.92431640625,0,1
GCF_000008305.1,Mesoplasma florum,Mesoplasma,0,3022.17138671875,0,1
GCF_001708425.1,Pseudomonas corrugata,Pseudomonas,0,3031.76630859375,0,10
GCF_001712815.1,Tetragenococcus halophilus,Tetragenococcus,0,3024.9260986328127,0,10
GCF_001717525.2,Tannerella serpentiformis,Tannerella,0,3028.116455078125,0,1
GCF_001718335.1,Burkholderia territorii,Burkholderia,0,3004.9253743489585,0,15
GCF_001718535.1,Burkholderia seminalis,Burkholderia,0,3033.8219075520833,0.5333333333333333,15
GCF_000008445.1,Bacillus anthracis,Bacillus,0,3052.99775390625,0.18181818181818182,55
GCF_001718555.1,Burkholderia metallica,Burkholderia,0,3025.941097005208,0,15
GCF_000008465.1,Idiomarina loihiensis,Idiomarina,0,3030.7079264322915,0.5,6
GCF_000008625.1,Aquifex aeolicus,Aquifex,0,3139.091064453125,0,1
GCF_001718875.1,Burkholderia singularis,Burkholderia,4,3034.0615234375,0,6
GCF_001718895.1,Burkholderia cenocepacia,Burkholderia,0,3024.364957682292,0.3333333333333333,15
GCF_000008865.2,Escherichia coli,Escherichia,0,3019.1025390625,0,21
GCF_000009085.1,Campylobacter jejuni,Campylobacter,0,2998.39111328125,0,3
GCF_000009265.1,Rhizobium johnstonii,Rhizobium,0,2934.97705078125,0,3
GCF_001721185.1,Xenorhabdus hominickii,Xenorhabdus,0,3057.841796875,0,21
GCF_000009785.1,Geobacillus kaustophilus,Geobacillus,7,3032.026634579613,1.8095238095238095,21
GCF_000009985.1,Paramagnetospirillum magneticum,Paramagnetospirillum,0,2940.922119140625,0,1
GCF_001721685.1,Salisediminibacterium beveridgei,Salisediminibacterium,0,3094.0814034598216,0,21
GCF_001723605.1,Sulfurospirillum halorespirans,Sulfurospirillum,0,2990.46435546875,0,1
GCF_001729245.1,Leptospira tipperaryensis,Leptospira,0,2990.46435546875,0,1
GCF_000010085.1,Sodalis glossinidius,Sodalis,0,3053.233154296875,0,15
GCF_001729805.1,Enterobacter roggenkampii,Enterobacter,0,3045.352294921875,0,3
GCF_001735525.1,Shewanella colwelliana,Shewanella,0,3057.841796875,0,3
GCF_001735765.2,Clostridium taeniosporum,Clostridium,2,2968.85009765625,2,1
GCF_000010505.1,Porphyromonas gingivalis,Porphyromonas,0,3036.043212890625,0,6
GCF_000010525.1,Azorhizobium caulinodans,Azorhizobium,0,2938.9404296875,0,3
GCF_000010645.1,Candidatus Azobacteroides pseudotrichonymphae,Candidatus,0,3014.24462890625,0,1
GCF_000010985.1,Deferribacter desulfuricans,Deferribacter,0,3085.631591796875,0,1
GCF_000011325.1,Corynebacterium glutamicum,Corynebacterium,0,2996.0837239583334,0,15
GCF_001742145.1,Pectobacterium parmentieri,Pectobacterium,0,3034.5748000372023,0,21
GCF_000011805.1,Aliivibrio fischeri,Aliivibrio,0,3039.79638671875,0,1
GCF_000011965.2,Ruegeria pomeroyi,Ruegeria,0,2899.306640625,0,3
GCF_000012305.1,Psychrobacter arcticus,Psychrobacter,0,3049.9150390625,0,6
GCF_000012325.1,Colwellia psychrerythraea,Colwellia,0,3057.8648681640625,0,6
GCF_001742185.1,Pectobacterium wasabiae,Pectobacterium,0,3027.0692429315477,0.2857142857142857,21
GCF_000012365.1,Burkholderia thailandensis,Burkholderia,0,3027.06201171875,0.5,6
GCF_001742225.1,Novosphingobium resinovorum,Novosphingobium,0,2950.83056640625,0,3
GCF_001747405.1,Chlorobaculum limnaeum,Chlorobaculum,0,2978.57421875,0,1
GCF_000012405.1,Thermobifida fusca,Thermobifida,4,3040.052490234375,0,6
GCF_001747425.1,Actinoalloteichus hymeniacidonis,Actinoalloteichus,0,3004.336181640625,0,3
GCF_001748245.1,Oligoflexus tunisiensis,Oligoflexus,0,3038.02490234375,0,3
GCF_000012665.1,Oleidesulfovibrio alaskensis,Oleidesulfovibrio,0,3040.0986328125,0.5,6
GCF_001750105.1,Microbulbifer aggregans,Microbulbifer,0,3043.969970703125,0,6
GCF_000012685.1,Myxococcus xanthus,Myxococcus,0,3047.933349609375,0,6
GCF_000012765.1,Mycoplasma capricolum,Mycoplasma,2,2994.56591796875,1,1
GCF_000012805.1,Nitrosococcus oceani,Nitrosococcus,2,3046.043701171875,0,1
GCF_000012825.1,Phocaeicola vulgatus,Phocaeicola,0,2983.083472842262,1.1428571428571428,21
GCF_000012865.1,Carboxydothermus hydrogenoformans,Carboxydothermus,0,3070.008056640625,2,1
GCF_000012905.2,Cereibacter sphaeroides,Cereibacter,0,2880.6705729166665,0,3
GCF_000012945.1,Burkholderia lata,Burkholderia,0,3013.8573079427083,0,15
GCF_000013325.1,Novosphingobium aromaticivorans,Novosphingobium,0,2942.90380859375,0,3
GCF_000013605.1,Rhodoferax ferrireducens,Rhodoferax,0,3045.95166015625,0,1
GCF_001750685.1,Geosporobacter ferrireducens,Geosporobacter,0,2980.7640580610796,0,55
GCF_000013645.1,Paraburkholderia xenovorans,Paraburkholderia,0,3034.0615234375,0,15
GCF_000013665.1,Saccharophagus degradans,Saccharophagus,0,3040.006591796875,0,1
GCF_000013765.1,Shewanella denitrificans,Shewanella,0,3057.841796875,0,1
GCF_000013905.1,Psychrobacter cryohalolentis,Psychrobacter,0,3049.9150390625,0,6
GCF_000014145.1,Cytophaga hutchinsonii,Cytophaga,0,3014.24462890625,0,3
GCF_001753205.1,Sporosarcina ureilytica,Sporosarcina,0,3052.497977120536,0.25,28
GCF_001758195.1,Pseudohongiella acticola,Pseudohongiella,0,3049.9150390625,0,6
GCF_001761325.1,Urechidicola croceus,Urechidicola,0,3016.226318359375,0,1
GCF_001761385.1,Hydrogenophaga crassostreae,Hydrogenophaga,0,3038.02490234375,0,1
GCF_000014425.1,Lactobacillus gasseri,Lactobacillus,0,3117.29248046875,0,15
GCF_000014445.1,Leuconostoc mesenteroides,Leuconostoc,0,3073.6953125,0,6
GCF_001761465.1,Flavobacterium gilvum,Flavobacterium,0,2987.763427734375,0,10
GCF_001761545.1,Weissella soli,Weissella,0,3112.08447265625,0,15
GCF_001787355.1,Kozakia baliensis,Kozakia,5,2958.75732421875,0,10
GCF_000014705.1,Shewanella frigidimarina,Shewanella,0,3056.0904947916665,0,36
GCF_000014725.1,Syntrophomonas wolfei,Syntrophomonas,0,2680.40771484375,0,1
GCF_000014785.1,Alkalilimnicola ehrlichii,Alkalilimnicola,0,3042.034423828125,1,1
GCF_001831475.1,Flavobacterium crassostreae,Flavobacterium,7,2987.613595145089,0.8571428571428571,21
GCF_001854325.1,Cupriavidus malaysiensis,Cupriavidus,0,3027.7872140066966,0.2857142857142857,21
GCF_001854475.1,Pseudoalteromonas byunsanensis,Pseudoalteromonas,0,3049.9150390625,0,3
GCF_000014805.1,Aeromonas hydrophila,Aeromonas,0,3058.652880859375,0,45
GCF_000014865.1,Magnetococcus marinus,Magnetococcus,1,2969.9014485677085,0,3
GCF_001854605.1,Pseudoalteromonas amylolytica,Pseudoalteromonas,0,3049.9150390625,0,15
GCF_000014885.1,Shewanella piezotolerans,Shewanella,0,3037.0271519252233,0.8214285714285714,28
GCF_000014965.1,Syntrophobacter fumaroxidans,Syntrophobacter,2,3079.732421875,0,1
GCF_001855275.1,Chromobacterium vaccinii,Chromobacterium,8,3039.748212541853,0.5357142857142857,28
GCF_000015045.1,Pelobacter propionicus,Pelobacter,0,3087.567138671875,0,6
GCF_000015125.1,Chlorobium phaeobacteroides,Chlorobium,2,2974.61083984375,0,1
GCF_000015245.1,Shewanella amazonensis,Shewanella,0,3046.0435180664062,0,28
GCF_001855565.1,Chromobacterium amazonense,Chromobacterium,0,2890.0161512586806,0.6,45
GCF_001855575.1,Chromobacterium sphagni,Chromobacterium,8,3039.748212541853,0,28
GCF_001856665.1,Rhodobacter xanthinilyticus,Rhodobacter,0,2907.2333984375,0,3
GCF_001856685.1,Boudabousia tangfeifanii,Boudabousia,0,3036.734375,0,3
GCF_000015285.1,Psychromonas ingrahamii,Psychromonas,1,3043.277419704861,0,45
GCF_000015305.1,Mycolicibacterium vanbaalenii,Mycolicibacterium,0,3000.464599609375,0,1
GCF_000015445.1,Bartonella bacilliformis,Bartonella,0,2948.848876953125,0,1
GCF_000015565.1,Verminephrobacter eiseniae,Verminephrobacter,0,3034.752685546875,0,3
GCF_000015585.1,Halorhodospira halophila,Halorhodospira,2,3046.0439453125,0,1
GCF_000015865.1,Acetivibrio thermocellus,Acetivibrio,0,3013.6683756510415,0,6
GCF_001857925.1,Bacillus xiamenensis,Bacillus,0,3065.79150390625,0,28
GCF_000016065.1,Shewanella loihica,Shewanella,6,3008.0868094308034,0,28
GCF_000016165.1,Desulforamulus reducens,Desulforamulus,0,3175.2381678989955,0,28
GCF_001857945.1,Paenibacillus crassostreae,Paenibacillus,10,3069.9436957465277,0,45
GCF_000016185.1,Rhodospirillum centenum,Rhodospirillum,0,2938.9404296875,0,6
GCF_000016285.1,Allorhizobium ampelinum,Allorhizobium,0,2934.97705078125,0,6
GCF_001857965.1,Flavobacterium commune,Flavobacterium,5,3000.372802734375,0,10
GCF_000016545.1,Caldicellulosiruptor saccharolyticus,Caldicellulosiruptor,0,2928.8599446614585,0.6666666666666666,3
GCF_000016645.1,Flavobacterium johnsoniae,Flavobacterium,0,2983.5604329427083,0,15
GCF_000016745.1,Geotalea uraniireducens,Geotalea,2,3079.640380859375,0,1
GCF_001865575.2,Paraburkholderia sprentiae,Paraburkholderia,0,3026.7666015625,0,21
GCF_000016845.1,Brucella ovis,Brucella,3,2942.90380859375,0,3
GCF_000016905.1,Thermosipho melanesiensis,Thermosipho,4,3101.43896484375,0,6
GCF_000016985.1,Alkaliphilus metalliredigens,Alkaliphilus,10,3028.116455078125,0,45
GCF_001866075.4,Anaerobacillus isosaccharinicus,Anaerobacillus,0,3011.172940340909,0,55
GCF_000017245.1,Actinobacillus succinogenes,Actinobacillus,0,3049.838427734375,0,15
GCF_000017305.1,Kineococcus radiotolerans,Kineococcus,4,3010.28125,0,6
GCF_001866515.1,Massilia timonae,Massilia,0,2985.2757626488096,0,21
GCF_001870205.1,Vagococcus teuberi,Vagococcus,0,3064.330354817708,0.3333333333333333,15
GCF_001874645.1,Pseudomonas frederiksbergensis,Pseudomonas,0,3043.1600167410716,0,21
GCF_001878675.1,Virgibacillus halodenitrificans,Virgibacillus,0,3071.897382463728,0,28
GCF_001880225.1,Francisella frigiditurris,Francisella,0,3047.933349609375,0,3
GCF_000017425.1,Bacillus cytotoxicus,Bacillus,0,3054.09423828125,0,78
GCF_001886435.1,Alteromonas mediterranea,Alteromonas,0,3038.02490234375,0,10
GCF_000017545.1,Fervidobacterium nodosum,Fervidobacterium,2,2988.482666015625,0,1
GCF_001887595.1,Luteibacter rhizovicinus,Luteibacter,0,3061.80517578125,0,1
GCF_000017685.1,Leptospira biflexa,Leptospira,0,2964.748291015625,0,1
GCF_000017805.1,Roseiflexus castenholzii,Roseiflexus,0,2909.30712890625,0,1
GCF_001887715.1,Syntrophotalea acetylenica,Syntrophotalea,0,3083.603759765625,0,3
GCF_001887775.1,Syntrophotalea acetylenivorans,Syntrophotalea,2,2882.626220703125,10.666666666666666,3
GCF_001888185.1,Phaeobacter porticola,Phaeobacter,0,2905.251708984375,0,6
GCF_000017885.4,Bacillus pumilus,Bacillus,0,3060.7253069196427,0,21
GCF_000018045.1,Citrobacter koseri,Citrobacter,0,3016.8314267113096,0,21
GCF_000018105.1,Acaryochloris marina,Acaryochloris,0,2978.57421875,0,1
GCF_000018145.1,Dinoroseobacter shibae,Dinoroseobacter,0,2905.251708984375,0,1
GCF_001888925.1,Lactobacillus delbrueckii,Lactobacillus,9,3055.5001302083333,0.6,45
GCF_001889005.1,Christiangramia salexigens,Christiangramia,3,3032.079833984375,0,3
GCF_001889025.1,Sphingorhabdus lutea,Sphingorhabdus,0,2954.7939453125,0,1
GCF_001889105.1,Sinorhizobium americanum,Sinorhizobium,0,2942.90380859375,0,3
GCF_001889165.1,Bacillus weihaiensis,Bacillus,0,2946.4935244605654,0,21
GCF_001889445.1,Granulibacter bethesdensis,Granulibacter,0,2958.75732421875,0,3
GCF_001889605.1,Aquibium oceanicum,Aquibium,0,2910.94140625,1,1
GCF_001890385.1,Tardibacter chloracetimidivorans,Tardibacter,0,2950.83056640625,0,1
GCF_001890765.1,Spirulina major,Spirulina,0,2926.968505859375,0,1
GCF_001891125.1,Leuconostoc suionicum,Leuconostoc,0,3073.6953125,0,6
GCF_001895085.1,Mariprofundus micogutta,Mariprofundus,2,3045.95166015625,0,1
GCF_000018285.1,Shewanella pealeana,Shewanella,0,3054.97607421875,0.18181818181818182,55
GCF_001895265.1,Francisella uliginis,Francisella,0,3040.006591796875,0,3
GCF_001908725.1,Xanthomonas vesicatoria,Xanthomonas,2,3065.7685546875,0,1
GCF_001913155.1,Maribacter hydrothermalis,Maribacter,0,3016.91748046875,0,3
GCF_001922305.1,Thauera chlorobenzoica,Thauera,0,3049.9150390625,0,6
GCF_001922385.1,Sphingomonas koreensis,Sphingomonas,0,2946.8671875,0,1
GCF_001931655.1,Acidithiobacillus albertensis,Acidithiobacillus,2,3043.969970703125,0,1
GCF_000018325.1,Alkaliphilus oremlandii,Alkaliphilus,8,2994.439208984375,0,28
GCF_001932615.1,Weissella jogaejeotgali,Weissella,0,3077.1235188802084,0.3333333333333333,15
GCF_000018525.1,Brucella canis,Brucella,3,2942.90380859375,0,3
GCF_000018605.1,Petrotoga mobilis,Petrotoga,2,2988.52880859375,0,1
GCF_001936175.1,Methylobacterium phyllosphaerae,Methylobacterium,0,2898.223103841146,0,6
GCF_001940235.1,Hornefia porci,Hornefia,3,2993.8286946614585,0.6666666666666666,3
GCF_001940285.1,Peptoniphilus porci,Peptoniphilus,3,3001.1559244791665,0,3
GCF_001940525.2,Thioclava nitratireducens,Thioclava,0,2911.19677734375,0,3
GCF_001941345.1,Corynebacterium stationis,Corynebacterium,5,2972.5029052734376,0,10
GCF_001941425.1,Corynebacterium ammoniagenes,Corynebacterium,0,2982.597696940104,0,6
GCF_000018685.1,Lachnoclostridium phytofermentans,Lachnoclostridium,2,2985.2205984933034,3,28
GCF_000018785.1,Acholeplasma laidlawii,Acholeplasma,0,2980.555908203125,0,1
GCF_000018865.1,Chloroflexus aurantiacus,Chloroflexus,2,2846.2366536458335,0.6666666666666666,3
GCF_001941445.1,Corynebacterium aquilae,Corynebacterium,0,3020.8810221354165,0,6
GCF_001941465.1,Corynebacterium flavescens,Corynebacterium,1,3013.842919921875,0,10
GCF_001941505.1,Corynebacterium sphenisci,Corynebacterium,0,2970.231689453125,0,3
GCF_001941585.1,Legionella pneumophila,Legionella,0,3059.823486328125,0,3
GCF_001941625.1,Actinoalloteichus fjordicus,Actinoalloteichus,0,3004.336181640625,0,3
GCF_000019045.1,Anoxybacillus flavithermus,Anoxybacillus,1,3045.3830217633927,0.75,28
GCF_000019085.1,Thermoanaerobacter pseudethanolicus,Thermoanaerobacter,2,2349.633056640625,2.5,6
GCF_001941825.1,Massilia putida,Massilia,0,2997.0738234747023,0,21
GCF_001941945.1,Roseomonas gilardii,Roseomonas,0,2950.83056640625,0,10
GCF_001941975.2,Sporomusa sphaeroides,Sporomusa,0,3031.185009765625,0,15
GCF_001942495.1,Moorena bouillonii,Moorena,0,2952.812255859375,0,1
GCF_001951175.1,Companilactobacillus crustorum,Companilactobacillus,0,3105.40234375,0,6
GCF_001952075.1,Bartonella apis,Bartonella,0,2946.8671875,0,1
GCF_001955695.1,Rhodoferax koreensis,Rhodoferax,3,3041.98828125,0,3
GCF_001955715.1,Rhodoferax saidenbachensis,Rhodoferax,2,3041.98828125,0,1
GCF_000019185.1,Shewanella halifaxensis,Shewanella,0,3049.0896484375,0,45
GCF_001955735.1,Rhodoferax antarcticus,Rhodoferax,0,3040.69775390625,0,3
GCF_000019225.1,Cellvibrio japonicus,Cellvibrio,0,3040.006591796875,0,3
GCF_000019345.1,Ureaplasma parvum,Ureaplasma,0,2998.43701171875,0,1
GCF_000019405.1,Histophilus somni,Histophilus,0,3041.269140625,0,10
GCF_001956695.1,Poseidonibacter parvus,Poseidonibacter,6,2967.43896484375,0,15
GCF_001956985.1,Paludisphaera borealis,Paludisphaera,3,3014.24462890625,0,3
GCF_001975665.1,Polaribacter reichenbachii,Polaribacter,3,3012.262939453125,0,3
GCF_001975705.1,Salipiger abyssi,Salipiger,0,2901.288330078125,0,1
GCF_000019525.1,Shewanella woodyi,Shewanella,1,3014.7605416434153,0,28
GCF_001984825.2,Enterobacter chengduensis,Enterobacter,0,3055.860107421875,0,28
GCF_001989575.1,Abyssicoccus albus,Abyssicoccus,0,3065.7916259765625,0,6
GCF_000019725.1,Methylobacterium radiotolerans,Methylobacterium,0,2922.653662109375,0.5333333333333333,15
GCF_000019845.1,Beijerinckia indica,Beijerinckia,0,2941.61328125,0,3
GCF_001991075.2,Clostridium baratii,Clostridium,0,2988.563162667411,0.25,28
GCF_001997295.1,Tessaracoccus flavus,Tessaracoccus,2,2994.519775390625,0,1
GCF_001997385.1,Sedimentisphaera cyanobacteriorum,Sedimentisphaera,0,3047.933349609375,0,3
GCF_000019905.1,Exiguobacterium artemiae,Exiguobacterium,0,3082.3592868381074,0,36
GCF_001998325.1,Nocardiopsis sinuspersici,Nocardiopsis,5,3036.043212890625,0,10
GCF_000020005.1,Natranaerobius thermophilus,Natranaerobius,0,3038.7620849609375,0,6
GCF_000020045.1,Paraburkholderia phymatum,Paraburkholderia,0,3025.6554036458333,0,15
GCF_000020125.1,Paraburkholderia phytofirmans,Paraburkholderia,0,3009.6728515625,0,15
GCF_001999225.1,Pseudoalteromonas aliena,Pseudoalteromonas,0,3019.8026204427083,2.3333333333333335,45
GCF_001999245.1,Roseibium algicola,Roseibium,0,2938.9404296875,0,3
GCF_000020365.1,Desulforapulum autotrophicum,Desulforapulum,0,3044.4112955729165,0,15
GCF_001999945.1,Microbulbifer agarilyticus,Microbulbifer,0,3034.752685546875,0,3
GCF_000020385.1,Trichlorobacter lovleyi,Trichlorobacter,0,3087.567138671875,0,1
GCF_000020465.1,Chlorobium limicola,Chlorobium,2,2974.61083984375,0,1
GCF_000020685.1,Deinococcus deserti,Deinococcus,4,2984.519287109375,0,6
GCF_002005145.1,Desulforamulus ferrireducens,Desulforamulus,0,3061.5533447265625,0.8,10
GCF_002005165.1,Novibacillus thermophilus,Novibacillus,0,3038.8451334635415,0,3
GCF_000020725.1,Citrifermentans bemidjiense,Citrifermentans,0,3019.888671875,0,6
GCF_000020945.1,Coprothermobacter proteolyticus,Coprothermobacter,2,2980.92333984375,0,1
GCF_000020965.1,Dictyoglomus thermophilum,Dictyoglomus,1,3051.76904296875,0,1
GCF_000021045.1,Azotobacter vinelandii,Azotobacter,0,3043.969970703125,0,15
GCF_000021285.1,Thermosipho africanus,Thermosipho,3,3071.9895833333335,0.6666666666666666,3
GCF_000021325.1,Gluconacetobacter diazotrophicus,Gluconacetobacter,4,2958.75732421875,0,6
GCF_000021485.1,Acidithiobacillus ferrooxidans,Acidithiobacillus,2,3043.969970703125,0,1
GCF_000021545.1,Sulfurihydrogenibium azorense,Sulfurihydrogenibium,0,2990.648681640625,2,1
GCF_000021685.1,Thermomicrobium roseum,Thermomicrobium,2,3008.345703125,0,1
GCF_000021705.1,Candidatus Williamhamiltonella defendens,Candidatus,0,3053.97021484375,0,3
GCF_002005305.1,Shewanella psychrophila,Shewanella,0,3037.6295572916665,0,36
GCF_000021725.1,Nautilia profundicola,Nautilia,0,2984.519287109375,0,6
GCF_000021745.1,Methylocella silvestris,Methylocella,0,2946.8671875,0,1
GCF_002005465.1,Neoasaia chiangmaiensis,Neoasaia,4,2950.83056640625,0,6
GCF_000021765.1,Thauera aminoaromatica,Thauera,0,3049.9150390625,0,6
GCF_000021805.1,Rippkaea orientalis,Rippkaea,2,2954.7939453125,0,1
GCF_000021825.1,Gloeothece citriformis,Gloeothece,3,2944.2861328125,0,3
GCF_000021865.1,Rhodobacter capsulatus,Rhodobacter,0,2907.2333984375,0,6
GCF_000021925.1,Desulfitobacterium hafniense,Desulfitobacterium,4,2711.0770751953123,0,10
GCF_000021945.1,Chloroflexus aggregans,Chloroflexus,0,2881.8392740885415,1.3333333333333333,3
GCF_000022005.1,Caulobacter vibrioides,Caulobacter,0,2925.068603515625,0,1
GCF_000022025.1,Pseudarthrobacter chlorophenolicus,Pseudarthrobacter,0,3016.226318359375,0,10
GCF_002006355.2,Clostridium felsineum,Clostridium,0,2984.519287109375,0,55
GCF_000022065.1,Ruminiclostridium cellulolyticum,Ruminiclostridium,0,3181.8717128208705,0,28
GCF_000022085.1,Methylobacterium nodulans,Methylobacterium,0,2940.922119140625,0,21
GCF_002009235.1,Planococcus faecalis,Planococcus,6,3027.0796915690103,0.4444444444444444,36
GCF_000022145.1,Anaeromyxobacter dehalogenans,Anaeromyxobacter,0,3077.70458984375,0,1
GCF_000022265.1,Geotalea daltonii,Geotalea,0,3083.603759765625,0,1
GCF_002009335.2,Desulfococcus multivorans,Desulfococcus,0,3092.2216796875,0,3
GCF_000022305.1,Acidovorax ebreus,Acidovorax,0,3030.09814453125,0,3
GCF_000022325.1,Caldicellulosiruptor bescii,Caldicellulosiruptor,0,3035.53564453125,0,3
GCF_002013915.1,Mucilaginibacter pedocola,Mucilaginibacter,4,3016.226318359375,0,6
GCF_000022745.1,Brucella microti,Brucella,3,2942.90380859375,0,3
GCF_000022905.1,Corynebacterium aurimucosum,Corynebacterium,0,3008.299560546875,0,3
GCF_002017865.1,Rhodoferax fermentans,Rhodoferax,0,3041.98828125,0,6
GCF_000022965.1,Bifidobacterium animalis,Bifidobacterium,1,3040.933837890625,0.5,6
GCF_002019595.1,Priestia abyssalis,Priestia,0,3027.05615234375,2.3333333333333335,15
GCF_000023065.1,Tolumonas auensis,Tolumonas,0,2966.9654628208705,1.0357142857142858,28
GCF_000023105.1,Beutenbergia cavernae,Beutenbergia,2,3030.09814453125,0,1
GCF_000023125.1,Dyadobacter fermentans,Dyadobacter,0,2958.9188232421875,3.5,6
GCF_000023245.1,Actinosynnema mirum,Actinosynnema,0,2995.98974609375,0,10
GCF_000023285.1,Capnocytophaga ochracea,Capnocytophaga,4,3004.336181640625,0,6
GCF_000023325.1,Kosmotoga olearia,Kosmotoga,0,3042.034423828125,0,1
GCF_000023445.1,Maridesulfovibrio salexigens,Maridesulfovibrio,0,3081.6220703125,0,10
GCF_000023465.1,Zunongwangia profunda,Zunongwangia,3,3018.8993326822915,0,3
GCF_000023545.1,Musicola paradisiaca,Musicola,0,3054.0891229538693,0,21
GCF_000023565.1,Dickeya chrysanthemi,Dickeya,0,3006.323776971726,0,21
GCF_000023705.1,Methylotenera mobilis,Methylotenera,0,3047.933349609375,0,1
GCF_000023745.1,Methylovorus glucosotrophus,Methylovorus,0,3061.80517578125,0,1
GCF_000023865.1,Saccharomonospora viridis,Saccharomonospora,0,3020.189697265625,0,3
GCF_000023905.1,Leptotrichia buccalis,Leptotrichia,5,2916.0255859375,2,10
GCF_000024025.1,Catenulispora acidiphila,Catenulispora,0,3010.28125,0,3
GCF_000024085.1,Kangiella koreensis,Kangiella,0,3049.9150390625,0,1
GCF_000024165.1,Candidatus Accumulibacter phosphatis,Candidatus,0,3047.933349609375,0,1
GCF_002019605.1,Alkalihalobacterium alkalinitrilicum,Alkalihalobacterium,0,2999.600278966567,0.23529411764705882,136
GCF_002019635.1,Metabacillus halosaccharovorans,Metabacillus,0,3055.201346261161,0,21
GCF_000024205.1,Desulfofarcimen acetoxidans,Desulfofarcimen,0,2937.2370442708334,1.6666666666666667,45
GCF_000024285.1,Alicyclobacillus acidocaldarius,Alicyclobacillus,0,3012.6590657552083,0,15
GCF_000024325.1,Desulfohalobium retbaense,Desulfohalobium,2,3081.6220703125,0,1
GCF_000024345.1,Kribbella flavida,Kribbella,0,2948.696044921875,0,1
GCF_000024385.1,Thermomonospora curvata,Thermomonospora,4,3023.12158203125,0.5,6
GCF_000024405.1,Sebaldella termitidis,Sebaldella,0,3000.372802734375,0,6
GCF_000024525.1,Spirosoma linguale,Spirosoma,4,2986.5009765625,0,6
GCF_000024545.1,Stackebrandtia nassauensis,Stackebrandtia,0,3012.262939453125,0,1
GCF_000024565.1,Streptobacillus moniliformis,Streptobacillus,0,3008.299560546875,0,10
GCF_000024605.1,Ammonifex degensii,Ammonifex,0,3131.164306640625,0,1
GCF_000024785.1,Gordonia bronchialis,Gordonia,0,3010.327392578125,0,1
GCF_000024805.1,Haliangium ochraceum,Haliangium,2,3083.603759765625,0,1
GCF_000024865.1,Streptosporangium roseum,Streptosporangium,0,3022.17138671875,0,15
GCF_000024885.1,Sulfurospirillum deleyianum,Sulfurospirillum,0,2985.21044921875,0,3
GCF_000024925.1,Sanguibacter keddieii,Sanguibacter,0,3010.995361328125,0,6
GCF_000024965.1,Xylanimonas cellulosilytica,Xylanimonas,2,3020.189697265625,0,1
GCF_000025065.1,Dickeya parazeae,Dickeya,0,3055.5901227678573,0,21
GCF_002019645.1,Litchfieldia alkalitelluris,Litchfieldia,0,3001.3986607142856,2.533333333333333,105
GCF_000025305.1,Acidaminococcus fermentans,Acidaminococcus,0,3063.5192708333334,0,15
GCF_000025345.1,Geodermatophilus obscurus,Geodermatophilus,3,3018.2080078125,0,3
GCF_000025485.1,Allochromatium vinosum,Allochromatium,0,3017.462646484375,0.6666666666666666,3
GCF_000025645.1,Thermoanaerobacter italicus,Thermoanaerobacter,0,3105.125,1,6
GCF_000025705.1,Sideroxydans lithotrophicus,Sideroxydans,0,3051.896728515625,0,1
GCF_000025725.1,Denitrovibrio acetiphilus,Denitrovibrio,0,3067.796142578125,0,1
GCF_000025845.1,Mycoplasma crocodyli,Mycoplasma,0,2980.555908203125,0,1
GCF_000025885.1,Aminobacterium colombiense,Aminobacterium,0,3036.043212890625,0,3
GCF_000025905.1,Coraliomargarita akajimensis,Coraliomargarita,0,3079.640380859375,0,1
GCF_000025925.1,Xylanibacter ruminicola,Xylanibacter,0,2946.9329833984375,0.5,6
GCF_002019665.1,Sutcliffiella halmapala,Sutcliffiella,0,3055.9520670572915,0.4444444444444444,36
GCF_000025945.1,Desulfotalea psychrophila,Desulfotalea,5,3001.5568731398807,0,21
GCF_000025965.1,Aromatoleum aromaticum,Aromatoleum,0,3047.933349609375,0,6
GCF_002019695.1,Evansella clarkii,Evansella,0,3100.066153390067,0,28
GCF_002019705.1,Shouchella patagoniensis,Shouchella,0,3056.4324776785716,0,21
GCF_000026085.1,Pseudoalteromonas translucida,Pseudoalteromonas,0,3015.5113661024307,0,36
GCF_002019735.1,Salipaludibacillus agaradhaerens,Salipaludibacillus,7,3098.6473214285716,0,21
GCF_000026105.1,Pseudomonas entomophila,Pseudomonas,0,3043.6999860491073,0,21
GCF_000026745.1,Streptococcus suis,Streptococcus,4,3069.73193359375,0,6
GCF_000027145.1,Listeria seeligeri,Listeria,0,3062.25673828125,0,15
GCF_000060345.1,Christiangramia forsetii,Christiangramia,0,3022.862548828125,0,3
GCF_000062885.1,Saccharopolyspora erythraea,Saccharopolyspora,0,3007.267822265625,0,6
GCF_002019795.1,Alkalihalobacterium alkalicellulosilyticum,Alkalihalobacterium,0,3056.19560546875,0,45
GCF_000067165.1,Sorangium cellulosum,Sorangium,1,3078.5859375,0,6
GCF_000067205.1,Bordetella petrii,Bordetella,0,3034.0615234375,0,3
GCF_000069785.1,Cupriavidus taiwanensis,Cupriavidus,0,3020.28173828125,0,3
GCF_002021755.1,Vibrio owensii,Vibrio,1,2989.168391927083,1.5333333333333334,15
GCF_002026305.1,Vagococcus martis,Vagococcus,0,3067.4826171875,0.8,10
GCF_000069965.1,Proteus mirabilis,Proteus,0,3045.833054315476,0,21
GCF_000091125.1,Sphingobium indicum,Sphingobium,0,2925.8515625,0,3
GCF_002028325.1,Pseudomonas veronii,Pseudomonas,0,3018.033154296875,0,15
GCF_002043005.1,Martelella mediterranea,Martelella,0,2929.031982421875,0,1
GCF_002056295.1,Halopseudomonas phragmitis,Halopseudomonas,0,3045.95166015625,0,3
GCF_000091305.1,Streptomyces scabiei,Streptomyces,0,3010.872314453125,0.3333333333333333,15
GCF_002056725.1,Comamonas kerstersii,Comamonas,5,3034.0615234375,0,10
GCF_002057455.1,Actinomadura parvosata,Actinomadura,0,2979.886767578125,0,10
GCF_002067135.1,Spirosoma rigui,Spirosoma,0,2981.2472330729165,0,3
GCF_002072065.1,Geobacillus thermodenitrificans,Geobacillus,0,3042.6351399739583,1.1333333333333333,45
GCF_002072955.1,Methyloprofundus sedimenti,Methyloprofundus,0,2826.4456380208335,0.6666666666666666,3
GCF_002073255.2,Pasteurella multocida,Pasteurella,0,3055.860107421875,0,15
GCF_002073495.2,Leptospira interrogans,Leptospira,0,2990.46435546875,0,1
GCF_002074155.1,Clostridium argentinense,Clostridium,2,2990.556396484375,0,1
GCF_002075085.1,bacterium endosymbiont of Pedicinus badii,bacterium,4,3125.21923828125,0,6
GCF_000091325.1,Shewanella violacea,Shewanella,0,3043.2408594823146,0.14285714285714285,91
GCF_000091545.1,Thermus thermophilus,Thermus,2,3010.28125,0,1
GCF_000091785.1,Legionella longbeachae,Legionella,0,3050.629435221354,0.6666666666666666,6
GCF_000092025.1,Agrobacterium fabrum,Agrobacterium,0,2942.90380859375,0,6
GCF_000092045.1,Rhizobium etli,Rhizobium,0,2934.97705078125,0,3
GCF_000092105.1,Planctopirus limnophila,Planctopirus,2,3043.969970703125,0,1
GCF_000092125.1,Allomeiothermus silvanus,Allomeiothermus,0,2958.75732421875,0,1
GCF_000092225.1,Tsukamurella paurometabola,Tsukamurella,2,3010.28125,0,1
GCF_002075795.1,Shewanella japonica,Shewanella,2,3017.2501220703125,0.25,28
GCF_000092245.1,Arcobacter nitrofigilis,Arcobacter,4,2995.81005859375,0,6
GCF_000092645.1,Thermobispora bispora,Thermobispora,0,2417.7086181640625,27.833333333333332,6
GCF_000092865.1,Cellulomonas flavigena,Cellulomonas,2,2996.501708984375,2,1
GCF_002076895.1,Cognaticolwellia beringensis,Cognaticolwellia,0,3053.39892578125,0,15
GCF_002077135.1,Metallibacterium scheffleri,Metallibacterium,0,3049.9150390625,0,1
GCF_002080125.1,Moraxella catarrhalis,Moraxella,4,3032.079833984375,0,6
GCF_000092885.1,Paraburkholderia atlantica,Paraburkholderia,0,3038.02490234375,0,15
GCF_000092905.1,Kyrpidia tusciae,Kyrpidia,5,2993.43447265625,0.6,10
GCF_000092965.1,Thermoanaerobacter mathranii,Thermoanaerobacter,0,2853.10791015625,0,6
GCF_000093025.1,Methylotenera versatilis,Methylotenera,0,3047.933349609375,0,3
GCF_000093065.1,Candidatus Riesia pediculicola,Candidatus,2,3091.530517578125,0,1
GCF_000093085.1,Salisediminibacterium selenitireducens,Salisediminibacterium,0,3092.6429268973216,0,21
GCF_000143085.1,Nitrosococcus watsonii,Nitrosococcus,2,3046.043701171875,0,1
GCF_000144405.1,Prevotella melaninogenica,Prevotella,4,3028.8076171875,0,6
GCF_000144605.1,Brevundimonas subvibrioides,Brevundimonas,0,2895.34326171875,0,1
GCF_002080475.1,Clostridium formicaceticum,Clostridium,0,3025.7751908735795,0,55
GCF_000144695.1,Acetohalobium arabaticum,Acetohalobium,0,3042.7994140625,0,10
GCF_002081995.1,Sporosarcina ureae,Sporosarcina,0,3040.2134602864585,0,6
GCF_000145215.1,Caldicellulosiruptor obsidiansis,Caldicellulosiruptor,0,2822.92236328125,1,1
GCF_002085925.2,Thioclava electrotropha,Thioclava,0,2872.5435384114585,0.6666666666666666,3
GCF_000145235.1,Micromonospora aurantiaca (nom. illeg.),Micromonospora,0,2991.7003580729165,0,3
GCF_002093115.1,Geothermobacter hydrogeniphilus,Geothermobacter,0,3083.64990234375,1,1
GCF_002096055.1,Cnuibacter physcomitrellae,Cnuibacter,2,3022.17138671875,0,1
GCF_002097535.1,Halobacillus mangrovi,Halobacillus,7,3083.9062151227677,0,21
GCF_000145275.1,Clostridium cellulovorans,Clostridium,0,2995.787163628472,0,36
GCF_000146065.2,Candidatus Cloacimonas acidaminovorans,Candidatus,0,3143.23828125,0,1
GCF_002101395.1,Pantoea alhagi,Pantoea,0,3036.3455984933034,0,21
GCF_002105195.1,Derxia lacustris,Derxia,3,3034.0615234375,0,3
GCF_002105555.1,Paracoccus contaminans,Paracoccus,0,2891.3798828125,0,1
GCF_002117005.1,Sedimentisphaera salicampi,Sedimentisphaera,0,3021.6640625,0,3
GCF_002117085.1,Nonlabens tegetincola,Nonlabens,3,3024.153076171875,0,3
GCF_002117105.1,Oceanicoccus sagamiensis,Oceanicoccus,0,3043.969970703125,0,1
GCF_002117125.1,Nonlabens spongiae,Nonlabens,2,3024.153076171875,0,1
GCF_002117145.1,Candidatus Nucleicultrix amoebiphila,Candidatus,0,2946.8671875,0,1
GCF_002117445.1,Ketogulonicigenium robustum,Ketogulonicigenium,0,2899.306640625,0,15
GCF_000146165.2,Shewanella oneidensis,Shewanella,0,3046.4583875868057,0,36
GCF_002119805.1,Macrococcoides canis,Macrococcoides,0,3076.488037109375,0,10
GCF_000146185.1,Lachnospira eligens,Lachnospira,1,2948.8658935546873,1.2,10
GCF_002139825.2,Campylobacter vicugnae,Campylobacter,0,2991.1556803385415,0,3
GCF_000147335.1,Gloeothece verrucosa,Gloeothece,0,2902.2550455729165,0,3
GCF_002139935.1,Campylobacter lanienae,Campylobacter,0,2996.409423828125,0,3
GCF_000147695.2,Thermoanaerobacter wiegelii,Thermoanaerobacter,2,2876.96923828125,1.5,6
GCF_002140715.2,Candidatus Enterococcus mansonii,Candidatus,0,3085.6314697265625,0,6
GCF_002140915.1,Candidatus Enterococcus testudinis,Candidatus,0,3083.649658203125,0,1
GCF_002140975.2,Candidatus Enterococcus clewellii,Candidatus,0,3083.649658203125,0,6
GCF_000152245.2,Eubacterium callanderi,Eubacterium,0,3015.461181640625,0,10
GCF_000153125.2,Congregibacter litoralis,Congregibacter,0,3040.006591796875,0,1
GCF_000153185.1,Reinekea blandensis,Reinekea,0,2976.255615234375,2,1
GCF_000153225.1,Polaribacter irgensii,Polaribacter,0,3008.299560546875,0,1
GCF_002141365.2,Candidatus Enterococcus palustris,Candidatus,0,3093.51220703125,0,6
GCF_000153305.1,Oceanicola granulosus,Oceanicola,0,2899.306640625,0,6
GCF_002148425.2,Candidatus Enterococcus lemimoniae,Candidatus,4,3083.00439453125,0,6
GCF_002149925.1,Thioflexithrix psekupsensis,Thioflexithrix,0,2984.136474609375,2,1
GCF_000153465.1,Aurantimonas manganoxydans,Aurantimonas,0,2930.95947265625,0.6666666666666666,3
GCF_000153705.1,Fulvimarina pelagi,Fulvimarina,0,2899.097900390625,2,1
GCF_000153765.1,Mariprofundus ferrooxydans,Mariprofundus,0,3043.969970703125,0,1
GCF_000154285.1,Amedibacillus dolichus,Amedibacillus,0,3051.896728515625,0,1
GCF_002155145.1,Kushneria konosiri,Kushneria,0,3043.969970703125,0,6
GCF_002155265.1,Corynebacterium pseudotuberculosis,Corynebacterium,0,3012.262939453125,0,6
GCF_000154385.1,Faecalibacterium prausnitzii,Faecalibacterium,0,2871.259065755208,0.8666666666666667,15
GCF_000154525.1,Bacteroides stercoris,Bacteroides,1,2663.7841796875,3,1
GCF_000154705.2,Hoeflea phototrophica,Hoeflea,0,2946.8671875,0,1
GCF_002156385.1,Halalkalibacter urbisdiaboli,Halalkalibacter,2,2904.40771484375,0,10
GCF_000154725.1,Kordia algicida,Kordia,0,2995.064208984375,0.6666666666666666,3
GCF_000155955.1,Mitsuokella multacida,Mitsuokella,0,3022.585693359375,1,1
GCF_000157355.2,Enterococcus casseliflavus,Enterococcus,0,3078.51572265625,0,10
GCF_002156545.1,Pseudoalteromonas ulvae,Pseudoalteromonas,0,2306.288118489583,0,15
GCF_000158095.2,Roseibium alexandrii,Roseibium,0,2938.9404296875,0,3
GCF_000160035.2,Catonella morbi,Catonella,0,2971.7067057291665,2,3
GCF_000160055.1,Dialister invisus,Dialister,2,3077.84228515625,0,1
GCF_002157165.1,Acidovorax carolinensis,Acidovorax,0,3006.5016276041665,0.6666666666666666,6
GCF_002157465.1,Butyricicoccus porcorum,Butyricicoccus,0,2982.12939453125,3,6
GCF_000163895.2,Filifactor alocis,Filifactor,0,3006.5247802734375,1.5,6
GCF_000164675.2,Streptococcus parasanguinis,Streptococcus,0,3067.750244140625,0,6
GCF_002157735.2,Vibrio aphrogenes,Vibrio,0,3048.8351004464284,0,21
GCF_002157835.1,Mycobacterium dioxanotrophicus,Mycobacterium,0,2948.337158203125,0,3
GCF_000165505.1,Ilyobacter polytropus,Ilyobacter,0,2998.880196707589,0,28
GCF_000165715.2,Rubinisphaera brasiliensis,Rubinisphaera,2,2972.629150390625,0,1
GCF_000165795.1,Aminomonas paucivorans,Aminomonas,0,3014.9359537760415,0,3
GCF_000166275.1,Algoriphagus machipongonensis,Algoriphagus,2,3000.3179524739585,0,3
GCF_000166335.1,Caldicellulosiruptor owensensis,Caldicellulosiruptor,0,3060.5146484375,0,3
GCF_000166415.1,Halanaerobium hydrogeniformans,Halanaerobium,0,3046.5380859375,0,6
GCF_002157855.1,Sutcliffiella horikoshii,Sutcliffiella,0,3058.2267020089284,0,28
GCF_000166695.1,Caldicellulosiruptor acetigenus,Caldicellulosiruptor,0,3044.061767578125,0,3
GCF_000166775.1,Caldicellulosiruptor kronotskyensis,Caldicellulosiruptor,0,2995.985595703125,0.6666666666666666,3
GCF_000168975.1,Roseibium aggregatum,Roseibium,0,2938.9404296875,0,3
GCF_002157875.1,Oceanisphaera avium,Oceanisphaera,0,3002.7437046595983,0.25,28
GCF_000169155.1,Thermosinus carboxydivorans,Thermosinus,0,2844.1115838913693,1.2380952380952381,21
GCF_000169175.1,Microscilla marina,Microscilla,0,2972.629150390625,0,3
GCF_000169255.2,Pseudoflavonifractor capillosus,Pseudoflavonifractor,1,2763.904296875,0,1
GCF_000169535.1,Ureaplasma urealyticum,Ureaplasma,0,2982.629638671875,0,1
GCF_000170755.1,Lentisphaera araneosa,Lentisphaera,0,2984.4956868489585,0.6666666666666666,3
GCF_000172975.1,Dethiosulfovibrio peptidovorans,Dethiosulfovibrio,5,3027.351318359375,0,10
GCF_002157895.1,Oceanisphaera profunda,Oceanisphaera,0,2975.738612583705,0,28
GCF_000173615.1,Sulfurihydrogenibium yellowstonense,Sulfurihydrogenibium,0,3009.56201171875,0,10
GCF_000174435.1,Desulfonatronospira thiodismutans,Desulfonatronospira,2,2583.181396484375,0,1
GCF_002158865.1,Comamonas serinivorans,Comamonas,0,3038.02490234375,0,6
GCF_000175215.2,Asticcacaulis excentricus,Asticcacaulis,0,2895.34326171875,0,3
GCF_002162115.2,Corynebacterium silvaticum,Corynebacterium,0,3014.24462890625,0,6
GCF_000175295.2,Thermoanaerobacter brockii,Thermoanaerobacter,3,2341.6425170898438,3,6
GCF_000176035.2,Mesorhizobium opportunistum,Mesorhizobium,0,2942.90380859375,0,1
GCF_000176855.2,Paracidovorax avenae,Paracidovorax,0,3024.8444010416665,0,3
GCF_000176915.2,Pseudodesulfovibrio aespoeensis,Pseudodesulfovibrio,2,3067.796142578125,0,1
GCF_000177215.2,Solidesulfovibrio carbinoliphilus,Solidesulfovibrio,3,3064.4781901041665,0,3
GCF_000177235.2,Evansella cellulosilytica,Evansella,0,3056.9288519965276,0.2,45
GCF_000177535.2,Corynebacterium resistens,Corynebacterium,1,2306.7848307291665,0,3
GCF_000178835.2,Cellulosilyticum lentocellum,Cellulosilyticum,7,2842.5617838541666,0.6,45
GCF_000178855.1,Ktedonobacter racemifer,Ktedonobacter,8,2888.7840837751114,1.0357142857142858,28
GCF_000179595.2,Acetivibrio cellulolyticus,Acetivibrio,0,2970.785400390625,0,1
GCF_000179615.1,Paenibacillus curdlanolyticus,Paenibacillus,9,3049.199755859375,0,45
GCF_000183135.1,Paludibacter propionicigenes,Paludibacter,0,3028.116455078125,0,3
GCF_000183365.1,Mycoplasma leachii,Mycoplasma,2,3002.446533203125,0,1
GCF_000183385.1,Mycoplasmopsis bovis,Mycoplasmopsis,0,2976.73046875,0,1
GCF_000183405.1,Calditerrivibrio nitroreducens,Calditerrivibrio,2,3063.832763671875,0,1
GCF_000183425.1,Marivirga tractuosa,Marivirga,0,3014.24462890625,0,1
GCF_000183665.1,Candidatus Liberibacter solanacearum,Candidatus,0,2913.54638671875,2,1
GCF_000185705.2,Bilophila wadsworthia,Bilophila,0,3068.44140625,0,6
GCF_000185805.1,Thermovibrio ammonificans,Thermovibrio,0,3127.984375,1.3333333333333333,3
GCF_000186005.1,Mycoplasmopsis fermentans,Mycoplasmopsis,2,2990.510498046875,0,1
GCF_000186225.1,Bacteroides helcogenes,Bacteroides,0,2916.9844563802085,0.5,6
GCF_000186245.1,Nitratifractor salsuginis,Nitratifractor,0,3006.31787109375,0,1
GCF_000186265.1,Cellulophaga algicola,Cellulophaga,0,2996.0958984375,0,10
GCF_000186345.1,Isosphaera pallida,Isosphaera,3,3008.8753255208335,0.6666666666666666,3
GCF_000186885.1,Desulfobulbus propionicus,Desulfobulbus,0,3087.567138671875,0,1
GCF_000187935.1,Streptococcus parauberis,Streptococcus,5,3056.2513671875,0.4,10
GCF_000188015.2,Streptococcus ictaluri,Streptococcus,3,3059.2242838541665,0,3
GCF_000190575.1,Phocaeicola salanitronis,Phocaeicola,1,2853.9210611979165,0.6666666666666666,3
GCF_000190635.1,Syntrophobotulus glycolicus,Syntrophobotulus,0,3103.420654296875,0,3
GCF_000190735.1,Pseudopedobacter saltans,Pseudopedobacter,0,3024.84423828125,0,6
GCF_000190755.2,Methylobacter tundripaludum,Methylobacter,0,3041.98828125,0,1
GCF_000192745.1,Polymorphum gilvum,Polymorphum,0,2938.9404296875,0,1
GCF_000194135.1,Hippea maritima,Hippea,2,3285.736083984375,0,1
GCF_000195335.1,Marinithermus hydrothermalis,Marinithermus,0,3030.09814453125,0,3
GCF_000195555.1,Francisella hispaniensis,Francisella,0,3022.862548828125,0,3
GCF_000195975.1,Parasynechococcus marenigrum,Parasynechococcus,0,2908.960205078125,0,1
GCF_000196035.1,Listeria monocytogenes,Listeria,0,2905.662841796875,0,15
GCF_000196175.1,Bdellovibrio bacteriovorus,Bdellovibrio,0,3000.372802734375,0,1
GCF_000196435.1,Bartonella tribocorum,Bartonella,0,2952.812255859375,0,1
GCF_000196455.1,Acetoanaerobium sticklandii,Acetoanaerobium,1,2614.594970703125,0,3
GCF_000196475.1,Photorhabdus asymbiotica,Photorhabdus,0,3057.301827566964,0,21
GCF_000196495.1,Aliivibrio salmonicida,Aliivibrio,0,3029.7033247514205,0.803030303030303,66
GCF_000196555.1,Bifidobacterium longum,Bifidobacterium,0,3018.2310791015625,0,6
GCF_000196675.2,Pseudonocardia dioxanivorans,Pseudonocardia,0,3012.262939453125,0,3
GCF_000196795.1,Acinetobacter oleivorans,Acinetobacter,0,3006.6421712239585,3,15
GCF_000197735.1,Glutamicibacter arilaitensis,Glutamicibacter,0,3021.5262044270835,0,15
GCF_000204645.1,Alicycliphilus denitrificans,Alicycliphilus,0,3030.09814453125,0,3
GCF_000208385.1,Parasphaerochaeta coccoides,Parasphaerochaeta,0,3031.48046875,0,3
GCF_000208405.1,Selenomonas sputigena,Selenomonas,0,3054.0392252604165,0,6
GCF_000210915.2,Halobacteriovorax marinus,Halobacteriovorax,0,3085.58544921875,0,1
GCF_000212375.1,Porphyromonas asaccharolytica,Porphyromonas,0,3030.09814453125,0,1
GCF_000212395.1,Thermodesulfobium narugense,Thermodesulfobium,2,3012.262939453125,0,1
GCF_000212415.1,Treponema brennaborense,Treponema,2,3045.5435791015625,0,6
GCF_000212675.2,Desulfocurvibacter africanus,Desulfocurvibacter,0,3073.6953125,0,3
GCF_000213235.1,Tepidanaerobacter acetatoxydans,Tepidanaerobacter,0,2957.14306640625,1,1
GCF_000213255.1,Mahella australiensis,Mahella,0,3030.0743815104165,0,3
GCF_000213655.1,Alteromonas naphthalenivorans,Alteromonas,0,3012.958984375,0,6
GCF_000214155.1,Mycolicibacter sinensis,Mycolicibacter,2,3040.006591796875,0,1
GCF_000214175.1,Hoyosella subflava,Hoyosella,0,2990.3553059895835,0,3
GCF_000214235.1,Serratia plymuthica,Serratia,0,3053.6084333147323,0,21
GCF_000214275.2,Methylomicrobium album,Methylomicrobium,0,3034.107421875,0,1
GCF_000214435.1,Desulfotomaculum nigrificans,Desulfotomaculum,6,2990.070100911458,0.8666666666666667,15
GCF_000214705.1,Desulfofundulus kuznetsovii,Desulfofundulus,2,2251.19384765625,0,1
GCF_000215085.1,Desulforamulus ruminis,Desulforamulus,1,3020.1756103515627,0.4,10
GCF_000217655.1,Treponema paraluiscuniculi,Treponema,0,3069.73193359375,0,1
GCF_000218235.1,Hallella multisaccharivorax,Hallella,0,2972.9012858072915,0.6666666666666666,3
GCF_000218625.1,Flexistipes sinusarabici,Flexistipes,0,3077.65869140625,0,1
GCF_000218855.1,Clostridium acetobutylicum,Clostridium,0,2969.9838334517044,0,55
GCF_000219045.1,Francisella salina,Francisella,0,3030.6732584635415,0,3
GCF_000219215.1,Cupriavidus necator,Cupriavidus,0,3029.738525390625,0,10
GCF_000219725.1,Gracilinema caldarium,Gracilinema,0,3042.080322265625,0,1
GCF_000220705.2,Streptomyces xinghaiensis,Streptomyces,4,3014.837353515625,0,15
GCF_000220945.1,Amycolatopsis mediterranei,Amycolatopsis,4,2997.123819986979,0.6666666666666666,6
GCF_000221025.1,Acidithiobacillus caldus,Acidithiobacillus,0,3049.9150390625,0,1
GCF_000222485.1,Cyclobacterium marinum,Cyclobacterium,0,3014.9359537760415,0,3
GCF_000222975.1,Yersinia pestis,Yersinia,0,3049.9610188802085,0,15
GCF_000224005.2,Marichromatium purpuratum,Marichromatium,0,3028.116455078125,0,3
GCF_000224785.1,Lentibacillus jeotgali,Lentibacillus,0,3098.166748046875,0,6
GCF_000224985.1,Ligilactobacillus ruminis,Ligilactobacillus,0,3071.2064615885415,0.9333333333333333,15
GCF_000225825.1,Brachybacterium squillarum,Brachybacterium,0,3006.36376953125,0,1
GCF_002162355.1,Tumebacillus avium,Tumebacillus,1,2994.3750476655505,0.5238095238095238,630
GCF_000226625.1,Taylorella asinigenitalis,Taylorella,0,3059.823486328125,0,3
GCF_000227745.2,Thiocystis violascens,Thiocystis,0,3030.09814453125,0,3
GCF_000230995.2,Mesorhizobium australicum,Mesorhizobium,0,2942.90380859375,0,1
GCF_000231385.2,Desulfosporosinus meridiei,Desulfosporosinus,2,3075.861328125,1,1
GCF_002162375.1,Oleiphilus messinensis,Oleiphilus,0,3032.079833984375,0,10
GCF_002163585.1,Tatumella citrea,Tatumella,0,3055.860107421875,0,21
GCF_000231405.2,Desulfitobacterium metallireducens,Desulfitobacterium,8,3088.4851684570312,0.25,28
GCF_000233595.1,Pantoea ananatis,Pantoea,0,3055.860107421875,0,1
GCF_002174455.2,Candidatus Enterococcus dunnyi,Candidatus,0,3083.6497802734375,0.5,6
GCF_000233695.2,Desulfobacter postgatei,Desulfobacter,0,3078.5859375,0.5,6
GCF_000233715.2,Desulfoscipio gibsoniae,Desulfoscipio,0,2715.9197998046875,3.2,10
GCF_002192415.1,Paenibacillus donghaensis,Paenibacillus,0,3049.038669162326,0,36
GCF_002197645.1,Enterococcus wangshanyuanii,Enterococcus,0,3083.6497802734375,0,6
GCF_002201795.1,Alkalitalea saponilacus,Alkalitalea,0,2937.392333984375,0,6
GCF_002205635.1,Sphingopyxis witflariensis,Sphingopyxis,0,2950.83056640625,0,1
GCF_002208825.2,Brevundimonas vesicularis,Brevundimonas,0,2895.34326171875,0,1
GCF_000235585.1,Paenibacillus terrae,Paenibacillus,0,3047.241204155816,0.2222222222222222,36
GCF_002209445.1,Capnocytophaga endodontalis,Capnocytophaga,0,2939.284871419271,0,6
GCF_002211785.1,Francisella halioticida,Francisella,0,3040.006591796875,0,3
GCF_002214645.1,Diaphorobacter nitroreducens,Diaphorobacter,0,3030.09814453125,0,3
GCF_002215215.1,Granulosicoccus antarcticus,Granulosicoccus,0,3051.2976888020835,1.3333333333333333,3
GCF_000235605.1,Desulfosporosinus orientis,Desulfosporosinus,5,2980.6034016927083,0,15
GCF_000236165.1,Fluoribacter dumoffii,Fluoribacter,0,3047.933349609375,0,1
GCF_000236665.1,Azospira oryzae,Azospira,0,3051.896728515625,0,1
GCF_002216145.1,Neisseria chenwenguii,Neisseria,0,3053.87841796875,0,6
GCF_000236925.1,Staphylococcus argenteus,Staphylococcus,0,3059.9154052734375,0,6
GCF_000237085.1,Acetivibrio clariflavus,Acetivibrio,0,3259.3289388020835,0,15
GCF_002216775.1,Virgibacillus phasianinus,Virgibacillus,0,3099.6678641183034,0,21
GCF_000237825.1,Thermanaerovibrio velox,Thermanaerovibrio,3,3014.935791015625,0,3
GCF_000238255.3,Pseudoalteromonas spongiae,Pseudoalteromonas,0,3024.5148577008927,0,21
GCF_002216855.1,Paraphotobacterium marinum,Paraphotobacterium,1,3044.8656412760415,0,36
GCF_000238275.3,Pseudoalteromonas undina,Pseudoalteromonas,0,2968.3289388020835,0.3333333333333333,15
GCF_000238295.3,Pseudoalteromonas rubra,Pseudoalteromonas,0,3022.263671875,2,1
GCF_000238375.3,Pseudoalteromonas citrea,Pseudoalteromonas,0,3041.3892415364585,0,3
GCF_002218045.2,Vibrio rumoiensis,Vibrio,0,2914.585763113839,2.142857142857143,28
GCF_002220155.1,Azotobacter chroococcum,Azotobacter,0,3041.3430989583335,0.3333333333333333,15
GCF_000238395.3,Pseudoalteromonas arctica,Pseudoalteromonas,0,2997.1226399739585,0,36
GCF_000240185.1,Klebsiella pneumoniae,Klebsiella,8,3003.22664969308,0,28
GCF_000241055.1,Oenococcus kitaharae,Oenococcus,0,3103.420654296875,0,1
GCF_002221505.1,Pseudoalteromonas nigrifaciens,Pseudoalteromonas,0,3017.262736002604,0,36
GCF_000241955.1,Rahnella aquatilis,Rahnella,0,3053.338448660714,0,21
GCF_000242235.1,Stomatobaculum longum,Stomatobaculum,0,2974.955615234375,0.4,10
GCF_002221525.1,Pseudoalteromonas espejiana,Pseudoalteromonas,0,3027.082528250558,0,28
GCF_002222655.1,Vitreoscilla filiformis,Vitreoscilla,1,2988.100830078125,3,1
GCF_000242255.2,Frateuria aurantia,Frateuria,0,3061.80517578125,0,6
GCF_000242595.2,Spirochaeta africana,Spirochaeta,1,3036.6183268229165,0,3
GCF_000243115.2,Niabella soli,Niabella,2,3020.235595703125,0,1
GCF_000243135.2,Desulfitobacterium dichloroeliminans,Desulfitobacterium,0,3119.2096435546873,0,10
GCF_000243155.2,Desulfitobacterium dehalogenans,Desulfitobacterium,2,2803.948974609375,0,15
GCF_000243395.2,Saccharomonospora glauca,Saccharomonospora,0,3020.189697265625,0,1
GCF_002224265.1,Vibrio vulnificus,Vibrio,1,3028.157161458333,0.2,45
GCF_002224365.1,Virgibacillus necropolis,Virgibacillus,0,3087.659005301339,0,21
GCF_000244895.1,Desulfosporosinus youngiae,Desulfosporosinus,6,2792.1418253580728,0.2222222222222222,36
GCF_000244955.1,Saccharomonospora marina,Saccharomonospora,0,2969.7247721354165,0,3
GCF_002233675.1,Paenibacillus herberti,Paenibacillus,0,3065.8603515625,0,10
GCF_000244975.1,Saccharomonospora cyanea,Saccharomonospora,0,3018.2080078125,0,3
GCF_000245755.1,Helcococcus kunzii,Helcococcus,2,3032.079833984375,0,1
GCF_002234495.1,Arenibacter algicola,Arenibacter,3,3020.189697265625,0,3
GCF_002234535.1,Actinoalloteichus hoggarensis,Actinoalloteichus,0,3004.336181640625,0,3
GCF_000245795.1,Facklamia languida,Facklamia,0,3053.9703776041665,0.6666666666666666,3
GCF_002240035.1,Legionella clemsonensis,Legionella,2,3061.80517578125,0,1
GCF_000247565.1,Wigglesworthia glossinidia,Wigglesworthia,2,3083.603759765625,0,1
GCF_000247605.1,Acetobacterium woodii,Acetobacterium,4,2992.1409423828127,0,10
GCF_000247715.1,Gordonia polyisoprenivorans,Gordonia,0,3002.2999674479165,0,3
GCF_000250635.1,Saprospira grandis,Saprospira,0,3026.134765625,0,3
GCF_002240225.1,Paenibacillus physcomitrellae,Paenibacillus,0,3027.374803331163,0.2222222222222222,36
GCF_000252955.1,Xenorhabdus nematophila,Xenorhabdus,0,2988.099388485863,0.2857142857142857,21
GCF_000252995.1,Salmonella bongori,Salmonella,0,2978.553780691964,0,21
GCF_000253175.1,Yersinia enterocolitica,Yersinia,0,3024.8176850818454,0.2857142857142857,21
GCF_000253275.1,Flavobacterium branchiophilum,Flavobacterium,0,2996.409423828125,0,1
GCF_002240415.1,Paenibacillus kribbensis,Paenibacillus,1,3038.0703396267363,0,45
GCF_002243385.1,Mogibacterium pumilum,Mogibacterium,0,2995.0034993489585,0.6666666666666666,3
GCF_000253315.1,Streptococcus salivarius,Streptococcus,6,3067.750244140625,0,15
GCF_000255115.2,Desulfosporosinus acidiphilus,Desulfosporosinus,1,2925.534905327691,0.2222222222222222,36
GCF_000255135.1,Marinitoga piezophila,Marinitoga,0,3053.87841796875,0,3
GCF_000255295.1,Corallococcus coralloides,Corallococcus,1,2990.82177734375,1.3333333333333333,3
GCF_000258175.1,Saccharomonospora xinjiangensis,Saccharomonospora,0,2999.5423177083335,0.6666666666666666,3
GCF_000258535.2,Paenibacillus mucilaginosus,Paenibacillus,0,3041.1019381009614,0,78
GCF_000260965.1,Methylophaga frappieri,Methylophaga,0,3002.327392578125,0,1
GCF_000260985.4,Methylophaga nitratireducenticrescens,Methylophaga,0,3038.7162272135415,0,3
GCF_000262305.1,Shimwellia blattae,Shimwellia,0,3010.264229910714,2.142857142857143,28
GCF_000262445.1,Thermoanaerobacter siderophilus,Thermoanaerobacter,1,3095.73486328125,5,1
GCF_000262545.1,Prevotella bivia,Prevotella,4,3002.964640299479,1.1666666666666667,6
GCF_000262755.1,Bacillus methanolicus,Bacillus,0,3056.56982421875,0.3333333333333333,15
GCF_000263195.1,Emticicia oligotrophica,Emticicia,0,2966.730224609375,1,1
GCF_000265295.1,Sulfurospirillum barnesii,Sulfurospirillum,0,2990.46435546875,0,1
GCF_000265385.1,Aequorivita sublithincola,Aequorivita,0,3020.189697265625,0,1
GCF_000265405.1,Belliella baltica,Belliella,4,3012.285888671875,0,6
GCF_000265425.1,Terriglobus roseus,Terriglobus,2,2976.592529296875,0,1
GCF_000265505.1,Bernardetia litoralis,Bernardetia,0,3017.6088053385415,0,3
GCF_000266885.1,Turneriella parva,Turneriella,2,3008.299560546875,0,1
GCF_000270085.1,Erysipelothrix rhusiopathiae,Erysipelothrix,0,3049.9150390625,0,21
GCF_000271485.2,Pelosinus fermentans,Pelosinus,4,2833.159898546007,0,36
GCF_000277895.2,Xanthomonas vasicola,Xanthomonas,2,3065.7685546875,0,1
GCF_000279995.1,Bartonella tamiae,Bartonella,0,2946.8671875,0,1
GCF_000280055.1,Alishewanella aestuarii,Alishewanella,0,3020.189697265625,0,1
GCF_000280865.2,Streptomyces auratus,Streptomyces,0,3026.134765625,0,15
GCF_000280925.3,Pseudomyxococcus hansupus,Pseudomyxococcus,0,3043.992919921875,0,6
GCF_000281175.1,Caldilinea aerophila,Caldilinea,2,2982.53759765625,0,1
GCF_000284295.1,Actinoplanes missouriensis,Actinoplanes,0,2989.8072102864585,0,15
GCF_000284515.1,Halobacillus halophilus,Halobacillus,7,3081.384742373512,1.0476190476190477,21
GCF_000284635.1,Helicobacter cinaedi,Helicobacter,0,2970.6474609375,0,1
GCF_000296445.1,Slackia piriformis,Slackia,0,2978.6661783854165,0,3
GCF_000296815.2,Fibrisoma limi,Fibrisoma,3,2981.2470703125,0,3
GCF_000297395.2,Micromonospora lupini,Micromonospora,1,2874.8629557291665,0.6666666666666666,3
GCF_000299335.2,Isoalcanivorax pacificus,Isoalcanivorax,0,3057.841796875,0,1
GCF_002243515.1,Tumebacillus algifaecis,Tumebacillus,0,3012.3504816038994,0.42735042735042733,351
GCF_000299355.1,Gottschalkia acidurici,Gottschalkia,1,2987.557926432292,1.6,15
GCF_000300095.1,Paraburkholderia phenoliruptrix,Paraburkholderia,1,3016.790283203125,1,15
GCF_000300235.2,Thalassospira xiamenensis,Thalassospira,0,2910.858154296875,0,1
GCF_000305935.1,Thermacetogenium phaeum,Thermacetogenium,0,3051.896728515625,0,3
GCF_000306255.2,Leptospira noguchii,Leptospira,0,2974.7027994791665,0,3
GCF_000306675.2,Leptospira mayottensis,Leptospira,0,2911.65576171875,0,1
GCF_000307105.1,Desulfobacula toluolica,Desulfobacula,0,3066.574462890625,0,6
GCF_000307165.1,Amphibacillus xylanus,Amphibacillus,0,3103.4666341145835,0,15
GCF_000307585.2,Thermoanaerobacterium saccharolyticum,Thermoanaerobacterium,0,2975.393798828125,0,3
GCF_000309885.1,Thermus oshimai,Thermus,2,2986.5009765625,0,1
GCF_000313175.2,Leptospira santarosai,Leptospira,0,2982.58349609375,0,1
GCF_000315465.1,Actinobaculum massiliense,Actinobaculum,0,3047.933349609375,0,3
GCF_000315565.1,Mastigocladopsis repens,Mastigocladopsis,1,2899.9798990885415,0,3
GCF_000316515.1,Cyanobium gracile,Cyanobium,0,2935.02294921875,0,1
GCF_000317105.1,Oscillatoria acuminata,Oscillatoria,1,2869.9252115885415,0.6666666666666666,3
GCF_000317125.1,Chroococcidiopsis thermalis,Chroococcidiopsis,3,2956.775634765625,0,3
GCF_002243645.1,Peribacillus simplex,Peribacillus,0,3063.665275804924,0.16666666666666666,66
GCF_000317145.1,Chamaesiphon minutus,Chamaesiphon,0,2946.8671875,0,3
GCF_000317615.1,Dactylococcopsis salina,Dactylococcopsis,0,2929.8151041666665,0,3
GCF_000317675.1,Cyanobacterium aponinum,Cyanobacterium,0,2874.300537109375,0,3
GCF_000319245.1,Candidatus Kinetoplastidibacterium blastocrithidiae,Candidatus,3,3034.0615234375,0,3
GCF_000325705.1,Echinicola vietnamensis,Echinicola,0,3016.226318359375,0,6
GCF_000327045.1,Thioflavicoccus mobilis,Thioflavicoccus,0,3036.089111328125,0,1
GCF_000328705.1,Saccharothrix espanaensis,Saccharothrix,0,2997.33642578125,0,6
GCF_000328725.1,Mycoplasmopsis cynos,Mycoplasmopsis,0,2958.7948404947915,0,3
GCF_000330705.1,Salinicoccus carnicancri,Salinicoccus,0,3059.7686360677085,0,3
GCF_000330885.1,Rhizobium tropici,Rhizobium,0,2934.97705078125,0,3
GCF_000331185.2,Streptomyces rimosus,Streptomyces,0,3021.631417410714,0,21
GCF_000331575.1,Calidifontibacillus oryziterrae,Calidifontibacillus,2,2629.184326171875,0,1
GCF_000331715.1,Lawsonia intracellularis,Lawsonia,0,3077.65869140625,0,1
GCF_000332115.1,Nonlabens dokdonensis,Nonlabens,2,3024.153076171875,0,1
GCF_000334155.1,Halalkalibacterium ligniniphilum,Halalkalibacterium,1,2926.302490234375,0,1
GCF_000336465.1,Pseudomonas poae,Pseudomonas,0,3042.79931640625,0,10
GCF_000340375.1,Eggerthia catenaformis,Eggerthia,5,2870.765478515625,0,10
GCF_000340475.1,Oceanobacillus kimchii,Oceanobacillus,0,3103.420654296875,0,1
GCF_000340795.1,Candidatus Kinetoplastidibacterium desouzai,Candidatus,3,3034.0615234375,0,3
GCF_000340825.1,Candidatus Kinetoplastidibacterium crithidiae,Candidatus,3,3034.0615234375,0,3
GCF_000340865.1,Candidatus Kinetoplastidibacterium stringomonadis,Candidatus,3,3034.0615234375,0,3
GCF_002250055.1,Sutcliffiella cohnii,Sutcliffiella,0,3044.9219554859205,0,91
GCF_002252565.1,Petroclostridium xylanilyticum,Petroclostridium,1,2926.745263671875,2,10
GCF_000340885.1,Clostridium saccharoperbutylacetonicum,Clostridium,11,2974.0322975852273,0.18181818181818182,55
GCF_000340905.1,Candidatus Kinetoplastidibacterium galati,Candidatus,3,3034.0615234375,0,3
GCF_002257545.1,Vibrio qinghaiensis,Vibrio,0,3042.26435546875,0,45
GCF_000341395.1,Desulfocapsa sulfexigens,Desulfocapsa,3,3091.530517578125,0,3
GCF_000344785.1,Corynebacterium callunae,Corynebacterium,0,3016.4369070870534,0,21
GCF_000350525.1,Leucobacter salsicius,Leucobacter,3,3024.153076171875,0,3
GCF_000350545.1,Desulfotignum phosphitoxidans,Desulfotignum,0,2865.680419921875,5,1
GCF_002257695.2,Sporomusa acidovorans,Sporomusa,0,2795.7200230189733,4.535714285714286,28
GCF_000355675.1,Thalassolituus oleivorans,Thalassolituus,0,3042.0343017578125,0,6
GCF_000359745.1,Rhizobium freirei,Rhizobium,0,2934.97705078125,0,3
GCF_002257705.2,Sporomusa silvacetica,Sporomusa,7,3004.7961077008927,2.1904761904761907,21
GCF_002259745.1,Bifidobacterium myosotis,Bifidobacterium,1,2814.510009765625,0,1
GCF_000367945.1,Acinetobacter proteolyticus,Acinetobacter,0,3042.6795247395835,0,15
GCF_002263495.1,Nocardiopsis gilva,Nocardiopsis,0,2862.4673665364585,2.6666666666666665,3
GCF_002263515.1,Actinopolyspora erythraea,Actinopolyspora,1,2980.9501953125,0,6
GCF_000367965.1,Acinetobacter modestus,Acinetobacter,0,2730.863037109375,0,10
GCF_002268635.1,Cellvibrio mixtus,Cellvibrio,0,3013.444091796875,0,3
GCF_002269385.1,Maribacter cobaltidurans,Maribacter,0,3022.17138671875,0,1
GCF_002270415.1,Mesorhizobium sophorae,Mesorhizobium,0,2942.90380859375,0,1
GCF_000368565.1,Acinetobacter gerneri,Acinetobacter,5,3044.016015625,0,10
GCF_002277935.1,Enterococcus durans,Enterococcus,0,3071.5657552083335,0,15
GCF_000368585.1,Acinetobacter venetianus,Acinetobacter,0,3036.4947998046873,0,10
GCF_002278015.2,Enterococcus hirae,Enterococcus,0,3082.073486328125,0,15
GCF_002278035.1,Ochrobactrum quorumnocens,Ochrobactrum,0,2936.958740234375,0,6
GCF_000368805.1,Acinetobacter johnsonii,Acinetobacter,0,3047.933349609375,0,28
GCF_002278075.1,Paraburkholderia aromaticivorans,Paraburkholderia,0,2999.14013671875,0,15
GCF_000369005.1,Acinetobacter beijerinckii,Acinetobacter,0,3044.781005859375,0,10
GCF_000369845.1,Acinetobacter higginsii,Acinetobacter,0,3047.933349609375,0,3
GCF_002285415.1,Actibacterium pelagium,Actibacterium,0,2909.215087890625,0,10
GCF_002285515.1,Xanthomonas hortorum,Xanthomonas,2,3065.7685546875,0,1
GCF_000369885.1,Acinetobacter ursingii,Acinetobacter,2,3003.2412109375,0,10
GCF_000369945.1,Brucella abortus,Brucella,4,2942.90380859375,0,6
GCF_000371925.1,Thiolinea disciformis,Thiolinea,0,2960.739013671875,0,1
GCF_000372865.1,Methylosarcina fibrata,Methylosarcina,0,3040.006591796875,0,1
GCF_002285575.1,Mannheimia haemolytica,Mannheimia,0,3046.56982421875,0.3333333333333333,15
GCF_000373205.1,Calidithermus timidus,Calidithermus,0,2954.7939453125,0,3
GCF_000373485.1,Dasania marina,Dasania,0,3040.006591796875,0,3
GCF_000374045.1,Segetibacter koreensis,Segetibacter,0,3026.134765625,0,1
GCF_000374125.1,Niabella aurantiaca,Niabella,0,3024.153076171875,0,6
GCF_000374465.1,Ahrensia kielensis,Ahrensia,0,2944.885498046875,0,1
GCF_000375425.1,Gracilimonas tropica,Gracilimonas,0,3020.189697265625,0,1
GCF_000375465.1,Balneola vulgaris,Balneola,0,3043.969970703125,0,6
GCF_000376245.1,Acaricomes phytoseiuli,Acaricomes,2,3034.0615234375,0,1
GCF_000376425.1,Thiobacillus denitrificans,Thiobacillus,0,3041.98828125,0,6
GCF_000376545.2,Tritonibacter mobilis,Tritonibacter,0,2901.288330078125,0,6
GCF_000376825.1,Demetria terragena,Demetria,0,3028.116455078125,0,1
GCF_002285935.1,Aeromonas dhakensis,Aeromonas,0,3047.7951388888887,0.4444444444444444,36
GCF_002288285.1,Sphingobium xenophagum,Sphingobium,0,2945.5768229166665,0,3
GCF_000376885.1,Alloscardovia criceti,Alloscardovia,0,3043.969970703125,0,6
GCF_002288525.1,Sinorhizobium sojae,Sinorhizobium,0,2942.90380859375,0,3
GCF_000377745.1,Gilvimarinus chinensis,Gilvimarinus,4,3043.969970703125,0,6
GCF_000378005.1,Coprothermobacter platensis,Coprothermobacter,2,3032.079833984375,0,1
GCF_000378345.1,Hirschia maritima,Hirschia,0,2875.5263671875,0,6
GCF_000378405.1,Succinimonas amylolytica,Succinimonas,0,3042.0341796875,0,1
GCF_000379045.1,Sphingomonas melonis,Sphingomonas,0,2946.8671875,0,1
GCF_000379765.1,Flexithrix dorotheae,Flexithrix,2,3018.2080078125,0,1
GCF_000380645.1,Smaragdicoccus niigatensis,Smaragdicoccus,0,3006.31787109375,0,1
GCF_000380985.1,Proteiniphilum acetatigenes,Proteiniphilum,0,3034.0615234375,0,1
GCF_000382265.1,Yoonia vestfoldensis,Yoonia,0,2899.306640625,0,3
GCF_002288545.1,Pectobacterium polaris,Pectobacterium,0,3037.0967378162204,0,21
GCF_000382285.1,Solimonas variicoloris,Solimonas,0,3024.19921875,0,1
GCF_000382325.1,Woodsholea maritima,Woodsholea,0,2905.251708984375,0,1
GCF_000382445.1,Phocaeicola massiliensis,Phocaeicola,0,3008.4375,1,1
GCF_002290025.1,Enterococcus thailandicus,Enterococcus,0,3093.51220703125,0,15
GCF_002290085.1,Mesoplasma chauliocola,Mesoplasma,0,3022.17138671875,0,1
GCF_000383595.1,Streptomyces bottropensis,Streptomyces,0,3026.134765625,0,15
GCF_000383855.1,Methylobacter marinus,Methylobacter,0,3041.98828125,0,3
GCF_000383915.1,Amycolatopsis benzoatilytica,Amycolatopsis,0,2953.5390625,0,10
GCF_000384035.1,Actinopolyspora mortivallis,Actinopolyspora,3,3099.457275390625,0,3
GCF_002291425.1,Gibbsiella quercinecans,Gibbsiella,0,2953.7855515252977,0,21
GCF_000384075.1,Methylovulum miyakonense,Methylovulum,0,3028.116455078125,0,3
GCF_000384175.1,Streptomyces purpureus,Streptomyces,0,2902.9126139322916,0.6,15
GCF_002291445.1,Brenneria goodwinii,Brenneria,0,3015.330252511161,0,21
GCF_002302415.1,Capnocytophaga gingivalis,Capnocytophaga,3,3000.372802734375,0,3
GCF_002302475.1,Capnocytophaga cynodegmi,Capnocytophaga,0,3004.336181640625,0,3
GCF_002302495.1,Capnocytophaga sputigena,Capnocytophaga,3,2978.0669759114585,0,3
GCF_002302565.1,Capnocytophaga canimorsus,Capnocytophaga,0,3004.336181640625,0,3
GCF_002302635.1,Capnocytophaga stomatis,Capnocytophaga,0,3004.336181640625,0,3
GCF_000384195.1,Allobaculum stercoricanis,Allobaculum,0,3017.1282784598216,0,21
GCF_000384235.1,Hydrogenovibrio halophilus,Hydrogenovibrio,0,3054.062255859375,0,1
GCF_000384315.1,Amycolatopsis nigrescens,Amycolatopsis,0,3010.28125,0,3
GCF_002305895.1,Corallococcus macrosporus,Corallococcus,0,3043.992919921875,0,6
GCF_002309535.1,Sulfurospirillum diekertiae,Sulfurospirillum,0,2909.02978515625,2,3
GCF_000393015.1,Enterococcus faecalis,Enterococcus,0,3089.57177734375,0,6
GCF_000393975.1,Enterococcus pallens,Enterococcus,0,3082.71875,0,15
GCF_000393995.1,Enterococcus haemoperoxidus,Enterococcus,1,2414.986572265625,0.5,6
GCF_002310795.1,Pseudoalteromonas issachenkonii,Pseudoalteromonas,0,2983.4939575195312,0,28
GCF_002327105.1,Luteimonas chenhongjianii,Luteimonas,1,3045.823486328125,0,1
GCF_000394015.1,Enterococcus moraviensis,Enterococcus,0,3075.123738606771,0,6
GCF_000394035.1,Enterococcus phoeniculicola,Enterococcus,2,3075.768798828125,0,1
GCF_000394055.1,Enterococcus caccae,Enterococcus,2,2995.97216796875,0,1
GCF_000397185.1,Candidatus Phytoplasma australiense,Candidatus,0,3002.538818359375,2,1
GCF_000400635.2,Amycolatopsis keratiniphila,Amycolatopsis,0,2892.839803059896,0,6
GCF_000402035.1,Caballeronia insecticola,Caballeronia,0,3040.006591796875,0,10
GCF_000403355.2,Adlercreutzia caecimuris,Adlercreutzia,0,2914.6432291666665,4.666666666666667,3
GCF_000403375.2,Paenibacillus barengoltzii,Paenibacillus,1,3038.255126953125,1,1
GCF_002327145.1,Janthinobacterium svalbardensis,Janthinobacterium,8,3015.320626395089,0.42857142857142855,28
GCF_002335445.1,Lebetimonas natsushimae,Lebetimonas,2,2986.5009765625,0,1
GCF_000406945.1,Enterococcus dispar,Enterococcus,0,2860.0991943359377,0.4,10
GCF_000407205.1,Enterococcus villorum,Enterococcus,0,3065.2613932291665,0.6666666666666666,3
GCF_000407225.1,Enterococcus columbae,Enterococcus,1,1320.93212890625,0,1
GCF_000407365.1,Enterococcus asini,Enterococcus,0,3062.75419921875,0.6,10
GCF_002335745.1,Evansella halocellulosilytica,Evansella,0,3073.3660598028273,0,21
GCF_000407605.1,Enterococcus sulfureus,Enterococcus,0,3078.767647879464,0.2857142857142857,21
GCF_000410535.2,Treponema pallidum,Treponema,0,3069.73193359375,0,1
GCF_000411375.1,Corynebacterium pyruviciproducens,Corynebacterium,0,3001.846923828125,0,3
GCF_000412675.1,Pseudomonas putida,Pseudomonas,0,3043.6999860491073,0,21
GCF_000412995.1,Treponema vincentii,Treponema,0,3032.310302734375,0,1
GCF_000413895.1,Acinetobacter rudis,Acinetobacter,0,3042.0343017578125,0.5,6
GCF_000413935.1,Acinetobacter colistiniresistens,Acinetobacter,1,1975.6048583984375,3.5,6
GCF_000419525.1,Leucothrix mucor,Leucothrix,2,3027.586222330729,0,6
GCF_000420065.1,Varibaculum cambriense,Varibaculum,2,3051.896728515625,0,1
GCF_002335815.1,Neobacillus soli,Neobacillus,0,2994.568270596591,0,66
GCF_000420305.1,Novosphingopyxis baekryungensis,Novosphingopyxis,0,2954.7939453125,0,1
GCF_000420545.1,Arenimonas oryziterrae,Arenimonas,1,2377.892578125,0,1
GCF_000420645.1,Nevskia ramosa,Nevskia,2,3012.308837890625,0,1
GCF_002343915.1,Nannocystis exedens,Nannocystis,0,3014.336669921875,0,3
GCF_000421145.1,Glaciibacter superstes,Glaciibacter,3,3041.98828125,0,3
GCF_000421285.1,Desulfotignum balticum,Desulfotignum,0,3014.5169270833335,0,3
GCF_002354875.1,Actinosynnema pretiosum,Actinosynnema,0,2859.1180419921875,0,6
GCF_000421465.1,Methylohalobius crimeensis,Methylohalobius,0,3051.896728515625,0,1
GCF_000421705.1,Brevundimonas naejangsanensis,Brevundimonas,0,2899.306640625,0,3
GCF_000421825.1,Humibacter albus,Humibacter,3,3036.043212890625,0,3
GCF_000421845.1,Leucobacter chironomi,Leucobacter,2,3026.134765625,0,1
GCF_000422085.1,Serratia liquefaciens,Serratia,0,3005.302937825521,0,6
GCF_002355155.1,Corynebacterium suranareeae,Corynebacterium,4,2942.801692708333,0.3333333333333333,15
GCF_002355275.1,Rhizorhabdus dicambivorans,Rhizorhabdus,0,2946.8671875,0,1
GCF_000422745.1,Microbacterium gubbeenense,Microbacterium,3,3024.153076171875,0,3
GCF_000423185.1,Inquilinus limosus,Inquilinus,0,2944.885498046875,0,6
GCF_000423345.1,Marinimicrobium agarilyticum,Marinimicrobium,0,3036.043212890625,0,6
GCF_000423705.1,Stappia stellulata,Stappia,0,2946.8671875,0,6
GCF_000423805.1,Thalassobaculum salexigens,Thalassobaculum,0,2942.90380859375,0,3
GCF_000427405.1,Flectobacillus major,Flectobacillus,0,2976.638671875,0,1
GCF_000427445.1,Methylocapsa acidiphila,Methylocapsa,0,2938.9404296875,0,1
GCF_000427465.1,Sinorhizobium arboris,Sinorhizobium,0,2932.3963216145835,0.6666666666666666,3
GCF_000427625.1,Methylobacter luteus,Methylobacter,0,3041.98828125,0,3
GCF_000427645.1,Sphingomonas phyllosphaerae,Sphingomonas,0,2938.986572265625,1,1
GCF_000427665.1,Geminicoccus roseus,Geminicoccus,0,2942.90380859375,0,3
GCF_000427905.1,Thermocrispum agreste,Thermocrispum,3,3034.0615234375,0,3
GCF_000429065.1,Silanimonas lenta,Silanimonas,0,3047.933349609375,0,3
GCF_000429125.1,Aequorivita capsosiphonis,Aequorivita,0,3026.134765625,0,1
GCF_000430705.1,Arthrobacter castelli,Arthrobacter,0,3041.98828125,0,1
GCF_000444995.1,Paracoccus aminophilus,Paracoccus,0,2899.306640625,0,6
GCF_000445105.1,Sphingobium lactosutens,Sphingobium,0,2270.88837890625,0,10
GCF_000445445.2,Sporomusa ovata,Sporomusa,9,2856.6019422743057,0.2,45
GCF_000447205.1,Sphingobium ummariense,Sphingobium,0,2950.83056640625,0,6
GCF_000447675.1,Treponema pedis,Treponema,2,3059.869384765625,0,1
GCF_000454065.1,Brevibacillus thermoruber,Brevibacillus,0,2893.95751953125,0,1
GCF_002355375.1,Aneurinibacillus soli,Aneurinibacillus,6,3012.2071044921877,0.48333333333333334,120
GCF_000455605.1,Flavobacterium indicum,Flavobacterium,0,3004.336181640625,0,6
GCF_002355475.1,Metapseudomonas furukawaii,Metapseudomonas,0,3033.2545654296873,0,10
GCF_002355855.1,Sphingobium cloacae,Sphingobium,0,2938.986572265625,0,1
GCF_002355955.1,Candidatus Desulfovibrio trichonymphae,Candidatus,0,3071.713623046875,0,1
GCF_002355975.1,Lysobacter enzymogenes,Lysobacter,0,3061.80517578125,0,1
GCF_000463345.2,Prodigiosinella confusarubida,Prodigiosinella,0,3033.0110909598216,0.2857142857142857,21
GCF_000468535.1,Peptoniphilus mikwangii,Peptoniphilus,0,3030.09814453125,0,1
GCF_000468615.2,Cellulophaga baltica,Cellulophaga,0,3010.28125,0,6
GCF_002356535.2,Pseudomonas izuensis,Pseudomonas,0,3043.7000558035716,0,21
GCF_002356555.2,Halorhodospira halochloris,Halorhodospira,2,3057.8876953125,0,1
GCF_002368115.1,Dolichospermum compactum,Dolichospermum,0,2940.56259765625,0.4,10
GCF_000468955.1,Lactococcus cremoris,Lactococcus,0,3065.7685546875,0,15
GCF_000473085.1,Azorhizobium doebereinerae,Azorhizobium,0,2946.8671875,0,1
GCF_000473145.1,Leisingera daeponensis,Leisingera,0,2875.790486653646,1.3333333333333333,6
GCF_000473205.1,Pseudophaeobacter arcticus,Pseudophaeobacter,0,2901.288330078125,0,10
GCF_000473225.1,Sedimentitalea nanhaiensis,Sedimentitalea,0,2905.251708984375,0,1
GCF_002370195.2,Ureibacillus thermosphaericus,Ureibacillus,0,3045.009774344308,1.2142857142857142,28
GCF_002370525.2,Acinetobacter guillouiae,Acinetobacter,0,3038.656668526786,0,21
GCF_002393445.1,Cedecea neteri,Cedecea,1,3031.0291806175596,0.2857142857142857,21
GCF_002393505.1,Providencia alcalifaciens,Providencia,1,3002.6845703125,1.8333333333333333,6
GCF_000473995.1,Clostridium saccharobutylicum,Clostridium,12,2972.00244140625,0.16666666666666666,66
GCF_000477435.1,Candidatus Symbiobacter mobilis,Candidatus,0,3043.969970703125,0,1
GCF_000479335.1,Streptococcus ilei,Streptococcus,2,3069.73193359375,0,1
GCF_002407485.1,Zobellella denitrificans,Zobellella,0,2997.0168619791666,0.3333333333333333,15
GCF_000487995.2,Mucispirillum schaedleri,Mucispirillum,3,3069.73193359375,0,3
GCF_000488215.1,Acinetobacter nectaris,Acinetobacter,0,3045.95166015625,0,6
GCF_002441855.2,Eubacterium maltosivorans,Eubacterium,0,2982.978271484375,0,10
GCF_002441935.1,Mesoplasma lactucae,Mesoplasma,0,3016.91748046875,0,3
GCF_002499975.2,Alteromonas pelagimontana,Alteromonas,0,3034.936279296875,0,3
GCF_002504085.1,Sphingobium yanoikuyae,Sphingobium,0,2946.8671875,0,6
GCF_002504165.1,Pacificitalea manganoxidans,Pacificitalea,0,2897.19775390625,1,1
GCF_002531755.2,Rhizobium acidisoli,Rhizobium,0,2934.97705078125,0,3
GCF_002563675.1,Propionicimonas paludicola,Propionicimonas,0,3006.31787109375,0,1
GCF_000488275.1,Acinetobacter brisouii,Acinetobacter,7,3047.933349609375,0,21
GCF_002563695.1,Georgenia soli,Georgenia,0,3003.8289388020835,0.6666666666666666,3
GCF_002563895.1,Pseudomonas lurida,Pseudomonas,0,3042.7994140625,0,10
GCF_002563925.1,Serinibacter salmoneus,Serinibacter,3,3028.116455078125,0,3
GCF_002564005.1,Sanguibacter antarcticus,Sanguibacter,0,3009.6822102864585,0.6666666666666666,3
GCF_002564025.1,Flavimobilis soli,Flavimobilis,0,3016.226318359375,0,3
GCF_002564045.1,Amycolatopsis sulphurea,Amycolatopsis,4,2932.054972330729,0.5,6
GCF_000493735.1,Carnobacterium inhibens,Carnobacterium,4,3058.342014857701,0.25,28
GCF_000494755.1,Actinoplanes friuliensis,Actinoplanes,0,3010.28125,0,3
GCF_000495255.1,Candidatus Phytoplasma tritici,Candidatus,0,3006.501953125,1,1
GCF_000496595.1,Candidatus Liberibacter americanus,Candidatus,0,2938.9404296875,0,3
GCF_000498655.1,Zymomonas mobilis,Zymomonas,0,2950.83056640625,0,1
GCF_000499785.1,Bacteroides neonati,Bacteroides,0,3010.28125,0,1
GCF_000504145.1,Bacillus cihuensis,Bacillus,1,2992.5887858072915,2,3
GCF_002591335.1,Streptomyces malaysiensis,Streptomyces,6,2964.978271484375,0,15
GCF_000504245.1,Haloechinothrix halophila,Haloechinothrix,0,3028.16259765625,0,1
GCF_000504285.1,Actinospica robiniae,Actinospica,0,3026.134765625,0,6
GCF_002591785.1,Budvicia aquatica,Budvicia,0,2992.728759765625,1.0357142857142858,28
GCF_002631185.1,Teichococcus rhizosphaerae,Teichococcus,0,721.99517822265625,68,1
GCF_002632595.1,Xenorhabdus szentirmaii,Xenorhabdus,0,3035.3254278273807,0.9523809523809523,21
GCF_000505545.1,Kurthia huakuii,Kurthia,0,2923.6360307173295,0,55
GCF_000505725.1,Francisella orientalis,Francisella,0,3018.7837727864585,0,3
GCF_000507245.1,Salinispira pacifica,Salinispira,0,3042.0341796875,0,1
GCF_002632755.1,Xenorhabdus ishibashii,Xenorhabdus,0,3051.83740234375,0.2857142857142857,21
GCF_000508205.1,Pseudomonas gorinensis,Pseudomonas,0,3042.7994140625,0,10
GCF_000511385.1,Phaeobacter gallaeciensis,Phaeobacter,0,2901.288330078125,0,6
GCF_000512205.2,Sphingomonas sanxanigenens,Sphingomonas,0,2946.8671875,0,3
GCF_000513295.1,Magnetospirillum gryphiswaldense,Magnetospirillum,0,2940.922119140625,0,1
GCF_002688605.1,Priestia aryabhattai,Priestia,0,3056.1625627790177,0,21
GCF_000517085.1,Saccharicrinis fermentans,Saccharicrinis,0,3002.0409912109376,0,10
GCF_002706665.1,Bifidobacterium pseudolongum,Bifidobacterium,4,3049.9150390625,0,6
GCF_002706745.1,Companilactobacillus farciminis,Companilactobacillus,0,3101.4620361328125,0,6
GCF_000517405.1,Candidatus Sodalis pierantonii,Candidatus,0,2810.022607421875,7.5,10
GCF_000518225.1,Helicobacter pametensis,Helicobacter,0,2972.629150390625,0,1
GCF_000519045.1,Dechloromonas agitata,Dechloromonas,0,3042.6796061197915,0,3
GCF_000520015.2,Chania multitudinisentens,Chania,0,2962.7923642113096,1.7142857142857142,21
GCF_000521725.1,Bibersteinia trehalosi,Bibersteinia,0,3051.896728515625,0,15
GCF_002706795.1,Brevibacillus laterosporus,Brevibacillus,0,3019.6111905184657,0.36363636363636365,55
GCF_000522545.2,Paraburkholderia caribensis,Paraburkholderia,0,3019.3505859375,0,15
GCF_000522985.1,Gemmatirosa kalamazoonensis,Gemmatirosa,0,3022.17138671875,0,1
GCF_000525635.1,Kutzneria albida,Kutzneria,0,2943.27099609375,0,1
GCF_000526155.1,Deferrisoma camini,Deferrisoma,0,3010.556640625,0,1
GCF_000526375.1,Aminiphilus circumscriptus,Aminiphilus,1,2415.7009765625,4,10
GCF_002736065.1,Pseudomonas mosselii,Pseudomonas,0,3026.9888974144346,0,21
GCF_002741015.1,Microvirga ossetica,Microvirga,0,2946.8671875,0,6
GCF_002749495.1,Paracoccus yeei,Paracoccus,0,2903.27001953125,0,3
GCF_002749615.1,Caulobacter mirabilis,Caulobacter,0,2932.995361328125,0,1
GCF_002749675.1,Mesoplasma entomophilum,Mesoplasma,0,3022.17138671875,0,1
GCF_000526495.1,Ruminiclostridium josui,Ruminiclostridium,0,3238.0825311569943,0.2857142857142857,21
GCF_000526715.1,Hydrogenovibrio kuenenii,Hydrogenovibrio,0,3059.823486328125,0,3
GCF_002752675.1,Massilia violaceinigra,Massilia,0,3015.147607421875,0,15
GCF_002761955.1,Fusobacterium pseudoperiodonticum,Fusobacterium,0,2967.18154296875,0,10
GCF_002762215.1,Piscinibacter gummiphilus,Piscinibacter,3,3034.0615234375,0,3
GCF_000527035.1,Tolumonas lignilytica,Tolumonas,0,3057.5718122209823,0,21
GCF_002764115.1,Phyllobacterium zundukense,Phyllobacterium,0,2942.90380859375,0,3
GCF_000527095.1,Methylomicrobium lacus,Methylomicrobium,0,3010.4650065104165,0.6666666666666666,3
GCF_000527135.1,Methyloversatilis discipulorum,Methyloversatilis,0,3038.02490234375,0,1
GCF_002770595.1,Chryseobacterium camelliae,Chryseobacterium,4,3006.31787109375,0,6
GCF_000527155.1,Haloglycomyces albus,Haloglycomyces,0,3041.98828125,0,10
GCF_000550785.1,Corynebacterium casei,Corynebacterium,0,3007.7003580729165,0,3
GCF_000550805.1,Corynebacterium vitaeruminis,Corynebacterium,0,3012.262939453125,0,10
GCF_000565215.1,Spiroplasma sabaudiense,Spiroplasma,0,3014.24462890625,0,1
GCF_000568815.1,Sulfurospirillum multivorans,Sulfurospirillum,1,2952.82275390625,1,1
GCF_000577275.2,Rhizobium favelukesii,Rhizobium,0,2934.97705078125,0,3
GCF_002774925.1,Candidatus Hodgkinia cicadicola,Candidatus,0,1081.053207397461,83.97222222222223,36
GCF_002777255.1,Candidatus Formimonas warabiya,Candidatus,1,3107.4300537109375,0,6
GCF_000582515.1,Yersinia similis,Yersinia,0,3055.5901925223216,0,21
GCF_002786295.1,Pseudooceanicola marinus,Pseudooceanicola,0,2897.324951171875,0,6
GCF_000585335.1,Cloacibacillus evryensis,Cloacibacillus,0,2916.7474853515623,6.2,10
GCF_002794255.1,Streptomyces carminius,Streptomyces,0,3028.116455078125,0,15
GCF_002795265.1,Spiroplasma clarkii,Spiroplasma,2,2980.739990234375,1,1
GCF_002795805.1,Mariprofundus aestuarium,Mariprofundus,0,3045.95166015625,0,1
GCF_000585355.1,Xylanibacter oryzae,Xylanibacter,0,2982.813134765625,0,10
GCF_002796605.1,Sphingomonas psychrotolerans,Sphingomonas,0,2946.8671875,0,1
GCF_000585375.1,Cryptosporangium arvum,Cryptosporangium,0,3002.3544921875,0,3
GCF_000590865.3,Candidatus Liberibacter asiaticus,Candidatus,0,2976.592529296875,0,3
GCF_000590925.1,Roseicyclus elongatus,Roseicyclus,2,2907.2333984375,0,1
GCF_000597865.1,Peptoclostridium acidaminophilum,Peptoclostridium,7,3011.6044340587796,0.47619047619047616,21
GCF_002797355.1,Bacillus xiapuensis,Bacillus,1,3036.7890787760416,0.8,45
GCF_002797395.1,Bacillus solitudinis,Bacillus,0,3077.65869140625,0,28
GCF_000600105.1,Lysinibacillus varians,Lysinibacillus,0,3057.596072048611,0,45
GCF_002797415.1,Bacillus alkalisoli,Bacillus,0,2961.5296805245534,3.7142857142857144,21
GCF_002797675.1,Hallerella succinigenes,Hallerella,3,3009.681884765625,0,3
GCF_002797755.1,Brevirhabdus pacifica,Brevirhabdus,0,2897.324951171875,0,1
GCF_000612505.1,Paenibacillus sabinae,Paenibacillus,3,2925.0251193576387,0,36
GCF_000612685.1,Castellaniella defragrans,Castellaniella,0,3049.9150390625,0,1
GCF_002797775.1,Glutamicibacter mysorens,Glutamicibacter,0,2995.256591796875,0,15
GCF_002798405.1,Glycomyces xiaoerkulensis,Glycomyces,0,3049.9150390625,0,10
GCF_002802965.1,Sporolactobacillus pectinivorans,Sporolactobacillus,2,3073.6953125,0,1
GCF_002804025.1,Mesoplasma tabanidae,Mesoplasma,0,3006.409912109375,0,1
GCF_000613045.3,Photobacterium kishitanii,Photobacterium,1,3039.1735026041665,0,15
GCF_000613185.1,Mycolicibacterium cosmeticum,Mycolicibacterium,0,3004.382080078125,0,1
GCF_000620305.1,Desulfitibacter alkalitolerans,Desulfitibacter,3,3569.11767578125,0,3
GCF_000620805.1,Exiguobacterium undae,Exiguobacterium,0,2623.720947265625,0,3
GCF_002804065.1,Kyrpidia spormannii,Kyrpidia,5,3048.8364501953124,0.4,10
GCF_002804105.1,Mesoplasma melaleucae,Mesoplasma,0,2935.483154296875,2,1
GCF_002804205.1,Entomoplasma freundtii,Entomoplasma,2,3026.134765625,0,1
GCF_002804245.1,Mesoplasma coleopterae,Mesoplasma,0,3022.17138671875,0,1
GCF_002811945.1,Leptospira harrisiae,Leptospira,0,2972.629150390625,0,1
GCF_000620845.1,Exiguobacterium marinum,Exiguobacterium,6,3081.1886067708333,0,15
GCF_000621145.1,Desulfobulbus elongatus,Desulfobulbus,4,3087.567138671875,0,6
GCF_000622325.1,Sulfitobacter geojensis,Sulfitobacter,0,2901.288330078125,0,1
GCF_000622385.1,Sulfitobacter noctilucicola,Sulfitobacter,0,2897.324951171875,0,1
GCF_002812485.1,Dickeya fangzhongdai,Dickeya,0,2965.0439569382443,3.142857142857143,21
GCF_000626675.1,Corynebacterium glyciniphilum,Corynebacterium,0,3028.116455078125,0,6
GCF_002812705.1,Achromobacter spanius,Achromobacter,3,3028.8077799479165,0,3
GCF_002813445.1,Pseudomonas tolaasii,Pseudomonas,0,3042.79931640625,0,10
GCF_002813455.1,Pseudomonas baetica,Pseudomonas,0,3043.32470703125,0,15
GCF_000632475.1,Azospirillum argentinense,Azospirillum,4,2884.2788357204863,0,36
GCF_002813755.1,Enterococcus mundtii,Enterococcus,0,3083.0044759114585,0.3333333333333333,15
GCF_002813775.1,Candidatus Thiodictyon syntrophicum,Candidatus,0,3034.0615234375,0,1
GCF_000661915.1,Stutzerimonas decontaminans,Stutzerimonas,0,3045.95166015625,0,6
GCF_002835605.1,Pseudomonas fluvialis,Pseudomonas,0,3045.95166015625,0,3
GCF_000661955.1,Stenotrophomonas rhizophila,Stenotrophomonas,3,3065.7685546875,0,3
GCF_000685015.1,Paraburkholderia bannensis,Paraburkholderia,0,3038.02490234375,0,1
GCF_002843305.1,Streptomyces barkulensis,Streptomyces,0,3028.116455078125,0,3
GCF_002843565.1,Mesoplasma syrphidae,Mesoplasma,2,3026.134765625,0,1
GCF_002844395.1,Acetivibrio saccincola,Acetivibrio,3,3020.189697265625,0,3
GCF_002846475.1,Saccharopolyspora spinosa,Saccharopolyspora,0,3013.073974609375,0,10
GCF_002846615.1,Amycolatopsis echigonensis,Amycolatopsis,0,2944.7330322265625,0,6
GCF_002847445.1,Paracoccus zhejiangensis,Paracoccus,0,2903.27001953125,0,1
GCF_002847845.2,Globicatella sanguinis,Globicatella,0,3032.9549153645835,0.5,6
GCF_002848365.2,Legionella sainthelensi,Legionella,0,3059.823486328125,0,6
GCF_000685865.1,Exiguobacterium antarcticum,Exiguobacterium,0,3080.1700032552085,0,36
GCF_000686585.1,Mycoplasmopsis lipofaciens,Mycoplasmopsis,3,2998.39111328125,0,3
GCF_000695095.2,Gemmatimonas phototrophica,Gemmatimonas,0,3020.189697265625,0,1
GCF_000695835.1,Mycoplasmopsis californica,Mycoplasmopsis,0,2944.98828125,0,1
GCF_000696345.2,Pseudomonas donghuensis,Pseudomonas,0,2976.1513671875,3.7142857142857144,21
GCF_002849715.1,Arthrobacter crystallopoietes,Arthrobacter,0,2970.969190809462,0.2222222222222222,36
GCF_000696675.2,Rhodococcus erythropolis,Rhodococcus,0,2965.742919921875,0,10
GCF_002849795.1,Prevotella jejuni,Prevotella,4,2986.776611328125,0,6
GCF_000697965.2,Ensifer adhaerens,Ensifer,0,2942.90380859375,0,10
GCF_000699585.2,Peptoclostridium litorale,Peptoclostridium,2,3026.134765625,0,1
GCF_000702445.1,Bryobacter aggregatus,Bryobacter,0,2936.958740234375,0,1
GCF_002849835.1,Virgibacillus dokdonensis,Virgibacillus,0,3096.18505859375,0,15
GCF_002849895.1,Companilactobacillus alimentarius,Companilactobacillus,0,3093.5811767578125,0.5,6
GCF_002863865.1,Ketobacter alkanivorans,Ketobacter,0,3051.896728515625,0,3
GCF_002871995.2,Gleimia europaea,Gleimia,0,3053.87841796875,0,3
GCF_002872415.1,Bacteriovorax stolpii,Bacteriovorax,2,3073.6953125,0,1
GCF_002872475.1,Pseudazoarcus pumilus,Pseudazoarcus,2,3029.84326171875,1,1
GCF_000702585.1,Exiguobacterium aurantiacum,Exiguobacterium,1,3073.5564778645835,0,36
GCF_002874535.1,Mesobacillus jeotgali,Mesobacillus,0,3071.713623046875,0,28
GCF_002874775.1,Monoglobus pectinilyticus,Monoglobus,0,3034.0615234375,0,1
GCF_000702625.1,Exiguobacterium oxidotolerans,Exiguobacterium,0,3073.6026746961807,0,36
GCF_000706645.1,Bartonella rochalimae,Bartonella,0,2946.8671875,0,1
GCF_002884445.1,Paenibacillus castaneae,Paenibacillus,8,3041.3739100864955,1.25,28
GCF_000710775.1,Endozoicomonas elysicola,Endozoicomonas,0,3055.2149251302085,0.3333333333333333,15
GCF_000711195.1,Thiomicrospira pelophila,Thiomicrospira,0,3055.860107421875,0,1
GCF_000711245.1,Polycyclovorans algicola,Polycyclovorans,2,3032.079833984375,0,1
GCF_000723425.2,Mycobacterium marinum,Mycobacterium,2,3034.0615234375,0,1
GCF_000723905.1,Rossellomorea vietnamensis,Rossellomorea,0,3071.473876953125,0,15
GCF_000724625.1,Fimbriimonas ginsengisoli,Fimbriimonas,0,2996.409423828125,0,1
GCF_002884495.1,Rummeliibacillus pycnus,Rummeliibacillus,11,3067.414972478693,0,55
GCF_002885975.1,Kinneretia aquatilis,Kinneretia,2,2855.6622721354165,2.6666666666666665,6
GCF_002886185.1,Salipaludibacillus neizhouensis,Salipaludibacillus,0,3095.825618489583,0.5333333333333333,45
GCF_000724775.3,Lysinibacillus fusiformis,Lysinibacillus,0,3061.6701378455527,0.15384615384615385,78
GCF_000725405.1,Dermacoccus nishinomiyaensis,Dermacoccus,0,3016.226318359375,0,3
GCF_000730165.1,Nitrospirillum viridazoti,Nitrospirillum,1,2929.966162109375,0,10
GCF_000730385.1,Alteromonas australica,Alteromonas,0,2522.1939290364585,1.3333333333333333,3
GCF_002886255.1,Alteribacillus bidgolensis,Alteribacillus,8,3047.726579938616,0.75,28
GCF_000730685.1,Rodentibacter pneumotropicus,Rodentibacter,0,3018.9912109375,0,15
GCF_000731315.1,Neorhizobium galegae,Neorhizobium,0,2934.97705078125,0,3
GCF_000731675.1,Pseudomonas capeferrum,Pseudomonas,0,3045.95166015625,0,6
GCF_002887555.1,Dickeya zeae,Dickeya,0,3005.302804129464,0,21
GCF_000732725.1,Kineothrix alysoides,Kineothrix,4,3012.1375,0.6,10
GCF_002891025.1,Enterococcus avium,Enterococcus,0,3073.78720703125,0.4,10
GCF_000732925.1,Amycolatopsis japonica,Amycolatopsis,0,2881.2527669270835,0,6
GCF_002892185.1,Phaeobacter inhibens,Phaeobacter,0,2901.288330078125,0,6
GCF_000733715.2,Ectopseudomonas mendocina,Ectopseudomonas,0,3043.969970703125,0,6
GCF_002892535.1,Aquella oligotrophica,Aquella,3,3000.4471028645835,1,6
GCF_002893765.1,Pseudotamlana carrageenivorans,Pseudotamlana,3,3018.2080078125,0,3
GCF_002896855.1,Clostridium thermosuccinogenes,Clostridium,0,3347.928466796875,0,6
GCF_000733845.1,Geobacillus vulcani,Geobacillus,8,3072.9312569754466,0,28
GCF_002902925.1,Paraburkholderia terrae,Paraburkholderia,0,3013.5715494791666,0,15
GCF_000733855.1,Methylomicrobium agile,Methylomicrobium,0,3026.0807291666665,1.3333333333333333,3
GCF_000733935.1,Methylomarinum vadi,Methylomarinum,3,3055.860107421875,0,3
GCF_000736415.1,Campylobacter iguaniorum,Campylobacter,0,3002.3544921875,0,3
GCF_000739085.1,Amycolatopsis methanolica,Amycolatopsis,0,3012.262939453125,0,3
GCF_002902965.1,Paraburkholderia hospita,Paraburkholderia,0,2981.5225771949404,0,21
GCF_000739435.1,Actinobacillus suis,Actinobacillus,0,3047.230224609375,0,15
GCF_002911695.1,Gracilimonas amylolytica,Gracilimonas,0,3020.189697265625,0,6
GCF_002915595.1,Zhongshania marina,Zhongshania,0,3040.006591796875,0,1
GCF_002924445.1,Minwuia thermotolerans,Minwuia,0,2954.7939453125,0,3
GCF_002925845.1,Roseovarius nitratireducens,Roseovarius,0,2911.19677734375,0,1
GCF_000740965.1,Pectobacterium atrosepticum,Pectobacterium,0,3053.841796875,0,21
GCF_000742835.1,Candidatus Odyssella acanthamoebae,Candidatus,0,2964.702392578125,0,1
GCF_000743945.1,Basilea psittacipulmonis,Basilea,3,3045.3524576822915,0.6666666666666666,3
GCF_002926065.1,Jeotgalibacillus proteolyticus,Jeotgalibacillus,0,3073.6953125,0,28
GCF_002927275.1,Arthrobacter pityocampae,Arthrobacter,0,97.89586639404297,86,1
GCF_002943755.1,Aureitalea marina,Aureitalea,0,3016.226318359375,0,1
GCF_002949635.1,Nocardia cyriacigeorgica,Nocardia,3,3010.28125,0,3
GCF_000744185.1,Carnobacterium funditum,Carnobacterium,0,3090.146170479911,0,28
GCF_002950395.1,Shigella sonnei,Shigella,0,2979.4345354352677,0.47619047619047616,21
GCF_002951615.1,Rahnella sikkimica,Rahnella,0,3032.0978841145834,0,15
GCF_000744225.1,Kitasatospora mediocidica,Kitasatospora,0,3011.4102376302085,0,36
GCF_002951935.1,Paenibacillus larvae,Paenibacillus,0,3050.607177734375,0.6785714285714286,28
GCF_002953195.1,Mixta gaviniae,Mixta,5,3018.3289504278273,0.8571428571428571,21
GCF_000744285.1,Carnobacterium pleistocenium,Carnobacterium,0,3091.9912923177085,0,36
GCF_002954545.1,Psychrosphaera saromensis,Psychrosphaera,0,3013.737060546875,0,3
GCF_002954765.1,Nonlabens arenilitoris,Nonlabens,1,2923.923681640625,0.8,10
GCF_002959855.1,Veillonella denticariosi,Veillonella,1,1729.632080078125,0,1
GCF_002966125.1,Pukyongia salina,Pukyongia,0,3016.226318359375,0,1
GCF_000744375.1,Carnobacterium gallinarum,Carnobacterium,6,3074.7919921875,0,15
GCF_002975205.1,Ochrobactrum vermis,Ochrobactrum,0,2933.041259765625,0,6
GCF_000744655.1,Streptacidiphilus rugosus,Streptacidiphilus,0,3006.9038434709823,0,28
GCF_000744705.1,Streptacidiphilus albus,Streptacidiphilus,0,3006.7787475585938,0,36
GCF_000744775.1,Thermorudis peleae,Thermorudis,0,2968.8955078125,0,1
GCF_002982115.1,Lysinibacillus sphaericus,Lysinibacillus,0,3063.1393118193655,0.16666666666666666,66
GCF_002993285.1,Gordonia iterans,Gordonia,0,3000.464599609375,0,3
GCF_002993325.1,Alteromonas gracilis,Alteromonas,0,3038.02490234375,0,10
GCF_000744825.1,Carnobacterium mobile,Carnobacterium,0,3086.7686593191966,0,28
GCF_000744885.1,Thermus amyloliquefaciens,Thermus,0,2960.96875,1,1
GCF_002993925.1,Bacillus paralicheniformis,Bacillus,0,3031.2586263020835,0,15
GCF_002994045.1,Nonlabens agnitus,Nonlabens,0,3010.28125,0,1
GCF_002998435.1,Bacteroides zoogleoformans,Bacteroides,0,3028.116455078125,0,6
GCF_002998535.1,Bacteroides heparinolyticus,Bacteroides,4,3020.1258544921875,0,6
GCF_002998925.1,Mogibacterium diversum,Mogibacterium,0,3006.31787109375,0,1
GCF_003008425.1,Aurantibacter aestuarii,Aurantibacter,0,3008.299560546875,0,6
GCF_003008515.1,Phreatobacter cathodiphilus,Phreatobacter,0,2932.995361328125,0,1
GCF_003008575.1,Melaminivora suipulveris,Melaminivora,3,3034.0615234375,0,3
GCF_003008595.1,Simplicispira suum,Simplicispira,3,3041.98828125,0,3
GCF_000745125.1,Carnobacterium jeotgali,Carnobacterium,8,3049.062310112847,0.2222222222222222,36
GCF_000745235.1,Luteibacter mycovicinus,Luteibacter,0,3061.80517578125,0,1
GCF_000746025.2,Thermanaerosceptrum fracticalcis,Thermanaerosceptrum,0,3206.468505859375,0,10
GCF_003010495.1,Megasphaera elsdenii,Megasphaera,0,2994.670386904762,0,21
GCF_003010915.2,Gulosibacter molinativorax,Gulosibacter,3,3008.78955078125,0,3
GCF_003012775.1,Zobellella endophytica,Zobellella,0,-781.2125244140625,87,1
GCF_003012795.1,Zobellella taiwanensis,Zobellella,0,143.21624755859375,89,1
GCF_003013675.1,Prescottella equi,Prescottella,0,3010.28125,0,10
GCF_003013695.1,Pulveribacter suum,Pulveribacter,0,3030.09814453125,0,3
GCF_003015125.1,Caulobacter segnis,Caulobacter,0,2940.922119140625,0,1
GCF_003015185.1,Ahniella affigens,Ahniella,0,3061.80517578125,0,1
GCF_003019255.1,Staphylococcus kloosii,Staphylococcus,0,3067.4208635602677,0,21
GCF_003019925.1,Pluralibacter gergoviae,Pluralibacter,0,3016.0811360677085,2.1904761904761907,21
GCF_003024155.1,Christiangramia fulva,Christiangramia,3,3036.043212890625,0,3
GCF_003025345.2,Pseudomonas paraeruginosa,Pseudomonas,0,3040.029541015625,0,6
GCF_000746925.1,Bacillus clarus,Bacillus,0,3022.1948899489184,0.3076923076923077,78
GCF_000750635.1,Oceanobacillus jeddahense,Oceanobacillus,0,3083.672607421875,0,6
GCF_000754805.1,Yersinia frederiksenii,Yersinia,0,3047.333984375,0,21
GCF_003028295.1,Shewanella morhuae,Shewanella,0,3041.607741970486,0,45
GCF_000755585.2,Arthrobacter alpinus,Arthrobacter,7,3029.152099609375,0,21
GCF_003028855.1,Pseudoduganella armeniaca,Pseudoduganella,0,3016.7361769903273,0,21
GCF_003044275.1,Rathayibacter caricis,Rathayibacter,2,3024.153076171875,0,1
GCF_003046775.1,Stenotrophomonas panacihumi,Stenotrophomonas,2,3065.7685546875,0,1
GCF_003047265.1,Nocardioides terrigena,Nocardioides,0,339.4963073730469,75,1
GCF_000756615.1,Paenibacillus durus,Paenibacillus,1,2960.928615993924,0.3888888888888889,36
GCF_000756715.1,Jeotgalicoccus saudimassiliensis,Jeotgalicoccus,0,3071.713623046875,0,1
GCF_000757795.1,Methylobacterium oryzae,Methylobacterium,1,2894.942138671875,2,6
GCF_003049605.2,Lysinibacillus parviboronicapiens,Lysinibacillus,0,3075.677001953125,0,55
GCF_003049785.1,Dickeya dadantii,Dickeya,0,3019.190869140625,0.4,10
GCF_003051865.1,Microvirgula aerodenitrificans,Microvirgula,0,3011.1046142578125,0,6
GCF_000757885.1,Paenibacillus wynnii,Paenibacillus,0,3053.7673936631945,0.8222222222222222,45
GCF_003052585.1,Pseudomonas mangrovi,Pseudomonas,0,3045.95166015625,0,6
GCF_003054555.1,Streptomyces lunaelactis,Streptomyces,0,2819.2125651041665,7.666666666666667,6
GCF_003055625.1,Flavobacterium magnum,Flavobacterium,0,2999.082275390625,0,3
GCF_003056355.1,Devosia naphthalenivorans,Devosia,0,2936.958740234375,0,1
GCF_003057965.1,Thermodesulfobium acidiphilum,Thermodesulfobium,0,3008.345703125,0,1
GCF_000758665.1,Paenibacillus borealis,Paenibacillus,1,2979.6439208984375,0,36
GCF_003058325.1,Methylobacterium currus,Methylobacterium,0,2907.980965909091,0.18181818181818182,55
GCF_003058465.1,Orrella marina,Orrella,1,3023.40771484375,0.6666666666666666,3
GCF_003060865.1,Paragemmobacter aquarius,Paragemmobacter,0,2903.27001953125,0,3
GCF_003063475.1,Limnohabitans curvus,Limnohabitans,0,3041.98828125,0,1
GCF_003065405.1,Corynebacterium yudongzhengii,Corynebacterium,4,3024.153076171875,0,6
GCF_003065425.1,Mycetocola zhujimingii,Mycetocola,2,3006.263671875,0.6666666666666666,3
GCF_003065605.1,Aeromicrobium chenweiae,Aeromicrobium,0,3002.400390625,0,1
GCF_003070865.1,Corynebacterium liangguodongii,Corynebacterium,4,3008.322509765625,0,6
GCF_003070885.1,Agromyces badenianii,Agromyces,0,3030.09814453125,0,1
GCF_000758685.1,Paenibacillus stellifer,Paenibacillus,1,2995.3166326349433,0,55
GCF_003071405.1,Pseudogemmobacter blasticus,Pseudogemmobacter,0,2907.2333984375,0,1
GCF_003072125.1,Pelagivirga sediminicola,Pelagivirga,0,2911.19677734375,0,1
GCF_003072465.1,Candidatus Kinetoplastidibacterium kentomonadis,Candidatus,0,3028.8077799479165,0.6666666666666666,3
GCF_003072645.1,Dongshaea marina,Dongshaea,2,2977.129638671875,0.8888888888888888,36
GCF_000758705.1,Paenibacillus graminis,Paenibacillus,0,3069.2337239583335,0,45
GCF_003074055.1,Streptomyces nigra,Streptomyces,0,3024.153076171875,0,15
GCF_003076455.1,Flavobacterium faecale,Flavobacterium,6,2993.0174153645835,0.3333333333333333,15
GCF_003076475.1,Flavobacterium kingsejongi,Flavobacterium,0,3004.336181640625,0,15
GCF_000758725.1,Paenibacillus odorifer,Paenibacillus,0,3061.122526041667,0.2,45
GCF_000759025.1,Phaeodactylibacter xiamenensis,Phaeodactylibacter,0,3007.7003580729165,0,3
GCF_003086355.1,Streptococcus chenjunshii,Streptococcus,0,3079.1927734375,0,10
GCF_000759445.1,Pseudomonas lutea,Pseudomonas,1,2998.7000325520835,1.3333333333333333,15
GCF_003096015.2,Limnobaculum parvum,Limnobaculum,0,3030.8220098586307,0,21
GCF_003096035.1,Flavobacterium album,Flavobacterium,0,3004.336181640625,0,3
GCF_000760695.4,Tolypothrix bouteillei,Tolypothrix,0,2950.83056640625,0,15
GCF_003096075.1,Dietzia lutea,Dietzia,0,3004.382080078125,0,6
GCF_003096095.1,Dietzia psychralcaliphila,Dietzia,3,3006.31787109375,0,3
GCF_003097515.1,Streptomyces tirandamycinicus,Streptomyces,0,3008.299560546875,0,10
GCF_000761155.1,Pseudomonas rhizosphaerae,Pseudomonas,0,3028.0887858072915,1.0666666666666667,15
GCF_003097535.1,Flavobacterium pallidum,Flavobacterium,3,3000.372802734375,0,3
GCF_003097655.1,Flavobacterium laiguense,Flavobacterium,1,-216.64633178710938,108,1
GCF_003100395.1,Aquabacterium olei,Aquabacterium,2,3020.7648111979165,0,3
GCF_003114835.2,Leptospira kobayashii,Leptospira,0,2972.629150390625,0,1
GCF_000763515.1,Listeria ivanovii,Listeria,0,3071.713623046875,0,15
GCF_000763575.1,Thermoanaerobacter kivui,Thermoanaerobacter,4,3301.6356201171875,0,6
GCF_000764325.1,Vibrio navarrensis,Vibrio,0,2957.540605817522,0.25,28
GCF_003119195.2,Azospirillum baldaniorum,Azospirillum,0,2906.4772677951387,0,45
GCF_000764555.1,Candidatus Francisella endociliophora,Candidatus,0,3024.244873046875,0,3
GCF_000767055.1,Corynebacterium doosanense,Corynebacterium,0,3014.2906494140625,0,6
GCF_000767465.1,Novosphingobium pentaromativorans,Novosphingobium,0,2950.83056640625,0,3
GCF_000767725.1,Metamycoplasma hominis,Metamycoplasma,1,3000.4189453125,0,1
GCF_000769405.2,Rhizobium brockwellii,Rhizobium,0,2934.97705078125,0,3
GCF_000770795.1,Noviluteimonas dokdonensis,Noviluteimonas,0,3061.80517578125,0,1
GCF_000771745.2,Thermus filiformis,Thermus,1,2994.345458984375,0,1
GCF_000785435.2,Paraburkholderia sacchari,Paraburkholderia,0,3038.02490234375,0,1
GCF_000785495.1,Pimelobacter simplex,Pimelobacter,0,3002.400390625,0,1
GCF_003121295.1,Streptomyces orinoci,Streptomyces,0,2987.3593401227677,0,21
GCF_000785705.2,Methylomonas denitrificans,Methylomonas,0,3040.006591796875,0,3
GCF_003122365.1,Streptomyces spongiicola,Streptomyces,0,2992.538330078125,2,15
GCF_000788395.1,Pseudoalteromonas piratica,Pseudoalteromonas,0,3038.02490234375,0,21
GCF_000789235.1,Wocania ichthyoenteri,Wocania,0,3016.226318359375,0,1
GCF_000800395.1,Deinococcus radiopugnans,Deinococcus,0,2987.1923014322915,0,3
GCF_003122385.1,Flavobacterium crocinum,Flavobacterium,0,2988.814208984375,0,15
GCF_000802245.2,Streptomyces pluripotens,Streptomyces,0,3019.3046875,0,15
GCF_003130255.1,Aggregatibacter kilianii,Aggregatibacter,0,3041.388916015625,0,15
GCF_003130705.1,Rhodococcus oxybenzonivorans,Rhodococcus,1,2913.066935221354,1,6
GCF_000803315.1,Pectobacterium actinidiae,Pectobacterium,3,2927.684640066964,3.238095238095238,21
GCF_000807675.2,Eubacterium limosum,Eubacterium,0,2990.54169921875,0.4,10
GCF_003130795.1,Azospirillum thermophilum,Azospirillum,0,2958.414376395089,0,21
GCF_000807775.2,Pandoraea fibrosis,Pandoraea,0,3038.02490234375,0,6
GCF_000812665.2,Falsihalocynthiibacter arcticus,Falsihalocynthiibacter,0,2915.16015625,0,3
GCF_000813325.1,Sulfurospirillum cavolei,Sulfurospirillum,0,2990.46435546875,0,1
GCF_000814825.1,Berryella intestinalis,Berryella,2,2998.39111328125,0,1
GCF_000816495.1,Acinetobacter harbinensis,Acinetobacter,0,3051.896728515625,0,3
GCF_000816575.1,Geobacter soli,Geobacter,2,3085.58544921875,0,1
GCF_000816845.1,Rhizobium gallicum,Rhizobium,0,2924.4695638020835,0.6666666666666666,3
GCF_000817955.1,Geobacter pickeringii,Geobacter,0,3081.6220703125,0,3
GCF_003143515.1,Massilia oculi,Massilia,6,3015.47216796875,0.5714285714285714,21
GCF_003143535.1,Aquirufa nivalisilvae,Aquirufa,0,2984.519287109375,0,3
GCF_000818015.1,Stutzerimonas balearica,Stutzerimonas,0,3020.13134765625,1.5,6
GCF_003143555.1,Saliniradius amylolyticus,Saliniradius,0,3038.02490234375,0,6
GCF_003148385.1,Flavobacterium sediminis,Flavobacterium,1,2958.372802734375,0,1
GCF_003148495.1,Mesorhizobium loti,Mesorhizobium,0,2942.90380859375,0,1
GCF_000818395.1,Noviherbaspirillum autotrophicum,Noviherbaspirillum,0,3034.0615234375,0,10
GCF_003173715.1,Methylobacterium durans,Methylobacterium,0,2938.9404296875,0,6
GCF_003173735.1,Methylobacterium radiodurans,Methylobacterium,0,2938.9404296875,0,15
GCF_000821185.2,Serratia symbiotica,Serratia,0,3055.860107421875,0,21
GCF_000821245.2,Virgibacillus senegalensis,Virgibacillus,0,3095.539794921875,0,6
GCF_000821305.1,Clostridium culturomicium,Clostridium,4,2965.5086669921875,0,6
GCF_000826085.1,Nigerium massiliense,Nigerium,3,3010.28125,0,3
GCF_000826105.1,Pseudomonas massiliensis,Pseudomonas,0,3045.95166015625,0,10
GCF_003173755.1,Methylobacterium terrae,Methylobacterium,0,2786.3161417643228,0.2222222222222222,36
GCF_000826835.2,Phaeobacter piscinae,Phaeobacter,0,2901.288330078125,0,6
GCF_000827125.1,Geoalkalibacter subterraneus,Geoalkalibacter,0,3076.46044921875,0,3
GCF_000827885.1,Vibrio renipiscarius,Vibrio,2,3065.7685546875,0,1
GCF_000828515.1,Candidatus Ishikawella capsulata,Candidatus,0,2975.2554524739585,1.3333333333333333,3
GCF_000828635.1,Sulfuritalea hydrogenivorans,Sulfuritalea,0,3040.052490234375,0,1
GCF_000828815.1,Candidatus Tachikawaea gelatinosa,Candidatus,0,3082.3133951822915,0.6666666666666666,3
GCF_000828855.1,Metamycoplasma canadense,Metamycoplasma,0,3008.345458984375,0,1
GCF_000828895.1,Serpentinimonas raichei,Serpentinimonas,0,3041.98828125,0,1
GCF_000828915.1,Serpentinimonas maccroryi,Serpentinimonas,2,3022.17138671875,0,1
GCF_003176835.1,Lactococcus lactis,Lactococcus,0,3065.7685546875,0,15
GCF_003176875.1,Legionella anisa,Legionella,0,3059.823486328125,0,3
GCF_000829395.1,Paucilactobacillus hokkaidonensis,Paucilactobacillus,4,3119.9884033203125,0.5,6
GCF_003177055.1,Sinorhizobium fredii,Sinorhizobium,0,2937.6500651041665,0,3
GCF_003182485.1,Geodermatophilus normandii,Geodermatophilus,0,3007.0091959635415,0,3
GCF_003202235.1,Prauserella flavalba,Prauserella,0,3022.17138671875,0,3
GCF_003202285.1,Prauserella muralis,Prauserella,0,2192.7446899414062,22.5,6
GCF_003233695.1,Marilutibacter maris,Marilutibacter,0,3061.80517578125,0,1
GCF_000829905.1,Beduini massiliensis,Beduini,6,3024.153076171875,0,15
GCF_000831385.1,Nonlabens marinus,Nonlabens,0,3016.226318359375,0,1
GCF_003240565.2,Rhizobium tumorigenes,Rhizobium,0,2934.97705078125,0,6
GCF_000831485.1,Streptococcus iniae,Streptococcus,1,3010.6260986328125,2,6
GCF_000831645.3,Companilactobacillus heilongjiangensis,Companilactobacillus,0,3101.4620361328125,0.5,6
GCF_003258315.1,Bradymonas sediminis,Bradymonas,5,3045.95166015625,0,10
GCF_003258335.1,Acinetobacter radioresistens,Acinetobacter,0,3034.693429129464,0.2857142857142857,21
GCF_000832905.1,Heyndrickxia coagulans,Heyndrickxia,1,3031.4308471679688,0.2222222222222222,36
GCF_000833025.1,Myroides profundi,Myroides,0,3008.299560546875,0,10
GCF_000833355.1,Francisella tularensis,Francisella,0,2985.5001627604165,0.6666666666666666,3
GCF_003258605.2,Peterkaempfera bronchialis,Peterkaempfera,1,2957.289524623326,0,28
GCF_003258705.1,Arcticibacterium luteifluviistationis,Arcticibacterium,0,3008.299560546875,0,1
GCF_003259005.1,Spirosoma telluris,Spirosoma,0,2942.69482421875,0,1
GCF_000833575.1,Corynebacterium singulare,Corynebacterium,0,2968.1036783854165,0,3
GCF_003260975.1,Echinicola strongylocentroti,Echinicola,0,3018.2080078125,0,6
GCF_003265225.1,Mergibacter septicus,Mergibacter,2,3020.08779296875,0,15
GCF_000834395.1,Yersinia aldovae,Yersinia,0,3006.4947567894346,0.5714285714285714,21
GCF_003265305.2,Pseudoprevotella muciniphila,Pseudoprevotella,0,2974.97998046875,7.333333333333333,3
GCF_003265355.1,Glycomyces dulcitolivorans,Glycomyces,0,474.22979736328125,76,1
GCF_000834455.1,Yersinia rohdei,Yersinia,0,3041.860595703125,0,15
GCF_000875755.1,Mycoplasma yeatsii,Mycoplasma,2,3004.428466796875,1,1
GCF_000876225.1,Micromonospora haikouensis,Micromonospora,0,2805.3349609375,3,1
GCF_000934545.1,Rugosibacter aromaticivorans,Rugosibacter,2,3107.384033203125,0,1
GCF_000934565.1,Pseudomonas simiae,Pseudomonas,0,3038.596337890625,0,15
GCF_000934605.2,Pandoraea vervacti,Pandoraea,0,3030.1441650390625,0,6
GCF_003268595.1,Paraliobacillus zengyii,Paraliobacillus,0,3065.4599338107637,0,36
GCF_000934755.1,Desulfonatronovibrio magnus,Desulfonatronovibrio,0,3085.58544921875,0,1
GCF_000940515.1,Mannheimia massilioguelmaensis,Mannheimia,0,3051.896728515625,0,1
GCF_000940805.1,Gynuella sunshinyii,Gynuella,0,3037.8975830078125,1,6
GCF_003268655.1,Arthrobacter dokdonellae,Arthrobacter,5,3038.8359375,0,10
GCF_000941055.1,Siansivirga zeaxanthinifaciens,Siansivirga,1,2748.765380859375,16.666666666666668,3
GCF_003269425.1,Flagellimonas maritima,Flagellimonas,0,3016.226318359375,0,1
GCF_000941095.1,Ureaplasma diversum,Ureaplasma,0,3004.336181640625,0,1
GCF_003285045.1,Mycoplasma anseris,Mycoplasma,0,3008.299560546875,0,1
GCF_003285065.1,Mycoplasmopsis anatis,Mycoplasmopsis,0,2986.5009765625,0,1
GCF_003285265.1,Paracoccus mutanolyticus,Paracoccus,0,2903.27001953125,0,3
GCF_003286395.1,Paraburkholderia dokdonensis,Paraburkholderia,0,3038.02490234375,0,6
GCF_003287895.1,Blautia argi,Blautia,1,2945.794677734375,2,3
GCF_003290385.1,Actinobacillus pleuropneumoniae,Actinobacillus,0,3055.860107421875,0,15
GCF_003290445.1,Francisella adeliensis,Francisella,0,3040.006591796875,0,3
GCF_003293845.1,Flavobacterium tibetense,Flavobacterium,3,3008.299560546875,0,3
GCF_000942395.1,Risungbinella massiliensis,Risungbinella,0,2969.6104261610244,0,36
GCF_000943515.2,Amycolatopsis orientalis,Amycolatopsis,4,2932.1982421875,0,6
GCF_000948975.2,Thalassomonas actiniarum,Thalassomonas,0,3055.860107421875,0,1
GCF_000949255.1,Ferrimicrobium acidiphilum,Ferrimicrobium,0,3020.189697265625,0,1
GCF_000950575.1,Psychromicrobium lacuslunae,Psychromicrobium,2,3043.969970703125,0,1
GCF_000953015.1,Candidatus Methylopumilus turicensis,Candidatus,0,3051.896728515625,0,1
GCF_000953135.1,Legionella fallonii,Legionella,0,3055.883056640625,0,6
GCF_003312355.2,Pectobacterium peruviense,Pectobacterium,0,3048.8352399553573,0,21
GCF_000953635.1,Legionella micdadei,Legionella,3,3059.823486328125,0,3
GCF_000953715.1,Defluviitoga tunisiensis,Defluviitoga,3,2996.409423828125,0,3
GCF_000954135.1,Ralstonia mannitolilytica,Ralstonia,0,3019.98828125,0,1
GCF_003312875.1,Amycolatopsis albispora,Amycolatopsis,4,3000.441650390625,0,6
GCF_000959365.1,Burkholderia oklahomensis,Burkholderia,0,3038.02490234375,0,6
GCF_003312915.1,Flavobacterium fluviale,Flavobacterium,6,2965.17177734375,0.6,15
GCF_000959445.1,Burkholderia vietnamiensis,Burkholderia,0,3028.568017578125,0,15
GCF_003313245.1,Primorskyibacter marinus,Primorskyibacter,0,2905.251708984375,0,6
GCF_003315615.1,Bifidobacterium xylocopae,Bifidobacterium,2,2998.57568359375,4,1
GCF_003315635.1,Bifidobacterium aemilianum,Bifidobacterium,0,3014.290771484375,1,1
GCF_000959545.1,Burkholderia ambifaria,Burkholderia,0,3006.5638509114583,0.8666666666666667,15
GCF_000960975.1,Martelella endophytica,Martelella,0,2931.013671875,0,3
GCF_003323815.1,Acinetobacter haemolyticus,Acinetobacter,0,3039.527294921875,0,15
GCF_003324675.1,Paracoccus suum,Paracoccus,0,2899.306640625,0,1
GCF_003325355.1,Runella rosea,Runella,0,2984.519287109375,0,3
GCF_000960995.1,Burkholderia glumae,Burkholderia,0,3038.02490234375,0,10
GCF_000961215.1,Xanthomonas citri,Xanthomonas,2,3065.7685546875,0,1
GCF_000961515.1,Paraburkholderia fungorum,Paraburkholderia,0,3031.4346516927085,0.3333333333333333,15
GCF_000967305.2,Alcaligenes faecalis,Alcaligenes,3,3045.95166015625,0,3
GCF_003325475.1,Chromobacterium phragmitis,Chromobacterium,0,3047.933349609375,0,28
GCF_000967915.1,Acholeplasma brassicae,Acholeplasma,1,3014.2034912109375,0,6
GCF_000968055.1,Acholeplasma palmae,Acholeplasma,0,3002.3544921875,0,1
GCF_003330785.1,Paraburkholderia graminis,Paraburkholderia,0,3038.02490234375,0,15
GCF_000968175.1,Xenorhabdus poinarii,Xenorhabdus,0,3024.067068917411,0.5714285714285714,21
GCF_003330825.1,Paraburkholderia terricola,Paraburkholderia,0,3038.02490234375,0,10
GCF_003332325.1,Mycoplasma phocae,Mycoplasma,0,2996.3851725260415,0,3
GCF_003335215.1,Parvibium lacunae,Parvibium,2,3014.24462890625,0,1
GCF_000968195.1,Xenorhabdus doucetiae,Xenorhabdus,0,2912.3546316964284,0,21
GCF_000968535.2,Methylotuvimicrobium alcaliphilum,Methylotuvimicrobium,0,3026.226806640625,0,3
GCF_000969445.1,Devosia chinhatensis,Devosia,0,2936.958740234375,0,1
GCF_000969765.1,Mycoplasmopsis synoviae,Mycoplasmopsis,0,2968.7578125,1,1
GCF_000971295.1,Devosia epidermidihirudinis,Devosia,0,2940.922119140625,0,1
GCF_000973085.1,Sneathia vaginalis,Sneathia,0,2977.3758138020835,0.6666666666666666,3
GCF_000973105.1,Zobellia galactanivorans,Zobellia,2,3020.189697265625,0,1
GCF_003335255.1,Vibrio casei,Vibrio,0,3085.58544921875,0,28
GCF_000974425.1,Spirosoma radiotolerans,Spirosoma,0,2981.2470703125,0,3
GCF_000974685.2,Ferriphaselus amnicola,Ferriphaselus,0,3047.933349609375,0,3
GCF_003339525.1,Ephemeroptericola cinctiostellae,Ephemeroptericola,4,3055.883056640625,0,6
GCF_003340495.1,Adhaeribacter pallidiroseus,Adhaeribacter,0,3014.24462890625,0,3
GCF_000980835.1,Corynebacterium kutscheri,Corynebacterium,0,3036.043212890625,0,6
GCF_000981585.1,Paenibacillus riograndensis,Paenibacillus,4,3073.6953125,0,6
GCF_000987835.1,Sulfurovum lithotrophicum,Sulfurovum,0,2994.427734375,0,3
GCF_000988745.2,Moraxella bovoculi,Moraxella,0,3034.0615234375,0,6
GCF_003343245.1,Photorhabdus laumondii,Photorhabdus,0,3022.02587890625,1.1428571428571428,21
GCF_000993785.3,Streptomyces xiamenensis,Streptomyces,0,3032.079833984375,0,10
GCF_001005725.1,Sphingobium chungbukense,Sphingobium,0,2974.61083984375,0,1
GCF_001008165.2,Croceibacterium atlanticum,Croceibacterium,0,2948.848876953125,0,1
GCF_003343305.1,Enterococcus gilvus,Enterococcus,0,3082.25537109375,0,15
GCF_003344535.1,Exiguobacterium flavidum,Exiguobacterium,0,3087.613037109375,0,1
GCF_003344865.1,Euzebya pacifica,Euzebya,0,3004.382080078125,0,1
GCF_003344925.1,Flavobacterium arcticum,Flavobacterium,3,3008.299560546875,0,3
GCF_003345255.1,Pseudothauera hydrothermalis,Pseudothauera,0,3043.969970703125,0,3
GCF_001010285.1,Photorhabdus thracensis,Photorhabdus,0,3054.3299641927083,0.5333333333333333,15
GCF_003345525.1,Pelagibacterium lacus,Pelagibacterium,0,2946.8671875,0,1
GCF_001012775.1,Brevibacillus formosus,Brevibacillus,0,3012.446533203125,0,1
GCF_001017435.1,Caldimonas brevitalea,Caldimonas,3,3034.0615234375,0,3
GCF_001017775.3,Pandoraea thiooxydans,Pandoraea,0,3041.98828125,0,1
GCF_001020565.1,Maribacter thermophilus,Maribacter,0,3034.0615234375,0,1
GCF_001020985.1,Corynebacterium mustelae,Corynebacterium,4,3032.079833984375,0,6
GCF_003346755.1,Malaciobacter halophilus,Malaciobacter,0,3005.6726888020835,0,15
GCF_001021025.1,Corynebacterium epidermidicanis,Corynebacterium,0,3014.24462890625,0,6
GCF_001021045.1,Corynebacterium testudinoris,Corynebacterium,0,3024.198974609375,0,6
GCF_001021085.1,Candidatus Liberibacter africanus,Candidatus,0,2930.5990397135415,2.6666666666666665,3
GCF_003346775.1,Malaciobacter mytili,Malaciobacter,6,3006.31787109375,0,15
GCF_003346815.1,Halarcobacter bivalviorum,Halarcobacter,0,3008.299560546875,0,6
GCF_003347135.1,Francisella opportunistica,Francisella,0,3040.006591796875,0,3
GCF_001022135.1,Phytobacter ursingii,Phytobacter,0,3038.597481863839,0.5714285714285714,21
GCF_003347665.1,Microvirga calopogonii,Microvirga,0,1826.8277404785156,35.6,10
GCF_001025155.1,Bifidobacterium angulatum,Bifidobacterium,4,3034.0615234375,0,6
GCF_001025175.1,Bifidobacterium breve,Bifidobacterium,0,3026.1806640625,0,1
GCF_003351565.1,Neisseria lactamica,Neisseria,0,3053.87841796875,0,6
GCF_003351765.1,Ornithinimicrobium avium,Ornithinimicrobium,0,3002.226806640625,0,1
GCF_001025195.1,Bifidobacterium catenulatum,Bifidobacterium,0,3028.116455078125,0,10
GCF_003352005.1,Oceanobacillus zhaokaii,Oceanobacillus,0,3051.623291015625,0,10
GCF_001025215.1,Bifidobacterium pseudocatenulatum,Bifidobacterium,6,3028.116455078125,0,15
GCF_003352185.1,Pseudomonas kribbensis,Pseudomonas,0,3041.74853515625,0,15
GCF_003353065.1,Cyclonatronum proteinivorum,Cyclonatronum,3,3050.6063639322915,0,3
GCF_003355455.1,Erythrobacter aureus,Erythrobacter,0,2948.848876953125,0,1
GCF_001028665.1,Burkholderia pyrrocinia,Burkholderia,0,3035.39794921875,0,15
GCF_001029105.3,Pandoraea faecigallinarum,Pandoraea,0,3038.02490234375,0,6
GCF_001040945.1,Herbaspirillum seropedicae,Herbaspirillum,0,3038.02490234375,0,1
GCF_003355495.1,Crenobacter cavernae,Crenobacter,0,3047.933349609375,0,21
GCF_003363775.1,Spiroplasma alleghenense,Spiroplasma,0,2998.483154296875,1,1
GCF_003366055.1,Candidatus Chromulinivorax destructor,Candidatus,0,3067.750244140625,0,1
GCF_001042595.1,Bifidobacterium dentium,Bifidobacterium,4,3034.0615234375,0,6
GCF_003367375.1,Gallaecimonas mangrovi,Gallaecimonas,0,2950.534423828125,1.3333333333333333,3
GCF_001042635.1,Bifidobacterium scardovii,Bifidobacterium,0,3022.17138671875,0,3
GCF_003367705.1,Microbacterium foliorum,Microbacterium,2,3022.17138671875,0,1
GCF_001042715.1,Clostridium aceticum,Clostridium,2,2621.1490071614585,0,3
GCF_001046635.1,Novosphingobium barchaimii,Novosphingobium,0,2950.83056640625,0,6
GCF_003368325.1,Paraburkholderia caffeinilytica,Paraburkholderia,0,3034.0615234375,0,15
GCF_001046645.1,Sphingobium cupriresistens,Sphingobium,0,2946.8671875,0,21
GCF_001046655.1,Sphingobium baderi,Sphingobium,0,2946.8671875,0,1
GCF_001048695.1,Neobacillus massiliamazoniensis,Neobacillus,0,2884.25390625,0,1
GCF_001050095.1,Enterococcus massiliensis,Enterococcus,0,3091.530517578125,0,3
GCF_003382565.3,Pectobacterium aquaticum,Pectobacterium,0,3055.860107421875,0,21
GCF_003383595.3,Metamycoplasma phocicerebrale,Metamycoplasma,2,2994.5654296875,0,1
GCF_003386075.1,Citricoccus muralis,Citricoccus,0,3026.134765625,0,1
GCF_003386555.1,Thermomonospora umbrina,Thermomonospora,4,2994.427734375,0,6
GCF_003386665.1,Xenorhabdus cabanillasii,Xenorhabdus,0,3012.106201171875,0,28
GCF_003386795.1,Thermasporomyces composti,Thermasporomyces,0,3022.17138671875,0,1
GCF_003386865.1,Calidifontibacter indicus,Calidifontibacter,0,3018.2080078125,0,1
GCF_001050115.1,Bacillus smithii,Bacillus,0,3081.6220703125,0,55
GCF_001050235.1,Longilinea arvoryzae,Longilinea,0,2972.629150390625,0,1
GCF_001050295.1,Listeria fleischmannii,Listeria,0,3075.677001953125,0,1
GCF_003391255.1,Pseudomonas plecoglossicida,Pseudomonas,0,3041.4484514508927,0.2857142857142857,21
GCF_001050435.1,Levilactobacillus koreensis,Levilactobacillus,6,3083.4560709635416,0.3333333333333333,15
GCF_003402575.1,Mesosutterella multiformis,Mesosutterella,6,3005.976611328125,1.0666666666666667,15
GCF_001051995.2,Thauera humireducens,Thauera,0,3043.992919921875,0,6
GCF_001078055.1,Rufibacter radiotolerans,Rufibacter,0,2992.446044921875,0,1
GCF_003403075.1,Flavobacterium psychrotrophum,Flavobacterium,0,2970.1866048177085,3.3333333333333335,6
GCF_003403135.1,Dickeya dianthicola,Dickeya,0,2975.2804129464284,0,21
GCF_003417535.1,Hydrogenophaga borbori,Hydrogenophaga,0,3030.09814453125,0,1
GCF_003426945.1,Thermus sediminis,Thermus,2,3004.336181640625,0,1
GCF_001083805.1,Photorhabdus luminescens,Photorhabdus,0,3007.318821498326,0.25,28
GCF_001182045.1,Dakarella massiliensis,Dakarella,2,3038.02490234375,0,1
GCF_003429285.1,Salinimonas sediminis,Salinimonas,0,3036.4716796875,0,10
GCF_003431825.1,Blastomonas fulva,Blastomonas,0,2950.83056640625,0,1
GCF_003433515.1,Maritalea myrionectae,Maritalea,0,2940.922119140625,0,1
GCF_003444775.1,Deinococcus ficus,Deinococcus,3,2978.57421875,0,3
GCF_001183605.1,Lysinibacillus xylanilyticus,Lysinibacillus,0,3048.010791015625,0,10
GCF_003449035.1,Albibacterium indicum,Albibacterium,0,3032.079833984375,0,1
GCF_001183985.1,Peribacillus loiseleuriae,Peribacillus,0,2864.606201171875,0,1
GCF_003457605.1,Seongchinamella sediminis,Seongchinamella,0,3040.006591796875,0,1
GCF_003515105.1,Pseudoalteromonas lipolytica,Pseudoalteromonas,0,2996.4855346679688,0.5,28
GCF_001186155.3,Planococcus versutus,Planococcus,9,3056.7303602430557,0.4444444444444444,36
GCF_003515985.1,Lonsdalea britannica,Lonsdalea,0,3047.8858933221727,0.47619047619047616,21
GCF_001187435.1,Streptomyces caatingaensis,Streptomyces,0,2566.67333984375,0.5714285714285714,21
GCF_003516125.1,Cronobacter sakazakii,Cronobacter,0,3024.3375069754466,2.2857142857142856,21
GCF_003516145.1,Leptospira borgpetersenii,Leptospira,0,2990.46435546875,0,1
GCF_003544815.1,Arcobacter suis,Arcobacter,0,3005.147216796875,0,10
GCF_001187595.1,Anoxybacillus gonensis,Anoxybacillus,0,3046.6348964146205,0.5,28
GCF_001189295.1,Chondromyces crocatus,Chondromyces,0,3043.55419921875,0,3
GCF_003544855.1,Malaciobacter marinus,Malaciobacter,0,3002.3544921875,0,15
GCF_001191605.1,Bacillus altitudinis,Bacillus,0,2707.7816243489583,0,15
GCF_001192795.1,Flexilinea flocculi,Flexilinea,0,2962.720703125,0,1
GCF_003544915.1,Arcobacter ellisii,Arcobacter,0,3008.299560546875,0,10
GCF_001192835.1,Lentimicrobium saccharophilum,Lentimicrobium,0,3020.189697265625,0,1
GCF_003544935.1,Malaciobacter molluscorum,Malaciobacter,6,3002.1148763020833,0,15
GCF_003545715.1,Taibaiella koreensis,Taibaiella,0,3014.24462890625,0,1
GCF_003546845.1,endosymbiont GvMRE of Glomus versiforme,endosymbiont,0,1657.189453125,49.666666666666664,3
GCF_003568825.1,Pseudoalteromonas tunicata,Pseudoalteromonas,0,3050.606201171875,0,45
GCF_001243895.1,Bacillus testis,Bacillus,0,3067.736531575521,0,66
GCF_003568845.1,Indioceanicola profundi,Indioceanicola,0,2935.3982282366073,0,21
GCF_001244735.1,Bacillus andreraoultii,Bacillus,0,3034.1859072730654,0.47619047619047616,21
GCF_003570845.1,Dialister pneumosintes,Dialister,1,3105.448486328125,0.5,6
GCF_001245615.1,Mycolicibacterium neworleansense,Mycolicibacterium,0,3008.299560546875,0,3
GCF_001247745.1,Luteipulveratus halotolerans,Luteipulveratus,2,3006.36376953125,0,1
GCF_003574215.1,Hydrogenophilus thermoluteolus,Hydrogenophilus,0,3019.7742513020835,0,3
GCF_001262015.1,Prevotella fusca,Prevotella,4,3003.8515625,0,6
GCF_003574295.1,Mediterraneibacter butyricigenes,Mediterraneibacter,0,2990.7398681640625,0,6
GCF_003574835.2,Thermobifida halotolerans,Thermobifida,4,3040.006591796875,0,6
GCF_003574965.1,Hymenobacter oligotrophus,Hymenobacter,0,2949.1014404296875,0,6
GCF_001262605.1,Pseudobacteroides cellulosolvens,Pseudobacteroides,5,2938.6741943359375,2.9285714285714284,28
GCF_001263175.1,Vulgatibacter incomptus,Vulgatibacter,3,3063.8788248697915,0,3
GCF_003575225.1,Clostridium chromiireducens,Clostridium,7,2782.8999372209823,0,21
GCF_003581605.1,Micromonospora endophytica,Micromonospora,0,57.19166564941406,90,1
GCF_001263205.1,Labilithrix luteola,Labilithrix,0,3079.686279296875,0,6
GCF_001263395.1,Bifidobacterium actinocoloniiforme,Bifidobacterium,2,3028.116455078125,0,1
GCF_003584015.1,Aurantiacibacter xanthus,Aurantiacibacter,0,2938.9404296875,0,6
GCF_001263755.1,Corynebacterium riegelii,Corynebacterium,2,2977.163126627604,0,6
GCF_003584135.1,Flagellimonas pelagia,Flagellimonas,4,3008.299560546875,0,6
GCF_003584165.1,Flagellimonas aequoris,Flagellimonas,4,3008.299560546875,0,6
GCF_001267175.1,Thiopseudomonas alkaliphila,Thiopseudomonas,0,3063.786865234375,0,10
GCF_003584685.1,Lactobacillus paragasseri,Lactobacillus,0,3117.29248046875,0,10
GCF_001267885.1,Streptomyces ambofaciens,Streptomyces,0,3014.7942708333335,0,15
GCF_001267925.1,Herbaspirillum hiltneri,Herbaspirillum,0,3022.043212890625,0,1
GCF_003585765.1,Pontibacter actiniarum,Pontibacter,0,3013.073974609375,0,10
GCF_003589885.1,Thermomonospora amylolytica,Thermomonospora,4,2954.33740234375,0,6
GCF_003590145.2,Pseudooceanicola algae,Pseudooceanicola,0,2823.0157063802085,3.3333333333333335,3
GCF_003590775.1,Sphingomonas cavernae,Sphingomonas,0,2950.83056640625,0,1
GCF_003590795.1,Azospirillum cavernae,Azospirillum,0,2942.90380859375,0,15
GCF_001274725.1,Sporosarcina globispora,Sporosarcina,0,2725.9004429408483,0,28
GCF_003590815.1,Deinococcus cavernae,Deinococcus,0,2980.555908203125,0,3
GCF_001274895.1,Corynebacterium lactis,Corynebacterium,0,2976.776123046875,0,3
GCF_001274945.1,Viridibacillus arvi,Viridibacillus,0,3077.65869140625,0,1
GCF_001275365.1,Francisella persica,Francisella,0,3040.006591796875,0,1
GCF_003590835.1,Noviherbaspirillum sedimenti,Noviherbaspirillum,0,3032.77099609375,0,6
GCF_003590875.1,Noviherbaspirillum cavernae,Noviherbaspirillum,0,3034.0615234375,0,3
GCF_003590945.1,Oleomonas cavernae,Oleomonas,0,2950.83056640625,0,1
GCF_003591035.1,Noviherbaspirillum saxi,Noviherbaspirillum,5,3019.8759765625,0,10
GCF_001277175.1,Cronobacter universalis,Cronobacter,0,3042.080147879464,0.2857142857142857,21
GCF_003595175.1,Pseudomonas cavernae,Pseudomonas,0,3042.01123046875,0,6
GCF_001277195.1,Cronobacter muytjensii,Cronobacter,0,3044.3318219866073,0,21
GCF_003595195.1,Paenisporosarcina cavernae,Paenisporosarcina,0,3055.122314453125,0.2222222222222222,36
GCF_001277215.2,Cronobacter malonaticus,Cronobacter,0,3048.3545270647323,0,21
GCF_003595525.1,Streptococcus respiraculi,Streptococcus,4,3069.73193359375,0,6
GCF_003600625.1,Arachidicoccus soli,Arachidicoccus,2,3028.116455078125,0,1
GCF_001277235.1,Cronobacter dublinensis,Cronobacter,0,3057.841796875,0,6
GCF_001277255.1,Cronobacter condimenti,Cronobacter,0,3050.606201171875,0,3
GCF_001277995.1,Corynebacterium deserti,Corynebacterium,0,2998.39111328125,0,15
GCF_003600645.1,Yersinia rochesterensis,Yersinia,0,3053.338448660714,0,21
GCF_003600895.1,Nocardioides cavernaquae,Nocardioides,0,3008.299560546875,0,1
GCF_001278115.1,Flavobacterium akiainvivens,Flavobacterium,2,3002.3544921875,0,1
GCF_003606325.2,Bartonella kosoyi,Bartonella,0,2952.812255859375,0,1
GCF_001281085.1,Trueperella pyogenes,Trueperella,0,2964.24462890625,0,1
GCF_003606345.3,Bartonella krasnovii,Bartonella,0,2952.812255859375,0,1
GCF_001281405.1,Bartonella ancashensis,Bartonella,0,2948.848876953125,0,1
GCF_001282625.1,Lascolabacillus massiliensis,Lascolabacillus,0,3041.98828125,0,1
GCF_003606365.2,Companilactobacillus zhachilii,Companilactobacillus,0,3105.40234375,0,6
GCF_001282685.1,Niameybacter massiliensis,Niameybacter,0,3011.66357421875,0,15
GCF_001282725.1,Inediibacterium massiliense,Inediibacterium,3,2996.5931803385415,0.6666666666666666,3
GCF_001286805.1,Kallipyga gabonensis,Kallipyga,2,2588.273681640625,0,1
GCF_001293125.1,Lawsonella clevelandensis,Lawsonella,2,3016.226318359375,0,1
GCF_001294535.1,Cypionkella psychrotolerans,Cypionkella,0,2903.27001953125,0,1
GCF_003609995.1,Sutterella megalosphaeroides,Sutterella,7,3020.5975603376114,0.25,28
GCF_003610465.1,Xenorhabdus ehlersii,Xenorhabdus,0,3053.638671875,0,15
GCF_003610555.1,Marinifilum flexuosum,Marinifilum,0,3020.189697265625,0,1
GCF_001294575.1,Pseudomonas versuta,Pseudomonas,0,3037.2265625,0,28
GCF_001296145.1,Fusobacterium animalis,Fusobacterium,0,2960.3695068359375,0.5,6
GCF_001298465.1,Campylobacter concisus,Campylobacter,0,2996.409423828125,0,3
GCF_003610915.1,Rahnella variigena,Rahnella,0,3042.8307524181546,0,21
GCF_003611035.1,Cryobacterium soli,Cryobacterium,0,3014.24462890625,0,3
GCF_001302565.1,Glutamicibacter halophytocola,Glutamicibacter,0,3024.153076171875,0,15
GCF_001302585.1,Kibdelosporangium phytohabitans,Kibdelosporangium,0,3005.02734375,0,3
GCF_003627035.1,Apilactobacillus bombintestini,Apilactobacillus,0,3109.8173095703123,0,10
GCF_003627055.1,Gryllotalpicola protaetiae,Gryllotalpicola,0,3024.153076171875,0,1
GCF_003627095.1,Lactococcus allomyrinae,Lactococcus,0,3060.441650390625,0,15
GCF_003627135.1,Streptococcus koreensis,Streptococcus,4,2967.28076171875,0,6
GCF_003627755.1,Rhizobium jaguaris,Rhizobium,0,2934.97705078125,0,3
GCF_003634015.1,Litorimonas taeanensis,Litorimonas,0,2923.1328125,0,1
GCF_003634315.1,Thiocapsa rosea,Thiocapsa,0,3030.09814453125,0,1
GCF_003634525.1,Williamsia muralis,Williamsia,0,3014.24462890625,0,1
GCF_003634555.1,Frondihabitans australicus,Frondihabitans,2,3014.24462890625,0,1
GCF_001305595.1,Azospirillum thiophilum,Azospirillum,0,2905.2510443793403,0,36
GCF_003634695.1,Motilibacter peucedani,Motilibacter,0,3006.31787109375,0,1
GCF_001305675.1,Gordonia phthalatica,Gordonia,0,3014.24462890625,0,6
GCF_003634935.1,Saccharothrix australiensis,Saccharothrix,0,3004.336181640625,0,6
GCF_001306115.1,Ornatilinea apprima,Ornatilinea,0,2990.46435546875,0,1
GCF_003634995.1,Saccharothrix variisporea,Saccharothrix,0,2996.455322265625,0,6
GCF_001310085.1,Rufibacter tibetensis,Rufibacter,0,2989.409423828125,0,6
GCF_001310225.1,Pseudalgibacter alginicilyticus,Pseudalgibacter,0,3004.336181640625,0,1
GCF_001375555.1,Numidum massiliense,Numidum,0,3099.457275390625,0,3
GCF_003635025.1,Saccharopolyspora antimicrobica,Saccharopolyspora,0,3013.074072265625,0,10
GCF_003641185.1,Lactiplantibacillus pentosus,Lactiplantibacillus,0,3095.9455810546874,0.4,10
GCF_001375675.1,Massilibacterium senegalense,Massilibacterium,5,3056.4193522135415,0.3333333333333333,15
GCF_003664325.1,Alkalispirillum mobile,Alkalispirillum,0,3057.841796875,0,1
GCF_001399515.1,Ketogulonicigenium vulgare,Ketogulonicigenium,0,2899.306640625,0,10
GCF_001399775.1,Thermus aquaticus,Thermus,2,2998.43701171875,0,1
GCF_001403615.1,Desnuesiella massiliensis,Desnuesiella,0,2918.6798828125,0,10
GCF_003671975.1,Pseudomonas monteilii,Pseudomonas,0,3045.95166015625,0,21
GCF_003687485.1,Euzebyella marina,Euzebyella,0,3028.116455078125,0,1
GCF_001403875.1,Paenibacillus ihumii,Paenibacillus,0,2204.680908203125,0,3
GCF_003691365.1,Commensalibacter melissae,Commensalibacter,4,2950.83056640625,0,6
GCF_003710085.1,Nocardioides pantholopis,Nocardioides,0,3010.28125,0,3
GCF_003710105.1,Georgenia faecalis,Georgenia,2,3020.189697265625,0,1
GCF_001411805.1,Burkholderia plantarii,Burkholderia,0,3038.02490234375,0,10
GCF_001413955.1,Flagellimonas eckloniae,Flagellimonas,0,3016.226318359375,0,1
GCF_001414055.1,Caulobacter henricii,Caulobacter,0,2940.922119140625,0,1
GCF_003711085.1,Arcobacter peruensis,Arcobacter,6,2970.591748046875,1.0666666666666667,15
GCF_003711105.1,Actinoplanes teichomyceticus,Actinoplanes,0,3006.31787109375,0,15
GCF_001420695.1,Brevibacillus choshinensis,Brevibacillus,0,3031.3043038504466,0,28
GCF_003713065.1,Cohnella candidum,Cohnella,8,3037.816948784722,0.2222222222222222,36
GCF_001421015.2,Paenibacillus bovis,Paenibacillus,9,2994.2766994900176,0.6111111111111112,36
GCF_003719195.1,Herbaspirillum rubrisubalbicans,Herbaspirillum,0,3038.02490234375,0,3
GCF_003721155.3,Janibacter melonis,Janibacter,0,3004.427978515625,0,1
GCF_003721225.2,Acidithiobacillus sulfuriphilus,Acidithiobacillus,0,3043.969970703125,0,1
GCF_003722295.1,Leptospira kmetyi,Leptospira,0,2990.46435546875,0,1
GCF_001441165.1,Acidipropionibacterium acidipropionici,Acidipropionibacterium,4,3018.990966796875,0,6
GCF_001442745.1,Lysobacter antibioticus,Lysobacter,0,3061.80517578125,0,1
GCF_001442805.1,Lysobacter gummosus,Lysobacter,0,3061.80517578125,0,1
GCF_003722315.1,Thermoanaerobacter ethanolicus,Thermoanaerobacter,4,3033.348388671875,0,6
GCF_001443605.1,Salinivirga cyanobacteriivorans,Salinivirga,0,3020.189697265625,0,3
GCF_003722335.1,Caulobacter flavus,Caulobacter,0,2936.958740234375,0,3
GCF_003725415.1,Absicoccus porci,Absicoccus,5,3049.9150390625,0,10
GCF_003751225.1,Actinocorallia herbida,Actinocorallia,0,2986.546875,0,15
GCF_003751805.1,Salana multivorans,Salana,0,3022.17138671875,0,1
GCF_003752005.1,Saccharothrix texasensis,Saccharothrix,0,3008.299560546875,0,6
GCF_001444405.1,Pseudoalteromonas phenolica,Pseudoalteromonas,0,3034.5223524305557,0,36
GCF_001444425.1,Pseudohongiella spirulinae,Pseudohongiella,0,3045.95166015625,0,1
GCF_003752125.1,Amycolatopsis thermoflava,Amycolatopsis,0,3018.2080078125,0,3
GCF_003752405.1,Bogoriella caseilytica,Bogoriella,2,3034.0615234375,0,1
GCF_003752505.1,Nocardioides aurantiacus,Nocardioides,0,3010.28125,0,1
GCF_001444445.1,Hoylesella enoeca,Hoylesella,0,3032.079833984375,0,3
GCF_003755125.1,Plantibacter flavus,Plantibacter,2,3014.24462890625,0,1
GCF_001455085.1,Fusobacterium hwasookii,Fusobacterium,0,2965.605810546875,1.6,10
GCF_003795125.1,Tetragenococcus osmophilus,Tetragenococcus,0,3064.2844482421874,0.4,10
GCF_003795145.1,Tetragenococcus koreensis,Tetragenococcus,0,3075.722900390625,0,1
GCF_003797945.1,Pseudomonas neustonica,Pseudomonas,0,3045.95166015625,0,1
GCF_003798325.1,Propionibacterium acidifaciens,Propionibacterium,2,3004.38232421875,0,1
GCF_003813965.1,Corynebacterium choanae,Corynebacterium,0,3012.1990966796875,0,6
GCF_001457455.1,Corynebacterium diphtheriae,Corynebacterium,0,3010.28125,0,10
GCF_003813985.1,Corynebacterium gerontici,Corynebacterium,0,2916.814697265625,2,1
GCF_003814005.1,Corynebacterium pseudopelargi,Corynebacterium,0,3014.29052734375,0,1
GCF_003814695.1,Myceligenerans xiligouense,Myceligenerans,0,3014.9359537760415,0,3
GCF_001457555.1,Fusobacterium polymorphum,Fusobacterium,0,2951.419921875,0.6,10
GCF_001457795.1,Olsenella massiliensis,Olsenella,0,2658.7880859375,21,1
GCF_001457815.1,Vitreoscilla massiliensis,Vitreoscilla,0,3041.628759765625,0.4,10
GCF_001457875.1,Actinomyces ihuae,Actinomyces,0,3067.390625,0,10
GCF_001458195.1,Ruegeria atlantica,Ruegeria,0,2893.361572265625,0,1
GCF_003814885.1,Kitasatospora cineracea,Kitasatospora,8,3004.3477172851562,0,28
GCF_003850565.1,Pseudomonas sessilinigenes,Pseudomonas,0,3039.64697265625,0,10
GCF_003851005.1,Desulfonema ishimotonii,Desulfonema,4,3093.5352783203125,0.5,6
GCF_003851555.1,Pseudomonas synxantha,Pseudomonas,0,3039.121793619792,0.5333333333333333,15
GCF_003852045.1,Pseudomonas orientalis,Pseudomonas,0,3041.223291015625,0,15
GCF_003855095.1,Gordonia insulae,Gordonia,0,3014.24462890625,0,1
GCF_001465255.1,Paenibacillus naphthalenovorans,Paenibacillus,0,3014.3749067826707,0.18181818181818182,55
GCF_001465545.3,Pandoraea norimbergensis,Pandoraea,0,3038.02490234375,0,6
GCF_003855155.1,Shewanella psychromarinicola,Shewanella,0,3028.0072283063614,0,28
GCF_001465795.2,Planococcus rifietoensis,Planococcus,9,3059.0283406575522,0,36
GCF_003855395.1,Shewanella livingstonensis,Shewanella,0,3052.494131905692,0,28
GCF_003855455.1,Mycoplasma struthionis,Mycoplasma,3,2996.5015462239585,0.6666666666666666,3
GCF_003860345.1,Caenibius tardaugens,Caenibius,0,2942.90380859375,0,1
GCF_003860405.1,Nakamurella antarctica,Nakamurella,3,3003.0458170572915,0,3
GCF_003860565.1,Cloacibacterium normanense,Cloacibacterium,2,3006.31787109375,0,1
GCF_003862475.1,Lachnoanaerobaculum gingivalis,Lachnoanaerobaculum,0,2788.6623779296874,0.6,10
GCF_003862485.1,Lachnoanaerobaculum orale,Lachnoanaerobaculum,0,2684.768310546875,0,3
GCF_003863965.1,Paenibacillus oralis,Paenibacillus,5,3037.084033203125,0.4,10
GCF_001465835.2,Planococcus kocurii,Planococcus,8,3044.9600830078125,0.2222222222222222,36
GCF_003864295.1,Aphanothece sacrum,Aphanothece,2,2924.813232421875,0,1
GCF_003865015.1,Sulfurisoma sediminicola,Sulfurisoma,0,3047.933349609375,0,1
GCF_001465875.1,Legionella saoudiensis,Legionella,0,2991.280232747396,6,6
GCF_001482195.1,Luteimonas abyssi,Luteimonas,0,3061.80517578125,0,1
GCF_003865075.1,Bacteroides faecalis,Bacteroides,5,3024.153076171875,0,10
GCF_001483865.1,Roseateles depolymerans,Roseateles,4,3020.904093424479,0.6666666666666666,6
GCF_003867015.1,Tenacibaculum singaporense,Tenacibaculum,0,3016.226318359375,0,6
GCF_001485475.2,Tepidanaerobacter syntrophicus,Tepidanaerobacter,0,2899.9097493489585,3.5,6
GCF_003885045.1,Schaedlerella arabinosiphila,Schaedlerella,0,3038.02490234375,0,3
GCF_003892345.1,Lautropia dentalis,Lautropia,0,3034.0615234375,0,1
GCF_001493375.1,Streptomyces specialis,Streptomyces,0,3016.318603515625,2,3
GCF_001509405.1,Aeromicrobium erythreum,Aeromicrobium,0,3010.28125,0,1
GCF_003931795.1,Erysipelothrix piscisicarius,Erysipelothrix,0,2706.329345703125,7.333333333333333,3
GCF_001513745.1,Burkholderia humptydooensis,Burkholderia,0,2972.04248046875,0,6
GCF_001523745.2,Burkholderia mayonis,Burkholderia,0,3034.08447265625,0,6
GCF_001524445.2,Burkholderia savannae,Burkholderia,0,3034.0845947265625,0.5,6
GCF_001528665.1,Microtetraspora malaysiensis,Microtetraspora,0,3016.226318359375,0,1
GCF_001535545.1,Thermus parvatiensis,Thermus,2,3010.28125,0,1
GCF_003931855.1,Paenibacillus lentus,Paenibacillus,0,3039.6848667689733,0.25,28
GCF_003932015.1,Candidatus Desulforudis audaxviator,Candidatus,2,3366.9853515625,0,1
GCF_001542405.1,Rhizobium altiplani,Rhizobium,0,2934.97705078125,0,15
GCF_001543305.1,Liberibacter crescens,Liberibacter,0,2936.958740234375,0,3
GCF_001543325.1,Lutibacter profundi,Lutibacter,2,3008.299560546875,0,1
GCF_001543895.1,Carbonactinospora thermoautotrophica,Carbonactinospora,3,2211.1101888020835,27.333333333333332,3
GCF_001545095.1,Erysipelothrix larvae,Erysipelothrix,0,3057.841796875,0,6
GCF_001547975.1,Mycoplasmopsis arginini,Mycoplasmopsis,0,3008.345458984375,0,1
GCF_001550155.1,Pseudoalteromonas arabiensis,Pseudoalteromonas,0,3053.87841796875,0,1
GCF_003932035.1,Pectobacterium versatile,Pectobacterium,0,3011.952904110863,0,21
GCF_001551835.1,Dechloromonas denitrificans,Dechloromonas,0,3047.933349609375,0,3
GCF_003932715.1,Streptomyces tsukubensis,Streptomyces,0,3034.0615234375,0,15
GCF_003932995.1,Brevibacterium aurantiacum,Brevibacterium,0,2962.5115966796875,0,6
GCF_001552035.1,Streptococcus agalactiae,Streptococcus,7,3069.73193359375,0,21
GCF_001553195.1,Mycoplasmopsis canis,Mycoplasmopsis,0,2969.44921875,0.6666666666666666,3
GCF_001553565.1,Actinomyces radicidentis,Actinomyces,3,3045.95166015625,0,3
GCF_001553605.1,Desulfovibrio fairfieldensis,Desulfovibrio,0,3061.205810546875,0,3
GCF_003935895.2,Scandinavium goeteborgense,Scandinavium,0,3047.979248046875,0,15
GCF_003940805.1,Tabrizicola piscis,Tabrizicola,0,2907.2333984375,0,1
GCF_001558775.1,Staphylococcus lugdunensis,Staphylococcus,0,3051.629085286458,0,15
GCF_001577305.1,Sinomonas atrocyanea,Sinomonas,4,3004.427978515625,0,6
GCF_003940825.1,Pseudomonas oryziphila,Pseudomonas,0,2854.344656808036,2.5714285714285716,21
GCF_001580365.1,Kocuria turfanensis,Kocuria,0,2082.321492513021,0,6
GCF_003945325.1,Nocardioides baekrokdamisoli,Nocardioides,0,3006.31787109375,0,1
GCF_003951285.1,Variovorax beijingensis,Variovorax,2,3041.98828125,0,1
GCF_001584145.1,Collimonas fungivorans,Collimonas,0,3034.0615234375,0,3
GCF_001584205.1,Collimonas arenae,Collimonas,0,3034.0615234375,0,3
GCF_001584225.1,Collimonas pratensis,Collimonas,0,2981.2298177083335,0.6666666666666666,3
GCF_001584565.1,Alkalithermobacter thermoalcaliphilus,Alkalithermobacter,6,2798.5962713068184,1.0545454545454545,55
GCF_001584725.1,endosymbiont TC1 of Trimyema compressum,endosymbiont,0,3117.29248046875,0,1
GCF_001586155.1,Pseudomonas citronellolis,Pseudomonas,0,3042.79931640625,0,10
GCF_003952225.1,Paenibacillus albus,Paenibacillus,13,3012.9369616386216,0,78
GCF_003952265.1,Flaviflexus salsibiostraticola,Flaviflexus,0,3038.02490234375,0,3
GCF_001586235.1,Corynebacterium simulans,Corynebacterium,4,2998.4371337890625,0,6
GCF_001586255.1,Zhongshania aliphaticivorans,Zhongshania,0,3045.95166015625,0,3
GCF_001587155.1,Ralstonia solanacearum,Ralstonia,0,3043.969970703125,0,3
GCF_003952345.1,Iodobacter ciconiae,Iodobacter,0,3031.2500813802085,0,36
GCF_003952725.1,Georhizobium profundi,Georhizobium,0,2942.90380859375,0,1
GCF_003955735.1,Undibacterium parvum,Undibacterium,0,3038.02490234375,0,15
GCF_001590685.1,Sporosarcina psychrophila,Sporosarcina,0,3068.6717936197915,0,45
GCF_001594225.2,Pseudomonas glycinae,Pseudomonas,0,3045.95166015625,0,6
GCF_001597285.1,Aquipseudomonas alcaligenes,Aquipseudomonas,0,3019.68212890625,0,3
GCF_001606025.1,Psychrobacter alimentarius,Psychrobacter,5,3049.9150390625,0,10
GCF_003957745.1,Shewanella khirikhana,Shewanella,8,3055.89453125,0,28
GCF_001610955.1,Geobacillus thermoleovorans,Geobacillus,7,3059.7968401227677,0.7619047619047619,21
GCF_001611155.1,Pediococcus damnosus,Pediococcus,0,3107.498982747396,0,6
GCF_003963515.1,Brevibacillus marinus,Brevibacillus,7,3063.128104073661,0,21
GCF_001611675.1,Pontibacter akesuensis,Pontibacter,0,3018.2080078125,0,6
GCF_003963555.1,Streptococcus periodonticum,Streptococcus,0,2935.4091796875,0,6
GCF_003966335.1,Nonlabens ponticola,Nonlabens,2,3024.153076171875,0,1
GCF_003966565.1,Sulfuricystis multivorans,Sulfuricystis,0,3028.345947265625,0,1
GCF_003966655.1,Acidithiobacillus ferridurans,Acidithiobacillus,2,3043.969970703125,0,1
GCF_003966735.1,Desulfovibrio ferrophilus,Desulfovibrio,0,3068.44140625,0,3
GCF_003966755.1,Candidatus Rickettsiella viridis,Candidatus,0,3254.029052734375,0,1
GCF_001611975.1,Haematospirillum jordaniae,Haematospirillum,0,2944.885498046875,0,10
GCF_001618845.1,Mesorhizobium ciceri,Mesorhizobium,0,2935.02294921875,0,1
GCF_003966895.1,Methylomusa anaerophila,Methylomusa,4,3048.7392578125,0,6
GCF_003967035.1,Aerosticca soli,Aerosticca,0,3053.92431640625,0,1
GCF_003967075.1,Sphingobium amiense,Sphingobium,0,2950.83056640625,0,1
GCF_001623565.1,Streptococcus marmotae,Streptococcus,0,3055.7601318359375,1.5,6
GCF_003967275.1,Sulfuritortus calidifontis,Sulfuritortus,0,3036.043212890625,0,1
GCF_001623895.2,Tsukamurella tyrosinosolvens,Tsukamurella,2,3014.24462890625,0,1
GCF_001632775.1,Dokdonella koreensis,Dokdonella,0,3049.9150390625,0,1
GCF_001633165.1,Rhodovulum sulfidophilum,Rhodovulum,0,2907.2333984375,0,3
GCF_003967555.1,Dictyobacter kobayashii,Dictyobacter,3,2760.008719308036,12.285714285714286,21
GCF_001634285.1,Anoxybacteroides amylolyticum,Anoxybacteroides,0,3063.1284760974704,1.0476190476190477,21
GCF_003967575.1,Dictyobacter alpinus,Dictyobacter,7,2885.3219401041665,1.0476190476190477,21
GCF_003970675.1,Flammeovirga pectinis,Flammeovirga,10,3005.183892144097,0.2,45
GCF_003971195.1,Flaviflexus ciconiae,Flaviflexus,3,3015.027587890625,0,3
GCF_003977615.1,Dyella dinghuensis,Dyella,2,3065.7685546875,0,1
GCF_003989825.1,Vreelandella populi,Vreelandella,2,3038.02490234375,0,1
GCF_001636315.1,Neobacillus mesonae,Neobacillus,0,3059.5341537937975,0,66
GCF_003990335.1,Rheinheimera mangrovi,Rheinheimera,2,2986.448909505208,0.5333333333333333,15
GCF_001636395.1,Neobacillus novalis,Neobacillus,0,3050.2601725260415,0,36
GCF_003991135.1,Anoxybacter fermentans,Anoxybacter,0,3108.567408970424,0,28
GCF_003991425.1,Paenibacillus lutimineralis,Paenibacillus,10,3041.8770670572917,0,45
GCF_003991565.1,Butyricimonas faecalis,Butyricimonas,0,2960.701123046875,1,10
GCF_003991875.1,Microbacterium lemovicicum,Microbacterium,0,3018.2080078125,0,1
GCF_003991975.1,Entomomonas moraniae,Entomomonas,1,2984.1787109375,0.6666666666666666,3
GCF_003992665.1,Pelagibacterium montanilacus,Pelagibacterium,0,2944.885498046875,0,6
GCF_004001245.1,Sulfurivermis fontis,Sulfurivermis,0,3047.933349609375,0,1
GCF_001636415.1,Neobacillus drentensis,Neobacillus,1,2861.378740359575,2.5641025641025643,78
GCF_004006175.1,Parasedimentitalea marina,Parasedimentitalea,0,2883.16474609375,0.4,10
GCF_004008975.1,Bordetella pertussis,Bordetella,0,3034.0615234375,0,3
GCF_004010955.1,Actinomyces wuliandei,Actinomyces,0,3108.7666829427085,0.6666666666666666,3
GCF_004011095.1,Rathayibacter rathayi,Rathayibacter,2,3018.2080078125,0,1
GCF_004011115.1,Rathayibacter iranicus,Rathayibacter,2,3018.2080078125,0,1
GCF_004011135.1,Rathayibacter festucae,Rathayibacter,2,3018.2080078125,0,1
GCF_004011805.1,Piscinibacter defluvii,Piscinibacter,0,158.7686309814453,86,1
GCF_004011905.1,Gordonia alkanivorans,Gordonia,0,3006.38671875,0,6
GCF_004014855.1,Apibacter raozihei,Apibacter,0,3014.24462890625,0,3
GCF_001636425.1,Heyndrickxia acidicola,Heyndrickxia,0,3071.5291341145835,0,36
GCF_004014875.1,Nocardioides yefusunii,Nocardioides,6,3003.6909993489585,0,15
GCF_001639105.2,Azospirillum humicireducens,Azospirillum,0,2892.872216796875,0,10
GCF_001640365.1,Candidatus Arsenophonus triatominarum,Candidatus,0,3036.679931640625,0,3
GCF_001641005.1,Rathayibacter tritici,Rathayibacter,2,3018.2080078125,0,1
GCF_001641285.1,Dyella thiooxydans,Dyella,0,3061.80517578125,0,1
GCF_001641615.1,Pseudoalteromonas gelatinilytica,Pseudoalteromonas,0,3073.6953125,0,1
GCF_001642085.1,Streptococcus pantholopis,Streptococcus,5,3076.12841796875,0,10
GCF_001642805.2,Serratia surfactantfaciens,Serratia,0,2636.5399576822915,0,15
GCF_001643775.1,Denitrobacterium detoxificans,Denitrobacterium,0,2979.2655436197915,0,3
GCF_001644565.1,Deinococcus puniceus,Deinococcus,0,2975.9933268229165,0,3
GCF_001644575.1,Mycobacterium adipatum,Mycobacterium,0,3008.299560546875,0,1
GCF_028869115.1,Pseudemcibacter aquimaris,Pseudemcibacter,2,2970.6474609375,0,1
GCF_013177455.1,Nocardioides marmotae,Nocardioides,0,2962.3675130208335,0,3
GCF_013177635.1,Arcobacter aquimarinus,Arcobacter,0,3008.299560546875,0,10
GCF_013177655.1,Campylobacter canadensis,Campylobacter,0,2990.46435546875,0,6
GCF_044905075.1,Yersinia vastinensis,Yersinia,0,3039.703055245536,0.2857142857142857,21
GCF_044987285.1,Streptomyces thermolineatus,Streptomyces,1,2994.173095703125,2,1
GCF_013177675.1,Arcobacter acticola,Arcobacter,6,2998.4370930989585,0,15
GCF_013181415.1,Ferrovum myxofaciens,Ferrovum,0,3045.95166015625,0,1
GCF_013184075.1,Lentilactobacillus kribbianus,Lentilactobacillus,0,3097.61376953125,2,1
GCF_013184985.2,Actinomyces faecalis,Actinomyces,3,3045.95166015625,0,3
GCF_013200955.2,Aquipseudomonas campi,Aquipseudomonas,0,3045.95166015625,0,3
GCF_001644605.1,Paenibacillus swuensis,Paenibacillus,10,3035.443359375,0.2,45
GCF_013201075.1,Lichenicola cladoniae,Lichenicola,0,2962.720703125,0,3
GCF_013201645.1,Campylobacter corcagiensis,Campylobacter,0,2996.409423828125,0,3
GCF_013201665.1,Arcobacter venerupis,Arcobacter,6,3006.31787109375,0,15
GCF_001644705.1,Dickeya solani,Dickeya,0,3040.848946707589,0,21
GCF_018885085.1,Clostridioides difficile,Clostridioides,12,2973.5591264204545,0,66
GCF_018885265.1,Amycolatopsis aidingensis,Amycolatopsis,2,2996.28173828125,0,1
GCF_044999035.1,Kitasatospora griseola,Kitasatospora,10,3004.741748046875,0,45
GCF_028877475.1,Lysinibacillus irui,Lysinibacillus,0,3057.9401707504735,0,66
GCF_013201725.1,Arcobacter defluvii,Arcobacter,0,3003.57119140625,0.6,10
GCF_018885305.1,Curtobacterium aetherium,Curtobacterium,4,2980.7625732421875,0.5,6
GCF_013201825.1,Halarcobacter ebronensis,Halarcobacter,0,3008.299560546875,0,3
GCF_018905915.1,Azospira inquinata,Azospira,0,3051.896728515625,0,3
GCF_013201895.1,Campylobacter blaseri,Campylobacter,0,3002.3544921875,0,3
GCF_001647695.1,Haemophilus ducreyi,Haemophilus,0,3049.269775390625,0,15
GCF_045002895.1,Eubacterium ramulus,Eubacterium,0,3005.9765462239584,1.3333333333333333,15
GCF_001653335.1,Nocardioides dokdonensis,Nocardioides,3,3006.31787109375,0,3
GCF_001653755.1,Dokdonia donghaensis,Dokdonia,0,3014.935791015625,0,3
GCF_013201935.1,Arcobacter cloacae,Arcobacter,0,3008.299560546875,0,10
GCF_018917845.1,Tissierella pigra,Tissierella,0,3022.097412109375,0,15
GCF_018919205.1,Dysosmobacter acutus,Dysosmobacter,0,3032.079833984375,0,3
GCF_045016065.1,Massilia atriviolacea,Massilia,0,2898.678401692708,3.2666666666666666,15
GCF_001654515.1,Pseudomonas koreensis,Pseudomonas,0,3038.5962727864585,0,15
GCF_001655245.1,Mycolicibacterium vaccae,Mycolicibacterium,0,3016.226318359375,0,1
GCF_028885455.1,Pseudoalteromonas rhizosphaerae,Pseudoalteromonas,0,3035.671576605903,0.5,36
GCF_028891345.1,Xylella fastidiosa,Xylella,0,3061.80517578125,0,1
GCF_028981865.1,Wolbachia endosymbiont of Drosophila nikananu,Wolbachia,0,129.94565312067667,86.66666666666667,3
GCF_045037875.1,Pseudomonas petroselini,Pseudomonas,0,3041.223291015625,0,10
GCF_028981925.1,Wolbachia endosymbiont of Drosophila burlai,Wolbachia,1,55.988777001698814,88.66666666666667,3
GCF_028982105.1,Wolbachia endosymbiont of Drosophila bicornuta,Wolbachia,1,81.85522588094075,93,3
GCF_028993575.1,Micromonospora cathayae,Micromonospora,0,3002.3544921875,0,3
GCF_001656035.1,Yersinia entomophaga,Yersinia,0,3032.159912109375,1,15
GCF_001660045.1,Streptomyces parvulus,Streptomyces,1,2961.108056640625,6.4,10
GCF_045039635.1,Streptomyces albidoflavus,Streptomyces,0,3021.6315569196427,0,21
GCF_018966525.1,Paenibacillus sophorae,Paenibacillus,0,2984.5172593858506,0,36
GCF_018972105.1,Francisella salimarina,Francisella,0,3040.006591796875,0,3
GCF_018986915.1,Geomonas oryzisoli,Geomonas,0,3077.65869140625,0,6
GCF_045040895.1,Streptomyces purpurascens,Streptomyces,0,3021.5262044270835,0.3333333333333333,15
GCF_019046945.1,Streptococcus gordonii,Streptococcus,0,3085.58544921875,0,6
GCF_019047465.1,Lelliottia amnigena,Lelliottia,0,3047.979248046875,0,1
GCF_001661075.1,Pseudomonas silesiensis,Pseudomonas,0,3036.2164481026784,0,21
GCF_001661915.1,Croceicoccus pelagius,Croceicoccus,0,2950.83056640625,0,3
GCF_029023665.1,Pseudoalteromonas ostreae,Pseudoalteromonas,0,2990.6246676974824,0.3888888888888889,36
GCF_001661965.1,Croceicoccus mobilis,Croceicoccus,0,2950.83056640625,0,6
GCF_001663175.1,Erythrobacter neustonensis,Erythrobacter,0,2942.90380859375,0,1
GCF_045160875.1,Streptomyces achromogenes,Streptomyces,0,2993.5758138020833,0,15
GCF_045276205.1,Mycoplasmopsis adleri,Mycoplasmopsis,2,2966.867919921875,1,1
GCF_045276875.1,Mycoplasma corogypsi,Mycoplasma,1,2873.0880533854165,0,3
GCF_019047765.1,Citrobacter pasteurii,Citrobacter,0,2992.0633719308034,0,21
GCF_001663675.1,Loigolactobacillus backii,Loigolactobacillus,0,3087.2994140625,0,10
GCF_001663855.1,Ralstonia insidiosa,Ralstonia,0,3047.933349609375,0,3
GCF_029023825.1,Enterococcus saccharolyticus,Enterococcus,1,3076.8121163504466,0,21
GCF_019047805.1,Corynebacterium freneyi,Corynebacterium,4,3005.05029296875,0,6
GCF_001664265.1,Rhizobium esperanzae,Rhizobium,0,2934.97705078125,0,3
GCF_001664385.1,Rhizobium phaseoli,Rhizobium,0,2934.97705078125,0,3
GCF_045276965.1,Streptomyces althioticus,Streptomyces,0,2972.6648763020835,0,15
GCF_045277565.1,Aliisedimentitalea scapharcae,Aliisedimentitalea,0,2901.288330078125,0,3
GCF_001672295.1,Halodesulfovibrio spirochaetisodalis,Halodesulfovibrio,0,3055.860107421875,0,6
GCF_029025825.1,Lactiplantibacillus paraplantarum,Lactiplantibacillus,0,3092.7931396484373,0,10
GCF_045310485.1,Aquirufa salirivi,Aquirufa,0,2984.519287109375,0,3
GCF_001676705.1,Bordetella bronchialis,Bordetella,0,3034.0615234375,0,3
GCF_045310505.1,Aquirufa novilacunae,Aquirufa,0,2984.519287109375,0,3
GCF_001676725.1,Bordetella flabilis,Bordetella,0,3034.0615234375,0,3
GCF_019048065.1,Citrobacter farmeri,Citrobacter,0,3013.8289736793154,0,21
GCF_001682385.1,Azoarcus olearius,Azoarcus,0,3043.969970703125,0,6
GCF_045346035.1,Candidatus Arsenophonus nilaparvatae,Candidatus,0,2999.5933349609377,1.2,10
GCF_019048165.1,Corynebacterium coyleae,Corynebacterium,2,2858.732462565104,0,6
GCF_045348165.1,Flavobacterium soyae,Flavobacterium,4,3000.372802734375,0,6
GCF_029028125.1,Pseudoduganella chitinolytica,Pseudoduganella,0,3009.9813639322915,0.5714285714285714,21
GCF_029094505.1,Microbacterium horticulturae,Microbacterium,0,3020.189697265625,0,1
GCF_045348645.1,Micromonospora harpali,Micromonospora,1,2924.4285481770835,1.3333333333333333,3
GCF_045348655.1,Streptomyces solicamelliae,Streptomyces,0,3007.7001953125,0,3
GCF_045519255.1,Streptomyces okerensis,Streptomyces,0,3023.5078125,0,15
GCF_013248975.1,Neobacillus endophyticus,Neobacillus,0,3046.9702543370863,0.23529411764705882,136
GCF_019048245.1,Enterobacter hormaechei,Enterobacter,0,2990.280604771205,0,28
GCF_013265555.1,Tenuifilum thalassicum,Tenuifilum,0,1818.1971842447917,32,3
GCF_013265585.1,Kroppenstedtia pulmonis,Kroppenstedtia,1,2909.3231201171875,2.6666666666666665,6
GCF_045677275.1,Dickeya ananatis,Dickeya,0,2956.390478515625,0,10
GCF_013266695.1,Hongsoonwoonella zoysiae,Hongsoonwoonella,0,2942.90380859375,0,1
GCF_045689235.1,Congregibacter variabilis,Congregibacter,0,3040.006591796875,0,1
GCF_013266755.1,Pseudaquabacterium terrae,Pseudaquabacterium,0,3030.09814453125,0,1
GCF_045689245.1,Congregibacter brevis,Congregibacter,0,3040.006591796875,0,1
GCF_019048385.1,Pantoea agglomerans,Pantoea,0,2997.542333984375,0,10
GCF_001685395.1,Paenibacillus yonginensis,Paenibacillus,10,3004.9156195746527,1.3111111111111111,45
GCF_029094545.1,Alkalihalophilus pseudofirmus,Alkalihalophilus,0,3069.109619140625,0,36
GCF_001685415.1,Serinicoccus hydrothermalis,Serinicoccus,0,3055.860107421875,0,1
GCF_013267395.1,Achromobacter denitrificans,Achromobacter,0,2999.8018798828125,1,6
GCF_045689615.1,Aromatoleum evansii,Aromatoleum,0,3043.969970703125,0,6
GCF_029101545.1,Amygdalobacter indicium,Amygdalobacter,0,3030.1904296875,1,1
GCF_001685435.2,Salimicrobium jeotgali,Salimicrobium,1,3050.062255859375,0,1
GCF_001686985.1,Mesorhizobium amorphae,Mesorhizobium,0,2942.90380859375,0,1
GCF_045689905.1,Pengzhenrongella phosphoraccumulans,Pengzhenrongella,2,3017.6088053385415,0.6666666666666666,3
GCF_019048645.1,Streptococcus mutans,Streptococcus,0,3085.58544921875,0,10
GCF_013267415.1,Abiotrophia defectiva,Abiotrophia,4,3051.4122314453125,0,6
GCF_019063885.1,Geomonas diazotrophica,Geomonas,0,3081.6220703125,0,6
GCF_029144185.1,Vagococcus intermedius,Vagococcus,0,3077.3293805803573,0,21
GCF_029167365.1,Amygdalobacter nucleatus,Amygdalobacter,0,3030.18994140625,0,1
GCF_019090985.1,Photorhabdus akhurstii,Photorhabdus,0,2950.796096075149,1.9047619047619047,21
GCF_045689965.1,Desulfosporosinus paludis,Desulfosporosinus,9,3073.210842556424,0,36
GCF_045689975.1,Dietzia kunjamensis,Dietzia,0,3006.31787109375,0,3
GCF_029215585.1,Pseudomonas kermanshahensis,Pseudomonas,0,3045.95166015625,0,21
GCF_045782605.1,Arsenicicoccus dermatophilus,Arsenicicoccus,0,3012.262939453125,0,1
GCF_001687585.2,Planococcus halocryophilus,Planococcus,0,3070.499072265625,0,45
GCF_045784255.1,Deinococcus altitudinis,Deinococcus,3,2980.555908203125,0,3
GCF_019139535.1,Pseudomonas muyukensis,Pseudomonas,0,3045.95166015625,0,15
GCF_045801155.1,Leuconostoc falkenbergense,Leuconostoc,0,3073.6953125,0,6
GCF_029215875.1,Delftia tsuruhatensis,Delftia,0,3034.87255859375,0,10
GCF_013267435.1,Niallia circulans,Niallia,0,3060.72919921875,0,55
GCF_019139675.1,Pseudomonas maumuensis,Pseudomonas,0,3045.95166015625,0,21
GCF_045830615.1,Pseudomonas helleri,Pseudomonas,0,3034.6305803571427,0,21
GCF_029223865.1,Telluria mixta,Telluria,0,2984.1888718377977,0.2857142857142857,21
GCF_013267695.1,Streptococcus gallolyticus,Streptococcus,6,3069.73193359375,0,15
GCF_029277445.1,Pararhizobium qamdonense,Pararhizobium,0,3020.212646484375,0,6
GCF_029318635.1,Varunaivibrio sulfuroxidans,Varunaivibrio,0,2968.665771484375,0,1
GCF_013280595.1,Kibdelosporangium persicum,Kibdelosporangium,0,3010.28125,0,6
GCF_001687605.2,Planococcus plakortidis,Planococcus,9,3041.5938585069443,0,36
GCF_045833485.1,Arthrobacter nitrophenolicus,Arthrobacter,0,2979.326953125,0,10
GCF_013282215.1,Kroppenstedtia eburnea,Kroppenstedtia,2,3131.0777587890625,2.1666666666666665,6
GCF_019139795.1,Pseudomonas azerbaijanorientalis,Pseudomonas,0,3045.95166015625,0,21
GCF_013282625.1,Thiomicrorhabdus xiamenensis,Thiomicrorhabdus,0,3059.823486328125,0,3
GCF_045862825.1,Lactiplantibacillus brownii,Lactiplantibacillus,0,3086.9331298828124,1,10
GCF_045864955.1,Atrimonas thermophila,Atrimonas,0,3115.40283203125,0,1
GCF_045865415.1,Porphyromonas miyakawae,Porphyromonas,1,3008.21826171875,1,1
GCF_029318685.1,Ruminiclostridium papyrosolvens,Ruminiclostridium,0,2688.175439453125,0.3333333333333333,15
GCF_045865545.1,Desulfovibrio falkowii,Desulfovibrio,0,3071.713623046875,0,3
GCF_029323795.1,Zobellia alginiliquefaciens,Zobellia,0,3028.116455078125,0,3
GCF_045866535.1,Parvimonas parva,Parvimonas,3,3011.66357421875,0,3
GCF_019139815.1,Pseudomonas asgharzadehiana,Pseudomonas,0,3027.4902180989584,1.3333333333333333,15
GCF_029457455.1,Rhodococcus rhodochrous,Rhodococcus,0,3016.226318359375,0,6
GCF_029504655.1,Catalinimonas alkaloidigena,Catalinimonas,0,3014.24462890625,0,1
GCF_045950415.1,Scytonema tolypothrichoides,Scytonema,0,2950.83056640625,0,10
GCF_013282725.1,Yersinia mollaretii,Yersinia,0,3049.5857863653273,0,21
GCF_019139835.1,Pseudomonas xanthosomatis,Pseudomonas,0,3045.95166015625,0,15
GCF_029525555.1,Cohnella ginsengisoli,Cohnella,0,2943.923404947917,0.3333333333333333,15
GCF_045999855.1,Tolypothrix campylonemoides,Tolypothrix,0,2950.83056640625,0,15
GCF_029525575.1,Cohnella rhizosphaerae,Cohnella,2,3026.19287109375,0.6666666666666666,6
GCF_019139895.1,Pseudomonas fakonensis,Pseudomonas,0,3045.95166015625,0,15
GCF_001687665.2,Planococcus donghaensis,Planococcus,0,3035.992098721591,0.7272727272727273,55
GCF_013283835.1,Poseidonibacter lekithochrous,Poseidonibacter,8,3006.31787109375,0,28
GCF_001688845.2,Muribaculum intestinale,Muribaculum,0,3036.1351725260415,0,3
GCF_019141525.1,Pseudomonas alvandae,Pseudomonas,0,3045.95166015625,0,10
GCF_019141545.1,Paracoccus marcusii,Paracoccus,0,2895.34326171875,0,3
GCF_019145355.1,Pseudomonas azadiae,Pseudomonas,0,3045.95166015625,0,10
GCF_001696605.3,Acinetobacter wuhouensis,Acinetobacter,0,3046.1622488839284,0,21
GCF_019145375.1,Pseudomonas triticicola,Pseudomonas,0,3045.95166015625,0,10
GCF_001696715.1,Thauera phenolivorans,Thauera,0,3049.9150390625,0,6
GCF_013284055.1,Deefgea piscis,Deefgea,0,3038.0364379882812,0,28
GCF_001697185.1,Wenyingzhuangia fucanilytica,Wenyingzhuangia,0,3016.226318359375,0,6
GCF_001698185.1,Bordetella pseudohinzii,Bordetella,0,3034.0615234375,0,3
GCF_019145435.1,Pseudomonas ekonensis,Pseudomonas,0,3045.95166015625,0,10
GCF_013285305.1,Pseudomonas rhodesiae,Pseudomonas,0,3045.95166015625,0,10
GCF_001698225.1,Gordonia terrae,Gordonia,0,3018.2080078125,0,3
GCF_019175365.1,Actinomadura graeca,Actinomadura,5,2985.422119140625,0,10
GCF_013285385.1,Paramixta manurensis,Paramixta,0,3032.592971075149,0,21
GCF_019175485.1,Enterococcus raffinosus,Enterococcus,0,3085.345703125,0,15
GCF_013285525.1,Agrobacterium pusense,Agrobacterium,0,2942.90380859375,0,6
GCF_013294065.1,Sphaerotilus uruguayifluvii,Sphaerotilus,2,3022.17138671875,0,1
GCF_013306565.1,Hyphomicrobium sulfonivorans,Hyphomicrobium,0,2940.922119140625,0,1
GCF_013307435.2,Microvirga terrae,Microvirga,0,2946.8671875,0,6
GCF_013318015.2,Agrobacterium tumefaciens,Agrobacterium,0,2939.75146484375,0,10
GCF_019186805.1,Comamonas fluminis,Comamonas,7,2978.9416387648807,0,21
GCF_001700985.1,Parageobacillus thermoglucosidasius,Parageobacillus,0,3063.8581271701387,1.0666666666666667,45
GCF_013340845.1,Hydrogenovibrio marinus,Hydrogenovibrio,0,3059.823486328125,0,3
GCF_029542625.1,Tepidibacter hydrothermalis,Tepidibacter,0,2996.860986328125,0,105
GCF_001701025.1,Lentzea guizhouensis,Lentzea,0,2971.64208984375,0,10
GCF_029581355.1,Parabacteroides chongii,Parabacteroides,0,2630.9847819010415,4.666666666666667,3
GCF_013343195.2,Flavobacterium psychrophilum,Flavobacterium,6,2984.8510579427084,0.3333333333333333,15
GCF_029581575.1,Moraxella nasibovis,Moraxella,0,3034.0615234375,0,6
GCF_013347125.1,Pseudosulfitobacter pseudonitzschiae,Pseudosulfitobacter,0,2897.324951171875,0,1
GCF_029589435.1,Paludisphaera mucosa,Paludisphaera,3,3020.189697265625,0,3
GCF_001701045.1,Cloacibacillus porcorum,Cloacibacillus,0,2946.019091796875,2.8,10
GCF_029625215.1,Aurantibacillus circumpalustris,Aurantibacillus,0,3016.226318359375,0,1
GCF_029625295.1,Flavobacterium gyeonganense,Flavobacterium,0,3000.395751953125,0,6
GCF_029625335.1,Flavobacterium nitratireducens,Flavobacterium,5,3000.372802734375,0,10
GCF_029625435.1,Arcanobacterium canis,Arcanobacterium,3,3022.17138671875,0,3
GCF_019203185.1,Crassaminicella indica,Crassaminicella,0,3014.6718039772727,0,55
GCF_019203205.1,Geomonas subterranea,Geomonas,0,3081.6220703125,0,6
GCF_019222765.1,Nocardia iowensis,Nocardia,0,3010.28125,0,3
GCF_019226825.1,Vibrio ostreae,Vibrio,0,2940.210693359375,2,1
GCF_029625475.1,Paenibacillus elgii,Paenibacillus,1,2985.9727361505684,0.36363636363636365,55
GCF_013347265.1,Paenibacillus cellulosilyticus,Paenibacillus,13,2969.7949876051684,0,78
GCF_004015185.1,Clostridium manihotivorum,Clostridium,3,2807.0657771183896,6.782051282051282,78
GCF_019272935.1,Saccharococcus caldoxylosilyticus,Saccharococcus,0,3058.2058376736113,0.5,36
GCF_029632925.1,Gordonia sihwensis,Gordonia,0,3014.24462890625,0,6
GCF_019285775.1,Skermania pinensis,Skermania,2,3016.226318359375,0,1
GCF_004015795.1,Falsirhodobacter deserti,Falsirhodobacter,0,2903.27001953125,0,3
GCF_004022485.1,Aequorivita ciconiae,Aequorivita,0,3022.17138671875,0,1
GCF_004022565.1,Pollutimonas thiosulfatoxidans,Pollutimonas,1,3022.043212890625,0,1
GCF_004028275.1,Hydrogenovibrio thermophilus,Hydrogenovibrio,0,3083.603759765625,0,3
GCF_004087915.1,Geovibrio thiophilus,Geovibrio,0,3075.677001953125,0,1
GCF_004102045.2,Oenococcus sicerae,Oenococcus,0,3103.420654296875,0,1
GCF_019334125.1,Rhodococcus globerulus,Rhodococcus,5,3005.147216796875,0,10
GCF_013347285.1,Azospirillum oryzae,Azospirillum,0,2907.4896850585938,0,28
GCF_019343125.1,Enterococcus lactis,Enterococcus,0,3084.0552571614585,0,15
GCF_029635775.1,Vibrio misgurnus,Vibrio,0,3056.0905490451387,0,36
GCF_019355395.1,Chordicoccus furentiruminis,Chordicoccus,0,3007.12890625,0,10
GCF_004103615.1,Bacillus glycinifermentans,Bacillus,0,3039.064671107701,1.0714285714285714,28
GCF_029636725.1,Brevundimonas sanguinis,Brevundimonas,0,2899.306640625,0,1
GCF_013347305.1,Paenibacillus barcinonensis,Paenibacillus,0,3042.743896484375,1.3333333333333333,15
GCF_029639525.1,Gordonia hongkongensis,Gordonia,0,3018.2080078125,0,3
GCF_029677705.1,Mycoplasma feriruminatoris,Mycoplasma,2,3002.226806640625,0,1
GCF_013347325.1,Cupriavidus gilardii,Cupriavidus,0,3036.043212890625,0,6
GCF_004103735.1,Aminipila luticellarii,Aminipila,2,3000.41884765625,0,10
GCF_013363755.1,Comamonas antarctica,Comamonas,2,2907.0359700520835,2.6666666666666665,3
GCF_004114895.1,Corynebacterium pelargi,Corynebacterium,0,3012.331990559896,0,6
GCF_046058925.1,Photobacterium piscicola,Photobacterium,23,3054.01785604002,0,253
GCF_004115155.1,Granulicella sibirica,Granulicella,2,2972.629150390625,0,1
GCF_019355975.1,Acinetobacter septicus,Acinetobacter,5,2988.3259161086307,0,21
GCF_013364095.1,Streptomyces harbinensis,Streptomyces,0,3028.116455078125,0,10
GCF_046115505.1,Dellaglioa kimchii,Dellaglioa,5,3085.631494140625,0,10
GCF_019357495.1,Nosocomiicoccus ampullae,Nosocomiicoccus,0,3072.45068359375,0,6
GCF_019395145.1,Brevundimonas nasdae,Brevundimonas,0,2884.83544921875,0,3
GCF_029690045.1,Janthinobacterium rivuli,Janthinobacterium,8,3016.611354282924,0,28
GCF_019428685.1,Paraburkholderia edwinii,Paraburkholderia,0,3034.0615234375,0,6
GCF_013366925.1,Paraburkholderia youngii,Paraburkholderia,2,2964.5730794270835,3.4,15
GCF_013371215.1,Parasphingorhabdus flavimaris,Parasphingorhabdus,0,2950.83056640625,0,1
GCF_004116975.1,Proteus hauseri,Proteus,0,3050.3363327752977,0,21
GCF_046118715.1,Pantoea phytostimulans,Pantoea,0,3055.860107421875,0,21
GCF_019444005.1,Liquorilactobacillus nagelii,Liquorilactobacillus,0,3071.0405110677084,0.3333333333333333,15
GCF_019456655.1,Mycolicibacterium diernhoferi,Mycolicibacterium,0,2990.299560546875,0,1
GCF_029714185.1,Halobacillus naozhouensis,Halobacillus,7,3081.9944428943454,1.7142857142857142,21
GCF_029714365.1,Sinorhizobium terangae,Sinorhizobium,0,2911.08837890625,2,3
GCF_013372045.1,Janthinobacterium lividum,Janthinobacterium,8,3015.7669067382812,0,28
GCF_013372225.1,Campylobacter ureolyticus,Campylobacter,0,2996.409423828125,0,6
GCF_029760955.1,Streptomyces cathayae,Streptomyces,0,3024.8443196614585,0,15
GCF_046254905.1,Pseudaeromonas aegiceratis,Pseudaeromonas,0,3008.3055332728795,0.25,28
GCF_013373955.1,Candidatus Regiella insecticola,Candidatus,0,1793.6113891601562,0.5,6
GCF_029774155.1,Actinobacillus arthritidis,Actinobacillus,0,3000.991764322917,0.5333333333333333,15
GCF_019457475.1,Shewanella acanthi,Shewanella,0,3053.0257161458335,0,36
GCF_046267875.1,Mannheimia glucosida,Mannheimia,0,3051.896728515625,0,15
GCF_004117095.1,Paenibacillus chitinolyticus,Paenibacillus,11,3046.5409712357955,0,55
GCF_046267975.1,Streptomyces flavusporus,Streptomyces,4,2872.379150390625,0,6
GCF_013374995.1,Pseudomonas eucalypticola,Pseudomonas,0,3029.5723179408483,0.25,28
GCF_013376455.1,Desulfolutivibrio sulfodismutans,Desulfolutivibrio,0,3075.677001953125,0,1
GCF_013376475.1,Desulfolutivibrio sulfoxidireducens,Desulfolutivibrio,0,3065.814453125,0,1
GCF_029774255.1,Staphylococcus gallinarum,Staphylococcus,0,3077.65869140625,0,21
GCF_004123145.1,Blautia faecicola,Blautia,4,2980.638037109375,0,15
GCF_046272155.1,Pseudomonas paracarnis,Pseudomonas,0,3041.223291015625,0,15
GCF_019457495.1,Shewanella aegiceratis,Shewanella,1,3024.3788713727677,0,28
GCF_046352735.2,Pseudomonas imrae,Pseudomonas,0,3036.494775390625,0,10
GCF_013377195.1,Bisgaardia hudsonensis,Bisgaardia,0,3053.87841796875,0,15
GCF_046352995.1,Aequorivita nionensis,Aequorivita,0,3012.30908203125,1,1
GCF_029783845.1,Volucribacter amazonae,Volucribacter,0,2887.565152994792,3.7333333333333334,15
GCF_029854295.1,Mesomycoplasma lagogenitalium,Mesomycoplasma,2,3028.116455078125,0,1
GCF_029854435.1,Neorhizobium petrolearium,Neorhizobium,0,2938.9404296875,0,3
GCF_046523945.1,Faucicola mancuniensis,Faucicola,3,2949.9715983072915,5.166666666666667,6
GCF_004124235.1,Yersinia hibernica,Yersinia,0,3057.841796875,0,21
GCF_029866485.1,Flavobacterium keumense,Flavobacterium,0,3000.372802734375,0,3
GCF_004135285.1,Microbacterium protaetiae,Microbacterium,2,3022.17138671875,0,1
GCF_004135345.1,Xylanimonas allomyrinae,Xylanimonas,3,2999.6271158854165,0,3
GCF_013377235.1,Mannheimia varigena,Mannheimia,0,3046.5696614583335,0,15
GCF_019457515.1,Shewanella mesophila,Shewanella,0,3057.841796875,0,28
GCF_029866925.1,Streptococcus macedonicus,Streptococcus,6,3065.52880859375,0,15
GCF_029869925.1,Microbulbifer bruguierae,Microbulbifer,0,3032.0390625,0.5,6
GCF_013377275.1,Vespertiliibacter pulmonis,Vespertiliibacter,0,3053.87841796875,0,15
GCF_013377295.1,Phocoenobacter skyensis,Phocoenobacter,0,2868.7037760416665,5.333333333333333,3
GCF_029889745.1,Ligilactobacillus faecis,Ligilactobacillus,0,3088.82958984375,0,15
GCF_029892045.1,Sinorhizobium numidicum,Sinorhizobium,0,2942.90380859375,0,3
GCF_013377995.1,Mannheimia pernigra,Mannheimia,0,3049.67529296875,0,15
GCF_004135365.1,Paenibacillus protaetiae,Paenibacillus,0,3033.8763088650176,0,36
GCF_019457535.1,Shewanella halotolerans,Shewanella,4,2992.3569684709823,0,28
GCF_029892065.1,Sinorhizobium garamanticum,Sinorhizobium,0,2942.90380859375,0,3
GCF_013387465.1,Hydrogenophaga aromaticivorans,Hydrogenophaga,0,3038.02490234375,0,3
GCF_013388295.1,Bartonella alsatica,Bartonella,0,2952.812255859375,0,1
GCF_013388375.1,Xanthomonas campestris,Xanthomonas,2,3065.7685546875,0,1
GCF_013389455.1,Flavobacterium inviolabile,Flavobacterium,0,3004.336181640625,0,10
GCF_013389765.1,Micromonospora carbonacea,Micromonospora,0,2983.3795166015625,0,6
GCF_004135645.1,Senegalimassilia faecalis,Senegalimassilia,7,2957.110421316964,0,21
GCF_004135675.1,Marinitoga lauensis,Marinitoga,2,2905.497314453125,3.3333333333333335,3
GCF_013393365.1,Veillonella nakazawae,Veillonella,4,3072.519775390625,0,6
GCF_013394595.1,Winogradskyella forsetii,Winogradskyella,0,3008.345703125,1,1
GCF_019457555.1,Shewanella spartinae,Shewanella,3,3028.6305629185267,0,28
GCF_029894105.1,Bacillus aerius,Bacillus,0,3051.4372122628347,0,28
GCF_029910235.1,Pseudanabaena galeata,Pseudanabaena,0,2944.885498046875,0,1
GCF_029910535.1,Marinitoga aeolica,Marinitoga,0,3040.098388671875,0,3
GCF_046524075.1,Bacillus cereus,Bacillus,0,3067.189922626202,0,78
GCF_046529185.1,Pseudomonas boreopolis,Pseudomonas,0,3061.80517578125,0,1
GCF_004151275.2,Flavobacterium dauae,Flavobacterium,0,2953.133544921875,0,15
GCF_029953265.1,Commensalibacter oyaizuii,Commensalibacter,4,2950.83056640625,0,6
GCF_046529425.1,Pantoea allii,Pantoea,0,3008.575439453125,0,3
GCF_029953305.1,Commensalibacter nepenthis,Commensalibacter,4,2950.83056640625,0,6
GCF_029953595.1,Fuscovulum ytuae,Fuscovulum,0,2903.27001953125,0,1
GCF_013394855.1,Limnobaculum xujianqingii,Limnobaculum,0,3057.841796875,0,21
GCF_029953635.1,Halotia branconii,Halotia,3,2945.57666015625,0,3
GCF_013402795.1,Costertonia aggregata,Costertonia,3,3020.189697265625,0,3
GCF_029958925.1,Tropicibacter oceani,Tropicibacter,0,2897.324951171875,0,3
GCF_019457575.1,Shewanella alkalitolerans,Shewanella,2,2996.264979771205,0,28
GCF_029961225.1,Limosilactobacillus fermentum,Limosilactobacillus,0,3075.952587890625,0.4,10
GCF_004209755.1,Pseudoduganella lutea,Pseudoduganella,0,2947.4213344029017,0,28
GCF_004214795.1,Malaciobacter pacificus,Malaciobacter,5,3006.31787109375,0,10
GCF_013403565.1,Chitinibacter bivalviorum,Chitinibacter,8,3014.1126011439733,0,28
GCF_013404085.1,Winogradskyella helgolandensis,Winogradskyella,0,3005.718505859375,0,3
GCF_013404595.1,Jannaschia marina,Jannaschia,0,2903.27001953125,0,1
GCF_029962465.1,Escherichia marmotae,Escherichia,0,3053.6084333147323,0,21
GCF_019457595.1,Shewanella psychrotolerans,Shewanella,0,3057.841796875,0,28
GCF_004214895.1,Pseudomonas tructae,Pseudomonas,0,3031.6911272321427,0,21
GCF_004216495.1,Mycoplasmopsis phocirhinis,Mycoplasmopsis,0,2974.748779296875,0,1
GCF_029983095.1,Enterococcus montenegrensis,Enterococcus,0,3088.9036458333335,0.3333333333333333,15
GCF_004216565.1,Sphaerotilus mobilis,Sphaerotilus,0,3026.134765625,0,1
GCF_013407765.1,Allostreptomyces psammosilenae,Allostreptomyces,0,3006.0479561941966,0,21
GCF_013407835.1,Agromyces atrinae,Agromyces,2,3016.226318359375,0,1
GCF_004216715.1,Cecembia calidifontis,Cecembia,4,3012.2860107421875,0,6
GCF_013407855.1,Actinopolymorpha rutila,Actinopolymorpha,0,3006.31787109375,0,1
GCF_004217135.1,Micromonospora violae,Micromonospora,0,2997.1007486979165,0,3
GCF_013408145.1,Nocardioides marinus,Nocardioides,0,2997.7919108072915,0,3
GCF_013408295.1,Psychromicrobium silvestre,Psychromicrobium,2,3045.95166015625,0,1
GCF_013408335.1,Nocardioides panzhihuensis,Nocardioides,0,3002.3544921875,0,1
GCF_004217185.1,Pseudonocardia sediminis,Pseudonocardia,3,2962.9964192708335,0,3
GCF_019457615.1,Shewanella zhangzhouensis,Shewanella,8,3058.427664620536,0,28
GCF_004217215.1,Rivibacter subsaxonicus,Rivibacter,2,3034.0615234375,0,1
GCF_013408435.1,Aeriscardovia aeriphila,Aeriscardovia,0,3010.972412109375,0,3
GCF_013408525.1,Nocardioides aromaticivorans,Nocardioides,0,3010.28125,0,1
GCF_004217495.1,Microterricola gilva,Microterricola,3,3028.116455078125,0,3
GCF_013408535.1,Actinopolymorpha cephalotaxi,Actinopolymorpha,0,3006.31787109375,0,1
GCF_013408555.1,Aeromicrobium tamlense,Aeromicrobium,0,3010.28125,0,1
GCF_004217545.1,Krasilnikovia cinnamomea,Krasilnikovia,0,3010.28125,0,3
GCF_013408685.1,Schumannella luteola,Schumannella,3,2020.5619303385417,0,3
GCF_004217565.1,Zhihengliuella halotolerans,Zhihengliuella,0,3020.189697265625,0,3
GCF_004217615.1,Micromonospora kangleipakensis,Micromonospora,0,3004.336181640625,0,3
GCF_013408715.1,Pseudonocardia alni,Pseudonocardia,4,3008.3226318359375,0,6
GCF_030014955.1,Cohnella hashimotonis,Cohnella,8,3022.2113211495534,0,28
GCF_004293625.1,Thiomicrorhabdus indica,Thiomicrorhabdus,0,3055.860107421875,0,3
GCF_013408795.1,Spinactinospora alkalitolerans,Spinactinospora,0,3041.98828125,0,6
GCF_004295125.1,Clostridium scindens,Clostridium,0,3038.0479736328125,0,6
GCF_013408985.1,Petropleomorpha daqingensis,Petropleomorpha,3,3016.226318359375,0,3
GCF_004295345.1,Shewanella maritima,Shewanella,0,3025.603759765625,0,3
GCF_004295585.1,Cohnella abietis,Cohnella,0,3010.7857259114585,2,3
GCF_013409045.1,Actinomadura citrea,Actinomadura,5,3005.552734375,0,10
GCF_013409065.1,Spelaeicoccus albus,Spelaeicoccus,0,3049.9150390625,0,1
GCF_030016155.2,Xenorhabdus griffiniae,Xenorhabdus,0,3016.263718377976,0,21
GCF_019457635.1,Shewanella mangrovisoli,Shewanella,1,3006.124993218316,1,36
GCF_013409125.2,Pseudomonas sediminis,Pseudomonas,0,3045.95166015625,0,6
GCF_013409205.1,Janibacter cremeus,Janibacter,0,3022.17138671875,0,1
GCF_013409305.1,Cellulomonas soli,Cellulomonas,2,3020.189697265625,0,1
GCF_013409325.1,Kineosphaera limosa,Kineosphaera,0,3010.28125,0,1
GCF_030035605.1,Silvimonas soli,Silvimonas,1,3020.6051513671873,0,10
GCF_004295645.1,Limnobaculum zhutongyuii,Limnobaculum,0,3057.841796875,0,21
GCF_013409345.1,Kineococcus aurantiacus,Kineococcus,4,3008.299560546875,0,6
GCF_013409425.1,Nocardioides perillae,Nocardioides,0,3000.418701171875,0,1
GCF_030036535.1,Agrobacterium cucumeris,Agrobacterium,0,2942.90380859375,0,6
GCF_013409505.1,Actinomycetospora corticicola,Actinomycetospora,3,3032.079833984375,0,3
GCF_004295685.1,Fluviispira sanaruensis,Fluviispira,5,3042.7994140625,0,10
GCF_004296475.1,endosymbiont of Sipalinus gigas,endosymbiont,2,3168.81640625,0,1
GCF_004296515.1,endosymbiont of Pachyrhynchus infernalis,endosymbiont,0,3087.567138671875,0,1
GCF_004300825.1,Egicoccus halophilus,Egicoccus,0,3014.24462890625,0,1
GCF_013409575.1,Macellibacteroides fermentans,Macellibacteroides,0,2997.7638671875,0,10
GCF_019457655.1,Shewanella rhizosphaerae,Shewanella,6,3008.6135777064733,0,28
GCF_004306555.1,Rhizobium leguminosarum,Rhizobium,0,2934.97705078125,0,3
GCF_013409595.1,Leucobacter aridicollis,Leucobacter,0,3018.2080078125,0,3
GCF_013409645.1,Nocardioides panaciterrulae,Nocardioides,3,3008.299560546875,0,3
GCF_019469265.1,Lactobacillus panisapium,Lactobacillus,0,3099.503173828125,0,6
GCF_013409745.1,Microbacterium pseudoresistens,Microbacterium,2,2976.427978515625,0,1
GCF_019504385.1,Devosia salina,Devosia,0,2936.958740234375,0,1
GCF_013409785.1,Microbacterium immunditiarum,Microbacterium,2,3012.308837890625,0,1
GCF_030053115.1,Pseudomonas svalbardensis,Pseudomonas,0,3047.6633649553573,0,21
GCF_030053425.1,Lysobacter stagni,Lysobacter,0,3061.80517578125,0,1
GCF_019552005.1,Fusobacterium vincentii,Fusobacterium,0,2962.997314453125,2,3
GCF_004319545.1,Desulfobacter hydrogenophilus,Desulfobacter,5,3085.225830078125,0,10
GCF_019575955.1,Nesterenkonia pannonica,Nesterenkonia,0,2946.666748046875,0,1
GCF_030053775.1,Acinetobacter corruptisaponis,Acinetobacter,0,3037.020166015625,0,15
GCF_019599145.1,Streptomyces akebiae,Streptomyces,0,3006.0968424479165,0,15
GCF_013409935.1,Streptosporangium sandarakinum,Streptosporangium,0,2997.778250558036,0.2857142857142857,21
GCF_013409965.1,Nocardioides marinisabuli,Nocardioides,0,3022.17138671875,0,3
GCF_013410215.1,Nesterenkonia sandarakina,Nesterenkonia,0,3022.17138671875,0,1
GCF_013410355.1,Agromyces hippuratus,Agromyces,3,3028.116455078125,0,3
GCF_013410405.1,Amycolatopsis endophytica,Amycolatopsis,0,2938.708251953125,0,3
GCF_004322755.1,Pseudoduganella albidiflava,Pseudoduganella,0,3005.6344255719864,0,28
GCF_004322775.1,Ornithinimicrobium sufpigmenti,Ornithinimicrobium,0,3012.308837890625,0,1
GCF_019614655.1,Pseudomonas germanica,Pseudomonas,0,3045.95166015625,0,15
GCF_013410545.1,Pseudoclavibacter chungangensis,Pseudoclavibacter,1,3000.4647623697915,0.6666666666666666,3
GCF_019623905.1,Neotabrizicola shimadae,Neotabrizicola,0,2907.2333984375,0,1
GCF_019645815.1,Mycolicibacter heraklionensis,Mycolicibacter,1,3026.006591796875,0,1
GCF_019645835.1,Mycolicibacterium holsaticum,Mycolicibacterium,2,2992.36474609375,0,1
GCF_013410645.1,Micromonospora jinlongensis,Micromonospora,0,2997.1005859375,0,3
GCF_019645875.1,Mycolicibacterium senegalense,Mycolicibacterium,0,3008.299560546875,0,1
GCF_013410655.1,Nocardioides thalensis,Nocardioides,0,3008.299560546875,0,1
GCF_030053895.1,Trabulsiella odontotermitis,Trabulsiella,0,3004.6970796130954,0.8571428571428571,21
GCF_013410665.1,Glaciibacter psychrotolerans,Glaciibacter,3,3018.2080078125,0,3
GCF_013410745.1,Nesterenkonia xinjiangensis,Nesterenkonia,0,3034.0615234375,0,1
GCF_004323735.1,Streptomonospora litoralis,Streptomonospora,5,3037.577587890625,0,10
GCF_004328555.1,Haematobacter massiliensis,Haematobacter,0,2907.2333984375,0,3
GCF_046533135.1,Ectobacillus funiculus,Ectobacillus,0,3027.6919844777963,0,190
GCF_004337365.2,Rhizosphaericola mali,Rhizosphaericola,4,2998.4830322265625,0,6
GCF_013410755.1,Nocardiopsis aegyptia,Nocardiopsis,5,3031.31484375,0,10
GCF_013410775.1,Sphaerotilus montanus,Sphaerotilus,0,3026.134765625,0,1
GCF_004337475.1,Nocardioides jejuensis,Nocardioides,3,2462.1114095052085,0,3
GCF_019649015.1,Agarivorans litoreus,Agarivorans,0,3061.80517578125,0,21
GCF_030064165.1,Comamonas resistens,Comamonas,8,3041.98828125,0,28
GCF_030064585.1,Sinorhizobium kummerowiae,Sinorhizobium,0,2942.90380859375,0,3
GCF_004337635.1,Myroides odoratimimus,Myroides,0,2977.301904296875,0.8666666666666667,15
GCF_030067675.1,Chelatococcus albus,Chelatococcus,0,2942.90380859375,0,1
GCF_004339565.1,Pseudonocardia endophytica,Pseudonocardia,0,2988.9729817708335,0,3
GCF_004342625.1,Tepidimonas ignava,Tepidimonas,0,3036.043212890625,0,1
GCF_013423785.1,Chitinibacter fontanus,Chitinibacter,6,3030.937453497024,0.2857142857142857,21
GCF_030067835.1,Chakrabartyella piscis,Chakrabartyella,0,2977.5133056640625,0,6
GCF_030077865.1,Mycoplasma phocimorsus,Mycoplasma,0,3010.419677734375,3,1
GCF_019665765.1,Deefgea tanakiae,Deefgea,7,3033.2515694754466,0,21
GCF_019669985.1,Methylogaea oryzae,Methylogaea,0,3051.896728515625,0,3
GCF_019670005.1,Methylomagnum ishizawai,Methylomagnum,0,2954.29345703125,1,1
GCF_046603695.1,Metabacillus indicus,Metabacillus,0,3043.730224609375,0,45
GCF_004346745.1,Sodalis ligni,Sodalis,0,3016.561349051339,0,21
GCF_046603725.1,Amycolatopsis bartoniae,Amycolatopsis,3,2964.02392578125,0,3
GCF_004347775.1,Pseudocnuella soli,Pseudocnuella,3,3041.98828125,0,3
GCF_004353845.1,Citrobacter arsenatis,Citrobacter,0,2992.8135579427085,0,3
GCF_004353865.1,Hydrogenophaga pseudoflava,Hydrogenophaga,0,3022.21728515625,0,1
GCF_013423865.1,Limosilactobacillus mucosae,Limosilactobacillus,0,3096.792070661272,0,28
GCF_019670105.1,Agarivorans albus,Agarivorans,0,2907.9982561383927,1.1428571428571428,21
GCF_030122845.1,Paenibacillus woosongensis,Paenibacillus,0,3022.2462942940847,0,28
GCF_013425765.1,Luteimonas deserti,Luteimonas,0,3061.80517578125,0,6
GCF_004354595.1,Secundilactobacillus silagei,Secundilactobacillus,0,3103.420654296875,0,15
GCF_013426895.1,Paraburkholderia largidicola,Paraburkholderia,0,3011.922184244792,0,15
GCF_046619455.1,Pseudomonas shirazensis,Pseudomonas,0,3045.95166015625,0,28
GCF_019670125.1,Agarivorans aestuarii,Agarivorans,0,2949.332077752976,2.6666666666666665,21
GCF_019670705.1,Shewanella carassii,Shewanella,1,3007.87939453125,1,1
GCF_004354645.1,Leuconostoc fallax,Leuconostoc,5,3105.40234375,0,10
GCF_004354915.1,Pseudohoeflea suaedae,Pseudohoeflea,0,2944.885498046875,0,1
GCF_019702945.1,Flavobacterium okayamense,Flavobacterium,0,3004.336181640625,0,3
GCF_046622605.1,Brevibacillus centrosporus,Brevibacillus,0,2933.637939453125,0,10
GCF_046773475.1,Nitratireductor aquimarinus,Nitratireductor,0,2942.90380859375,0,1
GCF_046774955.1,Deinococcus yunweiensis,Deinococcus,0,2992.446044921875,0,3
GCF_004358325.1,Periweissella cryptocerci,Periweissella,2,2484.364697265625,9,10
GCF_013460135.1,Arsenophonus endosymbiont of Aphis craccivora,Arsenophonus,0,3059.1783040364585,0,15
GCF_019703835.1,Thaumasiovibrio subtropicus,Thaumasiovibrio,1,2993.956201171875,3.533333333333333,15
GCF_019703855.1,Desulfomarina profundi,Desulfomarina,3,3055.9801025390625,0.5,6
GCF_013488025.1,Pectobacterium carotovorum,Pectobacterium,3,2976.980289713542,0.6,15
GCF_013488225.1,Sinorhizobium mexicanum,Sinorhizobium,0,2942.90380859375,0,3
GCF_019704535.1,Stutzerimonas stutzeri,Stutzerimonas,0,3042.01123046875,0,6
GCF_019711355.1,Qipengyuania psychrotolerans,Qipengyuania,0,2950.83056640625,0,1
GCF_019711555.1,Qipengyuania pacifica,Qipengyuania,0,2944.885498046875,0,1
GCF_004358345.1,Parashewanella spongiae,Parashewanella,0,3055.860107421875,0,21
GCF_019711655.1,Qipengyuania mesophila,Qipengyuania,0,2944.885498046875,0,1
GCF_030123245.1,Lysinibacillus pakistanensis,Lysinibacillus,0,3075.677001953125,0,55
GCF_004358675.1,Meridianimarinicoccus aquatilis,Meridianimarinicoccus,0,2901.288330078125,0,6
GCF_013520865.1,Microvirga mediterraneensis,Microvirga,0,2948.848876953125,0,10
GCF_013624435.2,Nocardioides campestrisoli,Nocardioides,3,3006.31787109375,0,3
GCF_013694245.2,Micromonospora robiginosa,Micromonospora,0,3002.3544921875,0,3
GCF_013978595.1,Corynebacterium haemomassiliense,Corynebacterium,2,2982.676025390625,3,1
GCF_046844695.1,Pokkaliibacter plantistimulans,Pokkaliibacter,0,2876.3095024956597,0,36
GCF_004359375.1,Acetilactobacillus jinshanensis,Acetilactobacillus,0,3105.89990234375,0.4,10
GCF_004362405.1,Roseateles asaccharophilus,Roseateles,0,3030.09814453125,0,1
GCF_047038255.1,Flavobacterium mekongense,Flavobacterium,0,3004.336181640625,0,3
GCF_004362525.1,Roseateles toxinivorans,Roseateles,0,3041.98828125,0,1
GCF_004363175.1,Maritalea mobilis,Maritalea,0,2940.922119140625,0,1
GCF_004363315.1,Tepidicella xavieri,Tepidicella,0,3030.09814453125,0,1
GCF_014041935.1,Gordonia jinghuaiqii,Gordonia,1,2947.283447265625,0.5,6
GCF_004364805.1,Pelagimonas phthalicica,Pelagimonas,0,2897.324951171875,0,1
GCF_004365915.1,Cryobacterium psychrophilum,Cryobacterium,4,3041.98828125,0,6
GCF_047049315.1,Streptomyces sediminimaris,Streptomyces,0,3024.153076171875,0,10
GCF_047114695.1,Nereida ignava,Nereida,0,2897.324951171875,0,1
GCF_047130825.1,Actinomadura madurae,Actinomadura,2,2870.96533203125,0.4,10
GCF_047220215.1,Pediococcus siamensis,Pediococcus,0,3121.947021484375,0,6
GCF_047226435.1,Curtobacterium poinsettiae,Curtobacterium,3,3010.972412109375,0,3
GCF_014042035.1,Bacillus haynesii,Bacillus,0,2988.6729910714284,1.1071428571428572,28
GCF_047276495.1,Capilliphycus salinus,Capilliphycus,0,2950.83056640625,0,1
GCF_047305825.1,Citricoccus nitrophenolicus,Citricoccus,0,3024.153076171875,0,1
GCF_047324105.1,Brucella ceti,Brucella,2,2942.90380859375,0,1
GCF_014050225.1,Stappia albiluteola,Stappia,0,2942.90380859375,0,3
GCF_047325095.1,Herbaspirillum frisingense,Herbaspirillum,0,3036.043212890625,0,1
GCF_004367585.1,Paenisporosarcina antarctica,Paenisporosarcina,0,3039.7397112165177,0.9285714285714286,28
GCF_004368965.1,Leptospira meyeri,Leptospira,0,2933.22509765625,0,1
GCF_030127205.1,Metabacillus hrfriensis,Metabacillus,0,3045.354159268466,0,55
GCF_014054725.1,Conchiformibius steedae,Conchiformibius,0,3006.59326171875,0,6
GCF_004369205.1,Pelotomaculum schinkii,Pelotomaculum,2,2316.85791015625,0,1
GCF_030161555.1,Luteimicrobium album,Luteimicrobium,0,3010.28125,0,3
GCF_030161635.1,Mobilicoccus caccae,Mobilicoccus,0,3010.28125,0,1
GCF_030167915.1,Aquabacterium humicola,Aquabacterium,0,3030.09814453125,0,1
GCF_014054885.1,Neisseria wadsworthii,Neisseria,0,3053.87841796875,0,6
GCF_014054965.1,Neisseria shayeganii,Neisseria,0,3053.87841796875,0,6
GCF_047325105.1,Massilia cellulosiltytica,Massilia,0,2970.0538504464284,0,21
GCF_014054985.1,Kingella oralis,Kingella,0,3053.87841796875,0,6
GCF_004375095.1,Shouchella lehensis,Shouchella,7,3067.750244140625,0,21
GCF_019720755.1,Halosquirtibacter laminarini,Halosquirtibacter,0,3020.189697265625,0,78
GCF_014055005.1,Neisseria dentiae,Neisseria,0,3049.93798828125,0,6
GCF_019721995.1,Bathymodiolus japonicus methanotrophic gill symbiont,Bathymodiolus,0,3051.896728515625,0,3
GCF_014055025.1,Neisseria bacilliformis,Neisseria,0,3053.87841796875,0,6
GCF_014058425.1,Companilactobacillus pabuli,Companilactobacillus,0,3101.4619140625,0,6
GCF_047345015.1,Pseudomonas monachiensis,Pseudomonas,0,3035.4440569196427,0,21
GCF_019722725.1,Vreelandella profundi,Vreelandella,0,3041.98828125,0,15
GCF_019739075.1,Mycolicibacterium farcinogenes,Mycolicibacterium,0,3008.299560546875,0,1
GCF_004421005.1,Pseudoduganella plicata,Pseudoduganella,0,3012.0967843191966,0.47619047619047616,21
GCF_004421025.1,Sphingobacterium psychroaquaticum,Sphingobacterium,0,2991.099365234375,0,10
GCF_019774635.1,Streptococcus halichoeri,Streptococcus,6,3054.3995768229165,3,15
GCF_014058685.1,Lactobacillus johnsonii,Lactobacillus,0,3117.29248046875,0,21
GCF_047456005.1,Streptoverticillium reticulum,Streptoverticillium,0,3024.153076171875,0,21
GCF_014058705.1,Aureimonas mangrovi,Aureimonas,0,2938.9404296875,0,1
GCF_014068355.1,Mycoplasma tullyi,Mycoplasma,0,3006.31787109375,0,1
GCF_004519515.1,Actinobacillus indolicus,Actinobacillus,0,2965.1354166666665,1,15
GCF_047456275.1,Acetobacterium carbinolicum,Acetobacterium,5,2985.0627685546874,0,10
GCF_004524775.2,Helcococcus ovis,Helcococcus,2,3028.116455078125,0,1
GCF_014069315.1,Levilactobacillus suantsaii,Levilactobacillus,0,3043.1216959635417,2.6,15
GCF_014069875.1,Flaviflexus equikiangi,Flaviflexus,0,3018.080322265625,0,1
GCF_047456285.1,Acetobacterium malicum,Acetobacterium,5,2896.535205078125,0,10
GCF_047495515.1,Alloalcanivorax venustensis,Alloalcanivorax,2,3051.896728515625,0,1
GCF_014070455.1,Gordonia rubripertincta,Gordonia,0,2998.37353515625,0.5,6
GCF_047553425.1,Rhizobium cremeum,Rhizobium,0,3091.530517578125,0,3
GCF_047716005.1,Desulfovibrio aminophilus,Desulfovibrio,0,3075.677001953125,0,1
GCF_014075995.1,Adhaeribacter radiodurans,Adhaeribacter,3,3014.24462890625,0,3
GCF_004524855.1,Paraburkholderia pallida,Paraburkholderia,2,2887.480154854911,6.380952380952381,21
GCF_004526345.1,Ornithinimicrobium flavum,Ornithinimicrobium,0,3018.2080078125,0,1
GCF_014076555.1,Pectinatus frisingensis,Pectinatus,0,3066.459716796875,0,6
GCF_014077625.1,Sediminihaliea albiluteola,Sediminihaliea,0,3040.006591796875,0,6
GCF_004551575.1,Stenotrophomonas indicatrix,Stenotrophomonas,0,3005.719930013021,1.5,6
GCF_004564075.1,Microbacterium sediminis,Microbacterium,2,3022.17138671875,0,1
GCF_004564375.1,Nocardioides euryhalodurans,Nocardioides,0,3020.189697265625,0,1
GCF_019780885.1,Azospirillum formosense,Azospirillum,5,2862.6140625,0,45
GCF_004571195.1,Legionella geestiana,Legionella,3,3052.5880533854165,0,3
GCF_047758635.1,Pseudomonas frigoris,Pseudomonas,0,3049.9150390625,0,21
GCF_004683865.2,Paracoccus liaowanqingii,Paracoccus,0,2929.031982421875,0,3
GCF_004683965.1,Nocardioides seonyuensis,Nocardioides,0,3006.31787109375,0,1
GCF_004684245.1,Thermus caldilimi,Thermus,0,2937.3720703125,0,1
GCF_019797805.1,Idiomarina abyssalis,Idiomarina,0,3052.587890625,0,6
GCF_004684345.1,Citrobacter tructae,Citrobacter,0,3047.979248046875,0,1
GCF_004745595.1,Flavobacterium humi,Flavobacterium,2,3000.372802734375,0,1
GCF_014109725.1,Comamonas piscis,Comamonas,0,3038.02490234375,0,15
GCF_004758605.1,Deinococcus metallilatus,Deinococcus,0,2957.65087890625,0,6
GCF_004766125.1,Duncaniella freteri,Duncaniella,0,2950.558308919271,0,6
GCF_047758675.1,Pseudomonas arabinosi,Pseudomonas,0,3043.160179501488,0,21
GCF_019797845.1,Symbiopectobacterium purcellii,Symbiopectobacterium,0,3052.1073172433034,0,21
GCF_014109745.1,Sphingobacterium paramultivorum,Sphingobacterium,0,3018.5697893415177,0,21
GCF_014109765.1,Pseudomonas berkeleyensis,Pseudomonas,1,3022.95263671875,1,6
GCF_014109845.1,Stenotrophomonas acidaminiphila,Stenotrophomonas,3,3065.7685546875,0,3
GCF_004768525.1,Arsenophonus nasoniae,Arsenophonus,0,2750.0581635974704,7.714285714285714,21
GCF_047758685.1,Pseudomonas lyxosi,Pseudomonas,0,3049.9150390625,0,21
GCF_014117265.1,Corynebacterium hindlerae,Corynebacterium,0,3008.299560546875,0,6
GCF_014117325.1,Spirosoma foliorum,Spirosoma,0,2975.9931640625,0,3
GCF_014126615.1,Ciceribacter thiooxidans,Ciceribacter,0,2946.8671875,0,3
GCF_047758745.1,Pseudomonas leptonychotis,Pseudomonas,0,3042.7994140625,0.4,10
GCF_030167925.1,Paenibacillus silviterrae,Paenibacillus,2,2884.8539448657066,1.3594771241830066,153
GCF_014126825.1,Tomitella gaofuii,Tomitella,0,3008.2586669921875,0,6
GCF_030168915.1,Xanthomonas graminis,Xanthomonas,0,3061.80517578125,0,1
GCF_014127485.1,Nocardioides dongkuii,Nocardioides,2,3002.400634765625,0,1
GCF_030177755.1,Devosia rhizosphaerae,Devosia,0,2920.97705078125,0,1
GCF_047782815.1,Rhodococcus indonesiensis,Rhodococcus,0,3018.2080078125,0,6
GCF_004768745.1,Serratia nematodiphila,Serratia,0,3040.098388671875,0,21
GCF_019797925.1,Pseudoalteromonas piscicida,Pseudoalteromonas,0,3031.0197957356772,0,36
GCF_004770045.1,Leptospira montravelensis,Leptospira,0,2972.629150390625,0,1
GCF_004770145.1,Leptospira bourretii,Leptospira,0,2972.629150390625,0,1
GCF_004770475.1,Leptospira mtsangambouensis,Leptospira,0,2972.629150390625,0,1
GCF_004770625.1,Leptospira bouyouniensis,Leptospira,0,2972.629150390625,0,1
GCF_047839125.1,Bergeriella denitrificans,Bergeriella,0,3053.87841796875,0,6
GCF_004785795.1,Nocardioides eburneiflavus,Nocardioides,2,3004.336181640625,0,1
GCF_004786015.1,Hydrogenovibrio crunogenus,Hydrogenovibrio,0,3046.826416015625,0,3
GCF_030177895.1,Kingella negevensis,Kingella,0,3053.87841796875,0,10
GCF_047943035.1,Aureimonas phyllosphaerae,Aureimonas,0,2934.97705078125,0,6
GCF_047943045.1,Agrilactobacillus fermenti,Agrilactobacillus,1,2929.8531087239585,1.3333333333333333,3
GCF_030177935.1,Moraxella haemolytica,Moraxella,0,3036.043212890625,0,6
GCF_047946925.1,Rubrivivax gelatinosus,Rubrivivax,2,3022.21728515625,0,1
GCF_030246925.1,Microbacterium jiangjiandongii,Microbacterium,2,3016.226318359375,0,1
GCF_048074525.1,Mycoplasma aquilae,Mycoplasma,1,2913.16796875,0,3
GCF_004786035.1,Pseudomonas viciae,Pseudomonas,0,3038.070947265625,0,10
GCF_048213115.1,Niveibacterium terrae,Niveibacterium,0,3026.99189453125,0,10
GCF_004792415.1,Pantoea vagans,Pantoea,0,2941.6830810546876,2.6,10
GCF_019856495.1,Caldalkalibacillus thermarum,Caldalkalibacillus,0,3047.688153948103,2.25,28
GCF_004792515.1,Vagococcus xieshaowenii,Vagococcus,7,3073.517264229911,0,21
GCF_030252245.1,Shewanella goraebulensis,Shewanella,9,2971.613762749566,0,36
GCF_030252325.1,Candidatus Mycobacterium wuenschmannii,Candidatus,0,3038.02490234375,0,1
GCF_004795735.1,Corynebacterium endometrii,Corynebacterium,0,3016.226318359375,0,6
GCF_004803715.2,Luteimonas yindakuii,Luteimonas,2,3065.7685546875,0,1
GCF_014131795.1,Clostridium butyricum,Clostridium,12,2974.1019213127365,0.4090909090909091,66
GCF_048270625.1,Bacillus haimaensis,Bacillus,0,3061.1570909288193,0.2222222222222222,36
GCF_014137985.1,Microbacterium halimionae,Microbacterium,0,3020.189697265625,0,1
GCF_048300925.1,Thermithiobacillus tepidarius,Thermithiobacillus,0,3047.933349609375,0,1
GCF_048305125.1,Variovorax paradoxus,Variovorax,2,3041.98828125,0,1
GCF_030252345.1,Actinoplanes oblitus,Actinoplanes,0,2961.8994954427085,0,15
GCF_014137995.1,Promicromonospora sukumoe,Promicromonospora,0,3018.2080078125,0,3
GCF_030252425.1,Acidisoma cladoniae,Acidisoma,0,2962.720703125,0,1
GCF_014138045.1,Nocardioides ginsengisegetis,Nocardioides,2,3000.418701171875,0,1
GCF_004843545.1,Streptococcus pasteurianus,Streptococcus,6,3069.73193359375,0,15
GCF_014138725.1,Kutzneria viridogrisea,Kutzneria,0,3006.31787109375,0,3
GCF_048398245.1,Thauera butanivorans,Thauera,0,3043.969970703125,0,6
GCF_014138825.1,Nesterenkonia jeotgali,Nesterenkonia,0,3014.29052734375,0,1
GCF_004851605.1,Hydrocarboniclastica marina,Hydrocarboniclastica,0,3043.969970703125,0,3
GCF_014138835.1,Thermomonospora cellulosilytica,Thermomonospora,0,2966.914306640625,0,6
GCF_014138885.1,Micrococcus yunnanensis,Micrococcus,0,2986.684814453125,0,1
GCF_004916975.1,Paenibacillus dokdonensis,Paenibacillus,1,2962.772989908854,0.6666666666666666,6
GCF_014145335.1,Aquariibacter albus,Aquariibacter,0,3030.09814453125,0,1
GCF_048500665.1,Streptomyces tritici,Streptomyces,0,3024.153076171875,0,15
GCF_014174405.1,Variimorphobacter saccharofermentans,Variimorphobacter,1,2474.052600097656,0,10
GCF_014190805.1,Flexivirga oryzae,Flexivirga,0,3018.2080078125,0,1
GCF_014191495.1,Nocardioides soli,Nocardioides,0,3026.134765625,0,1
GCF_019856515.1,Halosquirtibacter xylanolyticus,Halosquirtibacter,11,2985.415275804924,0.16666666666666666,66
GCF_019857185.1,Alteriqipengyuania abyssalis,Alteriqipengyuania,0,2940.922119140625,0,1
GCF_005116655.2,Desulfosediminicola flagellatus,Desulfosediminicola,7,3063.2469656808034,0,21
GCF_014192995.1,Slackia isoflavoniconvertens,Slackia,5,2953.85322265625,0,10
GCF_014193425.1,Microlunatus antarcticus,Microlunatus,0,3008.299560546875,0,1
GCF_019880205.1,Pantoea alfalfae,Pantoea,0,3055.860107421875,0,10
GCF_014195485.1,Modestobacter versicolor,Modestobacter,3,3014.24462890625,0,3
GCF_019884725.1,Leucobacter tenebrionis,Leucobacter,0,3023.4073893229165,0,3
GCF_005116675.2,Desulfosediminicola ganghwensis,Desulfosediminicola,6,3045.38466796875,0,15
GCF_014195505.1,Nonomuraea dietziae,Nonomuraea,0,3004.7296549479165,0,15
GCF_014196635.1,Sphingobium fontiphilum,Sphingobium,0,2950.83056640625,0,1
GCF_030263935.1,Paenibacillus polygoni,Paenibacillus,11,3021.5539595170453,0.5454545454545454,55
GCF_014197015.1,Niveibacterium umoris,Niveibacterium,0,3038.02490234375,0,1
GCF_005144425.2,Agrobacterium larrymoorei,Agrobacterium,0,2936.59931640625,0,10
GCF_014197205.1,Canibacter oris,Canibacter,3,3003.5662434895835,0,3
GCF_030264295.1,Amycolatopsis nalaikhensis,Amycolatopsis,1,2948.821492513021,0.5,6
GCF_005144435.2,Agrobacterium leguminum,Agrobacterium,0,2942.90380859375,0,6
GCF_014197435.1,Gordonia humi,Gordonia,0,3016.226318359375,0,6
GCF_014199625.1,Sphingomonas abaci,Sphingomonas,0,2931.10546875,0,1
GCF_014199945.1,Brevundimonas variabilis,Brevundimonas,0,2895.34326171875,0,1
GCF_014200305.1,Neomicrococcus lactis,Neomicrococcus,0,3014.935791015625,0,3
GCF_005144635.2,Polyangium aurulentum,Polyangium,0,3035.14912109375,4.8,10
GCF_014200405.1,Cryobacterium roopkundense,Cryobacterium,4,3036.066162109375,0,6
GCF_030271835.1,Proteus appendicitidis,Proteus,0,3042.0802408854165,0,21
GCF_048537465.1,Photobacterium leiognathi,Photobacterium,0,2978.779855439157,1.893939393939394,66
GCF_014200805.1,Nocardiopsis composta,Nocardiopsis,0,3041.98828125,0,10
GCF_005145005.1,Vagococcus zengguangii,Vagococcus,7,3061.2383975074404,0.47619047619047616,21
GCF_014201115.1,Nocardiopsis metallicus,Nocardiopsis,5,3033.29638671875,0,10
GCF_014201135.1,Neomicrococcus aestuarii,Neomicrococcus,0,3020.189697265625,0,3
GCF_048565265.1,Burkholderia theae,Burkholderia,0,3033.8219075520833,0,15
GCF_048565275.1,Desulfosarcina variabilis,Desulfosarcina,2,3097.4755859375,0,1
GCF_030272115.1,Xenorhabdus bakwenae,Xenorhabdus,0,3045.2654971168154,0.47619047619047616,21
GCF_030272285.1,Mesorhizobium mediterraneum,Mesorhizobium,0,2942.90380859375,0,1
GCF_014201195.1,Nocardiopsis mwathae,Nocardiopsis,0,3041.98828125,0,15
GCF_014201555.1,Oleiagrimonas soli,Oleiagrimonas,2,3065.7685546875,0,1
GCF_014202825.1,Chiayiivirga flava,Chiayiivirga,0,3049.9150390625,0,1
GCF_014203355.1,Kutzneria kofuensis,Kutzneria,0,3006.31787109375,0,3
GCF_019884785.1,Crassaminicella profunda,Crassaminicella,13,3004.552033253205,0.28205128205128205,78
GCF_005155025.1,Aquitalea aquatilis,Aquitalea,5,2993.307695661272,0,28
GCF_014203395.1,Saccharopolyspora phatthalungensis,Saccharopolyspora,0,3012.2860107421875,0,6
GCF_014203425.1,Micromonospora echinospora,Micromonospora,0,3002.3544921875,0,3
GCF_048568405.1,Enterobacter intestinihominis,Enterobacter,0,3051.6382184709823,0,28
GCF_005166025.1,Mangrovivirga cuniculi,Mangrovivirga,0,3016.226318359375,0,6
GCF_014203755.1,Saccharothrix violaceirubra,Saccharothrix,0,3004.336181640625,0,6
GCF_048572725.1,Streptomyces boninensis,Streptomyces,0,2915.1529296875,0,10
GCF_030273445.1,Selenobaculum gibii,Selenobaculum,0,3085.58544921875,0,36
GCF_019890955.1,Pantoea dispersa,Pantoea,0,3055.860107421875,0,21
GCF_019891175.1,Leptothermofonsia sichuanensis,Leptothermofonsia,0,2952.812255859375,0,1
GCF_019891395.1,Nitratireductor kimnyeongensis,Nitratireductor,0,2946.8671875,0,1
GCF_019903425.1,Vreelandella halophila,Vreelandella,0,3032.079833984375,0,1
GCF_014203795.1,Streptosporangium album,Streptosporangium,0,3016.226318359375,0,10
GCF_030285625.1,Amycolatopsis carbonis,Amycolatopsis,0,3010.28125,0,6
GCF_014203835.1,Micromonospora polyrhachis,Micromonospora,0,3001.06396484375,0,3
GCF_014203955.1,Sphingobium lignivorans,Sphingobium,0,2946.8671875,0,1
GCF_030285665.1,Amycolatopsis mongoliensis,Amycolatopsis,0,2996.024943033854,0.6666666666666666,6
GCF_014204795.1,Nonomuraea jabiensis,Nonomuraea,0,3007.5345703125,0.6,10
GCF_014204815.1,Micrococcus flavus,Micrococcus,0,3018.2080078125,0,1
GCF_014204865.1,Amycolatopsis jiangsuensis,Amycolatopsis,4,2986.6387939453125,0,6
GCF_014204935.1,Conyzicola lurida,Conyzicola,0,3014.24462890625,0,1
GCF_014204975.1,Jiangella mangrovi,Jiangella,0,3010.28125,0,1
GCF_019915265.1,Bacillus aquiflavi,Bacillus,1,3030.7749459402903,2.5,28
GCF_019923725.1,Zwartia hollandica,Zwartia,0,3034.0615234375,0,1
GCF_019923745.1,Aquirufa aurantiipilula,Aquirufa,0,2984.519287109375,0,3
GCF_014204985.1,Streptosporangium becharense,Streptosporangium,0,3015.9867024739583,0,15
GCF_014205015.1,Saccharothrix ecbatanensis,Saccharothrix,0,3006.31787109375,0,6
GCF_019930545.1,Sporolactobacillus terrae,Sporolactobacillus,7,3057.933663504464,0,21
GCF_019930585.1,Sphingomonas nostoxanthinifaciens,Sphingomonas,0,2946.8671875,0,1
GCF_014205055.1,Streptomyces luteogriseus,Streptomyces,0,3003.137451171875,0,15
GCF_014205115.1,Micrococcus endophyticus,Micrococcus,0,3012.9542643229165,0,3
GCF_019930785.1,Burkholderia dolosa,Burkholderia,0,3028.568017578125,0,10
GCF_014205135.1,Kribbella italica,Kribbella,0,3008.299560546875,0,3
GCF_014205155.1,Amycolatopsis umgeniensis,Amycolatopsis,4,3002.3544921875,0,6
GCF_019931005.1,Granulicatella adiacens,Granulicatella,0,3054.375830078125,0.4,10
GCF_019931045.1,Cupriavidus pauculus,Cupriavidus,0,3030.789306640625,0,6
GCF_019931675.1,Nocardioides rotundus,Nocardioides,0,3002.226318359375,0,1
GCF_030285945.1,Bacillus arachidis,Bacillus,0,3053.6900540865386,0,78
GCF_014205225.1,Actinoplanes octamycinicus,Actinoplanes,0,2989.7451985677085,0.3333333333333333,15
GCF_005217615.1,Brevibacillus antibioticus,Brevibacillus,0,3007.193210565476,1.3333333333333333,105
GCF_005221285.1,Neisseria flavescens,Neisseria,0,3053.87841796875,0,6
GCF_014205255.1,Streptomyces caelestis,Streptomyces,0,3030.09814453125,0,15
GCF_005221305.1,Neisseria subflava,Neisseria,0,3053.87841796875,0,6
GCF_030291635.1,Pseudomonas kurunegalensis,Pseudomonas,0,3045.95166015625,0,21
GCF_019931735.1,Shewanella inventionis,Shewanella,0,3044.8946707589284,0,28
GCF_014205275.1,Sphaerisporangium siamense,Sphaerisporangium,1,2966.8268798828126,0.6,10
GCF_014205295.1,Kribbella solani,Kribbella,0,3022.17138671875,0,1
GCF_014205335.1,Actinoplanes digitatis,Actinoplanes,0,3004.336181640625,0,3
GCF_048572935.1,Neobacillus niacini,Neobacillus,0,2960.8617818196612,0.125,120
GCF_005222225.1,Salinimonas lutimaris,Salinimonas,0,3026.2267578125,0,15
GCF_005234135.1,Pseudorhodobacter turbinis,Pseudorhodobacter,0,2932.995361328125,0,3
GCF_014207705.1,Sphaerisporangium rubeum,Sphaerisporangium,0,3013.885107421875,0,10
GCF_048595595.1,Bacteroides pyogenes,Bacteroides,5,3032.079833984375,0,10
GCF_030291735.1,Serratia marcescens,Serratia,0,3042.3500627790177,0,21
GCF_048595715.1,Kerstersia gyiorum,Kerstersia,0,3041.98828125,0,3
GCF_014207745.1,Nonomuraea muscovyensis,Nonomuraea,0,3016.226318359375,0,10
GCF_014207985.1,Nonomuraea rubra,Nonomuraea,0,2954.470458984375,0,3
GCF_014211955.1,Croceicoccus marinus,Croceicoccus,0,2950.83056640625,0,1
GCF_014212015.1,Cohnella lubricantis,Cohnella,0,1450.60498046875,0,1
GCF_014217765.1,Rhodococcus triatomae,Rhodococcus,0,3012.262939453125,0,3
GCF_048627025.1,Burkholderia aenigmatica,Burkholderia,0,3024.3650065104166,0,15
GCF_049347105.1,Gaoshiqia hydrogeniformans,Gaoshiqia,0,2996.455322265625,0,1
GCF_014217805.1,Adhaeribacter swui,Adhaeribacter,0,3014.24462890625,0,3
GCF_049674955.1,Sphaerisporangium viridialbum,Sphaerisporangium,0,3016.226318359375,0,10
GCF_005280315.1,Pseudoduganella umbonata,Pseudoduganella,0,2995.0953301323784,0,36
GCF_049675895.1,Ampullimonas aquatilis,Ampullimonas,0,3036.043212890625,0,1
GCF_049942695.1,Mycoplasma hafezii,Mycoplasma,0,2916.896728515625,0,1
GCF_050038885.1,Pseudomyxococcus flavus,Pseudomyxococcus,0,3047.933349609375,0,3
GCF_005280735.1,Trinickia violacea,Trinickia,0,2994.7975260416665,0,6
GCF_050039175.1,Myxococcus faecalis,Myxococcus,0,3042.679443359375,0,3
GCF_019933155.2,Metabacillus dongyingensis,Metabacillus,0,3041.9153187144884,0,55
GCF_050154705.1,Muricoccus radiodurans,Muricoccus,0,2946.8671875,0,3
GCF_005281475.1,Echinicola rosea,Echinicola,0,2995.856201171875,0.5,6
GCF_019933175.1,Edwardsiella tarda,Edwardsiella,0,3047.979248046875,0,6
GCF_050219315.1,Megasphaera sueciensis,Megasphaera,4,3109.36572265625,0,6
GCF_019973615.1,Rhodoferax lithotrophicus,Rhodoferax,0,2987.9715169270835,0.6666666666666666,3
GCF_050500235.1,Microcystis protocystis,Microcystis,0,2903.326416015625,0,1
GCF_050500245.1,Microcystis ichthyoblabe,Microcystis,0,2934.849853515625,0,1
GCF_019974135.1,Actinomyces capricornis,Actinomyces,0,3038.7162272135415,0,3
GCF_005473905.2,Ruminiclostridium herbifermentans,Ruminiclostridium,0,3006.7694580078123,0,10
GCF_050574275.1,Virgibacillus flavescens,Virgibacillus,0,3093.9637044270835,0.3333333333333333,15
GCF_019977755.1,Vibrio penaeicida,Vibrio,1,2761.385465494792,4.466666666666667,15
GCF_050626985.1,Roseateles noduli,Roseateles,4,3030.09814453125,0,6
GCF_005484965.1,Brenneria nigrifluens,Brenneria,0,3049.855643136161,0,21
GCF_050821495.1,Ottowia caeni,Ottowia,1,3010.1763509114585,0,6
GCF_014217835.1,Metabacillus elymi,Metabacillus,0,3028.9014522668085,0,66
GCF_005519465.1,Streptomyces clavuligerus,Streptomyces,0,3022.862548828125,0,15
GCF_014218275.1,Citrifermentans bremense,Citrifermentans,0,3071.1142578125,0,6
GCF_030292135.1,Bacillus albus,Bacillus,0,3075.677001953125,0,91
GCF_020005195.1,Azospirillum agricola,Azospirillum,0,2916.9976671006943,0,36
GCF_014218335.1,Anaerocolumna cellulosilytica,Anaerocolumna,6,3031.4345703125,0,15
GCF_020010925.1,Streptomyces griseiscabiei,Streptomyces,0,3026.134765625,0,15
GCF_020025155.1,Halopseudomonas nanhaiensis,Halopseudomonas,0,3045.95166015625,0,3
GCF_020034655.1,Thermomonas beijingensis,Thermomonas,0,3061.80517578125,0,1
GCF_030294585.1,Citrobacter youngae,Citrobacter,0,2980.99258858817,0,28
GCF_014218355.1,Anaerocolumna chitinilytica,Anaerocolumna,4,2980.3880208333335,0,15
GCF_005577435.1,Paenibacillus algicola,Paenibacillus,9,3025.297125922309,0,36
GCF_014230145.1,Pelagicoccus albus,Pelagicoccus,0,3091.530517578125,0,6
GCF_014230315.1,Novosphingobium flavum,Novosphingobium,0,2942.90380859375,0,1
GCF_014236795.1,Xanthomonas theicola,Xanthomonas,0,3061.80517578125,0,1
GCF_014237865.1,Pusillimonas minor,Pusillimonas,1,1092.575419108073,61,3
GCF_030294945.1,Streptomyces graminofaciens,Streptomyces,0,3023.5078938802085,0,15
GCF_030294985.1,Methylomarinovum tepidoasis,Methylomarinovum,2,3059.823486328125,0,1
GCF_014250475.1,Selenomonas timonae,Selenomonas,0,2801.0811360677085,1.3333333333333333,3
GCF_030295425.1,Mesoterricola sediminis,Mesoterricola,2,3051.896728515625,0,1
GCF_020079945.1,Pantoea eucrina,Pantoea,0,3036.0758114769346,0,21
GCF_050888315.1,Wukongibacter baidiensis,Wukongibacter,12,3029.666415127841,0,66
GCF_030295685.1,Halopseudomonas aestusnigri,Halopseudomonas,0,3045.95166015625,0,6
GCF_014268275.3,Pseudomonas tritici,Pseudomonas,0,3045.95166015625,0,10
GCF_050916355.1,Jeongeupia wiesaeckerbachi,Jeongeupia,0,3038.8359375,0,10
GCF_005671335.1,Halalkalibacterium halodurans,Halalkalibacterium,8,3049.0746634347097,0,28
GCF_030295915.1,Thalassotalea sediminis,Thalassotalea,0,3057.841796875,0,10
GCF_020080045.1,Comamonas odontotermitis,Comamonas,3,3011.4237141927083,0.5333333333333333,15
GCF_050920675.1,Novosphingobium rhizosphaerae,Novosphingobium,0,2942.90380859375,0,6
GCF_014268375.2,Pseudomonas salmasensis,Pseudomonas,0,3045.95166015625,0,15
GCF_030295935.1,Thalassotalea piscium,Thalassotalea,0,3054.689453125,0,10
GCF_050972075.1,Saccharopolyspora hattusasensis,Saccharopolyspora,0,3028.116455078125,0,10
GCF_020091425.1,Parabacteroides goldsteinii,Parabacteroides,0,2940.4967447916665,0.3333333333333333,15
GCF_020091585.1,Kovacikia minuta,Kovacikia,0,2930.886474609375,1,1
GCF_030295955.1,Thalassotalea agarivorans,Thalassotalea,0,3057.841796875,0,10
GCF_005671395.1,Jejubacter calystegiae,Jejubacter,0,2995.0650460379466,0,21
GCF_051136265.1,Candidatus Pantoea rara,Candidatus,0,3035.5130615234375,0,6
GCF_014268445.2,Pseudomonas tensinigenes,Pseudomonas,0,3043.3247884114585,0,15
GCF_020097135.1,Macrococcus armenti,Macrococcus,0,3070.183349609375,0,10
GCF_014268455.2,Pseudomonas shahriarae,Pseudomonas,0,3045.95166015625,0,10
GCF_030295975.1,Thalassotalea atypica,Thalassotalea,0,3057.841796875,0,15
GCF_005795905.1,Streptomyces marianii,Streptomyces,0,3008.299560546875,0,15
GCF_005843985.1,Caminibacter mediatlanticus,Caminibacter,0,2986.5009765625,0,3
GCF_005849285.1,Luteithermobacter gelatinilyticus,Luteithermobacter,0,3000.372802734375,0,1
GCF_005860795.2,Peteryoungia desertarenae,Peteryoungia,0,2919.041748046875,0,1
GCF_005862185.2,Rhizobium hidalgonense,Rhizobium,0,2934.97705078125,0,1
GCF_030295995.1,Thalassotalea hakodatensis,Thalassotalea,0,3057.841796875,0,10
GCF_014268485.2,Pseudomonas zeae,Pseudomonas,0,3041.28515625,0,15
GCF_030296055.1,Hydrogenimonas cancrithermarum,Hydrogenimonas,0,3030.09814453125,0,3
GCF_030296575.1,Paraoerskovia sediminicola,Paraoerskovia,3,3012.262939453125,0,3
GCF_030296595.1,Naasia aerilata,Naasia,0,3002.400390625,0,1
GCF_030296615.1,Frondihabitans sucicola,Frondihabitans,2,3030.09814453125,0,1
GCF_030296655.1,Barrientosiimonas endolithica,Barrientosiimonas,0,3038.02490234375,0,1
GCF_030296695.1,Agromyces mangrovi,Agromyces,2,3024.153076171875,0,1
GCF_030296755.1,Methylophaga marina,Methylophaga,0,3033.462158203125,0,3
GCF_014268495.2,Pseudomonas monsensis,Pseudomonas,0,3040.6978352864585,0,15
GCF_030296775.1,Claveliimonas bilis,Claveliimonas,0,3041.98828125,0,6
GCF_014268585.2,Pseudomonas iranensis,Pseudomonas,0,3045.95166015625,0,10
GCF_020097295.1,Aeromonas enteropelogenes,Aeromonas,0,3026.9544487847224,0.35555555555555557,45
GCF_005877035.1,Pseudoalteromonas distincta,Pseudoalteromonas,0,3021.6411946614585,0,36
GCF_005885815.1,Thiomicrorhabdus sediminis,Thiomicrorhabdus,0,2958.681396484375,2,3
GCF_014268595.2,Pseudomonas hamedanensis,Pseudomonas,0,3045.95166015625,0,10
GCF_051148895.1,Terrisporobacter vanillatitrophus,Terrisporobacter,12,2964.1759810014205,0.3333333333333333,66
GCF_030297135.1,Pseudoalteromonas apostichopi,Pseudoalteromonas,0,3053.87841796875,0,28
GCF_014268655.2,Pseudomonas marvdashtae,Pseudomonas,0,3042.79931640625,0,10
GCF_051175385.1,Tundrisphaera lichenicola,Tundrisphaera,0,2951.060302734375,0,6
GCF_051257895.1,Candidatus Ferrigenium straubiae,Candidatus,0,2969.125732421875,1,1
GCF_020097475.1,Escherichia fergusonii,Escherichia,0,3031.0916922433034,0,21
GCF_900005615.1,Paracoccus aminovorans,Paracoccus,0,2899.306640625,0,3
GCF_020099275.1,Corynebacterium falsenii,Corynebacterium,0,3014.935791015625,0,3
GCF_030297255.1,Burkholderia pseudomallei,Burkholderia,2,3019.137003580729,0.6666666666666666,6
GCF_900013505.1,Agrobacterium deltaense,Agrobacterium,0,2942.90380859375,0,3
GCF_030315975.1,Microbacterium candidum,Microbacterium,0,3012.262939453125,0,3
GCF_030316605.1,Spiroplasma ixodetis,Spiroplasma,0,2921.65673828125,2,1
GCF_014268695.2,Pseudomonas ogarae,Pseudomonas,0,3039.558984375,0,10
GCF_030322905.1,Pseudoxanthomonas winnipegensis,Pseudoxanthomonas,0,3061.80517578125,0,1
GCF_900013535.1,Agrobacterium tomkonis,Agrobacterium,0,2942.90380859375,0,3
GCF_030323025.1,Pseudanabaena mucicola,Pseudanabaena,0,2944.885498046875,0,3
GCF_030323265.1,Aliirhizobium terrae,Aliirhizobium,0,2919.10546875,0,6
GCF_014268745.2,Pseudomonas zanjanensis,Pseudomonas,0,3045.95166015625,0,10
GCF_900015005.1,Paucilactobacillus oligofermentans,Paucilactobacillus,0,3076.240966796875,0,10
GCF_005886105.2,Pseudoalteromonas galatheae,Pseudoalteromonas,0,3038.02490234375,0,36
GCF_030344915.1,Neopusillimonas aromaticivorans,Neopusillimonas,1,3030.6732584635415,0,3
GCF_030344935.1,Algibacter luteus,Algibacter,0,3016.226318359375,0,1
GCF_020099335.1,Citrobacter amalonaticus,Citrobacter,0,3043.851295107887,0.47619047619047616,21
GCF_005886435.1,Schaalia cardiffensis,Schaalia,0,3071.736572265625,0,6
GCF_014268755.2,Pseudomonas vanderleydeniana,Pseudomonas,0,3025.4228352864584,0,15
GCF_020099395.1,Streptomyces mobaraensis,Streptomyces,0,3013.398507254464,0,21
GCF_005886755.1,Thermoactinomyces vulgaris,Thermoactinomyces,0,3047.9658784412204,0,21
GCF_014268805.2,Pseudomonas farsensis,Pseudomonas,0,3045.95166015625,0,15
GCF_005890135.1,Acidipropionibacterium jensenii,Acidipropionibacterium,3,3028.116455078125,0,3
GCF_005931095.1,Methylotuvimicrobium buryatense,Methylotuvimicrobium,0,3041.98828125,0,3
GCF_005943945.1,Aggregatimonas sangjinii,Aggregatimonas,2,3032.079833984375,0,1
GCF_005952805.1,Inhella inkyongensis,Inhella,4,3030.09814453125,0,6
GCF_014268815.2,Pseudomonas urmiensis,Pseudomonas,0,3043.3247884114585,0,15
GCF_006007945.1,Companilactobacillus futsaii,Companilactobacillus,0,3096.2081298828125,0,6
GCF_006065315.1,Aureibaculum algae,Aureibaculum,0,3016.226318359375,0,1
GCF_006094275.1,Glutamicibacter creatinolyticus,Glutamicibacter,0,3045.95166015625,0,6
GCF_014268885.2,Pseudomonas xantholysinigenes,Pseudomonas,0,3045.95166015625,0,15
GCF_006094395.1,Staphylococcus haemolyticus,Staphylococcus,0,3073.6953125,0,15
GCF_020149575.1,Aeromonas rivuli,Aeromonas,0,3061.80517578125,0,45
GCF_020149935.1,Marinilongibacter aquaticus,Marinilongibacter,0,3008.299560546875,0,1
GCF_014268935.2,Pseudomonas peradeniyensis,Pseudomonas,0,2569.352498372396,14.333333333333334,15
GCF_006094455.1,Morganella morganii,Morganella,0,3053.338448660714,0,21
GCF_900015215.1,Romboutsia ilealis,Romboutsia,14,2947.1175577352337,0.8021978021978022,91
GCF_900018365.1,Apibacter mensalis,Apibacter,2,3010.28125,0,1
GCF_900018785.1,Xanthomonas massiliensis,Xanthomonas,0,3022.40087890625,0,1
GCF_030348325.1,Bacillus hominis,Bacillus,1,3030.817152086195,0.2857142857142857,91
GCF_900021165.1,Paenibacillus phocaensis,Paenibacillus,0,3055.998046875,1,1
GCF_014269025.2,Pseudomonas promysalinigenes,Pseudomonas,0,3043.6999860491073,0,21
GCF_030369635.1,Microbacterium arborescens,Microbacterium,0,3012.262939453125,0,1
GCF_030369675.1,Peteryoungia algae,Peteryoungia,1,2882.2997233072915,0.6666666666666666,3
GCF_020150375.1,Hafnia paralvei,Hafnia,0,3057.841796875,0,28
GCF_020162115.1,Tepidimonas taiwanensis,Tepidimonas,0,3024.19921875,0,1
GCF_020180945.1,Lacticaseibacillus kribbianus,Lacticaseibacillus,2,3107.384033203125,0,1
GCF_900046455.1,Cellulomonas timonensis,Cellulomonas,5,2963.44853515625,3.2,10
GCF_030376725.1,Macrococcus bovicus,Macrococcus,0,3077.65869140625,0,10
GCF_900070325.1,Herbinix luporum,Herbinix,4,3038.02490234375,0,6
GCF_014269185.2,Pseudomonas oryzicola,Pseudomonas,0,3041.4483816964284,0,21
GCF_900074625.1,Romboutsia hominis,Romboutsia,4,2873.0634765625,0,6
GCF_900078305.2,Corynebacterium bouchesdurhonense,Corynebacterium,2,2925.437744140625,7,1
GCF_900078545.1,Olegusella massiliensis,Olegusella,0,2998.39111328125,0,1
GCF_020181655.1,Pectobacterium colocasium,Pectobacterium,2,3000.12060546875,0.7619047619047619,21
GCF_900078685.2,Mycolicibacter icosiumassiliensis,Mycolicibacter,4,3018.345703125,0,6
GCF_030378165.1,Flavobacterium panacagri,Flavobacterium,7,2971.1010393415177,0,21
GCF_014269225.2,Pseudomonas anuradhapurensis,Pseudomonas,0,3041.4483816964284,0,21
GCF_030385785.1,Crenobacter oryzisoli,Crenobacter,5,3043.969970703125,0,10
GCF_900086655.1,Paenibacillus tuaregi,Paenibacillus,4,3005.1552734375,0.3333333333333333,15
GCF_900086715.1,Gracilibacillus timonensis,Gracilibacillus,0,3093.5582275390625,0,6
GCF_900086725.1,Bariatricus massiliensis,Bariatricus,0,3027.51708984375,0,3
GCF_900087655.1,Propionibacterium freudenreichii,Propionibacterium,2,3010.28125,0,1
GCF_014287355.1,Ruminococcus hominis,Ruminococcus,0,3013.33154296875,0,15
GCF_900088125.1,Aedoeadaptatus pacaensis,Aedoeadaptatus,3,2917.027099609375,0,3
GCF_030389495.1,Ligilactobacillus cholophilus,Ligilactobacillus,0,3099.457275390625,0,15
GCF_030389965.1,Candidatus Chlorohelix allophototropha,Candidatus,0,2925.068603515625,0,3
GCF_900089075.1,Vaginella massiliensis,Vaginella,0,2379.1856079101562,0,6
GCF_900089455.2,Orrella dioscoreae,Orrella,0,3034.0615234375,0,1
GCF_014287515.2,Roseburia rectibacter,Roseburia,0,3015.95849609375,0,10
GCF_900089585.1,Micromonospora sediminicola,Micromonospora,0,3002.3544921875,0,3
GCF_014287575.1,Bacteroides parvus,Bacteroides,4,3026.134765625,0,6
GCF_900089595.1,Micromonospora auratinigra,Micromonospora,0,3002.3544921875,0,6
GCF_006094495.1,Priestia megaterium,Priestia,0,3074.464562049279,0,78
GCF_006148925.1,Hyunsoonleella aestuarii,Hyunsoonleella,2,3012.262939453125,0,1
GCF_900089605.1,Micromonospora narathiwatensis,Micromonospora,0,3002.3544921875,0,3
GCF_030400295.1,Vibrio agarivorans,Vibrio,0,3028.978564453125,0,15
GCF_006159205.1,Antarcticibacterium flavum,Antarcticibacterium,0,3008.299560546875,0,3
GCF_030405905.1,Sphaerothrix gracilis,Sphaerothrix,0,-705.24627685546875,108,1
GCF_900090225.1,Micromonospora eburnea,Micromonospora,0,3002.3544921875,0,3
GCF_006228185.1,Mycoplasma nasistruthionis,Mycoplasma,0,2965.4855143229165,0,3
GCF_006265245.1,Prosthecochloris vibrioformis,Prosthecochloris,2,2978.57421875,0,1
GCF_900090235.1,Micromonospora echinaurantiaca,Micromonospora,0,3001.06396484375,0,3
GCF_020217405.1,Lysinibacillus capsici,Lysinibacillus,0,3049.001065340909,0,55
GCF_006337105.1,Thermomonas aquatica,Thermomonas,0,3061.80517578125,0,1
GCF_006337125.1,Serinicoccus chungangensis,Serinicoccus,0,3018.0439453125,0,1
GCF_006349365.1,Georgenia wutianyii,Georgenia,3,3010.972412109375,0,3
GCF_014295035.1,Streptomyces buecherae,Streptomyces,0,3016.604671223958,0,15
GCF_900090265.1,Micromonospora rifamycinica,Micromonospora,0,3002.3544921875,0,6
GCF_014295415.1,Constantimarinum furrinae,Constantimarinum,0,3008.299560546875,0,1
GCF_020229735.1,Deinococcus taeanensis,Deinococcus,0,2980.555908203125,0,6
GCF_014295435.1,Mycolicibacterium fluoranthenivorans,Mycolicibacterium,0,3008.299560546875,0,1
GCF_900090275.1,Micromonospora zamorensis,Micromonospora,0,2995.8103841145835,1.3333333333333333,3
GCF_014297275.1,Clostridium facile,Clostridium,0,3022.17138671875,0,3
GCF_014297575.1,Dyella telluris,Dyella,1,3029.84228515625,0,1
GCF_900090285.1,Micromonospora inositola,Micromonospora,0,3006.31787109375,0,3
GCF_014297595.2,Neisseria musculi,Neisseria,0,3053.87841796875,0,6
GCF_900090295.1,Micromonospora coxensis,Micromonospora,0,3006.31787109375,0,6
GCF_014334055.1,Oscillibacter hominis,Oscillibacter,0,3032.079833984375,0,3
GCF_014334095.1,Novosphingopyxis iocasae,Novosphingopyxis,0,2954.7939453125,0,1
GCF_014334735.1,Aeromicrobium senzhongii,Aeromicrobium,0,3012.262939453125,0,1
GCF_900090305.1,Micromonospora siamensis,Micromonospora,4,2962.9501953125,0,6
GCF_030406775.1,Sporosarcina trichiuri,Sporosarcina,0,3069.766357421875,0,28
GCF_020268605.1,Arsenophonus apicola,Arsenophonus,0,2957.2928176153273,2.6666666666666665,21
GCF_020278625.1,Wolbachia endosymbiont of Mansonella ozzardi,Wolbachia,0,382.4669189453125,93,1
GCF_014337155.1,Wujia chipingensis,Wujia,0,3010.30419921875,0,6
GCF_900090315.1,Micromonospora citrea,Micromonospora,0,2989.2198486328125,0.5,6
GCF_900090325.1,Micromonospora pallida,Micromonospora,0,3002.3544921875,0,3
GCF_014337175.1,Simiaoa sunii,Simiaoa,0,2963.2245279947915,0,6
GCF_900091415.1,Micromonospora inyonensis,Micromonospora,0,3002.3544921875,0,3
GCF_900091425.1,Micromonospora krabiensis,Micromonospora,0,3002.3544921875,0,3
GCF_030406905.1,Streptomyces chengbuensis,Streptomyces,0,3008.299560546875,0,15
GCF_014349155.1,Neolewinella lacunae,Neolewinella,4,3016.226318359375,0,6
GCF_014352875.1,Polaribacter pectinis,Polaribacter,2,3012.262939453125,0,1
GCF_014354315.1,Wolbachia endosymbiont of Drosophila sechellia,Wolbachia,2,-560.01995849609375,89,1
GCF_020297465.1,Parabacteroides gordonii,Parabacteroides,0,2933.141178385417,0.3333333333333333,15
GCF_014395425.1,Thermomonas brevis,Thermomonas,0,3061.80517578125,0,1
GCF_014395785.1,Nocardioides mesophilus,Nocardioides,0,3008.299560546875,0,1
GCF_900091445.1,Micromonospora echinofusca,Micromonospora,0,2994.3636474609375,0,6
GCF_030408375.1,Corynebacterium afermentans,Corynebacterium,4,3003.0458170572915,0,6
GCF_020310005.1,Salegentibacter mishustinae,Salegentibacter,0,3032.079833984375,0,3
GCF_900091455.1,Micromonospora coriariae,Micromonospora,0,3001.06396484375,0,3
GCF_030408395.1,Corynebacterium aquatimens,Corynebacterium,3,3008.299560546875,0,3
GCF_020310025.1,Leeuwenhoekiella palythoae,Leeuwenhoekiella,0,3028.116455078125,0,3
GCF_014395975.1,Diaphorobacter ruginosibacter,Diaphorobacter,0,3038.02490234375,0,6
GCF_020328055.1,Fulvivirga sedimenti,Fulvivirga,2,3012.262939453125,0,1
GCF_900091465.1,Micromonospora rhizosphaerae,Micromonospora,0,2952.824951171875,0,3
GCF_014396385.1,Leucobacter denitrificans,Leucobacter,2,3022.17138671875,0,1
GCF_030408415.1,Corynebacterium appendicis,Corynebacterium,0,3001.06396484375,0,3
GCF_900091475.1,Micromonospora chersina,Micromonospora,0,3002.3544921875,0,3
GCF_900091505.1,Micromonospora chokoriensis,Micromonospora,0,3002.3544921875,0,3
GCF_030408575.1,Corynebacterium auris,Corynebacterium,0,3000.395751953125,0,6
GCF_030408595.1,Corynebacterium canis,Corynebacterium,1,1900.9344482421875,105,1
GCF_006351925.1,Clostridium thermarum,Clostridium,0,2960.568670099432,0.18181818181818182,55
GCF_014397255.1,Weissella diestrammenae,Weissella,0,3116.3980224609377,0.4,10
GCF_014397415.1,Pseudoxanthomonas mexicana,Pseudoxanthomonas,0,3061.80517578125,0,1
GCF_006352065.1,Georgenia yuyongxinii,Georgenia,0,3018.2080078125,0,3
GCF_900091515.1,Micromonospora purpureochromogenes,Micromonospora,0,2954.8128662109375,0,6
GCF_014466985.1,Nitrosophilus labii,Nitrosophilus,0,3579.026123046875,0,3
GCF_900091585.1,Micromonospora nigra,Micromonospora,0,3006.31787109375,0,3
GCF_014489475.1,Agrilutibacter terrestris,Agrilutibacter,0,3061.80517578125,0,1
GCF_030408675.1,Corynebacterium durum,Corynebacterium,4,2985.2846435546876,0,10
GCF_900091615.1,Micromonospora yangpuensis,Micromonospora,0,3002.3544921875,0,3
GCF_020342335.1,Duffyella gerundensis,Duffyella,0,3003.071068173363,2,21
GCF_014489535.1,Diaphorobacter aerolatus,Diaphorobacter,0,3000.808349609375,0.5,6
GCF_030408715.1,Corynebacterium confusum,Corynebacterium,4,3004.3592529296875,0,6
GCF_900091625.1,Micromonospora peucetia,Micromonospora,0,3004.336181640625,0,6
GCF_014489595.1,Paenacidovorax monticola,Paenacidovorax,1,3014.18994140625,0,3
GCF_900091655.1,Culturomica massiliensis,Culturomica,3,3030.09814453125,0,3
GCF_014490555.1,Corynebacterium lujinxingii,Corynebacterium,1,2993.3960774739585,0,6
GCF_006352475.1,Acinetobacter pullicarnis,Acinetobacter,0,3047.3934500558034,0.2857142857142857,21
GCF_006363915.1,Methylophilus medardicus,Methylophilus,0,3049.9150390625,0,1
GCF_030408735.1,Corynebacterium faecale,Corynebacterium,0,2985.162255859375,0,10
GCF_014495845.1,Aquibium microcysteis,Aquibium,0,3088.25830078125,0,3
GCF_014522205.1,Corynebacterium poyangense,Corynebacterium,0,3006.3408203125,0,6
GCF_014534685.1,Oryzicola mucosus,Oryzicola,0,2931.0595703125,0,1
GCF_020406815.2,Dickeya oryzae,Dickeya,0,3055.860107421875,0,21
GCF_006384915.1,Roseomonas mucosa,Roseomonas,0,2950.83056640625,0,10
GCF_006385135.1,Paremcibacter congregatus,Paremcibacter,0,2976.592529296875,0,3
GCF_030408755.1,Corynebacterium felinum,Corynebacterium,6,2967.588802083333,0,15
GCF_020410765.1,Streptomyces marincola,Streptomyces,5,3040.817724609375,0,10
GCF_030408795.1,Corynebacterium hansenii,Corynebacterium,4,3014.24462890625,0,6
GCF_014541205.1,Mannheimia bovis,Mannheimia,0,3049.2698567708335,0.3333333333333333,15
GCF_006385555.1,Shewanella polaris,Shewanella,0,3052.5879720052085,0,15
GCF_006385595.1,Luteibacter pinisoli,Luteibacter,0,3061.80517578125,0,1
GCF_006385685.1,Amaricoccus solimangrovi,Amaricoccus,0,29.503286361694336,80,1
GCF_900091705.1,Clostridium mediterraneense,Clostridium,9,2985.4867892795137,0,36
GCF_900095135.1,Proteiniphilum saccharofermentans,Proteiniphilum,0,3034.0615234375,0,1
GCF_030408815.1,Corynebacterium freiburgense,Corynebacterium,5,3026.9458984375,0,10
GCF_900095155.1,Brucella inopinata,Brucella,2,3053.87841796875,0,1
GCF_900095705.1,Fusobacterium massiliense,Fusobacterium,0,2974.011474609375,0,3
GCF_006459125.1,Halarcobacter anaerophilus,Halarcobacter,4,3006.31787109375,0,6
GCF_006494775.1,Nocardioides humi,Nocardioides,1,2922.458740234375,2,1
GCF_030408855.1,Corynebacterium glaucum,Corynebacterium,4,2981.52880859375,0,6
GCF_900095825.1,Acidaminococcus massiliensis,Acidaminococcus,0,3001.5236002604165,0,3
GCF_030408875.1,Corynebacterium gottingense,Corynebacterium,0,3002.3775634765625,0,6
GCF_014623465.1,Marinomonas arctica,Marinomonas,0,3009.9940447126114,0.25,28
GCF_014635065.1,Oxalicibacterium flavum,Oxalicibacterium,0,3038.02490234375,0,1
GCF_014637955.1,Halopseudomonas salina,Halopseudomonas,0,3045.95166015625,0,1
GCF_014641735.1,Sphingomonas metalli,Sphingomonas,0,2946.8671875,0,1
GCF_900095835.1,Ihuprevotella massiliensis,Ihuprevotella,0,3009.3223958333333,0,15
GCF_030408915.1,Corynebacterium guangdongense,Corynebacterium,5,3005.4925537109375,0,10
GCF_014651995.1,Cognatilysobacter xinjiangensis,Cognatilysobacter,0,3049.9150390625,0,1
GCF_014652635.1,Devosia pacifica,Devosia,0,2932.995361328125,0,1
GCF_014652775.1,Thermomonas carbonis,Thermomonas,0,3061.80517578125,0,1
GCF_014652875.1,Tianweitania populi,Tianweitania,0,2942.90380859375,0,1
GCF_030409505.1,Zunongwangia endophytica,Zunongwangia,0,3028.116455078125,0,6
GCF_020423125.1,Aeromonas media,Aeromonas,0,3061.80517578125,0,45
GCF_900095865.1,Massilioclostridium coli,Massilioclostridium,0,3022.17138671875,0,10
GCF_006517255.1,Janthinobacterium tructae,Janthinobacterium,8,3011.208766392299,0.25,28
GCF_030409795.1,Flavobacterium paronense,Flavobacterium,0,2975.284138997396,0,6
GCF_020447175.2,Methylophaga pinxianii,Methylophaga,0,3038.7162272135415,0,3
GCF_020447305.1,Abyssibius alkaniclasticus,Abyssibius,0,3008.299560546875,0,1
GCF_020510525.1,Quatrionicoccus australiensis,Quatrionicoccus,0,3047.933349609375,0,6
GCF_030409805.1,Algibacter miyuki,Algibacter,0,3007.12900390625,0,10
GCF_020510565.1,Ferribacterium limneticum,Ferribacterium,0,3047.933349609375,0,3
GCF_014673495.1,Streptomyces griseofuscus,Streptomyces,7,3022.17138671875,0,21
GCF_014680085.1,Micromonospora sagamiensis,Micromonospora,0,3002.3544921875,0,3
GCF_014681765.1,Roseicitreum antarcticum,Roseicitreum,1,2609.865478515625,7,1
GCF_014692875.1,Pedobacter riviphilus,Pedobacter,0,3014.24462890625,0,1
GCF_900095885.1,Dickeya aquatica,Dickeya,1,3033.2807965959823,0.2857142857142857,21
GCF_006542275.1,Saccharibacillus brassicae,Saccharibacillus,0,2949.084007626488,1.0952380952380953,21
GCF_006542665.1,Alistipes communis,Alistipes,0,3055.860107421875,0,1
GCF_900097105.1,Akkermansia glycaniphila,Akkermansia,0,3000.372802734375,0,3
GCF_006542685.1,Alistipes dispar,Alistipes,0,3024.153076171875,0,1
GCF_900098925.1,Bacillus massiliglaciei,Bacillus,0,2499.71923828125,0,1
GCF_006547045.1,Marilutibacter alkalisoli,Marilutibacter,0,2872.44921875,6,1
GCF_900099555.1,Peptoniphilus raoultii,Peptoniphilus,0,3024.153076171875,0,1
GCF_900099705.1,Agrococcus jejuensis,Agrococcus,2,3020.189697265625,0,1
GCF_006575665.1,Echinicola soli,Echinicola,4,3018.2080078125,0,6
GCF_014697095.1,Vreelandella titanicae,Vreelandella,0,3029.61865234375,0,15
GCF_900099985.1,Thermostaphylospora chromogena,Thermostaphylospora,3,2765.14033203125,15,15
GCF_014697215.1,Saccharopolyspora pogona,Saccharopolyspora,0,3020.235791015625,0,10
GCF_030409845.1,Flavobacterium branchiarum,Flavobacterium,0,3000.372802734375,0,36
GCF_900100915.1,Burkholderia orbicola,Burkholderia,0,3019.63623046875,0,15
GCF_014701095.1,Streptomyces tuirus,Streptomyces,0,3021.526123046875,0,15
GCF_900100925.1,Actinopolyspora saharensis,Actinopolyspora,0,3064.284423828125,0,10
GCF_020519665.1,Bacillus shivajii,Bacillus,0,3075.890536221591,0,55
GCF_020529025.1,Oceaniglobus trochenteri,Oceaniglobus,0,2907.2333984375,0,1
GCF_030409925.1,Paenimyroides ceti,Paenimyroides,0,2973.438209170387,0.5714285714285714,21
GCF_020541225.1,Candidatus Steffania adelgidicola,Candidatus,0,-794.2557373046875,109,1
GCF_020541305.1,Candidatus Vallotiella adelgis,Candidatus,0,3022.746826171875,0,3
GCF_014701115.1,Streptomyces aurantiacus,Streptomyces,6,3008.437255859375,0,15
GCF_006704145.1,Pseudoalteromonas luteoviolacea,Pseudoalteromonas,0,3038.02490234375,0,45
GCF_020541325.1,Candidatus Vallotia laricis,Candidatus,0,3034.0615234375,0,3
GCF_014764305.1,Mesoflavibacter profundi,Mesoflavibacter,0,3020.189697265625,0,1
GCF_014764365.1,Roseococcus microcysteis,Roseococcus,0,2946.8671875,0,1
GCF_014770185.1,Rathayibacter toxicus,Rathayibacter,0,3016.226318359375,0,1
GCF_014773365.1,Pelovirga terrestris,Pelovirga,0,3040.006591796875,0,1
GCF_014779555.2,Lysobacter capsici,Lysobacter,0,3061.80517578125,0,1
GCF_014784055.1,Polaribacter haliotis,Polaribacter,2,3012.262939453125,0,1
GCF_020542785.1,Rhodococcus opacus,Rhodococcus,0,3010.28125,0,6
GCF_900101085.1,Pseudomonas grimontii,Pseudomonas,0,3038.6171061197915,0,15
GCF_030412785.1,Paraburkholderia sabiae,Paraburkholderia,0,3024.6044921875,0,15
GCF_014803405.1,Pelagicoccus enzymogenes,Pelagicoccus,0,3091.530517578125,0,6
GCF_900101185.1,Pseudomonas gessardii,Pseudomonas,0,3025.4618408203123,0,10
GCF_900101285.1,Desulfurella multipotens,Desulfurella,0,3109.36572265625,0,1
GCF_900101785.1,Auraticoccus monumenti,Auraticoccus,2,3002.400634765625,0,1
GCF_014805825.1,Marinomonas algicola,Marinomonas,0,3034.4233747209823,0.2857142857142857,21
GCF_014836765.1,Serpens gallinarum,Serpens,0,181.61526489257812,82,1
GCF_020544465.1,Chromobacterium rhizoryzae,Chromobacterium,8,3043.969970703125,0,28
GCF_900101795.1,Paraburkholderia tuberum,Paraburkholderia,0,3033.5216936383927,0,21
GCF_020616335.1,Corynebacterium uberis,Corynebacterium,4,3026.15771484375,0,6
GCF_020621385.1,Acidisoma cellulosilyticum,Acidisoma,0,2962.720703125,0,1
GCF_030414215.1,Geobacillus zalihae,Geobacillus,6,2986.819532606337,1.8333333333333333,36
GCF_900102035.1,Pseudomonas extremaustralis,Pseudomonas,0,3045.95166015625,0,10
GCF_030419005.1,Eleftheria terrae,Eleftheria,4,3026.1807861328125,0,6
GCF_030433685.1,Leifsonia williamsii,Leifsonia,2,3020.189697265625,0,1
GCF_900102345.1,Leucobacter chromiiresistens,Leucobacter,3,3024.153076171875,0,3
GCF_030440425.1,Microbulbifer spongiae,Microbulbifer,0,3028.8306884765625,0,6
GCF_900102465.1,Thalassobaculum litoreum,Thalassobaculum,0,2942.90380859375,0,6
GCF_020683125.1,Erwinia rhapontici,Erwinia,0,3046.583426339286,0,21
GCF_030440535.1,Corynebacterium capitovis,Corynebacterium,0,3022.17138671875,0,6
GCF_030440555.1,Corynebacterium caspium,Corynebacterium,4,3045.95166015625,0,6
GCF_020731205.1,Psychrobacter sanguinis,Psychrobacter,0,3041.98828125,0,10
GCF_030440575.1,Corynebacterium ciconiae,Corynebacterium,0,3028.116455078125,0,6
GCF_014844295.1,Flavobacterium columnare,Flavobacterium,0,3004.336181640625,0,45
GCF_006704205.1,Cytobacillus solani,Cytobacillus,0,3060.156437800481,0.15384615384615385,78
GCF_006715045.1,Amycolatopsis cihanbeyliensis,Amycolatopsis,2,3008.299560546875,0,1
GCF_900102725.1,Carnobacterium viridans,Carnobacterium,0,3081.984130859375,0,21
GCF_006715055.1,Lapillicoccus jejuensis,Lapillicoccus,0,3022.17138671875,0,1
GCF_014850955.1,Methylomonas albis,Methylomonas,0,3040.006591796875,0,3
GCF_006715085.1,Kribbella jejuensis,Kribbella,0,3022.17138671875,0,1
GCF_006715095.1,Yimella lutea,Yimella,0,3010.327392578125,1,1
GCF_014850975.1,Methylomonas fluvii,Methylomonas,0,3040.006591796875,0,3
GCF_030440595.1,Corynebacterium glucuronolyticum,Corynebacterium,0,2995.3765625,0,10
GCF_030442055.1,Agaribacillus aureus,Agaribacillus,2,3014.24462890625,0,1
GCF_020731525.1,Roseburia inulinivorans,Roseburia,0,2947.658382161458,0.3333333333333333,15
GCF_030444335.1,Polaribacter huanghezhanensis,Polaribacter,2,3012.262939453125,0,1
GCF_020735545.1,Gordonia otitidis,Gordonia,2,3008.345703125,0,1
GCF_006715175.1,Curtobacterium citreum,Curtobacterium,4,3008.3455810546875,0,6
GCF_900103345.1,Pseudomonas azotoformans,Pseudomonas,0,3041.22314453125,0,10
GCF_020735925.1,Bordetella parapertussis,Bordetella,0,3034.0615234375,0,3
GCF_006716085.1,Leucobacter komagatae,Leucobacter,0,3018.2080078125,0,3
GCF_006716095.1,Barrientosiimonas humi,Barrientosiimonas,0,3040.006591796875,0,1
GCF_006716125.1,Homoserinimonas aerilata,Homoserinimonas,2,3022.17138671875,0,1
GCF_030450055.1,Gallaecimonas kandeliae,Gallaecimonas,0,3034.130615234375,1,6
GCF_020735985.1,Bordetella holmesii,Bordetella,0,3030.7894694010415,0.6666666666666666,3
GCF_900103625.1,Corynebacterium mycetoides,Corynebacterium,4,3014.24462890625,0,6
GCF_006716135.1,Streptomyces calvus,Streptomyces,0,3024.153076171875,0,3
GCF_014852565.2,Streptomyces caniscabiei,Streptomyces,0,3003.5638834635415,0,15
GCF_006716205.1,Oryzihumus leptocrescens,Oryzihumus,0,3024.153076171875,0,3
GCF_006716315.1,Nocardioides albertanoniae,Nocardioides,2,3000.372802734375,0,1
GCF_006716355.1,Stackebrandtia endophytica,Stackebrandtia,0,3006.31787109375,0,1
GCF_030481725.1,Planococcus shixiaomingii,Planococcus,0,3075.677001953125,0,10
GCF_006716425.1,Actinoallomurus bryophytorum,Actinoallomurus,0,3002.3544921875,0,3
GCF_014858725.1,Pseudoalteromonas aurantia,Pseudoalteromonas,0,3024.31396484375,0,6
GCF_900103795.1,Pseudomonas antarctica,Pseudomonas,0,3045.95166015625,0,10
GCF_030486685.2,Corynebacterium pseudokroppenstedtii,Corynebacterium,3,3018.2080078125,0,3
GCF_006716445.1,Pseudonocardia kunmingensis,Pseudonocardia,0,3014.24462890625,0,3
GCF_006716695.1,Klugiella xanthotipulae,Klugiella,0,3014.24462890625,0,1
GCF_020736045.1,Haemophilus influenzae,Haemophilus,0,3025.6272786458335,0.3333333333333333,15
GCF_030490285.1,Methylomonas montana,Methylomonas,0,3040.006591796875,0,3
GCF_030503855.1,Marivirga salinarum,Marivirga,0,3006.364013671875,0,1
GCF_030503875.2,Marivirga arenosa,Marivirga,0,3014.24462890625,0,1
GCF_006716745.1,Saccharothrix saharensis,Saccharothrix,0,3008.299560546875,0,6
GCF_030505015.1,Maribacter confluentis,Maribacter,0,3023.5538736979165,0.6666666666666666,3
GCF_900103875.1,Pseudomonas arsenicoxydans,Pseudomonas,0,3042.7994140625,0,10
GCF_900104045.1,Desulfonauticus submarinus,Desulfonauticus,2,3103.420654296875,0,1
GCF_020740535.1,Streptomyces profundus,Streptomyces,5,3055.860107421875,0,10
GCF_014863585.1,Pseudomonas gozinkensis,Pseudomonas,0,3045.95166015625,0,15
GCF_020783375.1,Stutzerimonas chloritidismutans,Stutzerimonas,0,3045.95166015625,0,6
GCF_006716765.1,Actinomadura hallensis,Actinomadura,0,2429.470841471354,14.666666666666666,15
GCF_900104125.1,Pseudomonas reinekei,Pseudomonas,0,3039.1216634114585,0,15
GCF_900104535.1,Nakamurella panacisegetis,Nakamurella,2,3014.24462890625,0,1
GCF_006716785.1,Thermopolyspora flexuosa,Thermopolyspora,3,3035.44384765625,0,3
GCF_014863605.1,Pseudomonas allokribbensis,Pseudomonas,0,3041.74853515625,0,15
GCF_020783575.1,Streptomyces fungicidicus,Streptomyces,0,3021.000732421875,0,10
GCF_900104575.1,Bacillus tuaregi,Bacillus,0,3045.4442545572915,0,3
GCF_006716865.1,Roseinatronobacter monicus,Roseinatronobacter,0,2907.2333984375,0,3
GCF_030505375.1,Pseudomonas kielensis,Pseudomonas,0,3034.6934872581846,0,21
GCF_020792675.1,Brachybacterium halotolerans,Brachybacterium,3,3014.24462890625,0,3
GCF_900104595.1,Enterococcus timonensis,Enterococcus,1,3066.5516764322915,0,3
GCF_006716885.1,Ornithinimicrobium humiphilum,Ornithinimicrobium,0,3012.262939453125,0,3
GCF_900104605.1,Tidjanibacter massiliensis,Tidjanibacter,0,3030.09814453125,0,1
GCF_006717045.1,Pseudonocardia cypriaca,Pseudonocardia,0,2998.48291015625,0,1
GCF_030505695.1,Halomonas alkalicola,Halomonas,0,3049.9150390625,0,6
GCF_030506285.1,Catalinimonas niigatensis,Catalinimonas,0,3014.24462890625,0,1
GCF_030506305.1,Porifericola rhodea,Porifericola,0,3012.262939453125,0,1
GCF_030506325.1,Tunicatimonas pelagia,Tunicatimonas,0,3041.98828125,0,1
GCF_900104615.1,Merdimmobilis hominis,Merdimmobilis,0,2998.39111328125,0,6
GCF_006717075.1,Haloactinospora alba,Haloactinospora,5,3049.601318359375,0,10
GCF_014873495.1,Streptomyces stelliscabiei,Streptomyces,0,3028.116455078125,0,15
GCF_006717095.1,Blastococcus colisei,Blastococcus,3,3008.99072265625,0,3
GCF_900104625.1,Leptotrichia massiliensis,Leptotrichia,5,2993.257080078125,0,10
GCF_900104645.1,Alterileibacterium massiliense,Alterileibacterium,0,3008.299560546875,0,3
GCF_900104685.1,Agromyces flavus,Agromyces,2,3028.116455078125,0,1
GCF_030517105.1,Gallibacterium salpingitidis,Gallibacterium,3,2973.3125162760416,1.9333333333333333,15
GCF_030534335.1,Marivirga harenae,Marivirga,0,3014.24462890625,0,1
GCF_030542965.1,Azotosporobacter soli,Azotosporobacter,0,2483.83349609375,0,1
GCF_014873535.1,Nonomuraea africana,Nonomuraea,0,2970.814208984375,0,15
GCF_030549615.1,Stenotrophomonas pigmentata,Stenotrophomonas,0,3056.55126953125,0,6
GCF_900104725.1,Actinoplanes derwentensis,Actinoplanes,0,3006.31787109375,0,10
GCF_030553095.1,Zobellia laminariae,Zobellia,3,2974.4632975260415,2.3333333333333335,3
GCF_014873755.1,Amycolatopsis lexingtonensis,Amycolatopsis,0,2992.755574544271,0,6
GCF_014873875.1,Actinopolymorpha pittospori,Actinopolymorpha,0,3002.3544921875,0,1
GCF_006740045.1,Comamonas terrigena,Comamonas,0,2991.3788132440477,1.7142857142857142,21
GCF_006740705.1,Salicibibacter halophilus,Salicibibacter,3,3011.1078287760415,0,3
GCF_014873935.1,Actinomadura algeriensis,Actinomadura,0,3012.262939453125,0,10
GCF_006740765.1,Leisingera aquaemixtae,Leisingera,0,2901.288330078125,0,6
GCF_900104735.1,Pseudomonas lini,Pseudomonas,0,3022.3091634114585,0,15
GCF_014873945.1,Rhizobium viscosum,Rhizobium,0,2934.97705078125,0,3
GCF_900104745.1,Actinopolymorpha singaporensis,Actinopolymorpha,0,3006.31787109375,0,1
GCF_014873955.1,Nesterenkonia lutea,Nesterenkonia,0,3022.17138671875,0,1
GCF_014874055.1,Actinophytocola algeriensis,Actinophytocola,0,3002.400390625,0,1
GCF_014874065.1,Nesterenkonia halotolerans,Nesterenkonia,0,3022.17138671875,0,1
GCF_006770265.1,Pseudolactococcus carnosus,Pseudolactococcus,4,3069.73193359375,0,6
GCF_014874095.1,Plantactinospora soyae,Plantactinospora,0,3008.299560546875,0,3
GCF_014878135.1,Myceligenerans pegani,Myceligenerans,0,3041.98828125,0,6
GCF_006770285.1,Pseudolactococcus paracarnosus,Pseudolactococcus,5,3069.73193359375,0,10
GCF_006783905.1,Microbacterium kyungheense,Microbacterium,3,3016.226318359375,0,3
GCF_006788875.1,Paramicrobacterium agarici,Paramicrobacterium,2,3026.134765625,0,1
GCF_020809405.1,Terrisporobacter hibernicus,Terrisporobacter,9,2934.1634891394415,2.393939393939394,66
GCF_900104805.1,Pseudomonas oryzae,Pseudomonas,0,3031.6910574776784,0,21
GCF_014879295.1,Lentilactobacillus parabuchneri,Lentilactobacillus,2,2651.6263916015623,10.8,10
GCF_014884385.1,Phycobacter azelaicus,Phycobacter,0,2885.3712158203125,0.5,6
GCF_030580635.1,Vibrio metoecus,Vibrio,0,3053.4635416666665,0,45
GCF_900104845.1,Paraburkholderia caballeronis,Paraburkholderia,0,3034.0615234375,0,10
GCF_030622045.1,Planctellipticum variicoloris,Planctellipticum,0,3045.95166015625,0,1
GCF_006788935.1,Streptomyces cavourensis,Streptomyces,0,3028.116455078125,0,15
GCF_006874765.1,Leptospira weilii,Leptospira,0,2974.702880859375,0,1
GCF_900104895.1,Microterricola viridarii,Microterricola,3,3028.116455078125,0,3
GCF_030643905.1,Flavobacterium rivulicola,Flavobacterium,0,3004.336181640625,0,3
GCF_020810675.1,Pasteurella canis,Pasteurella,0,3055.860107421875,0,15
GCF_030644205.1,Mogibacterium neglectum,Mogibacterium,0,3006.31787109375,0,1
GCF_020829495.1,Nostoc favosum,Nostoc,1,57.28423055013021,93.66666666666667,3
GCF_030644225.1,Selenomonas dianae,Selenomonas,1,2931.798583984375,1.3333333333333333,3
GCF_020829645.1,Nostoc mirabile,Nostoc,0,659.786122639974,88.33333333333333,3
GCF_006965445.1,Lactococcus protaetiae,Lactococcus,1,3020.3162353515627,0.6,10
GCF_006968745.1,Brasilonema sennae,Brasilonema,0,2949.5402018229165,0,3
GCF_030687395.1,Pseudomonas wuhanensis,Pseudomonas,0,3029.97001953125,0,10
GCF_006974105.1,Rhodoferax aquaticus,Rhodoferax,0,3045.95166015625,0,10
GCF_030687835.1,Pseudomonas hefeiensis,Pseudomonas,1,3004.015087890625,1.2,10
GCF_007000325.2,Rhizobium rhododendri,Rhizobium,0,2934.97705078125,0,6
GCF_030687875.1,Pseudomonas beijingensis,Pseudomonas,0,3030.8023193359377,0,10
GCF_900104905.1,Pseudomonas jessenii,Pseudomonas,0,2983.585639105903,0.4444444444444444,36
GCF_014892695.1,Aeromonas simiae,Aeromonas,0,3029.931662326389,0.2,45
GCF_014896945.1,Candidatus Bodocaedibacter vickermanii,Candidatus,0,2974.61083984375,0,1
GCF_014898075.1,Neisseria yangbaofengii,Neisseria,0,3053.87841796875,0,6
GCF_900104915.1,Pseudomonas cedrina,Pseudomonas,0,3042.79931640625,0,10
GCF_014899185.1,Pseudooceanicola spongiae,Pseudooceanicola,0,2901.288330078125,0,1
GCF_900104945.1,Halopseudomonas xinjiangensis,Halopseudomonas,0,3045.95166015625,0,3
GCF_030687935.1,Pseudomonas cucumis,Pseudomonas,0,3023.2792154947915,0.3333333333333333,15
GCF_900104965.1,Nocardioides scoriae,Nocardioides,0,3010.28125,0,1
GCF_014905115.1,Sulfurimonas sediminis,Sulfurimonas,0,3014.24462890625,0,6
GCF_900105005.1,Halopseudomonas litoralis,Halopseudomonas,0,3024.93603515625,0,6
GCF_007004555.1,Lentibacillus cibarius,Lentibacillus,0,3070.208914620536,1,28
GCF_014905135.1,Sulfurimonas paralvinellae,Sulfurimonas,0,3008.3226318359375,0,6
GCF_014925355.1,Pseudoalteromonas prydzensis,Pseudoalteromonas,0,2992.5199381510415,0,3
GCF_900105025.1,Parafannyhessea umbonata,Parafannyhessea,0,3002.3544921875,0,6
GCF_030708075.1,Candidatus Epulonipiscium viviparus,Candidatus,1,2995.5123697916665,0,15
GCF_900105045.1,Brevibacterium sandarakinum,Brevibacterium,0,3017.5049641927085,0,3
GCF_007035805.1,Enterobacter asburiae,Enterobacter,1,3040.798486328125,0,10
GCF_030717995.2,Methylomarinum roseum,Methylomarinum,2,3010.601806640625,2,3
GCF_014926385.1,Trueperella pecoris,Trueperella,4,3022.17138671875,0,6
GCF_030718845.1,Mycoplasma seminis,Mycoplasma,0,2863.7138671875,2,1
GCF_014926585.1,Devosia beringensis,Devosia,0,2920.97802734375,1,1
GCF_900105055.1,Amycolatopsis lurida,Amycolatopsis,0,2944.5845947265625,0.5,6
GCF_030731085.1,Blastococcus carthaginiensis,Blastococcus,0,3006.31787109375,0,3
GCF_007066085.1,Paenibacillus thiaminolyticus,Paenibacillus,1,2997.5503743489585,4.166666666666667,6
GCF_900105105.1,Maribacter dokdonensis,Maribacter,0,3013.0460611979165,0.6666666666666666,3
GCF_014946775.2,Pectobacterium quasiaquaticum,Pectobacterium,1,3046.7281319754466,0.2857142857142857,21
GCF_014960965.1,Ruania alkalisoli,Ruania,0,3022.17138671875,0,1
GCF_014961145.1,Cruoricaptor ignavus,Cruoricaptor,2,2990.46435546875,0,1
GCF_014982725.1,Thermophilibacter gallinarum,Thermophilibacter,0,3002.3544921875,0,1
GCF_015070875.1,Ramlibacter pallidus,Ramlibacter,2,3034.0615234375,0,1
GCF_900105115.1,Pseudomonas mohnii,Pseudomonas,0,3003.169968377976,0,21
GCF_015074805.1,Sphingobium fuliginis,Sphingobium,0,2936.359375,0,3
GCF_020861345.1,Bacillus pacificus,Bacillus,0,3053.1829927884614,0,91
GCF_900105155.1,Pseudomonas prosekii,Pseudomonas,0,3045.95166015625,0,15
GCF_900105255.1,Halopseudomonas sabulinigri,Halopseudomonas,0,3045.95166015625,0,3
GCF_900105315.1,Brevibacterium siliguriense,Brevibacterium,0,3022.17138671875,0,6
GCF_900105335.1,Microbacterium paraoxydans,Microbacterium,2,3022.17138671875,0,1
GCF_015097055.1,Effusibacillus dendaii,Effusibacillus,0,3042.7119489397323,0,28
GCF_900105355.1,Pseudomonas anguilliseptica,Pseudomonas,0,2996.040242513021,1.1666666666666667,6
GCF_007197555.1,Shewanella psychropiezotolerans,Shewanella,1,3004.880308948864,0.18181818181818182,55
GCF_007197575.1,Ornithinimicrobium ciconiae,Ornithinimicrobium,0,3014.24462890625,0,1
GCF_007279655.1,Robertkochia solimangrovi,Robertkochia,0,3008.299560546875,0,1
GCF_020865585.1,Pseudoduganella aquatica,Pseudoduganella,0,3012.170403374566,0,36
GCF_015097275.1,Coprobacter secundus,Coprobacter,5,3028.116455078125,0,10
GCF_020866845.1,Sphingomonas radiodurans,Sphingomonas,0,2946.8671875,0,1
GCF_900105375.1,Rhodococcus jostii,Rhodococcus,0,2998.5128173828125,0,10
GCF_020883495.1,Shinella zoogloeoides,Shinella,0,2942.90380859375,0,3
GCF_900105425.1,Winogradskyella sediminis,Winogradskyella,0,3016.226318359375,0,3
GCF_020886055.1,Flavobacterium ammoniigenes,Flavobacterium,0,3000.372802734375,0,3
GCF_900105445.1,Paraoerskovia marina,Paraoerskovia,0,3018.2080078125,0,3
GCF_007289895.1,Catenovulum sediminis,Catenovulum,0,3010.7052408854165,0,15
GCF_020886115.1,Flavobacterium ammonificans,Flavobacterium,3,3000.372802734375,0,3
GCF_900105475.1,Pseudomonas asplenii,Pseudomonas,0,3045.95166015625,0,15
GCF_030732005.2,Tigheibacillus jepli,Tigheibacillus,1,2982.273982121394,1.1758241758241759,91
GCF_007301515.1,Radiobacillus deserti,Radiobacillus,6,2920.800711495536,3.238095238095238,21
GCF_007361795.1,Legionella israelensis,Legionella,0,3059.823486328125,0,3
GCF_015097455.1,Faecalibacillus intestinalis,Faecalibacillus,0,3020.4200846354165,0,36
GCF_900105485.1,Pseudomonas granadensis,Pseudomonas,0,3045.95166015625,0,15
GCF_007431345.1,Chitinimonas arctica,Chitinimonas,0,3034.1833740234374,0,10
GCF_007556585.1,Tepidimonas aquatica,Tepidimonas,0,3047.9794921875,1,1
GCF_007556685.1,Tepidimonas charontis,Tepidimonas,0,3049.9150390625,0,1
GCF_020886175.1,Comamonas thiooxydans,Comamonas,0,3038.02490234375,0,36
GCF_015099595.1,Rhodococcus qingshengii,Rhodococcus,0,2979.928466796875,0,10
GCF_900105535.1,Pseudarthrobacter equi,Pseudarthrobacter,0,3009.51611328125,0,10
GCF_007558815.1,Verticiella sediminum,Verticiella,4,3034.0615234375,0,6
GCF_007559005.1,Gordonia zhaorongruii,Gordonia,0,2990.383056640625,0,1
GCF_020886775.1,Sinomonas cyclohexanicum,Sinomonas,4,2961.275634765625,0,6
GCF_030732025.2,Neobacillus driksii,Neobacillus,0,2580.249502999442,0,28
GCF_007559025.1,Tomitella fengzijianii,Tomitella,0,3020.189697265625,0,6
GCF_030733865.1,Shinella sumterensis,Shinella,0,2937.64990234375,0,3
GCF_900105555.1,Pseudomonas coleopterorum,Pseudomonas,0,3032.8171223958334,0.3333333333333333,15
GCF_900105585.1,Nocardioides exalbidus,Nocardioides,0,3002.3544921875,0,1
GCF_900105655.1,Halopseudomonas salegens,Halopseudomonas,0,3045.95166015625,0,3
GCF_015101885.1,Massilia litorea,Massilia,0,2998.4563337053573,0,21
GCF_900105715.1,Paramicrobacterium humi,Paramicrobacterium,2,3018.25390625,0,1
GCF_015140235.1,Solibaculum mannosilyticum,Solibaculum,0,2981.3390299479165,0,3
GCF_015158295.1,Devosia faecipullorum,Devosia,0,2897.554443359375,0,1
GCF_020905295.1,Flavobacterium piscisymbiosum,Flavobacterium,7,2986.8627580915177,0,21
GCF_015159595.1,Blautia liquoris,Blautia,0,3038.0478515625,0,6
GCF_900105735.1,Pseudomonas yamanorum,Pseudomonas,0,3045.95166015625,0,10
GCF_900105765.1,Ruania alba,Ruania,2,3014.290771484375,0,1
GCF_900105785.1,Microlunatus sagamiharensis,Microlunatus,0,2961.014892578125,0,1
GCF_030758455.1,Erwinia pyri,Erwinia,3,3021.1786528087796,1.0952380952380953,21
GCF_030759015.1,Paramuribaculum intestinale,Paramuribaculum,0,3024.93603515625,0,6
GCF_015160855.1,Streptomyces ferrugineus,Streptomyces,0,3023.5078125,0,15
GCF_030762805.1,Aciduricibacillus chroicocephali,Aciduricibacillus,0,3083.695556640625,0,6
GCF_030811095.1,Trueperella abortisuis,Trueperella,0,3032.079833984375,0,1
GCF_900105825.1,Pseudomonas vancouverensis,Pseudomonas,0,3040.6245930989585,0,15
GCF_030811215.1,Nocardioides massiliensis,Nocardioides,0,3008.299560546875,0,1
GCF_030811535.1,Trueperella bonasi,Trueperella,0,3022.17138671875,0,1
GCF_015160875.1,Streptomyces chromofuscus,Streptomyces,0,2949.4271240234375,2.3333333333333335,6
GCF_007567505.1,Shewanella donghaensis,Shewanella,0,3053.4636284722224,0,45
GCF_020905335.1,Flavobacterium lipolyticum,Flavobacterium,8,2998.402587890625,0,28
GCF_900105865.1,Arcanobacterium phocae,Arcanobacterium,0,3019.74248046875,0.4,10
GCF_030811575.1,Catenuloplanes nepalensis,Catenuloplanes,0,2973.624072265625,1.2,10
GCF_007641235.1,Corynebacterium sanguinis,Corynebacterium,0,3014.24462890625,0,6
GCF_007641255.1,Sporomusa termitida,Sporomusa,3,2579.6678873697915,1.1666666666666667,6
GCF_007655255.1,Extensimonas perlucida,Extensimonas,0,3038.02490234375,0,1
GCF_900105885.1,Geopseudomonas guangdongensis,Geopseudomonas,0,3045.95166015625,0,10
GCF_015168335.1,Pseudomonas shirazica,Pseudomonas,0,3041.4484514508927,0.2857142857142857,21
GCF_030811595.1,Streptosporangium brasiliense,Streptosporangium,0,3018.2080078125,0,15
GCF_015182315.1,Cellvibrio polysaccharolyticus,Cellvibrio,0,3040.006591796875,0,3
GCF_015207035.1,Romeriopsis navalis,Romeriopsis,0,-387.1068115234375,100,1
GCF_020905345.1,Flavobacterium pisciphilum,Flavobacterium,0,2993.6177804129466,0,21
GCF_007725405.1,Shouchella miscanthi,Shouchella,5,3064.597900390625,0,10
GCF_015209585.1,Brachybacterium epidermidis,Brachybacterium,2,2923.59423828125,7,1
GCF_007741495.1,Roseimaritima multifibrata,Roseimaritima,0,3030.09814453125,0,1
GCF_015209725.1,Novilysobacter ciconiae,Novilysobacter,2,3065.7685546875,0,1
GCF_007741535.1,Rubripirellula lacrimiformis,Rubripirellula,0,3038.07080078125,0,1
GCF_015209745.1,Novilysobacter avium,Novilysobacter,0,3061.80517578125,0,1
GCF_007743815.1,Alienimonas californiensis,Alienimonas,0,3057.841796875,0,1
GCF_007744675.1,Gimesia alba,Gimesia,0,3055.860107421875,0,1
GCF_007745175.1,Caulifigura coniformis,Caulifigura,0,3010.28125,0,1
GCF_900105935.1,Pseudomonas costantinii,Pseudomonas,0,3038.0709635416665,0.3333333333333333,15
GCF_007745435.1,Calycomorphotria hydatis,Calycomorphotria,0,3024.153076171875,0,1
GCF_007745635.1,Stieleria bergensis,Stieleria,0,3034.0615234375,0,1
GCF_030813715.1,Catenuloplanes indicus,Catenuloplanes,0,2961.014404296875,0,10
GCF_007746795.1,Gimesia algae,Gimesia,0,3059.823486328125,0,1
GCF_015220045.1,Marivivens aquimaris,Marivivens,0,2895.34326171875,0,6
GCF_007747215.1,Urbifossiella limnaea,Urbifossiella,0,2972.629150390625,0,1
GCF_007747795.1,Maioricimonas rarisocia,Maioricimonas,2,2990.46435546875,0,1
GCF_007747995.1,Symmachiella dynata,Symmachiella,0,3069.73193359375,0,1
GCF_900105945.1,Amycolatopsis tolypomycina,Amycolatopsis,0,2909.3382568359375,0,6
GCF_007748155.1,Gimesia panareensis,Gimesia,0,3055.860107421875,0,1
GCF_007748195.1,Gimesia aquarii,Gimesia,0,3055.860107421875,0,1
GCF_030813815.1,Rhodococcoides fascians,Rhodococcoides,0,2968.25,0,6
GCF_007750395.1,Polystyrenella longa,Polystyrenella,0,3020.23583984375,0,1
GCF_015221875.1,Dyadobacter subterraneus,Dyadobacter,0,1426.329200744629,54,6
GCF_007751475.1,Saltatorellus ferox,Saltatorellus,2,3077.65869140625,0,1
GCF_015240255.1,Kordiimonas pumila,Kordiimonas,0,2964.702392578125,0,1
GCF_007752345.1,Planctopirus ephydatiae,Planctopirus,2,3036.089111328125,0,1
GCF_030813935.1,Arthrobacter silviterrae,Arthrobacter,3,3005.902099609375,0,3
GCF_015243575.1,Anoxybacterium hadale,Anoxybacterium,3,2962.3321940104165,1.3333333333333333,3
GCF_007752535.1,Tautonia plasticadhaerens,Tautonia,3,3018.2080078125,0,3
GCF_030814215.1,Amycolatopsis thermophila,Amycolatopsis,0,2960.4152018229165,0.6666666666666666,3
GCF_007753675.1,Stieleria magnilauensis,Stieleria,0,3025.5355631510415,0.6666666666666666,3
GCF_030814655.1,Labrys monachus,Labrys,0,2942.90380859375,0,3
GCF_007754155.1,Stieleria neptunia,Stieleria,0,3025.5355631510415,0,3
GCF_007754425.1,Gimesia fumaroli,Gimesia,0,3055.860107421875,0,1
GCF_030814695.1,Oligosphaera ethanolica,Oligosphaera,0,2991.155517578125,0,3
GCF_007827295.1,Seleniivibrio woodruffii,Seleniivibrio,0,3073.6953125,0,1
GCF_030814735.1,Cellulomonas iranensis,Cellulomonas,2,3004.38232421875,1,1
GCF_900105955.1,Pseudomonas proteolytica,Pseudomonas,0,3005.799583798363,0,21
GCF_015244315.1,Streptomyces olivaceus,Streptomyces,0,3015.240966796875,0,15
GCF_015277775.1,Paludibaculum fermentans,Paludibaculum,0,2962.7666015625,0,1
GCF_015277855.1,Microbacterium cremeum,Microbacterium,2,3022.17138671875,0,1
GCF_900105995.1,Pseudomonas pohangensis,Pseudomonas,0,3040.69775390625,0,3
GCF_015277875.1,Microbacterium luteum,Microbacterium,1,2998.309326171875,0,1
GCF_020905415.1,Myroides oncorhynchi,Myroides,0,2991.6621907552085,0,36
GCF_015277895.1,Microbacterium abyssi,Microbacterium,2,2938.403564453125,3,1
GCF_030816955.1,Streptomyces africanus,Streptomyces,0,3023.4497884114585,0,15
GCF_015326295.1,Brucella anthropi,Brucella,4,2938.9404296875,0,6
GCF_900106005.1,Pseudomonas mediterranea,Pseudomonas,0,3034.9186279296873,0,10
GCF_030817885.1,Phyllobacterium ifriqiyense,Phyllobacterium,0,2942.90380859375,0,3
GCF_030845175.1,Coralliovum pocilloporae,Coralliovum,0,2966.68408203125,0,1
GCF_900106015.1,Pseudomonas sihuiensis,Pseudomonas,0,2887.860310872396,2.6666666666666665,6
GCF_020911885.1,Flavobacterium acetivorans,Flavobacterium,6,2997.745849609375,0,15
GCF_900106035.1,Jiangella alba,Jiangella,0,3014.24462890625,0,1
GCF_007827425.1,Azospirillum brasilense,Azospirillum,5,2579.820744105748,0,28
GCF_007828725.1,Marihabitans asiaticum,Marihabitans,0,3022.17138671875,0,1
GCF_900106055.1,Schaalia radingae,Schaalia,0,3073.6953125,0,3
GCF_007828865.1,Kribbella amoyensis,Kribbella,0,3012.262939453125,0,6
GCF_020911905.1,Flavobacterium flavipigmentatum,Flavobacterium,5,3000.372802734375,0,10
GCF_007829565.1,Prauserella rugosa,Prauserella,0,3026.134765625,0,3
GCF_900106065.1,Pseudomonas mandelii,Pseudomonas,0,3040.4581380208333,0,15
GCF_015326725.1,Thermaerobacillus caldiproteolyticus,Thermaerobacillus,0,3064.7313639322915,0,36
GCF_020911925.1,Flavobacterium cupriresistens,Flavobacterium,8,2998.4026489257812,0.25,28
GCF_030848765.1,Shewanella oncorhynchi,Shewanella,4,3022.960270182292,0.5333333333333333,45
GCF_030849025.1,Oceanimonas pelagia,Oceanimonas,0,3016.016845703125,0,1
GCF_015356115.1,Rodentibacter haemolyticus,Rodentibacter,0,3037.379638671875,0,15
GCF_900106095.1,Pseudomonas deceptionensis,Pseudomonas,0,3027.093994140625,0,28
GCF_007829815.1,Kitasatospora viridis,Kitasatospora,9,2999.289808485243,0,36
GCF_020911945.1,Flavobacterium galactosidilyticum,Flavobacterium,5,2994.068212890625,0,10
GCF_900106515.1,Peptoniphilus lacydonensis,Peptoniphilus,2,2611.7122395833335,0,3
GCF_900106585.1,Acidaminococcus timonensis,Acidaminococcus,0,3018.598876953125,1.5,6
GCF_030863865.1,Streptomyces rochei,Streptomyces,1,3016.8597819010415,0,15
GCF_900106845.1,Romboutsia timonensis,Romboutsia,2,2978.57421875,0,1
GCF_030864005.1,Achromobacter seleniivolatilans,Achromobacter,1,3030.1212158203125,0,6
GCF_900107015.1,Litoreibacter albidus,Litoreibacter,0,2903.27001953125,0,6
GCF_007829875.1,Streptomyces capillispiralis,Streptomyces,0,3021.526123046875,0,15
GCF_900107355.1,Lentibacter algarum,Lentibacter,0,2901.288330078125,0,1
GCF_900108225.1,Thalassococcus halodurans,Thalassococcus,0,2895.34326171875,0,3
GCF_007829925.1,Micromonospora palomenae,Micromonospora,0,3006.31787109375,0,6
GCF_900108405.1,Paracoccus alkenifer,Paracoccus,0,2899.306640625,0,3
GCF_015377145.2,Pseudomonas lundensis,Pseudomonas,0,3041.729901994978,0,28
GCF_015476115.1,Aegicerativicinus sediminis,Aegicerativicinus,0,3010.28125,0,1
GCF_015476235.1,Caldimonas thermodepolymerans,Caldimonas,1,3000.08056640625,0,1
GCF_007829955.1,Saccharopolyspora dendranthemae,Saccharopolyspora,0,3014.267578125,0,6
GCF_900108535.1,Stutzerimonas xanthomarina,Stutzerimonas,0,3040.69775390625,0,6
GCF_900108585.1,Branchiibius hedensis,Branchiibius,0,3032.079833984375,0,1
GCF_020923435.1,Brevibacillus humidisoli,Brevibacillus,0,3050.003592354911,0,28
GCF_900109025.1,Frateuria terrea,Frateuria,0,3049.9150390625,0,1
GCF_900109145.1,Marinovum algicola,Marinovum,0,2901.288330078125,0,1
GCF_007830055.1,Lacibacter cauensis,Lacibacter,4,3034.0615234375,0,6
GCF_900110115.1,Palleronia pelagia,Palleronia,0,2899.306640625,0,3
GCF_030864025.1,Anaerostipes hadrus,Anaerostipes,0,2966.722098214286,0,21
GCF_007830095.1,Micromonospora taraxaci,Micromonospora,0,3002.3544921875,0,3
GCF_900110425.1,Salinihabitans flavidus,Salinihabitans,0,2905.251708984375,0,3
GCF_900111015.1,Solimonas aquatica,Solimonas,0,3032.079833984375,0,3
GCF_030865425.1,Microbacterium capsulatum,Microbacterium,4,3018.2080078125,0,6
GCF_007830265.1,Micromonospora olivasterospora,Micromonospora,0,3000.395751953125,0,6
GCF_900111145.1,Roseivirga pacifica,Roseivirga,0,3012.262939453125,0,3
GCF_007830335.1,Paracoccus sulfuroxidans,Paracoccus,0,2895.34326171875,0,1
GCF_007830875.1,Dulcicalothrix desertica,Dulcicalothrix,0,2897.600830078125,1,1
GCF_020971565.1,Pectobacterium parvum,Pectobacterium,0,2957.668968563988,3.761904761904762,21
GCF_015476275.1,Pseudomonas fragi,Pseudomonas,0,3045.95166015625,0,28
GCF_900111815.1,Bacillus mediterraneensis,Bacillus,0,2674.9496256510415,0,15
GCF_900112335.1,Tropicimonas isoalkanivorans,Tropicimonas,0,2913.178466796875,0,1
GCF_900112685.1,Roseivivax sediminis,Roseivivax,0,2875.5263671875,0,3
GCF_900113315.1,Sphingomonas jatrophae,Sphingomonas,0,2946.8671875,0,1
GCF_900113405.1,Palleronia marisminoris,Palleronia,0,2905.251708984375,0,1
GCF_007833795.1,Candidatus Pantoea soli,Candidatus,0,3049.855643136161,0,21
GCF_900114635.1,Shimia aestuarii,Shimia,0,2901.288330078125,0,3
GCF_007855645.1,Qingshengfaniella alkalisoli,Qingshengfaniella,0,2909.215087890625,0,3
GCF_900115155.1,Mycetocola miduiensis,Mycetocola,0,3018.2080078125,0,3
GCF_900116005.1,Poseidonocella sedimentorum,Poseidonocella,0,2897.324951171875,0,3
GCF_900116175.1,Hyphomicrobium facile,Hyphomicrobium,0,2934.97705078125,0,1
GCF_020991025.1,Plesiomonas shigelloides,Plesiomonas,0,2933.680341448103,1.9642857142857142,28
GCF_020991065.1,Nocardioides okcheonensis,Nocardioides,0,3016.226318359375,0,1
GCF_900119165.1,Amycolatopsis australiensis,Amycolatopsis,0,2970.876953125,0,6
GCF_900119385.1,Thermophilibacter mediterraneus,Thermophilibacter,0,2988.52880859375,1,1
GCF_020991085.1,Roseomonas cutis,Roseomonas,0,2946.8671875,0,3
GCF_900119695.1,Actinomyces urinae,Actinomyces,0,3053.87841796875,0,1
GCF_007856155.1,Streptomyces qinzhouensis,Streptomyces,0,3032.079833984375,0,15
GCF_030866765.1,Paenibacillus silvisoli,Paenibacillus,0,3022.2091441761363,0,55
GCF_021018765.1,Pseudomonas fitomaticsae,Pseudomonas,0,3045.95166015625,0,15
GCF_900119795.1,Tenacibaculum maritimum,Tenacibaculum,6,2997.5520833333335,0,15
GCF_030866785.1,Agromyces silvae,Agromyces,2,3022.17138671875,0,1
GCF_900119915.1,Olsenella timonensis,Olsenella,0,3002.3544921875,0,1
GCF_030866805.1,Microbacterium terrisoli,Microbacterium,0,3026.134765625,0,1
GCF_900120125.1,Gemella massiliensis,Gemella,2,3083.603759765625,0,1
GCF_900120245.1,Actinomyces pacaensis,Actinomyces,0,3047.933349609375,0,3
GCF_021021555.1,Teretinema zuelzerae,Teretinema,0,3042.9166259765625,0,6
GCF_007858975.2,Dickeya poaceiphila,Dickeya,0,3053.6084333147323,0,21
GCF_007859615.1,Mycoplasma anserisalpingitidis,Mycoplasma,0,2986.5009765625,0,1
GCF_900120375.1,Ndongobacter massiliensis,Ndongobacter,0,2967.0517578125,0,3
GCF_007859855.1,Allorhodopirellula solitaria,Allorhodopirellula,2,3010.4658203125,3,1
GCF_007904085.1,Euhalothece natronophila,Euhalothece,0,2970.693359375,0,1
GCF_900128445.1,Thermophilibacter provencensis,Thermophilibacter,0,2991.1556803385415,0.6666666666666666,3
GCF_021029445.1,Pseudomonas wenzhouensis,Pseudomonas,0,3040.029541015625,0,6
GCF_007954405.1,Comamonas flocculans,Comamonas,3,3040.006591796875,0,3
GCF_021044565.1,Subtercola endophyticus,Subtercola,0,3024.153076171875,0,1
GCF_900128455.1,Bacteroides mediterraneensis,Bacteroides,0,3001.84716796875,0,3
GCF_030980095.1,Pseudomonas canadensis,Pseudomonas,1,3029.5914388020833,0,15
GCF_900128495.1,Bacteroides ilei,Bacteroides,0,2896.7692057291665,0.6666666666666666,3
GCF_031128465.2,Mariniflexile litorale,Mariniflexile,2,3008.299560546875,0,1
GCF_900129295.1,Flavisolibacter ginsengisoli,Flavisolibacter,0,2544.584228515625,0,1
GCF_007954525.1,Leuconostoc carnosum,Leuconostoc,0,3071.713623046875,0,6
GCF_021049245.1,Radiobacillus kanasensis,Radiobacillus,1,3013.4508463541665,3.1666666666666665,6
GCF_007954605.1,Leuconostoc lactis,Leuconostoc,1,3007.788330078125,1,1
GCF_021049265.1,Ruania suaedae,Ruania,2,3004.427978515625,0,1
GCF_031191545.1,Schaalia odontolytica,Schaalia,0,3051.896728515625,0,3
GCF_015482585.1,Mangrovibacillus cuniculi,Mangrovibacillus,0,3044.505311908144,0,66
GCF_015679265.1,Pontivivens ytuae,Pontivivens,0,2899.306640625,0,1
GCF_021049305.1,Ideonella dechloratans,Ideonella,0,3030.09814453125,0,3
GCF_900129325.1,Kaistia soli,Kaistia,0,2946.8671875,0,6
GCF_900129665.1,Flagellimonas flava,Flagellimonas,2,3020.189697265625,0,1
GCF_007970465.1,Corynebacterium nuruki,Corynebacterium,0,2999.653662109375,0,10
GCF_900129685.1,Cognatishimia maritima,Cognatishimia,0,2897.324951171875,0,6
GCF_021054785.1,Tannockella kyphosi,Tannockella,0,3022.17138671875,0,10
GCF_900130125.1,Bacteroides congonensis,Bacteroides,0,2990.0489095052085,0,3
GCF_021117385.1,Frateuria soli,Frateuria,0,3061.80517578125,0,1
GCF_900141855.1,Pseudozobellia thermophila,Pseudozobellia,2,3026.134765625,0,1
GCF_007990365.1,Leptotrichia trevisanii,Leptotrichia,1,2775.192919921875,8,10
GCF_021117425.1,Brevibacterium zhoupengii,Brevibacterium,0,2948.2991943359375,0,6
GCF_015689195.1,Pectobacterium aroidearum,Pectobacterium,0,3055.860107421875,0,21
GCF_007990525.1,Leptotrichia hofstadii,Leptotrichia,0,2972.7673828125,1.4,10
GCF_007990545.2,Leptotrichia wadei,Leptotrichia,1,2814.135498046875,8,3
GCF_007990635.1,Leptotrichia hongkongensis,Leptotrichia,3,2669.3839518229165,1.3333333333333333,3
GCF_021165955.1,Massilia endophytica,Massilia,0,2995.7084798177084,0.5333333333333333,15
GCF_007993735.1,Arenimonas daejeonensis,Arenimonas,0,3001.936279296875,2,1
GCF_021172025.1,Microbacterium resistens,Microbacterium,2,3022.17138671875,0,1
GCF_007993775.1,Persicimonas caeni,Persicimonas,0,3031.4807942708335,0,3
GCF_007993795.1,Antarcticibacterium arcticum,Antarcticibacterium,0,3016.9176432291665,0.6666666666666666,3
GCF_007994075.1,Pseudonocardia hierapolitana,Pseudonocardia,2,3016.226318359375,0,1
GCF_015689335.1,Massilia antarctica,Massilia,0,3023.5537109375,0,21
GCF_007994185.1,Micromonospora endolithica,Micromonospora,0,2997.1005859375,0,3
GCF_007994225.1,Stackebrandtia albiflava,Stackebrandtia,0,3008.299560546875,0,1
GCF_007995065.1,Sphingomonas ginsenosidivorax,Sphingomonas,0,2945.57666015625,0,3
GCF_900141965.1,Pseudoalteromonas marina,Pseudoalteromonas,0,3037.8404676649307,0,36
GCF_900141995.1,Palleronia salina,Palleronia,0,2899.306640625,0,1
GCF_015689395.1,Streptococcus equi,Streptococcus,6,3069.73193359375,0,15
GCF_007995085.1,Paraburkholderia azotifigens,Paraburkholderia,0,3015.8763020833335,0.8666666666666667,15
GCF_008000755.1,Paradevosia tibetensis,Paradevosia,0,2940.922119140625,0,1
GCF_900142895.1,Vreelandella subglaciescola,Vreelandella,0,2946.4893391927085,0,15
GCF_031202285.1,Terrisporobacter mayombei,Terrisporobacter,12,2970.693359375,0,66
GCF_015689475.1,Streptomyces solisilvae,Streptomyces,4,2938.9241455078127,0,10
GCF_900142975.1,Salegentibacter salegens,Salegentibacter,3,3024.153076171875,0,3
GCF_015710575.1,Mycolicibacterium mengxianglii,Mycolicibacterium,0,3018.2080078125,0,1
GCF_021172065.1,Pseudocitrobacter corydidari,Pseudocitrobacter,0,3030.904554578993,0,36
GCF_021172145.1,Flavobacterium cyclinae,Flavobacterium,0,3004.336181640625,0,3
GCF_015732185.1,Pectinatus haikarae,Pectinatus,0,3071.713623046875,0,6
GCF_021172165.1,Flavobacterium channae,Flavobacterium,0,2989.865234375,0,3
GCF_015751765.1,Micromonospora ureilytica,Micromonospora,3,3006.31787109375,0,3
GCF_008000835.1,Malaciobacter canalis,Malaciobacter,0,3002.3544921875,0,15
GCF_008000995.1,Ruania zhangjianzhongii,Ruania,2,3002.09814453125,0,1
GCF_015751785.1,Micromonospora vinacea,Micromonospora,0,3002.3544921875,0,3
GCF_015751895.1,Zhihengliuella flava,Zhihengliuella,0,3018.2080078125,0,3
GCF_031323975.1,Escherichia ruysiae,Escherichia,0,3000.759812127976,0.2857142857142857,21
GCF_008011915.1,Rhodococcus rhodnii,Rhodococcus,0,3008.345703125,0.5,6
GCF_031326205.1,Flavobacterium nakdongensis,Flavobacterium,0,2999.082275390625,0,3
GCF_015751905.1,Longispora fulva,Longispora,0,3004.336181640625,0,6
GCF_015775515.1,Atribacter laminatus,Atribacter,0,3111.3935546875,0,1
GCF_015831355.1,Panacibacter microcysteis,Panacibacter,0,3026.134765625,0,1
GCF_021216675.1,Streptomyces gobiensis,Streptomyces,0,2980.75732421875,0,15
GCF_021228795.1,Thiocapsa bogorovii,Thiocapsa,0,3030.09814453125,0,1
GCF_021233055.1,Spirosoma oryzicola,Spirosoma,0,2981.2470703125,0,3
GCF_900143105.1,Carnobacterium alterfunditum,Carnobacterium,8,3085.361485072545,0.25,28
GCF_021233355.1,Luteimonas fraxinea,Luteimonas,0,3061.80517578125,0,1
GCF_021245825.1,Gordonia metallireducens,Gordonia,0,3018.2080078125,0,1
GCF_900143515.1,Micromonospora cremea,Micromonospora,0,3001.0641276041665,0.6666666666666666,3
GCF_900155385.1,Vreelandella massiliensis,Vreelandella,0,3032.125732421875,0,1
GCF_021249385.1,Melaminivora jejuensis,Melaminivora,3,3034.0615234375,0,3
GCF_900155555.1,Mobilibacterium timonense,Mobilibacterium,2,3006.31787109375,0,1
GCF_031348265.1,Streptomyces collinus,Streptomyces,0,2990.235302734375,0.6666666666666666,15
GCF_015910445.1,Streptomyces bathyalis,Streptomyces,0,3007.283138020833,0.3333333333333333,15
GCF_900155605.1,Actinomyces marseillensis,Actinomyces,0,3047.933349609375,0,6
GCF_008014775.2,Alkalicoccus halolimnae,Alkalicoccus,0,3120.715890066964,0,21
GCF_900155625.1,Virgibacillus dakarensis,Virgibacillus,0,3076.460205078125,0,3
GCF_900155635.1,Olsenella urininfantis,Olsenella,0,2988.35498046875,0,1
GCF_008033135.1,Chitinolyticbacter meiyuanensis,Chitinolyticbacter,4,3040.006591796875,0,6
GCF_900155685.1,Paenibacillus bouchesdurhonensis,Paenibacillus,0,3065.8605143229165,0,3
GCF_008033155.1,Secundilactobacillus malefermentans,Secundilactobacillus,0,3093.963720703125,0.4,10
GCF_008035925.1,Stieleria maiorica,Stieleria,0,3021.5723470052085,0.6666666666666666,3
GCF_015999465.1,Lonsdalea populi,Lonsdalea,0,3057.841796875,0,21
GCF_008086545.1,Spiroplasma chinense,Spiroplasma,2,3012.262939453125,0,1
GCF_016026575.1,Fannyhessea vaginae,Fannyhessea,0,3004.336181640625,0,1
GCF_016026595.1,Brevibacterium casei,Brevibacterium,0,2958.5302734375,0,1
GCF_008107625.1,Zoogloea oleivorans,Zoogloea,0,3051.896728515625,0,3
GCF_008119665.1,Pigmentiphaga aceris,Pigmentiphaga,3,3034.0615234375,0,3
GCF_016026615.1,Aeromonas allosaccharophila,Aeromonas,0,3050.421456473214,0.2857142857142857,21
GCF_016026695.1,Lactococcus garvieae,Lactococcus,0,3069.73193359375,0,10
GCF_900156865.1,Litchfieldia sinesaloumensis,Litchfieldia,0,3066.793239524148,0,55
GCF_008151785.1,Peptacetobacter hiranonis,Peptacetobacter,8,2944.8636121961804,0,45
GCF_016026735.1,Serratia rubidaea,Serratia,1,3010.7645321800596,0.2857142857142857,21
GCF_900156875.1,Robertmurraya dakarensis,Robertmurraya,0,3069.4619489397323,0,21
GCF_900156915.1,Sediminibacillus massiliensis,Sediminibacillus,0,3030.1171875,0,1
GCF_031357045.1,Bacillus tropicus,Bacillus,0,3059.537586924794,0.14285714285714285,91
GCF_031432975.1,Buttiauxella selenatireducens,Buttiauxella,0,3047.9793701171875,0,6
GCF_031454135.1,Arthrobacter russicus,Arthrobacter,2,3045.95166015625,0,1
GCF_031454255.1,Corynebacterium suicordis,Corynebacterium,0,2999.7185872395835,0,3
GCF_031455225.1,Saccharothrix longispora,Saccharothrix,0,3006.31787109375,0,6
GCF_031456275.1,Falsarthrobacter nasiphocae,Falsarthrobacter,0,3034.0615234375,0,3
GCF_008152325.1,Crassaminicella thermophila,Crassaminicella,7,2885.8341471354165,3.9722222222222223,36
GCF_031456295.1,Arcanobacterium hippocoleae,Arcanobacterium,0,3016.226318359375,0,1
GCF_008153345.1,Treponema phagedenis,Treponema,0,3069.73193359375,0,1
GCF_031457235.1,Hydrogenophaga laconesensis,Hydrogenophaga,0,3030.09814453125,0,1
GCF_900166625.1,Halobacillus massiliensis,Halobacillus,8,3103.43212890625,0,28
GCF_031458135.1,Haloactinomyces albus,Haloactinomyces,0,3018.2080078125,0,6
GCF_031458275.1,Promicromonospora iranensis,Promicromonospora,0,3018.2080078125,0,3
GCF_031458295.1,Glycomyces lechevalierae,Glycomyces,0,3036.043212890625,0,3
GCF_031458375.1,Glycomyces algeriensis,Glycomyces,0,3036.043212890625,0,3
GCF_900166635.1,Oceanobacillus timonensis,Oceanobacillus,0,3093.5581868489585,0,15
GCF_016026755.1,Lysinibacillus macroides,Lysinibacillus,0,3054.1837935014205,0,55
GCF_900166655.1,Halobacillus hunanensis,Halobacillus,3,3094.89453125,0,3
GCF_016027095.1,Sphingomonas paucimobilis,Sphingomonas,0,2934.9225260416665,0,3
GCF_008244765.1,Bacillus safensis,Bacillus,1,3005.6482282366073,1.6785714285714286,28
GCF_900167255.1,Thiothrix eikelboomii,Thiothrix,4,2970.6474609375,0,6
GCF_900167365.1,Consotaella salsifontis,Consotaella,0,2942.90380859375,0,1
GCF_008247605.1,Kushneria phosphatilytica,Kushneria,0,3043.969970703125,0,6
GCF_008274695.1,Sphingomonas montanisoli,Sphingomonas,0,2946.8671875,0,1
GCF_900167375.1,Anaerorhabdus furcosa,Anaerorhabdus,0,3022.17138671875,0,6
GCF_031501865.1,Flexibacterium corallicola,Flexibacterium,0,2925.910958426339,0,21
GCF_021272385.1,Vibrio salinus,Vibrio,2,2819.790952595231,2.026143790849673,153
GCF_008274805.1,Oryzomicrobium terrae,Oryzomicrobium,0,3059.823486328125,0,3
GCF_900167465.1,Trichlorobacter thiogenes,Trichlorobacter,0,3087.567138671875,0,3
GCF_900167565.1,Pseudoxanthomonas indica,Pseudoxanthomonas,2,3061.80517578125,0,1
GCF_900169485.1,Phoenicibacter congonensis,Phoenicibacter,0,2960.876953125,0,1
GCF_016027855.1,Atlantibacter hermannii,Atlantibacter,0,3047.6040387834823,0.2857142857142857,21
GCF_008274825.1,Sphingobacterium hotanense,Sphingobacterium,0,3030.09814453125,0,6
GCF_021276285.1,Rahnella victoriana,Rahnella,0,2899.9153564453127,3.8,10
GCF_900169525.1,Corynebacterium pacaense,Corynebacterium,0,3008.299560546875,0,6
GCF_016028275.1,Staphylococcus carnosus,Staphylococcus,0,3047.4259440104165,0,3
GCF_031583575.1,Thalassotalea nanhaiensis,Thalassotalea,0,3025.7930989583333,0,15
GCF_900176145.1,Sulfobacillus thermosulfidooxidans,Sulfobacillus,0,2980.606974283854,0,6
GCF_016028515.1,Stutzerimonas frequens,Stutzerimonas,0,3029.7135009765625,0,6
GCF_900176285.1,Desulfacinum hydrothermale,Desulfacinum,2,3077.65869140625,0,1
GCF_900176335.1,Papillibacter cinnamivorans,Papillibacter,0,3014.24462890625,0,1
GCF_900176375.1,Reichenbachiella faecimaris,Reichenbachiella,0,3016.226318359375,0,3
GCF_016028635.1,Stutzerimonas degradans,Stutzerimonas,0,3001.3963623046875,0,6
GCF_016028735.1,Oligella ureolytica,Oligella,1,2980.0447591145835,1.3333333333333333,3
GCF_900176595.1,Aquiflexum balticum,Aquiflexum,0,3012.30908203125,0.5,6
GCF_031593255.1,Streptomyces janthinus,Streptomyces,0,3015.4973958333335,0,15
GCF_021278985.1,Citrobacter rodentium,Citrobacter,0,2954.5358072916665,0.5714285714285714,21
GCF_008275125.1,Chromobacterium paludis,Chromobacterium,0,3026.542724609375,0,28
GCF_016028795.1,Macrococcoides caseolyticum,Macrococcoides,1,3020.6113525390624,2.4,10
GCF_008298035.1,Gimesia maris,Gimesia,0,3059.823486328125,0,1
GCF_008327825.1,Leptotrichia shahii,Leptotrichia,0,2373.83935546875,44,1
GCF_008329645.1,Mycolicibacterium grossiae,Mycolicibacterium,0,3000.418701171875,0,1
GCF_016028855.1,Rothia kristinae,Rothia,0,3034.0615234375,0,3
GCF_016031645.1,Wolbachia endosymbiont of Kradibia gibbosae,Wolbachia,2,2982.53759765625,0,1
GCF_008329925.1,Sphaerotilus sulfidivorans,Sphaerotilus,2,3011.1866455078125,0,6
GCF_031760945.1,Aeribacillus composti,Aeribacillus,0,3072.8853585379466,0,21
GCF_021283165.2,Pseudomonas soli,Pseudomonas,0,3045.95166015625,0,21
GCF_016064815.1,Acinetobacter seifertii,Acinetobacter,0,3047.933349609375,0,15
GCF_008329985.2,Halomonas binhaiensis,Halomonas,0,3047.933349609375,0,10
GCF_008364625.2,Enterobacter dykesii,Enterobacter,0,3055.860107421875,0,1
GCF_016097405.1,methane-oxidizing endosymbiont of Gigantopelta aegis,methane-oxidizing,0,3247.444580078125,0,1
GCF_031822435.1,Paracoccus aurantius,Paracoccus,0,2899.306640625,0,6
GCF_031834595.1,Stenotrophomonas oahuensis,Stenotrophomonas,0,3061.80517578125,0,1
GCF_031834615.1,Stenotrophomonas aracearum,Stenotrophomonas,0,3061.80517578125,0,3
GCF_016097415.1,sulfur-oxidizing endosymbiont of Gigantopelta aegis,sulfur-oxidizing,0,2971.72509765625,1,6
GCF_031834635.1,Xanthomonas hawaiiensis,Xanthomonas,0,3061.80517578125,0,1
GCF_016110345.1,Fluviibacter phosphoraccumulans,Fluviibacter,0,3055.860107421875,0,1
GCF_021283545.2,Pseudomonas alloputida,Pseudomonas,0,3045.95166015625,0,21
GCF_031843265.2,Listeria swaminathanii,Listeria,0,3069.086669921875,0,15
GCF_031845265.1,Mesonia ostreae,Mesonia,0,3020.189697265625,0,1
GCF_021310995.1,Agrobacterium vaccinii,Agrobacterium,0,2942.90380859375,0,6
GCF_031846405.1,Croceitalea vernalis,Croceitalea,0,3016.226318359375,0,1
GCF_031885415.1,Microbacterium forte,Microbacterium,2,3014.29052734375,0,1
GCF_032027425.1,Microcystis wesenbergii,Microcystis,0,2950.83056640625,0,1
GCF_032098525.1,Flavobacterium capsici,Flavobacterium,0,3004.336181640625,0,1
GCF_032102965.1,Demequina capsici,Demequina,0,3020.189697265625,0,1
GCF_032108445.1,Micromonospora halotolerans,Micromonospora,0,3002.3544921875,0,3
GCF_016127195.1,Aeromonas jandaei,Aeromonas,0,3037.888453892299,0.6785714285714286,28
GCF_021365465.1,Erwinia tracheiphila,Erwinia,0,3055.860107421875,0,15
GCF_021378605.1,Eggerthella lenta,Eggerthella,0,2990.46435546875,0,1
GCF_021389955.1,Fulvivirga maritima,Fulvivirga,0,3004.3592529296875,0,6
GCF_008369605.1,Vibrio cholerae,Vibrio,0,3051.887418619792,0.2,45
GCF_021389975.1,Fulvivirga ulvae,Fulvivirga,0,3010.28125,0,1
GCF_021390435.2,Kibdelosporangium philippinense,Kibdelosporangium,0,3010.28125,0,3
GCF_016127215.1,Haemophilus parainfluenzae,Haemophilus,0,3017.4972981770834,0.5333333333333333,15
GCF_032164165.1,Pseudomonas inefficax,Pseudomonas,0,3030.1902901785716,0.5714285714285714,21
GCF_016127255.1,Leuconostoc pseudomesenteroides,Leuconostoc,0,3073.6953125,0,6
GCF_021390575.1,Paraburkholderia adhaesiva,Paraburkholderia,0,3034.0615234375,0,10
GCF_021391315.1,Cereibacter azotoformans,Cereibacter,0,2907.2333984375,0,6
GCF_032164335.1,Winslowiella toletana,Winslowiella,0,3047.3341006324404,0,21
GCF_016127275.1,Streptococcus infantarius,Streptococcus,7,3053.7713332403273,0,21
GCF_032191775.1,Rhodoferax mekongensis,Rhodoferax,4,3038.0478515625,0,6
GCF_021391435.1,Pseudomonas sivasensis,Pseudomonas,0,3045.95166015625,0,15
GCF_016127475.1,Anaerococcus vaginalis,Anaerococcus,1,2962.794921875,0,3
GCF_016127495.1,Kytococcus sedentarius,Kytococcus,0,3012.308837890625,0,1
GCF_021391495.1,Amycolatopsis acidiphila,Amycolatopsis,3,3014.24462890625,0,3
GCF_016127855.1,Actinomyces naeslundii,Actinomyces,3,3093.51220703125,0,3
GCF_016127955.1,Actinomyces oris,Actinomyces,1,3027.779541015625,2,1
GCF_032193765.1,Rhodoferax potami,Rhodoferax,6,3041.98828125,0,15
GCF_021432385.1,Clostridium hydrogenum,Clostridium,0,2967.661067708333,0,15
GCF_016128095.1,Streptococcus dysgalactiae,Streptococcus,6,3069.73193359375,0,15
GCF_021432765.1,Pseudomonas phenolilytica,Pseudomonas,0,3042.01123046875,0,6
GCF_008369725.1,Paenibacillus antarcticus,Paenibacillus,0,3073.596672289299,0,66
GCF_021441825.1,Streptomyces spinosirectus,Streptomyces,2,3013.276546223958,0,15
GCF_016128195.1,Paraburkholderia ginsengisoli,Paraburkholderia,0,3013.459426153274,0.7619047619047619,21
GCF_016132445.1,Venatoribacter cucullus,Venatoribacter,0,3038.1170247395835,1.3333333333333333,3
GCF_016132545.1,Spongiibacter nanhainus,Spongiibacter,0,3038.02490234375,0,1
GCF_016134045.1,Pelagovum pacificum,Pelagovum,0,2891.3798828125,0,1
GCF_008369745.1,Flavobacterium nitrogenifigens,Flavobacterium,0,2976.7303873697915,0.6666666666666666,15
GCF_900176885.1,Oceanobacillus senegalensis,Oceanobacillus,0,3093.688328163297,0,153
GCF_016313185.1,Mycolicibacterium baixiangningiae,Mycolicibacterium,0,2982.282958984375,2,1
GCF_008369785.1,Francisella marina,Francisella,1,3018.8452962239585,2,3
GCF_032268605.1,Paenibacillus aurantius,Paenibacillus,2,2989.9616970486113,0.6,45
GCF_008370715.1,Pseudomonas brassicacearum,Pseudomonas,0,3045.95166015625,0,10
GCF_008370835.2,Xanthomonas oryzae,Xanthomonas,2,3065.7685546875,0,1
GCF_008629675.1,Roseiconus nitratireducens,Roseiconus,2,3036.043212890625,0,1
GCF_016406325.1,Shewanella putrefaciens,Shewanella,0,3054.464285714286,0,28
GCF_900177385.1,Carnobacterium iners,Carnobacterium,0,3085.5969848632812,0.25,28
GCF_016446285.1,Desulfobulbus oligotrophicus,Desulfobulbus,0,3091.530517578125,0,1
GCF_900177665.1,Marivirga sericea,Marivirga,0,3014.24462890625,0,1
GCF_008630915.1,Acinetobacter suaedae,Acinetobacter,6,3045.95166015625,0,15
GCF_900178525.1,Massilibacteroides vaginae,Massilibacteroides,0,3032.079833984375,0,1
GCF_008632455.1,Methylomonas rhizoryzae,Methylomonas,0,3041.98828125,0,3
GCF_008632615.1,Paucilactobacillus nenjiangensis,Paucilactobacillus,0,3086.5802490234373,0,10
GCF_008638365.1,Nocardiopsis quinghaiensis,Nocardiopsis,1,312.9884948730469,81,1
GCF_016495725.1,Salicibibacter cibarius,Salicibibacter,0,3075.077880859375,0,15
GCF_008639345.1,Xanthomonas phaseoli,Xanthomonas,2,3065.7685546875,0,1
GCF_900182985.1,Pseudomonas helmanticensis,Pseudomonas,0,3025.4616861979166,0.3333333333333333,15
GCF_900183975.1,Xanthomonas fragariae,Xanthomonas,2,3065.7685546875,0,1
GCF_900184225.1,Brevibacterium ihuae,Brevibacterium,0,3026.134765625,0,6
GCF_900184265.1,Eggerthella timonensis,Eggerthella,0,2990.46435546875,0,1
GCF_032271945.1,Paenibacillus roseopurpureus,Paenibacillus,0,2932.399115668403,1.5555555555555556,45
GCF_021441905.1,Priestia flexa,Priestia,0,3052.105642607718,0,66
GCF_016495865.1,Salicibibacter cibi,Salicibibacter,5,3083.5763346354165,0,15
GCF_900184295.1,Pseudomonas viridiflava,Pseudomonas,0,3033.3424560546873,0,10
GCF_900184935.1,Actibacterium lipolyticum,Actibacterium,0,2909.215087890625,0,1
GCF_900184995.1,Konateibacter massiliensis,Konateibacter,0,2981.5570068359375,0,6
GCF_900186025.1,Serratia grimesii,Serratia,0,3026.318603515625,0,1
GCF_021462285.1,Serratia entomophila,Serratia,4,3012.4966796875,0.3333333333333333,15
GCF_016576965.1,Acinetobacter bereziniae,Acinetobacter,0,3049.9150390625,0,15
GCF_016583575.1,Thiocystis violacea,Thiocystis,0,-703.73529052734375,76,1
GCF_021484805.1,Tellurirhabdus bombi,Tellurirhabdus,0,3000.372802734375,0,3
GCF_016583625.1,Halorhodospira abdelmalekii,Halorhodospira,1,-473.7313232421875,77,1
GCF_032395385.1,Brenneria uluponensis,Brenneria,0,3057.841796875,0,21
GCF_021491915.1,Paracoccus everestensis,Paracoccus,0,2899.306640625,0,1
GCF_016583825.1,Thiohalocapsa halophila,Thiohalocapsa,0,688.308837890625,53.333333333333336,3
GCF_032461525.1,Psychrosphaera aquimarina,Psychrosphaera,0,3038.716064453125,0,3
GCF_016583905.1,Lamprobacter modestohalophilus,Lamprobacter,0,-386.2156982421875,77,1
GCF_032464635.1,Paraglaciecola aquimarina,Paraglaciecola,0,3012.4013671875,2,1
GCF_016583985.1,Thiocapsa imhoffii,Thiocapsa,1,5.066810607910156,86,1
GCF_021495345.1,Ectopseudomonas hydrolytica,Ectopseudomonas,0,3043.969970703125,0,6
GCF_032470275.1,Aquirufa regiilacus,Aquirufa,0,2984.519287109375,0,3
GCF_900186615.1,Parabacteroides bouchesdurhonensis,Parabacteroides,0,2446.137548828125,1.8,15
GCF_021496385.1,Enterococcus gallinarum,Enterococcus,0,2999.2456868489585,1,6
GCF_008693705.1,Aeromonas veronii,Aeromonas,0,3018.723567708333,0.4666666666666667,45
GCF_032594915.1,Streptococcus suivaginalis,Streptococcus,0,3085.58544921875,0,6
GCF_032595075.1,Streptococcus iners,Streptococcus,0,3073.76416015625,0,6
GCF_016587355.1,Ktedonospora formicarum,Ktedonospora,6,2901.3531087239585,0.5333333333333333,15
GCF_008694105.1,Schleiferilactobacillus harbinensis,Schleiferilactobacillus,0,3099.549169921875,0,10
GCF_900186835.1,Pasteurella dagmatis,Pasteurella,0,3055.860107421875,0,15
GCF_900186865.1,Stenotrophomonas maltophilia,Stenotrophomonas,0,3056.5514322916665,0.6666666666666666,6
GCF_900186885.1,Veillonella parvula,Veillonella,3,3065.9527994791665,0.6666666666666666,3
GCF_900186965.1,Legionella spiritensis,Legionella,3,3054.569580078125,0,3
GCF_008704795.1,Streptomyces spectabilis,Streptomyces,0,3018.8992513020835,0.3333333333333333,15
GCF_008705135.1,Streptomyces coeruleorubidus,Streptomyces,0,2961.5050455729165,0,3
GCF_016587375.1,Ktedonobacter robiniae,Ktedonobacter,7,2900.279854910714,0,28
GCF_900186995.1,Haemophilus pittmaniae,Haemophilus,0,3047.4539876302083,0,15
GCF_021513275.1,Paenibacillus hexagrammi,Paenibacillus,11,2909.781192294034,3.7818181818181817,55
GCF_021538615.1,Niabella agricola,Niabella,0,3026.134765625,0,1
GCF_021545825.1,Rhodanobacter denitrificans,Rhodanobacter,0,2980.318359375,0,1
GCF_900187015.1,Serratia ficaria,Serratia,0,3028.090018136161,0,21
GCF_021555175.1,Nocardioides alcanivorans,Nocardioides,3,3010.28125,0,3
GCF_021556395.1,Acuticoccus kalidii,Acuticoccus,0,2901.288330078125,0,6
GCF_900187035.1,Megamonas hypermegale,Megamonas,0,3053.656591796875,0,10
GCF_021560035.1,Virgibacillus salidurans,Virgibacillus,0,3104.8031412760415,0,3
GCF_016587435.1,Dictyobacter formicarum,Dictyobacter,6,2553.5918816460503,2.6666666666666665,36
GCF_900187045.1,Dermatophilus congolensis,Dermatophilus,0,3014.24462890625,0,3
GCF_032598785.1,Terrisporobacter petrolearius,Terrisporobacter,12,2973.1592536695075,0,66
GCF_032670585.1,Ostreiculturibacter nitratireducens,Ostreiculturibacter,0,2911.19677734375,0,1
GCF_032697525.1,Xanthomonas hydrangeae,Xanthomonas,2,3065.7685546875,0,1
GCF_032698475.1,Xanthomonas dyei,Xanthomonas,2,3065.7685546875,0,1
GCF_032705245.1,Thermoleptolyngbya oregonensis,Thermoleptolyngbya,2,2948.848876953125,0,1
GCF_016587455.1,Reticulibacter mediterranei,Reticulibacter,1,2575.7562255859375,20,10
GCF_900187055.1,Staphylococcus simiae,Staphylococcus,0,3055.1869873046876,0,10
GCF_900187065.1,Mycolicibacterium thermoresistibile,Mycolicibacterium,0,3026.134765625,0,1
GCF_021560075.1,Pseudomonas juntendi,Pseudomonas,0,3045.95166015625,0,21
GCF_021582895.2,Microbacterium elymi,Microbacterium,1,3008.17236328125,1,1
GCF_032806925.1,Paraburkholderia kirstenboschensis,Paraburkholderia,1,3039.3614095052085,0.3333333333333333,15
GCF_021590045.1,Cellulomonas palmilytica,Cellulomonas,2,3010.28125,0,1
GCF_032814565.1,Hwangdonia lutea,Hwangdonia,0,3016.226318359375,0,1
GCF_021596945.1,Mongoliitalea daihaiensis,Mongoliitalea,1,2967.677001953125,3,6
GCF_900187075.1,Mammaliicoccus stepanovicii,Mammaliicoccus,0,3077.0135091145835,0,15
GCF_032850805.1,Hydrogenimonas thermophila,Hydrogenimonas,0,3028.139404296875,0,6
GCF_021611515.1,Mariluticola halotolerans,Mariluticola,0,2944.885498046875,0,1
GCF_900187095.1,Legionella waltersii,Legionella,0,3049.315673828125,0,3
GCF_008705175.1,Clostridium diolis,Clostridium,13,2954.984656700721,0.15384615384615385,78
GCF_008727715.1,Terribium terrae,Terribium,0,2942.90380859375,0,1
GCF_032878895.1,Butyricimonas faecihominis,Butyricimonas,0,2807.814208984375,1.7,10
GCF_008727755.1,Microbacterium caowuchunii,Microbacterium,2,3016.226318359375,0,1
GCF_032878955.1,Butyricimonas paravirosa,Butyricimonas,0,2759.4789225260415,1.3333333333333333,3
GCF_021650975.2,Flavobacterium jumunjinense,Flavobacterium,0,3004.336181640625,0,15
GCF_021654335.1,Sideroxyarcus emersonii,Sideroxyarcus,0,3051.896728515625,0,1
GCF_016591975.1,Anaeromicropila herbilytica,Anaeromicropila,0,2891.940483940972,0,36
GCF_016592575.1,Thermotomaculum hydrothermale,Thermotomaculum,0,3099.457275390625,0,1
GCF_008727795.1,Nitrincola iocasae,Nitrincola,0,3038.0708984375,0,10
GCF_008728835.1,Hypericibacter adhaerens,Hypericibacter,0,2954.7939453125,0,1
GCF_008728855.1,Hypericibacter terrae,Hypericibacter,2,2954.7939453125,0,1
GCF_021654455.1,Streptococcus parasuis,Streptococcus,0,3069.714111328125,0,6
GCF_008761635.1,Nocardioides cynanchi,Nocardioides,0,3047.933349609375,0,1
GCF_900187165.1,Clostridium cochlearium,Clostridium,0,2981.12841796875,0,21
GCF_032911225.1,Thalassotalea fonticola,Thalassotalea,0,3050.4864095052085,0,15
GCF_021654575.1,Desulfoluna limicola,Desulfoluna,0,3095.493896484375,0,6
GCF_016595465.1,Luteolibacter yonseiensis,Luteolibacter,0,3051.896728515625,0,10
GCF_900187175.1,Odoribacter splanchnicus,Odoribacter,0,2971.591064453125,0,6
GCF_016598615.1,Streptomyces liliifuscus,Streptomyces,0,2932.1543782552085,1.3333333333333333,3
GCF_032922765.1,Nonlabens ulvanivorans,Nonlabens,4,3014.958740234375,0,6
GCF_016598775.1,Actinomyces weissii,Actinomyces,0,3018.6743977864585,1.3333333333333333,3
GCF_900187215.1,Corynebacterium imitans,Corynebacterium,4,3006.3409423828125,0,6
GCF_008801925.2,Cupriavidus basilensis,Cupriavidus,0,3025.46240234375,0.3333333333333333,15
GCF_032924845.1,Tritonibacter scottomollicae,Tritonibacter,0,2897.347900390625,0,6
GCF_900187255.1,Capnocytophaga haemolytica,Capnocytophaga,0,2938.2532958984375,0.5,6
GCF_032926325.1,Aestuariibaculum lutulentum,Aestuariibaculum,0,3008.299560546875,0,6
GCF_033095945.1,Bombiscardovia apis,Bombiscardovia,0,3026.134765625,0,1
GCF_900187295.1,Corynebacterium cystitidis,Corynebacterium,4,3012.285888671875,0,6
GCF_008803015.1,Streptococcus ratti,Streptococcus,0,3085.58544921875,0,10
GCF_033095965.1,Xylocopilactobacillus apis,Xylocopilactobacillus,0,3107.384033203125,0,3
GCF_016599875.1,Comamonas testosteroni,Comamonas,1,2954.831022135417,1.2,15
GCF_033095985.1,Xylocopilactobacillus apicola,Xylocopilactobacillus,0,3084.3868815104165,0,3
GCF_900187305.1,Neisseria zoodegmatis,Neisseria,0,3053.87841796875,0,6
GCF_008805035.1,Eikenella exigua,Eikenella,0,3053.87841796875,0,6
GCF_033096005.1,Lactobacillus xylocopicola,Lactobacillus,0,3091.553466796875,0,6
GCF_008806995.1,Neisseria animalis,Neisseria,0,3053.87841796875,0,6
GCF_021654775.1,Paenibacillus azoreducens,Paenibacillus,0,3045.9281548394097,0,36
GCF_008807015.1,Neisseria zalophi,Neisseria,0,3053.87841796875,0,6
GCF_900187315.1,Listeria welshimeri,Listeria,0,3069.086669921875,0,15
GCF_900187355.1,Legionella lansingensis,Legionella,0,3058.532958984375,0,6
GCF_900188085.1,Granulicella rosea,Granulicella,2,2976.592529296875,0,1
GCF_008807375.1,Metapseudomonas lalkuanensis,Metapseudomonas,0,3043.969970703125,0,10
GCF_900188225.1,Humidesulfovibrio mexicanus,Humidesulfovibrio,0,3073.6953125,0,1
GCF_033096465.1,Blautia luti,Blautia,0,2909.0313546316966,0.5714285714285714,21
GCF_900188355.1,Lutibacter flavus,Lutibacter,0,3016.226318359375,0,6
GCF_900188445.1,Actinomadura meyerae,Actinomadura,2,3008.299560546875,0,1
GCF_033097365.1,Actinoplanes sichuanensis,Actinoplanes,0,3008.299560546875,0,10
GCF_900199405.1,Beduinella massiliensis,Beduinella,4,2941.428263346354,2.5,6
GCF_900199455.1,Mesorhizobium carmichaelinearum,Mesorhizobium,0,2942.90380859375,0,1
GCF_021654795.1,Paenibacillus dendritiformis,Paenibacillus,8,3057.933829171317,0.25,28
GCF_021655555.1,Marinagarivorans cellulosilyticus,Marinagarivorans,0,3040.006591796875,0,6
GCF_033097505.1,Helicovermis profundi,Helicovermis,0,3020.304541015625,0,10
GCF_021730615.1,Lichenibacterium dinghuense,Lichenibacterium,0,2898.92431640625,2,1
GCF_033100095.1,Diaphorobacter limosus,Diaphorobacter,1,2970.795166015625,0,1
GCF_021733725.1,Achromobacter pulmonis,Achromobacter,0,3034.0615234375,0,1
GCF_033126985.1,Methylomarinovum caldicuralii,Methylomarinovum,2,3059.823486328125,0,1
GCF_021906995.1,Xanthomonas cerealis,Xanthomonas,0,3061.80517578125,0,1
GCF_033170385.1,Xanthomonas rydalmerensis,Xanthomonas,0,3061.80517578125,0,1
GCF_022012305.1,Ramlibacter paludis,Ramlibacter,0,3034.0615234375,0,1
GCF_900215245.1,Pseudomonas fluorescens,Pseudomonas,0,3040.6978352864585,0,15
GCF_900215535.1,Pseudoxanthomonas wuyuanensis,Pseudoxanthomonas,0,3061.80517578125,0,1
GCF_022024115.1,Prevotella communis,Prevotella,0,2862.6422119140625,0.6666666666666666,6
GCF_900230245.1,Caballeronia arationis,Caballeronia,0,3034.0615234375,0,6
GCF_900231165.1,Hartmannibacter diazotrophicus,Hartmannibacter,0,2942.90380859375,0,1
GCF_900232875.1,Parabacteroides provencensis,Parabacteroides,0,3006.050537109375,0.8,10
GCF_016605985.1,Bacillus toyonensis,Bacillus,0,3048.483854524382,0,91
GCF_016613475.2,Lysobacter arenosi,Lysobacter,0,2996.521484375,3,1
GCF_016613535.2,Agrilutibacter solisilvae,Agrilutibacter,0,2956.33154296875,7,1
GCF_022024215.1,Segatella bryantii,Segatella,0,2993.9893731011284,0.4444444444444444,36
GCF_016623605.1,Kingella bonacorsii,Kingella,0,3042.0572509765625,0.5,6
GCF_900239935.1,Pseudoalteromonas carrageenovora,Pseudoalteromonas,0,3040.0296020507812,0,28
GCF_022024335.1,Brucella pseudogrignonensis,Brucella,5,2936.958740234375,0,10
GCF_033180165.1,Shewanella youngdeokensis,Shewanella,0,3047.2385031960225,0,55
GCF_033242265.1,Novosphingobium pituita,Novosphingobium,0,2938.9635009765625,0,6
GCF_900240005.1,Burkholderia stabilis,Burkholderia,0,3032.7711588541665,0.6666666666666666,15
GCF_900240265.1,Galactobacillus timonensis,Galactobacillus,2,2972.950439453125,0,1
GCF_008807735.1,Bacillus wiedmannii,Bacillus,0,3055.0655584649726,0.14285714285714285,91
GCF_900240275.1,Lactobacillus timonensis,Lactobacillus,0,3100.240478515625,0,3
GCF_008824185.1,Paracoccus pantotrophus,Paracoccus,0,2899.306640625,0,3
GCF_016638705.1,Lysinibacillus agricola,Lysinibacillus,2,2933.947195870536,3.8095238095238093,21
GCF_900240305.1,Ottowia massiliensis,Ottowia,0,3030.09814453125,0,1
GCF_008830185.1,Candidatus Galacturonatibacter soehngenii,Candidatus,0,2958.1719563802085,1.3333333333333333,3
GCF_900240335.1,Sanguibacter massiliensis,Sanguibacter,0,3014.24462890625,0,3
GCF_008831085.1,Pseudoclavibacter endophyticus,Pseudoclavibacter,0,3018.2080078125,0,1
GCF_008831265.1,Lacisediminimonas profundi,Lacisediminimonas,0,3034.0615234375,0,1
GCF_900240845.1,Peptostreptococcus faecalis,Peptostreptococcus,2,2990.51025390625,0,1
GCF_022048975.1,Sporosarcina cyprini,Sporosarcina,0,3075.677001953125,0,21
GCF_016651435.1,Catonella massiliensis,Catonella,0,2997.9759928385415,0.5,6
GCF_016653295.1,Halochromatium salexigens,Halochromatium,0,3028.116455078125,0,1
GCF_022059885.1,Gordonia amicalis,Gordonia,0,3014.24462890625,0,3
GCF_022200785.1,Pedobacter mucosus,Pedobacter,0,3014.24462890625,0,1
GCF_016653615.1,Entomomonas asaccharolytica,Entomomonas,0,2982.313232421875,0.6666666666666666,3
GCF_900250125.1,Cupriavidus neocaledonicus,Cupriavidus,1,3021.770068359375,0.4,10
GCF_008831385.1,Lapidilactobacillus dextrinicus,Lapidilactobacillus,5,3106.664892578125,0,10
GCF_900269665.1,Nocardia suismassiliense,Nocardia,0,2978.7578125,0,1
GCF_900289175.1,Paenibacillus faecalis,Paenibacillus,0,3050.098876953125,0,3
GCF_900290205.1,Anaerolactibacter massiliensis,Anaerolactibacter,0,3022.17138671875,0,1
GCF_900290275.1,Prevotella merdae,Prevotella,0,2963.0880533854165,0,3
GCF_900290285.1,Selenomonas massiliensis,Selenomonas,0,3020.419189453125,0,1
GCF_900291475.1,Acidaminococcus provencensis,Acidaminococcus,0,2996.91552734375,3.5,6
GCF_008843145.1,Skermanella pratensis,Skermanella,0,2929.953125,0,15
GCF_008843165.1,Ornithinimicrobium pratense,Ornithinimicrobium,0,2996.327392578125,1,1
GCF_022221585.1,Streptomyces inhibens,Streptomyces,0,3026.134765625,0,21
GCF_016653635.2,Skermanella cutis,Skermanella,0,2916.5160202752977,0.2857142857142857,21
GCF_016654015.1,Ramlibacter ginsenosidimutans,Ramlibacter,2,3034.0615234375,0,1
GCF_900291975.1,Agathobaculum massiliense,Agathobaculum,3,3022.862548828125,0,3
GCF_016656965.1,Brevundimonas vitisensis,Brevundimonas,0,2899.306640625,0,1
GCF_022230885.1,Paenalcaligenes niemegkensis,Paenalcaligenes,0,3047.933349609375,0,6
GCF_008876665.1,Limosilactobacillus frumenti,Limosilactobacillus,4,3113.375,0,6
GCF_033304595.1,Sporosarcina jeotgali,Sporosarcina,0,3051.334130859375,0,45
GCF_022267325.1,Leptospira sanjuanensis,Leptospira,0,2990.46435546875,0,1
GCF_022343725.1,Macrococcus brunensis,Macrococcus,0,3077.65869140625,0,10
GCF_016696765.1,Turicimonas muris,Turicimonas,6,3043.250732421875,0,15
GCF_016698705.1,Burkholderia gladioli,Burkholderia,0,3038.02490234375,0,10
GCF_016722785.1,Ramlibacter monticola,Ramlibacter,2,3034.0615234375,0,1
GCF_016724785.1,Fusobacterium canifelinum,Fusobacterium,0,2968.7578125,0,1
GCF_033304615.1,Sporosarcina oncorhynchi,Sporosarcina,0,3054.2862461635045,0,28
GCF_022354085.1,Shigella dysenteriae,Shigella,0,3036.3455984933034,0,21
GCF_016724805.1,Sutterella wadsworthensis,Sutterella,0,3034.107666015625,0,10
GCF_033406955.1,Streptomyces violaceoruber,Streptomyces,0,3026.134765625,0,15
GCF_033441515.1,Amycolatopsis solani,Amycolatopsis,0,2970.62109375,0,1
GCF_022369495.1,Proteus penneri,Proteus,1,2992.4008951822916,2.2666666666666666,15
GCF_022370415.1,Mycolicibacterium smegmatis,Mycolicibacterium,0,3016.226318359375,0,1
GCF_022370755.2,Mycolicibacterium goodii,Mycolicibacterium,0,3020.189697265625,0,1
GCF_022370835.2,Mycolicibacillus parakoreensis,Mycolicibacillus,0,3002.4462890625,0,1
GCF_022374935.2,Mycolicibacter virginiensis,Mycolicibacter,2,3041.98828125,0,1
GCF_022385335.1,Streptomyces deccanensis,Streptomyces,0,2991.5346435546876,0.4,10
GCF_008931805.1,Moritella marina,Moritella,6,2882.084561434659,7.621212121212121,66
GCF_008932245.1,Sinorhizobium alkalisoli,Sinorhizobium,0,2942.90380859375,0,3
GCF_008933165.1,Phaeocystidibacter marisrubri,Phaeocystidibacter,2,3010.28125,0,1
GCF_009026825.1,Corynebacterium urogenitale,Corynebacterium,0,3030.09814453125,0,3
GCF_009035845.1,Acinetobacter baumannii,Acinetobacter,0,3045.95166015625,0,15
GCF_009036245.1,Enterobacter sichuanensis,Enterobacter,0,2972.1354166666665,0.6666666666666666,3
GCF_033542615.1,Vibrio plantisponsor,Vibrio,0,3037.5268391927084,0,45
GCF_033546855.1,Metamycoplasma equirhinis,Metamycoplasma,1,2952.065185546875,1.3333333333333333,3
GCF_033546915.1,Mycoplasmopsis verecunda,Mycoplasmopsis,0,2768.482666015625,2,1
GCF_009068765.1,Sulfurimonas hydrogeniphila,Sulfurimonas,0,3003.260213216146,0,6
GCF_900291985.1,Lysinibacillus timonensis,Lysinibacillus,0,2989.0582217261904,5.504761904761905,105
GCF_033547075.1,Flavobacterium ardleyense,Flavobacterium,5,3001.994970703125,0.4,10
GCF_900292045.1,Parabacteroides pacaensis,Parabacteroides,1,2969.583740234375,0,10
GCF_016724865.1,Peribacillus psychrosaccharolyticus,Peribacillus,0,3038.3931415264424,0.15384615384615385,78
GCF_900302465.1,Ascidiaceihabitans donghaensis,Ascidiaceihabitans,0,2895.38916015625,0,1
GCF_033547155.1,Pseudomonas benzenivorans,Pseudomonas,0,3045.95166015625,0,10
GCF_009176645.1,Enterobacter oligotrophicus,Enterobacter,0,2971.0477236793154,0,21
GCF_016725005.1,Streptococcus constellatus,Streptococcus,0,3083.603759765625,0,6
GCF_900411315.1,Corynebacterium senegalense,Corynebacterium,0,2962.9969482421875,3.5,6
GCF_900417275.1,Mycobacterium shimoidei,Mycobacterium,0,3027.98876953125,0,1
GCF_900444665.1,Acholeplasma oculi,Acholeplasma,2,2970.693359375,0,1
GCF_033723955.1,Microbulbifer pacificus,Microbulbifer,0,3033.701904296875,0,10
GCF_033798665.1,Sanguibacter biliveldensis,Sanguibacter,0,3020.189697265625,0,6
GCF_009184705.1,Liquorilactobacillus mali,Liquorilactobacillus,0,3055.8043131510417,0.6666666666666666,15
GCF_033842725.1,Sphingomonas echinoides,Sphingomonas,0,2942.90380859375,0,1
GCF_900444805.1,Acinetobacter calcoaceticus,Acinetobacter,0,3047.933349609375,0,15
GCF_033842905.1,Ectopseudomonas alcaliphila,Ectopseudomonas,0,3045.95166015625,0,6
GCF_033878955.1,Coraliomargarita algicola,Coraliomargarita,0,3067.84228515625,0,1
GCF_016725245.1,Mammaliicoccus vitulinus,Mammaliicoccus,0,3077.599365234375,0,21
GCF_009184845.1,Lacticaseibacillus manihotivorans,Lacticaseibacillus,5,3070.72685546875,1.2,10
GCF_016726485.1,Peptoniphilus harei,Peptoniphilus,3,3016.9176432291665,0,3
GCF_009193325.2,Bacteroides zhangwenhongii,Bacteroides,0,2972.511474609375,0,1
GCF_016726985.1,Myroides odoratus,Myroides,0,2960.35498046875,0,1
GCF_009208585.1,Fluviispira multicolorata,Fluviispira,3,3045.95166015625,0,3
GCF_016728665.1,Corynebacterium propinquum,Corynebacterium,0,2999.082275390625,0,3
GCF_009258045.1,Sulfurimonas xiamenensis,Sulfurimonas,0,3004.38232421875,0,1
GCF_016728785.1,Thomasclavelia ramosa,Thomasclavelia,3,3015.4806315104165,0,3
GCF_009296315.1,Salmonirosea aquatica,Salmonirosea,0,2975.9933268229165,0,3
GCF_016728825.1,Achromobacter xylosoxidans,Achromobacter,0,3016.0986328125,0,1
GCF_900444945.1,Actinobacillus lignieresii,Actinobacillus,0,3055.860107421875,0,15
GCF_016743815.1,Sphingomonas aliaeris,Sphingomonas,0,2946.8671875,0,1
GCF_016757735.1,Aequorivita iocasae,Aequorivita,0,3020.189697265625,0,1
GCF_009301415.1,Paracoccus kondratievae,Paracoccus,0,2929.031982421875,0,3
GCF_022394675.1,Peribacillus frigoritolerans,Peribacillus,0,3065.7278502747254,0,91
GCF_022430545.2,Mycobacterium paraterrae,Mycobacterium,0,3038.02490234375,0,1
GCF_900444995.1,Actinomyces bovis,Actinomyces,1,3032.98828125,0,6
GCF_009362255.1,Tenacibaculum mesophilum,Tenacibaculum,0,3009.921630859375,0,10
GCF_022453685.1,Agathobacter rectalis,Agathobacter,0,3022.2634033203126,0,10
GCF_022493915.1,Paracidovorax citrulli,Paracidovorax,0,3030.09814453125,0,3
GCF_022513635.1,Niabella ginsengisoli,Niabella,0,3024.153076171875,0,1
GCF_900445015.1,Actinobacillus ureae,Actinobacillus,0,3043.24130859375,0,15
GCF_016765655.2,Skermanella mucosa,Skermanella,0,2941.8238699776784,0,21
GCF_016766875.1,Chryseobacterium gleum,Chryseobacterium,0,2934.95068359375,2,1
GCF_900445045.1,Actinomyces denticolens,Actinomyces,0,3065.7685546875,0,3
GCF_016767175.1,Keratinibaculum paraultunense,Keratinibaculum,0,2967.052001953125,1,1
GCF_033880585.1,Lysinibacillus louembei,Lysinibacillus,0,3068.9254014756943,0,36
GCF_033954835.1,Thiorhodovibrio frisius,Thiorhodovibrio,0,3034.0615234375,0,1
GCF_900445235.1,Aminobacter aminovorans,Aminobacter,0,2942.90380859375,0,3
GCF_022524345.1,Streptomyces marispadix,Streptomyces,3,3002.3853515625,0,10
GCF_022533465.1,Methylobacterium organophilum,Methylobacterium,0,2938.9404296875,0,6
GCF_022539255.1,Sinomonas terrae,Sinomonas,0,3036.043212890625,0,6
GCF_033955345.1,Sphingobacterium bambusae,Sphingobacterium,0,2933.4475911458335,0.6,15
GCF_033956065.1,Burkholderia mallei,Burkholderia,4,3034.0615234375,0,6
GCF_033977265.1,Mesorhizobium australafricanum,Mesorhizobium,0,2942.90380859375,0,1
GCF_009363095.1,Paenibacillus cellulositrophicus,Paenibacillus,0,3023.8068237304688,0.6666666666666666,36
GCF_022557255.1,Pseudomonas syringae group genomosp. 7,Pseudomonas,5,3049.9150390625,0,10
GCF_900445255.1,Anaerobiospirillum thomasii,Anaerobiospirillum,0,2985.3216291155136,0.5357142857142857,28
GCF_022558445.1,Candidatus Contubernalis alkaliaceticus,Candidatus,0,3040.006591796875,0,6
GCF_022568835.1,Arsenicicoccus piscis,Arsenicicoccus,0,3008.345458984375,0,1
GCF_034011435.1,Pseudomonas marginalis,Pseudomonas,0,3042.7994140625,0,10
GCF_016772275.1,Heyndrickxia vini,Heyndrickxia,1,2868.3441229926216,4.333333333333333,36
GCF_900445265.1,Anaerococcus octavius,Anaerococcus,0,2956.71240234375,0,6
GCF_016774335.1,Luteimonas saliphila,Luteimonas,0,276.3990783691406,77,1
GCF_022569295.1,Pedomonas mirosovicensis,Pedomonas,0,2919.30712890625,0,6
GCF_034047095.1,Robbsia andropogonis,Robbsia,3,3027.06201171875,0.5,6
GCF_016791605.1,Peptoniphilus asaccharolyticus,Peptoniphilus,0,3014.3365885416665,0,3
GCF_016801025.1,Paradevosia shaoguanensis,Paradevosia,0,2924.9404296875,0,1
GCF_034049535.1,Pediococcus inopinatus,Pediococcus,0,3115.3797607421875,0,6
GCF_016804345.1,Rhodococcus ruber,Rhodococcus,0,3002.2265625,0,6
GCF_016806125.1,Ponticoccus alexandrii,Ponticoccus,0,2883.325439453125,0,1
GCF_022592395.1,Moellerella wisconsensis,Moellerella,0,3057.841796875,0,21
GCF_016806835.2,Skermanella rosea,Skermanella,0,2937.109933035714,0,21
GCF_022631235.3,Psychrobacter raelei,Psychrobacter,0,3041.98828125,0,10
GCF_016807805.1,Xanthobacter dioxanivorans,Xanthobacter,0,2935.02294921875,0,1
GCF_016811105.1,Aurantibacter crassamenti,Aurantibacter,0,3022.17138671875,0,1
GCF_034055115.1,Bacillus sonorensis,Bacillus,0,3055.952069963728,0.25,28
GCF_022637435.1,Arthrobacter sulfonylureivorans,Arthrobacter,0,3020.189697265625,0,6
GCF_009363115.1,Paenibacillus brasilensis,Paenibacillus,1,3017.9023259943183,0.6909090909090909,55
GCF_022637475.1,Rahnella aceris,Rahnella,0,3045.8331240699404,0,21
GCF_022647325.1,Pantoea deleyi,Pantoea,0,3055.860107421875,0,1
GCF_016834455.1,Shewanella litorisediminis,Shewanella,1,3013.6891741071427,0,28
GCF_009363135.1,Kosakonia arachidis,Kosakonia,0,3034.844947451637,0,21
GCF_016858125.1,Azospira restricta,Azospira,0,3047.933349609375,0,1
GCF_034055775.1,Paenibacillus hunanensis,Paenibacillus,5,3012.641863141741,0,28
GCF_034120055.1,Microbacterium rhizosphaerae,Microbacterium,2,3014.24462890625,0,1
GCF_900445365.1,Cytobacillus firmus,Cytobacillus,0,3027.24404444839,0.16666666666666666,66
GCF_900445655.1,Bergeyella zoohelcum,Bergeyella,0,3028.116455078125,0,3
GCF_034134805.1,Streptococcus lingualis,Streptococcus,0,3063.8099365234375,0,6
GCF_034259205.1,Peredibacter starrii,Peredibacter,2,3041.98828125,0,1
GCF_900445875.1,Brevibacterium iodinum,Brevibacterium,0,3012.377685546875,0,6
GCF_009363155.1,Azotobacter salinestris,Azotobacter,0,3043.969970703125,0,15
GCF_016860525.1,Streptomyces rubradiris,Streptomyces,0,3018.779443359375,0.6,15
GCF_009363855.1,Microvirga thermotolerans,Microvirga,0,2946.8671875,0,1
GCF_034356035.1,Blautia hydrogenotrophica,Blautia,0,3032.125732421875,0,6
GCF_016861545.1,Mycobacterium heckeshornense,Mycobacterium,0,3049.9150390625,0,1
GCF_009388985.1,Halioglobus maricola,Halioglobus,0,3040.006591796875,0,1
GCF_022647505.1,Pantoea beijingensis,Pantoea,0,3055.860107421875,0,21
GCF_900445945.1,Bordetella trematum,Bordetella,0,3034.0615234375,0,6
GCF_900445995.1,Brevundimonas diminuta,Brevundimonas,0,2891.42578125,0,1
GCF_016864595.1,Rhizobium rhizogenes,Rhizobium,0,2934.97705078125,0,3
GCF_900446125.1,Brucella neotomae,Brucella,3,2942.90380859375,0,3
GCF_009428965.1,Limosilactobacillus pontis,Limosilactobacillus,0,3092.359578450521,0,6
GCF_900446255.1,Buttiauxella agrestis,Buttiauxella,0,3055.860107421875,0,1
GCF_009429125.1,Luteimicrobium xylanilyticum,Luteimicrobium,3,3016.226318359375,0,3
GCF_900446675.1,Capnocytophaga granulosa,Capnocytophaga,0,2985.9017740885415,0,3
GCF_016865215.1,Macrococcoides bohemicum,Macrococcoides,0,3079.640380859375,0,10
GCF_016865235.1,Dyella caseinilytica,Dyella,2,3065.7685546875,0,1
GCF_016865425.1,Actinocatenispora thailandica,Actinocatenispora,0,3016.226318359375,0,1
GCF_009455625.1,Paraburkholderia bonniea,Paraburkholderia,0,3034.08447265625,0,6
GCF_016865445.1,Mariniplasma anaerobium,Mariniplasma,0,3014.24462890625,0,1
GCF_022655595.1,Ignatzschineria rhizosphaerae,Ignatzschineria,6,3038.2366536458335,0,15
GCF_022669015.1,Colwellia maritima,Colwellia,0,3023.3650716145835,0,3
GCF_034358925.1,Pseudomonas asiatica,Pseudomonas,0,3043.7000558035716,0,21
GCF_034371605.1,Limimaricola variabilis,Limimaricola,0,2894.052734375,0,6
GCF_009455635.1,Paraburkholderia agricolaris,Paraburkholderia,0,3034.0615234375,0,15
GCF_900446755.1,Carnobacterium divergens,Carnobacterium,1,3046.2263532366073,1.1428571428571428,21
GCF_034376865.1,Sulfitobacter faviae,Sulfitobacter,0,2897.324951171875,0,6
GCF_034421895.1,Mesorhizobium huakuii,Mesorhizobium,0,2942.90380859375,0,1
GCF_034424215.1,Niabella yanshanensis,Niabella,0,3024.153076171875,0,1
GCF_009455685.1,Paraburkholderia hayleyella,Paraburkholderia,0,3023.0767822265625,0,6
GCF_016888945.1,Phocaeicola coprophilus,Phocaeicola,7,3034.0615234375,0,21
GCF_900447205.1,Corynebacterium pilosum,Corynebacterium,2,2974.225870768229,0,6
GCF_034424545.1,Trinickia caryophylli,Trinickia,0,3026.1806640625,0,6
GCF_034424645.1,Bordetella avium,Bordetella,0,3034.0615234375,0,3
GCF_009497075.1,Nonomuraea phyllanthi,Nonomuraea,0,3008.345458984375,0,10
GCF_009497875.2,Magnetovirga frankeli,Magnetovirga,2,3041.98828125,0,1
GCF_016889385.1,Haemophilus parahaemolyticus,Haemophilus,0,3022.4755696614584,1.4,15
GCF_900450725.1,Canicola haemoglobinophilus,Canicola,6,3038.476318359375,0,15
GCF_009498035.1,Saccharothrix syringae,Saccharothrix,0,2992.514892578125,0,6
GCF_900450965.1,Fluoribacter gormanii,Fluoribacter,0,3051.9427490234375,0,6
GCF_900451005.1,Helicobacter fennelliae,Helicobacter,0,3668.2021484375,0,1
GCF_016889425.1,Corynebacterium amycolatum,Corynebacterium,0,3012.262939453125,0,10
GCF_016889465.1,Corynebacterium macginleyi,Corynebacterium,0,3008.299560546875,0,6
GCF_009557235.1,Acinetobacter wanghuae,Acinetobacter,6,3047.933349609375,0,15
GCF_034478925.1,Bacillus licheniformis,Bacillus,0,3038.244149344308,0,28
GCF_009557615.1,Sphingobacterium zhuxiongii,Sphingobacterium,0,3015.6500651041665,0,6
GCF_900451065.1,Haemophilus paraphrohaemolyticus,Haemophilus,0,3051.896728515625,0,15
GCF_009586235.1,Burkholderia cepacia,Burkholderia,0,3030.14404296875,0,10
GCF_900451175.1,Kingella potus,Kingella,0,3053.87841796875,0,10
GCF_009600605.1,Segnochrobactrum spirostomi,Segnochrobactrum,2,2942.90380859375,0,1
GCF_034479305.1,Shouchella clausii,Shouchella,6,3003.2930989583333,0,15
GCF_009601765.2,Vibrio algicola,Vibrio,1,2944.1526692708335,2.1666666666666665,6
GCF_016890085.1,Chromobacterium violaceum,Chromobacterium,8,3037.778058733259,0.5357142857142857,28
GCF_022674245.1,Alicyclobacillus acidoterrestris,Alicyclobacillus,0,3026.343693659856,0,78
GCF_009646115.1,Pantoea eucalypti,Pantoea,2,2902.6095947265626,2.4,10
GCF_034479515.1,Duganella zoogloeoides,Duganella,3,2975.555882045201,0,28
GCF_016894225.1,Sphingobacterium multivorum,Sphingobacterium,0,2964.561790829613,0,21
GCF_009648935.1,Citrobacter braakii,Citrobacter,0,3006.0418788364955,0,28
GCF_009649075.1,Aeromicrobium yanjiei,Aeromicrobium,0,3010.28125,0,1
GCF_034479615.1,Vreelandella neptunia,Vreelandella,0,2984.9605794270833,0,15
GCF_034479635.1,Guyparkeria halophila,Guyparkeria,2,3059.823486328125,0,1
GCF_016894325.1,Glutamicibacter protophormiae,Glutamicibacter,0,3024.153076171875,0,15
GCF_016894345.1,Paralysiella testudinis,Paralysiella,0,3038.11669921875,0,3
GCF_034508895.1,Stenotrophomonas geniculata,Stenotrophomonas,0,3028.10302734375,0,6
GCF_009650095.1,Gracilibacillus salitolerans,Gracilibacillus,0,3029.4456787109375,0,10
GCF_034541975.1,Dermacoccus abyssi,Dermacoccus,0,3018.2080078125,0,3
GCF_016907235.1,Oerskovia jenensis,Oerskovia,0,3006.364013671875,0.5,6
GCF_009650135.1,Litorivicinus lipolyticus,Litorivicinus,0,3055.860107421875,0,3
GCF_034554815.1,Rhizobium indigoferae,Rhizobium,0,2934.97705078125,0,3
GCF_009662475.1,Acidithiobacillus thiooxidans,Acidithiobacillus,2,3043.969970703125,0,1
GCF_009664085.1,Thermochromatium tepidum,Thermochromatium,0,3036.043212890625,0,3
GCF_016907275.1,Micromonospora luteifusca,Micromonospora,0,3006.31787109375,0,6
GCF_016907315.1,Microbacterium esteraromaticum,Microbacterium,2,3022.17138671875,0,1
GCF_016907355.1,Agromyces aurantiacus,Agromyces,2,3022.17138671875,0,1
GCF_034627025.1,Microvirga lotononidis,Microvirga,0,2944.2403157552085,0,15
GCF_034647275.2,Mycoplasmopsis felis,Mycoplasmopsis,0,2992.446044921875,0,1
GCF_034653255.1,Pseudomonas spirodelae,Pseudomonas,0,3038.071044921875,0,1
GCF_034659755.1,Massilia phyllosphaerae,Massilia,0,3030.09814453125,0,3
GCF_016907365.1,Oerskovia paurometabola,Oerskovia,0,3004.240234375,0,21
GCF_034659795.1,Sphingomonas fuzhouensis,Sphingomonas,0,2946.8671875,0,10
GCF_016907435.1,Nocardioides salarius,Nocardioides,3,2976.5448404947915,0,3
GCF_034661175.1,Nocardioides renjunii,Nocardioides,0,3016.226318359375,0,1
GCF_016907475.1,Nocardioides cavernae,Nocardioides,0,3002.3544921875,0,1
GCF_900451195.1,Iodobacter fluviatilis,Iodobacter,6,2642.619289523953,1.0769230769230769,91
GCF_016907495.1,Arthrobacter tumbae,Arthrobacter,0,3018.2080078125,0,3
GCF_022701015.1,Brevibacillus parabrevis,Brevibacillus,4,2958.527675530849,1.0512820512820513,78
GCF_016907545.1,Paenarthrobacter ilicis,Paenarthrobacter,6,3016.226318359375,0,15
GCF_016907595.1,Curtobacterium luteum,Curtobacterium,3,2995.2108561197915,0,3
GCF_009665415.1,Vibrio cidicii,Vibrio,0,3010.0834250710227,0.6909090909090909,55
GCF_034718895.1,Paenibacillus phoenicis,Paenibacillus,8,3077.65869140625,0,28
GCF_009671065.1,Neisseria brasiliensis,Neisseria,0,3053.87841796875,0,6
GCF_016907615.1,Glutamicibacter nicotianae,Glutamicibacter,0,3024.153076171875,0,15
GCF_009671205.1,Micromonospora terminaliae,Micromonospora,0,3001.06396484375,0,3
GCF_900452285.1,Kurthia zopfii,Kurthia,0,3063.878662109375,0,36
GCF_900452385.1,Legionella donaldsonii,Legionella,0,3059.823486328125,0,3
GCF_016907655.1,Saccharothrix algeriensis,Saccharothrix,0,2985.947713216146,0,6
GCF_900452395.1,Legionella beliardensis,Legionella,0,3061.80517578125,0,3
GCF_035066605.1,Erysipelothrix enhydrae,Erysipelothrix,0,3011.9589680989584,0,15
GCF_035231185.1,Microbacterium plantarum,Microbacterium,0,3012.262939453125,0,1
GCF_016907675.1,Geodermatophilus bullaregiensis,Geodermatophilus,3,3022.17138671875,0,3
GCF_900452515.1,Legionella birminghamensis,Legionella,0,3059.823486328125,0,3
GCF_016907735.1,Brevibacterium paucivorans,Brevibacterium,0,2972.6112467447915,0,3
GCF_900452545.1,Legionella gratiana,Legionella,0,3054.569580078125,0,3
GCF_016907775.1,Pseudoglutamicibacter cumminsii,Pseudoglutamicibacter,0,3013.0462239583335,0.6666666666666666,3
GCF_900452695.1,Legionella quateirensis,Legionella,0,3059.823486328125,0,3
GCF_016907795.1,Kocuria palustris,Kocuria,0,3026.134765625,0,3
GCF_900452715.1,Legionella moravica,Legionella,0,3054.569580078125,0,3
GCF_016918765.2,Flagellatimonas centrodinii,Flagellatimonas,0,3028.116455078125,0,1
GCF_016919345.1,Mycolicibacterium septicum,Mycolicibacterium,0,3008.299560546875,0,1
GCF_900452755.1,Legionella londiniensis,Legionella,3,3061.80517578125,0,3
GCF_009676365.1,Latilactobacillus sakei,Latilactobacillus,0,3103.5127301897323,0.2857142857142857,21
GCF_016919705.1,Paracoccus methylovorus,Paracoccus,0,2899.306640625,0,3
GCF_016925615.1,Natronosporangium hydrolyticum,Natronosporangium,0,3028.116455078125,0,1
GCF_900452835.1,Legionella steigerwaltii,Legionella,0,3054.5697428385415,0,3
GCF_016937515.1,Cohnella algarum,Cohnella,1,3035.3203938802085,2.3333333333333335,3
GCF_009676955.1,Sodaliphilus pleomorphus,Sodaliphilus,4,3003.8748779296875,1,6
GCF_035231985.1,Ligilactobacillus salivarius,Ligilactobacillus,0,3057.9663667224704,0.2857142857142857,21
GCF_900452925.1,Legionella wadsworthii,Legionella,0,3051.9427490234375,0,6
GCF_035320885.1,Blastococcus brunescens,Blastococcus,3,2996.98486328125,0,3
GCF_035481615.1,Citroniella saccharovorans,Citroniella,0,2994.300048828125,0,1
GCF_900453045.1,Legionella worsleiensis,Legionella,0,3054.569580078125,0,3
GCF_035544715.1,Streptococcus gingivalis,Streptococcus,1,2937.2838134765625,0,6
GCF_900453285.1,Moraxella caprae,Moraxella,0,3224.3037109375,0,6
GCF_035607565.1,Qipengyuania zhejiangensis,Qipengyuania,0,445.6468505859375,78,1
GCF_035621355.1,Thiobacillus sedimenti,Thiobacillus,2,3034.107666015625,1,1
GCF_009684715.1,Otariodibacter oris,Otariodibacter,0,3051.2515462239585,0.3333333333333333,15
GCF_900453395.1,Mycobacterium xenopi,Mycobacterium,0,2992.8878580729165,0.6666666666666666,3
GCF_009688945.1,Desulfosarcina alkanivorans,Desulfosarcina,2,3097.4755859375,0,1
GCF_009688965.1,Desulfosarcina widdelii,Desulfosarcina,2,3097.4755859375,0,1
GCF_009688985.1,Desulfosarcina ovata,Desulfosarcina,2,3097.4755859375,0,1
GCF_900453895.1,Neisseria elongata,Neisseria,0,3053.87841796875,0,6
GCF_035621475.1,Pseudomonas paeninsulae,Pseudomonas,0,3041.22314453125,0,10
GCF_900454225.1,Brucella intermedia,Brucella,0,2938.96337890625,0,6
GCF_900454345.1,Oligella urethralis,Oligella,3,3024.9361979166665,0,3
GCF_900454465.1,Pannonibacter phragmitetus,Pannonibacter,0,2934.97705078125,0,3
GCF_016939435.1,Parageobacillus toebii,Parageobacillus,0,3020.633287217882,1.5,36
GCF_009707705.1,Paludibacterium denitrificans,Paludibacterium,1,2993.471412295387,3.1904761904761907,21
GCF_009708005.2,Cellulosimicrobium protaetiae,Cellulosimicrobium,0,3005.5721842447915,0,3
GCF_009708215.1,Occultella kanbiaonis,Occultella,1,3010.3271484375,0,1
GCF_035749905.1,Serratia sarumanii,Serratia,0,3021.3347516741073,0,21
GCF_022701195.1,Allobaculum mucilyticum,Allobaculum,15,2997.6146019345238,0.5333333333333333,105
GCF_035819015.1,Chryseobacterium salviniae,Chryseobacterium,2,3006.31787109375,0,1
GCF_022701215.1,Moraxella nasovis,Moraxella,0,3036.043212890625,0,6
GCF_009708955.1,Piscirickettsia salmonis,Piscirickettsia,0,3061.80517578125,0,15
GCF_022749495.1,Neisseria macacae,Neisseria,0,3053.87841796875,0,6
GCF_900454495.1,Paenibacillus macerans,Paenibacillus,8,2907.3939208984375,1.6785714285714286,28
GCF_022749515.1,Morococcus cerebrosus,Morococcus,0,3053.87841796875,0,6
GCF_022760805.1,Candidatus Mycolicibacterium alkanivorans,Candidatus,0,3014.24462890625,0,1
GCF_022788655.1,Sulfitobacter indolifex,Sulfitobacter,0,2893.407470703125,0,1
GCF_900454535.1,Avibacterium avium,Avibacterium,0,2822.2490234375,4.166666666666667,6
GCF_022807975.1,Abyssalbus ytuae,Abyssalbus,1,2955.7613118489585,2.6666666666666665,3
GCF_022809125.1,Variovorax terrae,Variovorax,2,3041.98828125,0,1
GCF_900454665.1,Peptoniphilus indolicus,Peptoniphilus,0,2972.3057454427085,1.3333333333333333,3
GCF_009709575.1,Streptomyces taklimakanensis,Streptomyces,0,2983.459163411458,0,15
GCF_009720525.1,Gimesia benthica,Gimesia,0,3047.9794921875,0,1
GCF_022809315.2,Mesosutterella faecium,Mesosutterella,5,3019.11103515625,0.4,10
GCF_017052585.1,Paenibacillus apiarius,Paenibacillus,10,3041.821826171875,0.2,45
GCF_022811525.1,Orrella daihaiensis,Orrella,0,3034.0615234375,0,1
GCF_035905475.1,Clostridium intestinale,Clostridium,0,3007.2394205729165,0,36
GCF_900454705.1,Pasteurella testudinis,Pasteurella,0,3071.713623046875,0,15
GCF_900454715.1,Peptoniphilus lacrimalis,Peptoniphilus,0,3020.880859375,0,3
GCF_900454895.1,Phocoenobacter uteri,Phocoenobacter,0,3038.1397705078125,0.5,6
GCF_017068355.1,Lactococcus taiwanensis,Lactococcus,0,3065.7685546875,0,15
GCF_035917655.1,Streptomyces anthocyanicus,Streptomyces,0,3018.779296875,0,15
GCF_900454935.1,Prevotella pallens,Prevotella,4,2965.7618815104165,4,6
GCF_017068375.1,Rhodococcus koreensis,Rhodococcus,3,2945.25439453125,6,6
GCF_035918035.1,Streptomyces hirsutus,Streptomyces,4,2991.25244140625,0,6
GCF_900454955.1,Prevotella disiens,Prevotella,3,3010.4189453125,0,3
GCF_017068395.1,Rhodococcus pseudokoreensis,Rhodococcus,0,3002.400634765625,0.5,6
GCF_017086445.1,Brevundimonas fontaquae,Brevundimonas,0,2895.34326171875,0,1
GCF_017161265.1,Treponema medium,Treponema,0,3063.8330078125,0,1
GCF_017167965.1,Pseudomonas atacamensis,Pseudomonas,0,3040.69775390625,0,6
GCF_035918135.1,Actinacidiphila glaucinigra,Actinacidiphila,6,3007.654296875,0,15
GCF_900458255.1,Staphylococcus cohnii,Staphylococcus,0,3069.7779947916665,0.3333333333333333,15
GCF_017167985.1,Ectopseudomonas toyotomiensis,Ectopseudomonas,0,3034.13037109375,0,6
GCF_017255415.1,Clostridium aminobutyricum,Clostridium,2,1811.943359375,0,1
GCF_035918295.1,Amycolatopsis rhabdoformis,Amycolatopsis,0,3010.28125,0,6
GCF_017301735.1,Pyxidicoccus parkwayensis,Pyxidicoccus,0,3042.679443359375,0,3
GCF_017302975.1,Corallococcus exiguus,Corallococcus,0,3047.933349609375,0,3
GCF_035920485.1,Nonomuraea glycinis,Nonomuraea,0,2994.7342529296875,0.6666666666666666,6
GCF_035957715.1,Streptomyces phaeochromogenes,Streptomyces,2,3026.134765625,0,1
GCF_900458355.1,Staphylococcus devriesei,Staphylococcus,3,3049.93330078125,1.8,15
GCF_035990065.1,Kocuria rhizophila,Kocuria,0,3023.5537109375,0,3
GCF_036010405.1,Kitasatospora purpeofusca,Kitasatospora,3,3012.9541015625,0,3
GCF_900459045.1,Streptococcus acidominimus,Streptococcus,4,3067.750244140625,0,6
GCF_017309605.1,Serratia ureilytica,Serratia,0,3033.3435988653273,0.2857142857142857,21
GCF_036014075.1,Streptomyces violaceus,Streptomyces,0,3019.424560546875,0,15
GCF_900459175.1,Streptococcus downei,Streptococcus,0,3050.2619140625,0,15
GCF_036051655.1,Nocardia puris,Nocardia,0,3010.28125,0,3
GCF_017309675.2,Bacteroides humanifaecis,Bacteroides,4,3026.134765625,0,6
GCF_036153515.1,Williamsia herbipolensis,Williamsia,0,3004.336181640625,0,1
GCF_036178885.1,Streptomyces caniferus,Streptomyces,0,2998.1357421875,1,1
GCF_022811565.1,Paenibacillus polymyxa,Paenibacillus,0,2969.3842429136616,0.46153846153846156,78
GCF_036184225.1,Micromonospora globbae,Micromonospora,0,3000.372802734375,0,3
GCF_022811605.1,Agromyces soli,Agromyces,2,3022.17138671875,0,1
GCF_022811645.1,Hymenobacter monticola,Hymenobacter,0,3000.372802734375,0,3
GCF_022811705.1,Agromyces larvae,Agromyces,0,3030.09814453125,0,1
GCF_009720625.1,Metabacillus sediminilitoris,Metabacillus,0,3046.417794363839,0,91
GCF_017310015.1,Marinobacterium iners,Marinobacterium,0,3049.961083984375,0,10
GCF_022814725.1,Bdellovibrio reynosensis,Bdellovibrio,0,3000.372802734375,0,1
GCF_900459215.1,Streptococcus criceti,Streptococcus,6,3051.96044921875,0,15
GCF_017315725.1,Trinickia acidisoli,Trinickia,4,3034.0615234375,0,6
GCF_900459315.1,Faecalicoccus pleomorphus,Faecalicoccus,3,3055.860107421875,0,3
GCF_036189845.1,Streptomyces jietaisiensis,Streptomyces,0,3015.461181640625,0,15
GCF_036208045.1,Thiorhodovibrio winogradskyi,Thiorhodovibrio,0,3032.079833984375,0,1
GCF_017316305.2,Candidatus Enterococcus mangumiae,Candidatus,0,3082.073486328125,0,15
GCF_900459365.1,Streptococcus massiliensis,Streptococcus,0,3065.123291015625,0,15
GCF_036227585.1,Streptomyces niveus,Streptomyces,0,3017.5628255208335,0.3333333333333333,15
GCF_036245075.1,Dictyobacter halimunensis,Dictyobacter,0,2902.163533528646,0,6
GCF_900459485.1,Streptococcus macacae,Streptococcus,0,3049.153857421875,0,10
GCF_900460155.1,Tsukamurella pulmonis,Tsukamurella,2,3014.24462890625,0,1
GCF_009727155.1,Pseudoduganella dura,Pseudoduganella,8,2994.2196451822915,0,36
GCF_900460175.1,Legionella maceachernii,Legionella,0,3060.5148111979165,0,3
GCF_036251875.1,Orbus sturtevantii,Orbus,0,3049.9150390625,0,6
GCF_900460215.1,Suttonella indologenes,Suttonella,3,3016.91748046875,0,3
GCF_036251935.1,Orbus wheelerorum,Orbus,4,3049.9150390625,0,6
GCF_036287335.1,Dietzia cinnamea,Dietzia,0,2957.522908528646,0,6
GCF_009730055.1,Yersinia intermedia,Yersinia,0,3021.002022879464,0,21
GCF_009730295.1,Gemella sanguinis,Gemella,0,3087.567138671875,0,3
GCF_036287475.1,Streptomyces iakyrus,Streptomyces,3,2979.429720052083,0.3333333333333333,15
GCF_036320485.1,Dyella aluminiiresistens,Dyella,0,3061.80517578125,0,1
GCF_022818495.1,Fodinisporobacter ferrooxydans,Fodinisporobacter,0,3029.016719933712,0,66
GCF_022834715.1,Granulimonas faecalis,Granulimonas,0,3010.28125,0,3
GCF_009734005.1,Enterococcus faecium,Enterococcus,0,3091.530517578125,0,15
GCF_017347565.1,Methylobacterium indicum,Methylobacterium,0,2820.7475363991475,1.018181818181818,55
GCF_022835095.1,Faecalicatena contorta,Faecalicatena,0,2799.9407958984375,0,6
GCF_017347585.1,Caldicellulosiruptor diazotrophicus,Caldicellulosiruptor,0,3056.55126953125,0,3
GCF_009734385.1,Corynebacterium kalinowskii,Corynebacterium,0,2970.85400390625,0,6
GCF_900460255.1,Vibrio cincinnatiensis,Vibrio,0,3001.7450032552083,0.5333333333333333,45
GCF_017347605.1,Prevotella herbatica,Prevotella,0,3032.079833984375,0,10
GCF_009734405.1,Corynebacterium comes,Corynebacterium,0,3014.24462890625,0,10
GCF_022836895.1,Pseudomonas palleroniana,Pseudomonas,0,3039.1216634114585,0,15
GCF_022845615.1,Porphyromonas somerae,Porphyromonas,2,3045.95166015625,0,1
GCF_022845715.1,Raoultibacter timonensis,Raoultibacter,0,2990.46435546875,0,1
GCF_036320555.1,Chromobacterium subtsugae,Chromobacterium,8,3043.969970703125,0,28
GCF_036321625.1,Microaceticoccus formicicus,Microaceticoccus,3,3032.77099609375,0,3
GCF_036321945.1,Flavobacterium facile,Flavobacterium,2,2262.578857421875,0,1
GCF_036323495.1,Limnobacter thiooxidans,Limnobacter,2,3030.09814453125,0,1
GCF_017352115.1,Flavobacterium endoglycinae,Flavobacterium,0,3000.372802734375,0,10
GCF_017352135.1,Rhizobium lentis,Rhizobium,0,2934.97705078125,0,3
GCF_022846515.1,Enterococcus innesii,Enterococcus,0,3082.073583984375,0,10
GCF_022846615.1,Roseomonas fluvialis,Roseomonas,0,2946.8671875,0,1
GCF_900460295.1,Vibrio metschnikovii,Vibrio,0,3013.5010695684523,0.2857142857142857,21
GCF_009734425.1,Corynebacterium occultum,Corynebacterium,0,3003.69091796875,0,15
GCF_017352215.1,Alkalibacter rhizosphaerae,Alkalibacter,0,3006.3638916015625,0,6
GCF_009734445.1,Candidatus Syntrophocurvum alkaliphilum,Candidatus,0,3127.200927734375,0,3
GCF_022867795.2,Chitinophaga horti,Chitinophaga,0,3010.3272705078125,0,6
GCF_022869005.1,Corynebacterium kalidii,Corynebacterium,0,3004.336181640625,0,3
GCF_900460315.1,Veillonella criceti,Veillonella,5,3065.952392578125,0.6,10
GCF_022869645.1,Neisseria meningitidis,Neisseria,0,3049.9381103515625,0,6
GCF_036327715.1,Weissella paramesenteroides,Weissella,0,3082.2271670386904,0.8571428571428571,21
GCF_900460335.1,Tissierella praeacuta,Tissierella,4,3036.043212890625,0,6
GCF_022869785.1,Dyadobacter chenwenxiniae,Dyadobacter,3,2988.482666015625,0,3
GCF_017352235.1,Glaesserella parasuis,Glaesserella,0,3057.841796875,0,15
GCF_009738185.1,Erwinia sorbitola,Erwinia,0,3013.7386881510415,0,15
GCF_009739515.1,Alterirhizorhabdus profundi,Alterirhizorhabdus,1,2914.905517578125,2,1
GCF_022870505.1,Burkholderia perseverans,Burkholderia,0,3038.02490234375,0,6
GCF_022870845.1,Uruburuella suis,Uruburuella,0,3053.87841796875,0,6
GCF_009739535.1,Lentilactobacillus kefiri,Lentilactobacillus,0,3087.7509033203123,0,10
GCF_036346855.1,Streptomyces europaeiscabiei,Streptomyces,0,3019.424560546875,0,15
GCF_022870865.1,Uruburuella testudinis,Uruburuella,0,3053.87841796875,0,6
GCF_017354945.1,Shewanella avicenniae,Shewanella,0,3057.841796875,0,21
GCF_036352035.1,Burkholderia multivorans,Burkholderia,0,3030.14404296875,0,10
GCF_022870885.1,Neisseria dumasiana,Neisseria,0,3053.87841796875,0,6
GCF_036422035.1,Plantactinospora sonchi,Plantactinospora,0,3004.336181640625,0,1
GCF_036488675.1,Sinorhizobium chiapasense,Sinorhizobium,0,2942.90380859375,0,3
GCF_009739905.1,Streptomyces ficellus,Streptomyces,0,3025.489501953125,0,15
GCF_022870905.1,Neisseria arctica,Neisseria,0,3053.87841796875,0,6
GCF_036511535.1,Dysgonomonas capnocytophagoides,Dysgonomonas,0,2999.5867919921875,0,6
GCF_017354965.1,Shewanella sedimentimangrovi,Shewanella,0,3057.841796875,0,28
GCF_022870945.1,Vitreoscilla stercoraria,Vitreoscilla,0,3032.361014229911,0.2857142857142857,21
GCF_900460385.1,Vibrio mimicus,Vibrio,0,3057.841796875,0,55
GCF_036512875.1,Xenorhabdus taiwanensis,Xenorhabdus,0,3040.8491327194943,0.7619047619047619,21
GCF_036541335.1,Aquilutibacter rugosus,Aquilutibacter,0,3065.7685546875,0,1
GCF_036584485.1,Luteimonas flava,Luteimonas,0,3061.80517578125,0,1
GCF_022871025.1,Conchiformibius kuhniae,Conchiformibius,0,2946.9365234375,1,6
GCF_022871045.2,Alysiella crassa,Alysiella,0,2970.036336263021,0,6
GCF_036585405.1,Pseudomonas batumici,Pseudomonas,0,3037.5455403645833,0,15
GCF_036621415.1,Nitratireductor thuwali,Nitratireductor,0,2974.61083984375,0,1
GCF_022879615.1,Caballeronia grimmiae,Caballeronia,0,3036.043212890625,0,10
GCF_900460525.1,Yersinia kristensenii,Yersinia,0,3046.5836123511904,0,21
GCF_900461585.1,Legionella parisiensis,Legionella,0,3059.823486328125,0,3
GCF_017354985.1,Shewanella cyperi,Shewanella,0,3036.732352120536,0,28
GCF_017355405.1,Roseomonas haemaphysalidis,Roseomonas,0,2950.83056640625,0,3
GCF_036632915.2,Faecalibacterium taiwanense,Faecalibacterium,0,2951.345947265625,0.6666666666666666,15
GCF_022879815.1,Caballeronia zhejiangensis,Caballeronia,0,3036.043212890625,0,15
GCF_017357045.1,Bifidobacterium imperatoris,Bifidobacterium,0,2977.228125,0,10
GCF_022899245.1,Falsirhodobacter halotolerans,Falsirhodobacter,0,2903.27001953125,0,3
GCF_017357225.1,Rhizobium binae,Rhizobium,0,2934.97705078125,0,3
GCF_017357245.1,Rhizobium bangladeshense,Rhizobium,0,2934.97705078125,0,3
GCF_017357285.1,Rhizobium ruizarguesonis,Rhizobium,0,2929.72314453125,0,3
GCF_022919095.1,Halobacillus salinarum,Halobacillus,3,3077.2448381696427,0.5714285714285714,21
GCF_022919175.1,Leucobacter rhizosphaerae,Leucobacter,0,3018.2080078125,0,1
GCF_017377655.2,Candidatus Enterococcus ferrettii,Candidatus,0,3086.921875,0,15
GCF_022919215.1,Hymenobacter cellulosilyticus,Hymenobacter,0,2907.3448893229165,0,3
GCF_009739945.1,Bacillus luti,Bacillus,0,3067.0167518028848,0.14285714285714285,91
GCF_009740285.1,Phnomibacter ginsenosidimutans,Phnomibacter,0,3018.254150390625,0,1
GCF_009740395.1,Noviluteimonas gilva,Noviluteimonas,0,3061.80517578125,0,1
GCF_017378515.1,Bifidobacterium saguini,Bifidobacterium,0,2932.83544921875,0,10
GCF_009745975.1,Actinokineospora pegani,Actinokineospora,0,3008.299560546875,0,3
GCF_009746125.1,Casimicrobium huifangae,Casimicrobium,0,3040.006591796875,0,1
GCF_009755585.1,Lysobacter soli,Lysobacter,0,3061.80517578125,0,1
GCF_009755645.1,Pseudomonas alkylphenolica,Pseudomonas,0,3045.95166015625,0,15
GCF_009756665.1,Permianibacter aggregans,Permianibacter,1,3012.134765625,0,1
GCF_009762775.1,Maribellus comscasis,Maribellus,2,3016.226318359375,0,1
GCF_009765165.1,Lysobacter panacisoli,Lysobacter,0,3061.80517578125,0,1
GCF_009769165.1,Xanthomonas hyacinthi,Xanthomonas,0,3061.80517578125,0,1
GCF_017426705.2,Candidatus Enterococcus lowellii,Candidatus,1,3065.050537109375,0,21
GCF_009789575.1,Stappia indica,Stappia,0,2942.90380859375,0,1
GCF_017487345.1,Brevundimonas pondensis,Brevundimonas,0,2895.34326171875,0,1
GCF_017487405.1,Brevundimonas goettingensis,Brevundimonas,0,2899.306640625,0,1
GCF_022919835.1,Halobacillus shinanisalinarum,Halobacillus,8,3090.393052842882,0.2222222222222222,36
GCF_022921055.1,Hymenobacter volaticus,Hymenobacter,0,2952.4287109375,0,1
GCF_017488845.2,Ensifer canadensis,Ensifer,0,2942.90380859375,0,10
GCF_017498485.1,Polaribacter batillariae,Polaribacter,2,3012.262939453125,0,1
GCF_009789595.1,Pseudoduganella flava,Pseudoduganella,6,2996.75908203125,0.3333333333333333,15
GCF_017498585.1,Acinetobacter towneri,Acinetobacter,1,2938.6507161458335,0.6666666666666666,3
GCF_036670025.1,Niallia oryzisoli,Niallia,0,3008.9261161608574,0.6923076923076923,78
GCF_009789655.1,Paraburkholderia acidiphila,Paraburkholderia,0,2988.054833984375,0,10
GCF_036689615.1,Pseudomonas chlororaphis,Pseudomonas,0,3045.95166015625,0,10
GCF_009789675.1,Paraburkholderia acidisoli,Paraburkholderia,0,2910.175537109375,5.666666666666667,6
GCF_022921115.1,Halobacillus amylolyticus,Halobacillus,6,3075.176583426339,0.25,28
GCF_017498685.1,Yersinia ruckeri,Yersinia,0,3057.841796875,0,21
GCF_023008245.1,Flavobacterium sediminilitoris,Flavobacterium,3,3008.299560546875,0,3
GCF_036689625.1,Ligilactobacillus saerimneri,Ligilactobacillus,0,3119.274169921875,0,15
GCF_009792295.1,Myroides fluvii,Myroides,0,3008.299560546875,0,15
GCF_036700015.1,Shouchella rhizosphaerae,Shouchella,3,2989.6329752604165,0,3
GCF_009796305.1,Dehalobacter restrictus,Dehalobacter,0,3103.420654296875,0,3
GCF_900465055.1,Moritella yayanosii,Moritella,0,3061.80517578125,0,120
GCF_017526105.1,Streptomyces cyanogenus,Streptomyces,0,2913.7647298177085,4.333333333333333,15
GCF_017569185.1,Polaribacter cellanae,Polaribacter,2,3012.262939453125,0,1
GCF_023022985.1,Arthrobacter gengyunqii,Arthrobacter,0,3028.116455078125,0,15
GCF_023038235.1,Shinella oryzae,Shinella,0,2942.90380859375,0,3
GCF_023078455.1,Luteibacter aegosomatis,Luteibacter,0,3061.80517578125,0,1
GCF_023078475.1,Luteibacter aegosomaticola,Luteibacter,0,3061.80517578125,0,1
GCF_023078495.1,Luteibacter aegosomatissinici,Luteibacter,0,3061.80517578125,0,1
GCF_023100725.1,Arthrobacter antioxidans,Arthrobacter,0,3040.006591796875,0,6
GCF_009817885.1,Serratia rhizosphaerae,Serratia,0,3043.1006905691966,0.2857142857142857,21
GCF_009826895.1,Stappia sediminis,Stappia,0,2942.90380859375,0,1
GCF_900474605.1,Enterococcus cecorum,Enterococcus,0,3048.268508184524,0.8571428571428571,21
GCF_009827615.1,Allopontixanthobacter confluentis,Allopontixanthobacter,0,2950.83056640625,0,1
GCF_017569925.1,Brenneria izadpanahii,Brenneria,1,2973.788306826637,0.2857142857142857,21
GCF_009827995.1,Parerythrobacter jejuensis,Parerythrobacter,0,2944.885498046875,0,1
GCF_017599325.1,Marinilactibacillus kalidii,Marinilactibacillus,0,3075.677001953125,0,1
GCF_017607425.1,Rhizorhabdus wittichii,Rhizorhabdus,0,2946.8671875,0,1
GCF_009828105.1,Altericroceibacterium indicum,Altericroceibacterium,0,1910.2837890625,31.2,10
GCF_009828925.2,Methylicorpusculum oleiharenae,Methylicorpusculum,0,3041.98828125,0,3
GCF_900474615.1,Mammaliicoccus sciuri,Mammaliicoccus,0,3072.4049479166665,0.3333333333333333,15
GCF_017638545.1,Psychrosphaera ytuae,Psychrosphaera,6,3043.969970703125,0,15
GCF_023149135.1,Fictibacillus marinisediminis,Fictibacillus,0,3063.2699061802455,0,28
GCF_017639855.1,Streptococcus zhangguiae,Streptococcus,0,3067.750244140625,0,6
GCF_009831415.1,Yersinia canariae,Yersinia,0,3021.9746337890624,0.6,10
GCF_900475025.1,Streptococcus ferus,Streptococcus,0,3085.58544921875,0,10
GCF_023156195.1,Chitinophaga sedimenti,Chitinophaga,1,2982.3055419921875,0.5,6
GCF_023162025.1,Flavobacterium pygoscelis,Flavobacterium,2,2154.908447265625,0,1
GCF_017654485.1,Roseomonas marmotae,Roseomonas,0,2934.849365234375,0,6
GCF_036700025.1,Brevibacillus borstelensis,Brevibacillus,0,3032.2204545454547,0.18181818181818182,55
GCF_017724035.1,Xanthomonas euvesicatoria,Xanthomonas,2,3065.7685546875,0,1
GCF_023168405.1,Leptogranulimonas caecicola,Leptogranulimonas,3,2996.409423828125,0,3
GCF_009832765.1,Lentilactobacillus hilgardii,Lentilactobacillus,0,3119.274169921875,0,10
GCF_023169885.1,Desulfofustis limnaeus,Desulfofustis,0,3091.530517578125,0,3
GCF_023169945.1,Anaeromyxobacter oryzae,Anaeromyxobacter,0,3085.58544921875,0,1
GCF_009833965.1,Pelistega ratti,Pelistega,3,3045.95166015625,0,3
GCF_009834165.1,Rathayibacter tanaceti,Rathayibacter,2,3010.3271484375,0,1
GCF_023195775.1,Flavobacterium azooxidireducens,Flavobacterium,0,2983.320556640625,0,3
GCF_900475035.1,Streptococcus pyogenes,Streptococcus,0,3065.52880859375,0,15
GCF_009834925.2,Eggerthella guodeyinii,Eggerthella,0,2990.46435546875,0,3
GCF_023195815.2,Ignavigranum ruoffiae,Ignavigranum,3,3065.7685546875,0,3
GCF_036704165.1,Pseudomonas khavaziana,Pseudomonas,0,3045.95166015625,0,15
GCF_023221575.1,Geomonas paludis,Geomonas,0,3061.89697265625,0,6
GCF_023223505.1,Neorhizobium turbinariae,Neorhizobium,0,2934.97705078125,0,1
GCF_900475285.1,Pseudomonas taetrolens,Pseudomonas,0,3041.74853515625,0,15
GCF_900475315.1,Neisseria cinerea,Neisseria,0,3053.87841796875,0,6
GCF_023272795.1,Flavobacterium humidisoli,Flavobacterium,0,2929.445361328125,0,15
GCF_009856625.1,Aquitalea denitrificans,Aquitalea,7,3036.5972813197545,0.25,28
GCF_009858245.1,Ornithinibacter aureus,Ornithinibacter,0,3038.02490234375,0,1
GCF_017742995.1,Pseudoalteromonas viridis,Pseudoalteromonas,0,3025.0652669270835,0,45
GCF_900475415.1,Streptococcus porcinus,Streptococcus,6,3069.73193359375,0,15
GCF_900475505.1,Streptococcus sanguinis,Streptococcus,0,3067.750244140625,0,6
GCF_900475555.1,Micrococcus luteus,Micrococcus,0,1825.8302001953125,0,1
GCF_009873295.1,Pectobacterium brasiliense,Pectobacterium,1,2959.7588471912204,2.1904761904761907,21
GCF_009883735.1,Xanthomonas cucurbitae,Xanthomonas,2,3065.7685546875,0,1
GCF_017743015.1,Xenorhabdus budapestensis,Xenorhabdus,0,3049.5857282366073,0,21
GCF_900475595.1,Streptococcus uberis,Streptococcus,6,3069.73193359375,0,15
GCF_017751145.1,Iocasia fonsfrigidae,Iocasia,0,3051.9886474609375,0,6
GCF_009884975.1,Acinetobacter dispersus,Acinetobacter,6,3047.933349609375,0,15
GCF_900475625.1,Levilactobacillus brevis,Levilactobacillus,5,3093.963623046875,0,10
GCF_017753665.1,Neisseria sicca,Neisseria,0,3053.87841796875,0,6
GCF_023276405.1,Paenibacillus hamazuiensis,Paenibacillus,0,2928.368337673611,0,45
GCF_009901525.1,Kordia antarctica,Kordia,0,3020.189697265625,0,3
GCF_023276655.1,Olsenella intestinalis,Olsenella,0,3002.3544921875,0,1
GCF_036812735.1,Terrisporobacter glycolicus,Terrisporobacter,12,2971.7909712357955,0,66
GCF_009905215.1,Tichowtungia aerotolerans,Tichowtungia,0,3117.29248046875,0,1
GCF_023277115.1,Acidithiobacillus acidisediminis,Acidithiobacillus,0,3043.969970703125,0,1
GCF_036840915.1,Flavobacterium hankyongi,Flavobacterium,0,3004.336181640625,0,3
GCF_009905255.1,Thermoanaerobacterium aotearoense,Thermoanaerobacterium,0,2975.393798828125,0,3
GCF_009906855.1,Xylophilus rhododendri,Xylophilus,0,3027.51708984375,0,3
GCF_009910365.1,Aequoribacter fuscus,Aequoribacter,0,2969.078857421875,0,1
GCF_036864995.1,Pseudomonas trivialis,Pseudomonas,0,3045.95166015625,0,10
GCF_009911755.1,Pseudomonas knackmussii,Pseudomonas,0,3028.7667236328125,0,6
GCF_036880965.1,Roseateles microcysteis,Roseateles,0,3030.09814453125,0,1
GCF_009913435.1,Sphingomonas changnyeongensis,Sphingomonas,0,2942.90380859375,0,1
GCF_900475675.1,Streptococcus lutetiensis,Streptococcus,7,3065.2287248883927,0,21
GCF_023277505.1,Sphingobacterium siyangense,Sphingobacterium,0,3000.8263811383927,0,21
GCF_009913655.1,Lactiplantibacillus plantarum,Lactiplantibacillus,0,3088.064453125,0,10
GCF_023330585.1,Pseudomonas bijieensis,Pseudomonas,0,3045.95166015625,0,10
GCF_023337365.3,Xanthomonas nasturtii,Xanthomonas,2,3065.7685546875,0,1
GCF_017792025.1,Sediminibacillus dalangtanensis,Sediminibacillus,0,3077.0108981662324,0,36
GCF_017795125.1,Pseudooceanicola atlanticus,Pseudooceanicola,0,2893.40771484375,1,1
GCF_017813335.1,Tianweitania sediminis,Tianweitania,0,2942.90380859375,0,1
GCF_023347705.1,Fenollaria massiliensis,Fenollaria,4,2993.58154296875,0,6
GCF_017815575.1,Desulfovibrio desulfuricans,Desulfovibrio,1,3050.4056803385415,0.6666666666666666,3
GCF_900475855.1,Providencia heimbachae,Providencia,0,3033.0735793340773,0,21
GCF_017831975.1,Microbacterium terrae,Microbacterium,2,3018.2080078125,0,1
GCF_023373525.1,Brachybacterium kimchii,Brachybacterium,3,3014.24462890625,0,3
GCF_023373785.1,Alcaligenes aquatilis,Alcaligenes,3,3034.1536458333335,0,3
GCF_009914055.1,Mixta intestinalis,Mixta,0,2997.951462518601,0.8571428571428571,21
GCF_900475885.1,Haemophilus aegyptius,Haemophilus,0,3047.168212890625,0,10
GCF_009914475.1,Acinetobacter indicus,Acinetobacter,4,2982.879150390625,0,6
GCF_009930795.1,Marisediminicola antarctica,Marisediminicola,0,3010.28125,0,1
GCF_900475915.1,Arcanobacterium haemolyticum,Arcanobacterium,4,3015.5628662109375,0,6
GCF_017834145.1,Leucobacter exalbidus,Leucobacter,6,3004.898828125,0,15
GCF_036880985.1,Limibacter armeniacum,Limibacter,0,3004.0777669270833,0.2,45
GCF_017875555.1,Amycolatopsis magusensis,Amycolatopsis,0,3002.37744140625,0,6
GCF_017875645.1,Nocardia goodfellowii,Nocardia,0,3010.28125,0,3
GCF_900475945.1,Pseudomonas mucidolens,Pseudomonas,0,3028.6142578125,1.2,10
GCF_017876295.1,Kribbella aluminosa,Kribbella,0,3022.17138671875,0,1
GCF_036884265.1,Pseudomonas benzopyrenica,Pseudomonas,0,3042.7994140625,0,10
GCF_900475975.1,Streptococcus intermedius,Streptococcus,0,3083.603759765625,0,6
GCF_017876315.1,Pseudonocardia parietis,Pseudonocardia,0,3005.073527018229,0,6
GCF_023374935.1,Citrobacter portucalensis,Citrobacter,1,3038.0187377929688,0.5,28
GCF_009931295.1,Pectobacterium odoriferum,Pectobacterium,0,3047.6039690290177,0,21
GCF_009931595.1,Xanthomonas albilineans,Xanthomonas,0,3061.80517578125,0,1
GCF_009931655.1,Pontibacter russatus,Pontibacter,0,3018.2080078125,0,3
GCF_009932435.1,Gordonia crocea,Gordonia,0,3014.24462890625,0,1
GCF_017876325.1,Saccharothrix coeruleofusca,Saccharothrix,0,2999.607666015625,0,10
GCF_017876395.1,Nesterenkonia lacusekhoensis,Nesterenkonia,2,3020.235595703125,0,1
GCF_023380205.1,Nicoliella spurrieriana,Nicoliella,5,3094.866748046875,0.4,10
GCF_009932475.1,Gordonia spumicola,Gordonia,4,3006.36376953125,0,6
GCF_017876405.1,Kibdelosporangium banguiense,Kibdelosporangium,0,3010.28125,0,3
GCF_017876515.1,Brachybacterium fresconis,Brachybacterium,0,3010.28125,0,3
GCF_023380245.1,Bombilactobacillus thymidiniphilus,Bombilactobacillus,0,3105.40234375,0,6
GCF_017876545.1,Brachybacterium sacelli,Brachybacterium,0,3002.400390625,0,1
GCF_009933255.2,Enterococcus diestrammenae,Enterococcus,0,3069.823828125,0,10
GCF_023380265.1,Bombilactobacillus folatiphilus,Bombilactobacillus,0,3105.40234375,0,6
GCF_036885605.1,Janthinobacterium aestuarii,Janthinobacterium,8,3016.892822265625,0,28
GCF_900476005.1,Aeromonas caviae,Aeromonas,0,3042.666259765625,0,28
GCF_017876575.1,Paeniglutamicibacter psychrophenolicus,Paeniglutamicibacter,0,3011.543798828125,0,10
GCF_036967205.1,Streptomyces citrinus,Streptomyces,0,3002.1842447916665,0.6666666666666666,3
GCF_017876595.1,Aeromicrobium fastidiosum,Aeromicrobium,2,3006.31787109375,0,1
GCF_023497905.1,Phascolarctobacterium succinatutens,Phascolarctobacterium,0,3236.874951171875,0,10
GCF_023498005.1,Streptomyces durmitorensis,Streptomyces,0,3002.1842447916665,0.6666666666666666,3
GCF_017876675.1,Arthrobacter stackebrandtii,Arthrobacter,5,3038.02490234375,0,10
GCF_017893965.1,Treponema parvum,Treponema,2,3061.80517578125,0,1
GCF_017894325.1,Bifidobacterium bifidum,Bifidobacterium,0,3028.116455078125,0,1
GCF_900476035.1,Aggregatibacter segnis,Aggregatibacter,0,3051.896728515625,0,15
GCF_023499275.1,Lactococcus petauri,Lactococcus,0,3069.73193359375,0,10
GCF_900476045.1,Gemella morbillorum,Gemella,4,3085.58544921875,0,6
GCF_009936155.1,Chromobacterium haemolyticum,Chromobacterium,8,3043.969970703125,0,28
GCF_017894345.1,Lactobacillus taiwanensis,Lactobacillus,0,3102.1482421875,0.4,10
GCF_009936215.1,Athalassotoga saccharophila,Athalassotoga,2,3057.841796875,0,1
GCF_900476055.1,Streptococcus australis,Streptococcus,4,3053.9703369140625,0.5,6
GCF_009937995.1,Sulfuriferula nivalis,Sulfuriferula,0,3047.933349609375,0,3
GCF_900476085.1,Mycoplasmoides gallisepticum,Mycoplasmoides,0,2966.913818359375,0,1
GCF_037023725.1,Pseudomonas bubulae,Pseudomonas,0,3032.160478864397,0.25,28
GCF_009938015.1,Sulfuriferula plumbiphila,Sulfuriferula,0,3049.9150390625,0,1
GCF_900476175.1,Mycoplasma putrefaciens,Mycoplasma,2,3010.327392578125,0,1
GCF_017894365.1,Aromatoleum bremense,Aromatoleum,0,3043.969970703125,0,6
GCF_037023865.1,Sinorhizobium meliloti,Sinorhizobium,0,2942.90380859375,0,3
GCF_037044555.1,Pelagibacterium nitratireducens,Pelagibacterium,0,2944.885498046875,0,1
GCF_037055245.1,Brevundimonas olei,Brevundimonas,0,2899.306640625,0,1
GCF_037055315.1,Arachnia rubra,Arachnia,0,3014.29052734375,0,1
GCF_900476255.1,Porphyromonas crevioricanis,Porphyromonas,4,3034.0615234375,0,6
GCF_017894385.1,Aromatoleum petrolei,Aromatoleum,0,3040.029541015625,0,6
GCF_023509015.1,Pseudomonas abieticivorans,Pseudomonas,0,3035.4440801711307,0,21
GCF_023515995.1,Candidatus Mycobacterium methanotrophicum,Candidatus,0,3067.750244140625,0,1
GCF_017915135.1,Ectopseudomonas khazarica,Ectopseudomonas,0,3042.01123046875,0,6
GCF_017916175.1,Wolbachia endosymbiont of Drosophila auraria,Wolbachia,1,-721.9072265625,105,1
GCF_017939745.1,Gemmata palustris,Gemmata,1,2836.814697265625,0,1
GCF_017945865.1,Xiamenia xianingshaonis,Xiamenia,3,2994.427734375,0,3
GCF_017948305.1,Faecalibacter bovis,Faecalibacter,0,2992.31787109375,0,1
GCF_037060685.1,Yersinia bercovieri,Yersinia,0,3050.4864095052085,0,15
GCF_900477945.1,Haemophilus haemolyticus,Haemophilus,0,3047.693603515625,0,15
GCF_017948325.1,Brevibacterium oceani,Brevibacterium,1,3006.1904296875,0.5,6
GCF_900478035.1,Corynebacterium renale,Corynebacterium,4,3024.153076171875,0,6
GCF_900478045.1,Corynebacterium minutissimum,Corynebacterium,0,2939.7054850260415,0,3
GCF_037076425.1,Turicibacter faecis,Turicibacter,0,2986.99853515625,0,10
GCF_023517775.1,Mixta hanseatica,Mixta,0,3055.860107421875,0,21
GCF_017948405.1,Psychrosphaera aestuarii,Psychrosphaera,0,3040.006591796875,0,10
GCF_018024475.1,Candidatus Phytoplasma luffae,Candidatus,2,3040.006591796875,0,1
GCF_900478115.1,Rhodococcus coprophilus,Rhodococcus,0,3018.2080078125,0,6
GCF_018024495.1,Agromyces archimandritae,Agromyces,2,3010.153564453125,0,1
GCF_023518055.1,Aggregatibacter actinomycetemcomitans,Aggregatibacter,0,3051.896728515625,0,15
GCF_023525255.1,Thermospira aquatica,Thermospira,0,2912.705322265625,2,1
GCF_023555375.1,Guyparkeria hydrothermalis,Guyparkeria,2,3059.823486328125,0,1
GCF_023556315.2,Psychroserpens ponticola,Psychroserpens,0,3016.226318359375,0,1
GCF_037076465.1,Pectobacterium araliae,Pectobacterium,0,3018.4791550409227,0.47619047619047616,21
GCF_037076535.1,Novosphingobium olei,Novosphingobium,0,2942.90380859375,0,1
GCF_023573145.1,Aquincola tertiaricarbonis,Aquincola,0,3030.09814453125,0,3
GCF_009938185.1,Vibrio taketomensis,Vibrio,1,2685.360662286932,5.654545454545454,55
GCF_023612255.1,Luteibacter flocculans,Luteibacter,0,3061.80517578125,0,1
GCF_037099765.1,Streptomyces griseoaurantiacus,Streptomyces,2,3003.6214192708335,0,3
GCF_900478135.1,Leminorella richardii,Leminorella,0,3053.6085030691966,0,21
GCF_037101365.1,Ralstonia syzygii,Ralstonia,0,3043.969970703125,0,3
GCF_023614525.1,Peptoniphilus genitalis,Peptoniphilus,3,2980.14013671875,0,3
GCF_037157775.1,Pendulispora brunnea,Pendulispora,0,3077.059326171875,0,3
GCF_037157805.1,Pendulispora rubella,Pendulispora,0,3087.567138671875,0,3
GCF_018064205.1,Comamonas aquatica,Comamonas,0,3002.6516636439733,0.75,28
GCF_018069625.1,Streptomyces yatensis,Streptomyces,2,2839.531005859375,1,1
GCF_037157815.1,Pendulispora albinea,Pendulispora,0,3077.0594889322915,0,3
GCF_037198315.1,Janibacter alittae,Janibacter,0,3026.134765625,0,1
GCF_009938205.1,Vibrio panuliri,Vibrio,0,2991.2966145833334,3.1333333333333333,15
GCF_009938225.1,Vibrio ponticus,Vibrio,0,2787.798583984375,2,1
GCF_018069705.1,Aminithiophilus ramosus,Aminithiophilus,0,3007.031982421875,0,6
GCF_018069755.1,Ideonella aquatica,Ideonella,2,3030.09814453125,0,1
GCF_018069845.1,Ideonella alba,Ideonella,0,3030.09814453125,0,1
GCF_010092985.1,Pontibacter pudoricolor,Pontibacter,1,3002.2265625,0,6
GCF_023634805.2,Comamonas endophytica,Comamonas,0,3023.7644624255954,0,21
GCF_010119235.1,Flavobacterium phycosphaerae,Flavobacterium,0,2985.7552897135415,0,3
GCF_010119935.1,Paenibacillus lycopersici,Paenibacillus,0,2888.126220703125,0,1
GCF_010119975.1,Rhodocytophaga rosea,Rhodocytophaga,0,2986.5009765625,0,3
GCF_018075365.1,Virgibacillus pantothenticus,Virgibacillus,0,3091.45654296875,0,15
GCF_018118585.1,Aristaeella lactis,Aristaeella,2,2978.787353515625,0.6666666666666666,3
GCF_900478165.1,Lederbergia lenta,Lederbergia,0,3061.22896999783,0.2222222222222222,36
GCF_900497695.1,Pseudomonas wadenswilerensis,Pseudomonas,0,2282.275146484375,0,1
GCF_018127725.1,Streptococcus lactarius,Streptococcus,4,3056.59716796875,0,6
GCF_018127765.1,Prevotella veroralis,Prevotella,2,2900.087890625,4,1
GCF_010120715.1,Aminipila terrae,Aminipila,6,2983.2626139322915,0.3333333333333333,15
GCF_037201795.1,Metabacillus rhizosphaerae,Metabacillus,0,3014.3804592556426,0,36
GCF_018127785.1,Prevotella scopos,Prevotella,4,3034.0615234375,0,6
GCF_018127825.1,Prevotella nigrescens,Prevotella,3,3024.8905436197915,0,3
GCF_010365285.1,Paenibacillus rhizovicinus,Paenibacillus,0,2882.91474609375,4,10
GCF_900537995.1,Roseburia intestinalis,Roseburia,0,3001.247981770833,0.6666666666666666,15
GCF_010367455.1,Candidatus Laterigemmans baculatus,Candidatus,0,3107.384033203125,0,1
GCF_018127985.1,Prevotella multiformis,Prevotella,1,2939.405476888021,0.8333333333333334,6
GCF_900538275.1,Petrocella atlantisensis,Petrocella,0,2956.3387044270835,0.6666666666666666,6
GCF_900603025.1,Mycolicibacterium hassiacum,Mycolicibacterium,0,3022.17138671875,0,1
GCF_900604285.1,Varibaculum vaginae,Varibaculum,2,3051.896728515625,0,1
GCF_018128125.1,Prevotella histicola,Prevotella,4,3034.0615234375,0,6
GCF_010367585.1,Micrococcus luteus ATCC 49442,Micrococcus,0,3010.4025146484373,0,10
GCF_018128205.1,Prevotella denticola,Prevotella,2,3034.0615234375,0,1
GCF_010378095.2,Acidithiobacillus ferrianus,Acidithiobacillus,2,3043.969970703125,0,1
GCF_010448835.1,Draconibacterium halophilum,Draconibacterium,0,3020.189697265625,0,1
GCF_018128265.1,Cellulosimicrobium cellulans,Cellulosimicrobium,0,3010.972412109375,0,3
GCF_010450875.1,Sphingomonas insulae,Sphingomonas,0,2956.775634765625,0,3
GCF_010450895.1,Rhizobium daejeonense,Rhizobium,0,2942.90380859375,0,6
GCF_900604315.1,Erwinia mediterraneensis,Erwinia,0,3049.1050851004466,0,21
GCF_900604355.1,Luxibacter massiliensis,Luxibacter,0,3038.02490234375,0,6
GCF_018128425.1,Citrobacter sedlakii,Citrobacter,0,3052.1073172433034,0,21
GCF_900604385.1,Alistipes megaguti,Alistipes,3,3007.100830078125,0,3
GCF_018128945.1,Aristaeella hokkaidonensis,Aristaeella,2,3002.4296875,1.3333333333333333,3
GCF_018135625.1,Phenylobacterium montanum,Phenylobacterium,0,2936.958740234375,0,1
GCF_900604485.1,Enterococcus mediterraneensis,Enterococcus,0,3083.649658203125,0,6
GCF_018137985.1,Streptococcus oriscaviae,Streptococcus,0,3085.58544921875,0,6
GCF_900604955.1,Neoactinobaculum massilliense,Neoactinobaculum,0,3059.823486328125,0,6
GCF_900607215.1,Prevotella rectalis,Prevotella,2,3002.5390625,3,1
GCF_900618115.1,Actinobaculum suis,Actinobaculum,0,3049.1693522135415,0,3
GCF_900624755.1,Alistipes senegalensis,Alistipes,2,3028.116455078125,0,1
GCF_900625065.1,Prevotella marseillensis,Prevotella,0,2984.79541015625,2.5,6
GCF_900626105.1,Gulosibacter massiliensis,Gulosibacter,2,3010.3271484375,0,1
GCF_900626135.1,Senegalia massiliensis,Senegalia,2,3017.0096028645835,0.6666666666666666,3
GCF_010450915.1,Paenibacillus jilunlii,Paenibacillus,0,3049.9050184461807,0,45
GCF_900626215.1,Corynebacterium neomassiliense,Corynebacterium,0,3005.0275065104165,0.6666666666666666,3
GCF_900635775.1,Avibacterium volantium,Avibacterium,0,3055.860107421875,0,1
GCF_037201805.1,Bacillus kandeliae,Bacillus,0,3059.7643103966348,0,78
GCF_018138125.1,Exiguobacterium alkaliphilum,Exiguobacterium,0,3068.1380353655136,0.25,28
GCF_900635955.1,Cedecea lapagei,Cedecea,0,2985.1617431640625,0,6
GCF_010509575.1,Faecalibacterium duncaniae,Faecalibacterium,0,2972.88671875,0,15
GCF_023653455.2,Paraclostridium ghonii,Paraclostridium,16,2949.6005859375,0,120
GCF_900636445.1,Streptococcus vestibularis,Streptococcus,6,3067.750244140625,0,15
GCF_018139125.1,Acinetobacter soli,Acinetobacter,0,3024.8092215401784,0,21
GCF_900636475.1,Streptococcus anginosus,Streptococcus,0,3083.603759765625,0,6
GCF_010537335.1,Amedibacterium intestinale,Amedibacterium,0,3030.761572265625,0.3333333333333333,15
GCF_900636575.1,Streptococcus canis,Streptococcus,0,3069.73193359375,0,15
GCF_010587025.1,Rodentibacter caecimuris,Rodentibacter,0,3030.3100748697916,0.5333333333333333,15
GCF_010669125.1,Ancylobacter pratisalsi,Ancylobacter,0,2950.83056640625,0,1
GCF_010669145.1,Rhizobium oryzihabitans,Rhizobium,0,2942.90380859375,0,3
GCF_037201815.1,Metabacillus sediminis,Metabacillus,0,3046.7626953125,0,45
GCF_900636685.1,Staphylococcus schweitzeri,Staphylococcus,0,3059.1274169921876,0,10
GCF_037201985.1,Lwoffella lincolnii,Lwoffella,0,3034.0615234375,0,3
GCF_023656515.1,Clostridium swellfunianum,Clostridium,0,2978.57421875,0,36
GCF_023699965.1,Luteibacter anthropi,Luteibacter,0,3047.8056640625,0,1
GCF_018140635.1,Anaerobutyricum hallii,Anaerobutyricum,0,2920.3868950737847,2.111111111111111,36
GCF_010669225.1,Megamonas funiformis,Megamonas,4,3046.1714680989585,0,15
GCF_037290055.1,Lactiplantibacillus argentoratensis,Lactiplantibacillus,0,3079.3956787109373,0,10
GCF_900636745.1,Actinobacillus equuli,Actinobacillus,0,2993.578548177083,0,15
GCF_023700225.1,Acetobacterium wieringae,Acetobacterium,5,3004.1071533203126,0,10
GCF_023702635.1,Spongiibacter taiwanensis,Spongiibacter,0,3040.006591796875,0,1
GCF_010669245.1,Pseudolactococcus raffinolactis,Pseudolactococcus,0,3085.58544921875,0,6
GCF_037327425.1,Rhodococcus sovatensis,Rhodococcus,0,3008.299560546875,0,6
GCF_010669285.1,Kineobactrum salinum,Kineobactrum,0,2992.281982421875,0,1
GCF_037478035.1,Mycetohabitans endofungorum,Mycetohabitans,0,3038.02490234375,0,3
GCF_900636765.1,Neisseria canis,Neisseria,0,3053.87841796875,0,6
GCF_037478055.1,Mycetohabitans rhizoxinica,Mycetohabitans,0,3034.0615234375,0,3
GCF_037478105.1,Flavobacterium ginsenosidimutans,Flavobacterium,0,3000.372802734375,0,1
GCF_010669305.1,Aminipila butyrica,Aminipila,0,3000.298828125,0,15
GCF_037479095.1,Pantoea nemavictus,Pantoea,0,2934.49619140625,2.4,10
GCF_037482225.1,Mycoplasma gypis,Mycoplasma,0,3002.400390625,0,1
GCF_900636885.1,Streptococcus urinalis,Streptococcus,0,3069.73193359375,0,15
GCF_010681825.2,Sulfuriroseicoccus oceanibius,Sulfuriroseicoccus,0,3056.31162109375,0,10
GCF_010722915.1,Mycolicibacterium agri,Mycolicibacterium,1,2709.2060546875,0,1
GCF_037482245.1,Citrobacter europaeus,Citrobacter,0,3051.131591796875,0,10
GCF_010726245.1,Mycolicibacterium aichiense,Mycolicibacterium,0,3008.299560546875,0,1
GCF_010726505.1,Mycobacterium novum,Mycobacterium,1,2922.816162109375,2,1
GCF_010726765.1,Mycobacterium gallinarum,Mycobacterium,0,3000.24462890625,0,1
GCF_010726955.1,Mycolicibacterium fallax,Mycolicibacterium,0,2952.475341796875,1,1
GCF_010727125.1,Mycolicibacter terrae,Mycolicibacter,1,3024.02587890625,1,1
GCF_010727945.1,Mycobacterium cookii,Mycobacterium,1,3024.02490234375,0,1
GCF_037482325.1,Ochrobactrum teleogrylli,Ochrobactrum,0,2938.9404296875,0,6
GCF_010728155.1,Mycolicibacterium doricum,Mycolicibacterium,0,2477.970947265625,61,1
GCF_900636915.1,Aggregatibacter aphrophilus,Aggregatibacter,0,3049.2698567708335,0,15
GCF_037482965.1,Pedobacter anseongensis,Pedobacter,0,3008.299560546875,0,1
GCF_010728325.1,Mycolicibacterium poriferae,Mycolicibacterium,0,2974.53857421875,0,1
GCF_010728725.1,Mycobacterium branderi,Mycobacterium,0,3004.346435546875,0,1
GCF_010728925.1,Mycolicibacterium gadium,Mycolicibacterium,0,2984.703125,0,1
GCF_900636925.1,Bordetella bronchiseptica,Bordetella,0,3034.0615234375,0,3
GCF_010729485.1,Mycolicibacter hiberniae,Mycolicibacter,2,3041.98828125,0,1
GCF_010729665.1,Mycolicibacterium madagascariense,Mycolicibacterium,0,2946.3193359375,1,1
GCF_010729895.1,Mycolicibacterium confluentis,Mycolicibacterium,0,2972.246337890625,1,1
GCF_037546065.1,Holzapfeliella saturejae,Holzapfeliella,4,3115.310791015625,0,6
GCF_010731115.1,Mycolicibacterium phocaicum,Mycolicibacterium,0,3006.31787109375,0,1
GCF_010731295.1,Mycolicibacterium boenickei,Mycolicibacterium,0,3008.299560546875,0,1
GCF_010731575.1,Mycolicibacterium monacense,Mycolicibacterium,0,2994.263671875,0,1
GCF_900637025.1,Streptococcus oralis,Streptococcus,4,3069.73193359375,0,6
GCF_010731615.1,Mycolicibacterium insubricum,Mycolicibacterium,0,2986.418701171875,0,1
GCF_010731695.1,Mycolicibacterium litorale,Mycolicibacterium,1,2998.263916015625,1,1
GCF_010731735.1,Mycolicibacterium sediminis,Mycolicibacterium,0,2934.337890625,1,1
GCF_010731755.1,Mycolicibacter minnesotensis,Mycolicibacter,2,3010.46484375,0,1
GCF_010731815.2,Mycolicibacterium arabiense,Mycolicibacterium,0,2858.87109375,0,1
GCF_018141405.1,Serpentinicella alkaliphila,Serpentinicella,3,2713.710817649148,2.5090909090909093,55
GCF_010731835.1,Mycolicibacillus koreensis,Mycolicibacillus,0,2980.52001953125,0,1
GCF_010731855.1,Mycolicibacterium anyangense,Mycolicibacterium,0,2982.28173828125,0,1
GCF_037546185.1,Nicoliella lavandulae,Nicoliella,0,3110.628369140625,0.4,10
GCF_037619525.1,Achromobacter veterisilvae,Achromobacter,0,3002.5384521484375,0,6
GCF_018141425.1,Vallitalea guaymasensis,Vallitalea,0,3015.507080078125,0,15
GCF_023705585.1,Collibacillus ludicampi,Collibacillus,0,2972.2793708570075,1.3181818181818181,66
GCF_023733635.1,Candidatus Endoriftia persephonae,Candidatus,0,3057.841796875,0,1
GCF_010918895.1,Acinetobacter schindleri,Acinetobacter,5,2922.6961728050596,0,21
GCF_010977555.1,Caulobacter rhizosphaerae,Caulobacter,0,2944.885498046875,0,1
GCF_010993745.1,Fodinicola acaciae,Fodinicola,0,3002.3544921875,0,1
GCF_011009555.1,Adonisia turfae,Adonisia,0,2950.83056640625,0,3
GCF_018141445.1,Vallitalea pronyensis,Vallitalea,0,3003.82861328125,0,15
GCF_011038645.2,Corynebacterium qintianiae,Corynebacterium,1,2988.487996419271,0.5,6
GCF_023744375.2,Parabacteroides absconsus,Parabacteroides,0,2934.3686639694943,0,21
GCF_018141485.1,Streptomyces alfalfae,Streptomyces,5,3024.964208984375,0,10
GCF_023746535.1,Sneathiella marina,Sneathiella,0,2934.722412109375,2,1
GCF_037672085.1,Vibrio paracholerae,Vibrio,0,3006.570949978299,1.7777777777777777,36
GCF_018207515.1,Paenibacillus tritici,Paenibacillus,0,3000.8778076171875,0,6
GCF_011040435.1,Pseudomonas psychrophila,Pseudomonas,0,3038.071044921875,0.42857142857142855,28
GCF_011044175.1,Rasiella rasia,Rasiella,2,3014.24462890625,0,1
GCF_011044255.1,Rhizorhabdus phycosphaerae,Rhizorhabdus,0,2946.8671875,0,1
GCF_018223345.1,Shewanella yunxiaonensis,Shewanella,0,3057.841796875,0,21
GCF_900637055.1,Brevibacillus brevis,Brevibacillus,0,3002.342980018029,0.3076923076923077,78
GCF_011044475.1,Pantoea stewartii,Pantoea,0,2559.787312825521,23.6,15
GCF_011045195.1,Caulobacter soli,Caulobacter,0,2944.885498046875,0,1
GCF_023746555.1,Brevibacillus ruminantium,Brevibacillus,0,2962.709841579861,0,45
GCF_900637075.1,Streptococcus pseudoporcinus,Streptococcus,0,3067.1050618489585,0,15
GCF_037818705.1,Aeromonas popoffii,Aeromonas,0,3053.924560546875,0,45
GCF_023821985.2,Dyadobacter chenhuakuii,Dyadobacter,0,2964.1949869791665,0,3
GCF_023822005.2,Dyadobacter fanqingshengii,Dyadobacter,2,2917.554931640625,0,1
GCF_900637165.1,Actinomyces howellii,Actinomyces,0,3079.640380859375,0,3
GCF_023822065.1,Sphingomonas morindae,Sphingomonas,0,2942.90380859375,0,3
GCF_037850265.1,Corynebacterium hesseae,Corynebacterium,0,2978.47216796875,0,6
GCF_037889915.1,Variovorax humicola,Variovorax,2,3041.98828125,0,1
GCF_900637265.1,Achromobacter insolitus,Achromobacter,2,2999.911580403646,0,6
GCF_011045835.1,Proteus terrae,Proteus,0,3055.5901227678573,0,21
GCF_900637305.1,Cardiobacterium hominis,Cardiobacterium,0,3040.006591796875,0,3
GCF_900637325.1,Wolinella succinogenes,Wolinella,0,2972.629150390625,0,3
GCF_037892375.1,Lactococcus formosensis,Lactococcus,0,3066.57958984375,0,10
GCF_011046245.1,Allorhizobium pseudoryzae,Allorhizobium,0,2938.9404296875,0,6
GCF_037908215.1,Benzoatithermus flavus,Benzoatithermus,1,191.4951171875,70,1
GCF_011046555.1,Sphingobacterium lactis,Sphingobacterium,0,3020.9039713541665,0,6
GCF_018223745.1,Clostridium beijerinckii,Clostridium,7,2942.3954969618057,2.488888888888889,45
GCF_023824315.1,Acinetobacter tibetensis,Acinetobacter,0,3045.95166015625,0,21
GCF_023920085.1,Bartonella taylorii,Bartonella,0,2952.812255859375,0,1
GCF_018243235.1,Ralstonia nicotianae,Ralstonia,0,3043.969970703125,0,6
GCF_018275325.1,Nocardioides palaemonis,Nocardioides,0,3016.226318359375,0,3
GCF_011046895.1,Rhizobium rhizoryzae,Rhizobium,0,2934.97705078125,0,10
GCF_011046975.1,Microbacterium amylolyticum,Microbacterium,2,3024.153076171875,0,1
GCF_900637475.1,Yersinia pseudotuberculosis,Yersinia,0,3039.078148251488,0,21
GCF_011047135.1,Microbacterium endophyticum,Microbacterium,0,3020.189697265625,0,1
GCF_018279165.1,Falsirhodobacter algicola,Falsirhodobacter,0,2899.306640625,0,3
GCF_011058215.1,Devosia aurantiaca,Devosia,0,2904.996826171875,1,1
GCF_018279705.1,Tardiphaga alba,Tardiphaga,0,2926.923095703125,1,1
GCF_037948395.1,Serratia nevei,Serratia,0,3040.098388671875,0,21
GCF_900637515.1,Veillonella dispar,Veillonella,4,3071.2064208984375,0,6
GCF_023920225.1,Vibrio gazogenes,Vibrio,0,3034.844552176339,0,21
GCF_023921165.1,Aquirufa antheringensis,Aquirufa,0,2979.265380859375,0,3
GCF_011058775.1,Lactobacillus iners,Lactobacillus,0,3110.7021484375,0,15
GCF_023921225.1,Legionella lytica,Legionella,0,3059.823486328125,0,6
GCF_023923205.1,Ornithinimicrobium cryptoxanthini,Ornithinimicrobium,0,2986.639404296875,0,1
GCF_018279895.1,Parabacteroides distasonis,Parabacteroides,2,2969.826102120536,1.1428571428571428,21
GCF_023923225.1,Ornithinimicrobium faecis,Ornithinimicrobium,0,3016.226318359375,0,1
GCF_023935825.1,Sphingomonas aerolata,Sphingomonas,0,2946.8671875,0,6
GCF_037949505.1,Tepidibacillus marianensis,Tepidibacillus,8,3254.2249581473216,0,28
GCF_024029775.1,Fructobacillus americanaquae,Fructobacillus,4,3073.6953125,0,6
GCF_024055605.1,Ciceribacter sichuanensis,Ciceribacter,0,2942.90380859375,0,1
GCF_018282095.1,Pseudovibrio brasiliensis,Pseudovibrio,0,2936.958740234375,0,15
GCF_024072275.1,Pseudomonas siliginis,Pseudomonas,0,3012.852197265625,0,10
GCF_900637545.1,Aeromonas encheleia,Aeromonas,0,3030.457096354167,0,45
GCF_024112395.2,Pseudomonas pergaminensis,Pseudomonas,0,3042.7994140625,0.4,10
GCF_037996745.1,Xenorhabdus siamensis,Xenorhabdus,0,2539.049530029297,1,28
GCF_900637555.1,Lautropia mirabilis,Lautropia,4,2933.12568359375,0.4,10
GCF_011064285.1,Vibrio ziniensis,Vibrio,0,3038.0520833333335,0,45
GCF_900637575.1,Slackia heliotrinireducens,Slackia,2,2974.74853515625,0,1
GCF_011090385.1,Aquirufa beregesia,Aquirufa,0,2984.519287109375,0,3
GCF_900637615.1,Bordetella hinzii,Bordetella,0,3034.0615234375,0,3
GCF_024134545.1,Nocardiopsis exhalans,Nocardiopsis,5,3033.29638671875,0,10
GCF_024158035.1,Dyella lutea,Dyella,0,3061.80517578125,0,1
GCF_900637635.1,Legionella jordanis,Legionella,0,3063.786865234375,0,6
GCF_037996785.1,Xenorhabdus thailandensis,Xenorhabdus,0,2972.210400390625,2.7333333333333334,15
GCF_038024855.1,Methylocella tundrae,Methylocella,0,2946.8671875,0,1
GCF_038024885.1,Gordonia hydrophobica,Gordonia,3,2962.9964192708335,0,3
GCF_011100465.1,Jeotgalibaca arthritidis,Jeotgalibaca,6,3058.3851399739583,0,15
GCF_038024965.1,Candidatus Phytoplasma fraxini,Candidatus,0,3041.98828125,0,1
GCF_900637795.1,Weeksella virosa,Weeksella,0,2996.501416015625,0.4,10
GCF_011290485.1,Caldichromatium japonicum,Caldichromatium,0,3043.969970703125,0,3
GCF_011290545.1,Pontivivens nitratireducens,Pontivivens,0,2907.2333984375,0,1
GCF_038050375.1,Okeanomitos corallinicola,Okeanomitos,0,2946.8671875,0,6
GCF_900637855.1,Neisseria animaloris,Neisseria,0,3053.87841796875,0,6
GCF_038066555.1,Ideonella lacteola,Ideonella,0,3022.21728515625,0,1
GCF_038069655.2,Yoonia phaeophyticola,Yoonia,0,2901.288330078125,0,1
GCF_018283675.1,Metabacillus flavus,Metabacillus,0,3042.1776589133524,0,55
GCF_038069675.1,Rhodococcus navarretei,Rhodococcus,0,3008.299560546875,0,6
GCF_011299095.1,Jeotgalibaca porci,Jeotgalibaca,6,3073.5016927083334,0.3333333333333333,15
GCF_011299575.1,Leucobacter viscericola,Leucobacter,0,3018.2080078125,0,1
GCF_038086725.1,Photobacterium damselae,Photobacterium,0,3022.80908203125,1.5,6
GCF_011300215.1,Nocardioides piscis,Nocardioides,0,3002.3544921875,0,1
GCF_900638015.1,Listeria grayi,Listeria,0,3061.897119140625,0,15
GCF_038095555.1,Macrococcus psychrotolerans,Macrococcus,0,3036.12958984375,1,10
GCF_011303955.1,Vagococcus coleopterorum,Vagococcus,0,3076.939453125,0,10
GCF_038098645.1,Marinobacter metalliresistant,Marinobacter,0,3020.10791015625,0,1
GCF_038321125.1,Pseudoxanthomonas putridarboris,Pseudoxanthomonas,0,3061.80517578125,0,1
GCF_018288855.1,Rahnella inusitata,Rahnella,0,3046.583426339286,0,21
GCF_038368255.1,Azonexus hydrophilus,Azonexus,0,3047.933349609375,0,3
GCF_038396615.1,Thermatribacter velox,Thermatribacter,0,3131.164306640625,0,1
GCF_018304845.1,Leucobacter manosquensis,Leucobacter,3,3028.116455078125,0,3
GCF_024159215.1,Ureibacillus endophyticus,Ureibacillus,0,3069.73193359375,0,55
GCF_900638135.1,Serratia quinivorans,Serratia,0,3043.5811941964284,0,21
GCF_018314255.1,Lentilactobacillus buchneri,Lentilactobacillus,4,3025.1675048828124,2,10
GCF_900638215.1,Nocardiopsis dassonvillei,Nocardiopsis,5,3038.02490234375,0,10
GCF_024169545.1,Pseudomonas migulae,Pseudomonas,0,3033.342496744792,0,15
GCF_018316655.1,Nocardiopsis changdeensis,Nocardiopsis,4,2986.22255859375,0,10
GCF_011304195.1,Vagococcus hydrophili,Vagococcus,0,3083.3797345842636,0,28
GCF_011320225.1,Phytoactinopolyspora limicola,Phytoactinopolyspora,0,3018.2080078125,0,1
GCF_011326725.1,Microbacterium excoecariae,Microbacterium,2,3026.134765625,0,1
GCF_011382965.1,Leucobacter insecticola,Leucobacter,0,3018.2080078125,0,1
GCF_900638305.1,Porphyromonas cangingivalis,Porphyromonas,0,2996.63955078125,1.8,10
GCF_011382985.1,Leucobacter coleopterorum,Leucobacter,0,2970.263916015625,1,1
GCF_038396635.1,Defluviitalea saccharophila,Defluviitalea,8,2920.5535888671875,0.5,28
GCF_018316795.1,Nocardiopsis akebiae,Nocardiopsis,5,3038.02490234375,0,10
GCF_038396765.1,Chitinophaga caseinilytica,Chitinophaga,0,3018.1441650390625,0,6
GCF_900638385.1,Actinobacillus delphinicola,Actinobacillus,0,3051.01171875,0,15
GCF_900638615.1,Bartonella elizabethae,Bartonella,0,2952.812255859375,0,1
GCF_018324205.1,Actinoplanes ianthinogenes,Actinoplanes,0,2931.712890625,0,15
GCF_018324255.1,Polymorphospora rubra,Polymorphospora,0,3004.336181640625,0,1
GCF_011387195.1,Streptococcus ruminicola,Streptococcus,7,3069.73193359375,0,21
GCF_018324385.1,Ferrigenium kumadai,Ferrigenium,0,3051.896728515625,0,1
GCF_018324685.1,Actinocatenispora sera,Actinocatenispora,0,3016.226318359375,0,1
GCF_011388195.1,Neopusillimonas aestuarii,Neopusillimonas,3,3049.9150390625,0,3
GCF_011388215.1,Hydrogenophaga crocea,Hydrogenophaga,0,3030.09814453125,0,1
GCF_018326425.1,Polycladomyces abyssicola,Polycladomyces,0,3095.5169677734375,0,6
GCF_018336615.1,Psychrobacter pacificensis,Psychrobacter,0,2893.8885904947915,4,3
GCF_900638655.1,Pragia fontium,Pragia,0,3026.3185686383927,0,21
GCF_024172095.1,Kitasatospora paracochleata,Kitasatospora,10,3002.1148763020833,0,45
GCF_011397115.1,Enterococcus saigonensis,Enterococcus,0,3077.464990234375,0,15
GCF_900638685.1,Neisseria weaveri,Neisseria,0,3053.87841796875,0,6
GCF_900660495.1,Mycoplasmopsis gallinacea,Mycoplasmopsis,0,2966.177001953125,0.6666666666666666,3
GCF_018336855.1,Acinetobacter junii,Acinetobacter,2,3002.523486328125,0,15
GCF_011397855.1,Metapseudomonas otitidis,Metapseudomonas,0,3028.0985107421875,0,6
GCF_900660515.1,Mycoplasmopsis bovirhinis,Mycoplasmopsis,0,2979.9567057291665,0,3
GCF_900660525.1,Mycoplasmopsis bovigenitalium,Mycoplasmopsis,0,2994.473876953125,0,1
GCF_011399095.1,Halomonas hydrothermalis,Halomonas,1,2925.2572021484375,2,6
GCF_018343525.1,Lederbergia citrea,Lederbergia,0,3070.423095703125,0,6
GCF_900660605.1,Mycoplasmopsis glycophila,Mycoplasmopsis,0,2970.7394205729165,0,3
GCF_011405655.1,Adlercreutzia hattorii,Adlercreutzia,3,2988.482666015625,0,3
GCF_900660635.1,Mycoplasmopsis gallopavonis,Mycoplasmopsis,0,2974.0118001302085,0.6666666666666666,3
GCF_011420305.2,Nocardioides ochotonae,Nocardioides,3,3010.28125,0,3
GCF_018343535.1,Neobacillus rhizophilus,Neobacillus,0,3057.265380859375,0,6
GCF_900660645.1,Mycoplasmopsis citelli,Mycoplasmopsis,0,2970.7394205729165,0.6666666666666666,3
GCF_018388425.1,Nocardioides faecalis,Nocardioides,0,2960.356201171875,0,1
GCF_900660685.1,Mycoplasmopsis columbina,Mycoplasmopsis,0,2992.491943359375,0,1
GCF_018389385.1,Anthocerotibacter panamensis,Anthocerotibacter,2,2901.288330078125,0,1
GCF_024172125.1,Actinomadura rupiterrae,Actinomadura,5,2894.267647879464,0,21
GCF_900660695.1,Mycoplasmopsis meleagridis,Mycoplasmopsis,0,2986.593017578125,0,1
GCF_018389705.1,Mycoplasma mycoides,Mycoplasma,2,3010.327392578125,0,1
GCF_900660705.1,Mycoplasmopsis columbinasalis,Mycoplasmopsis,0,2955.06982421875,1,1
GCF_900660745.1,Haploplasma axanthum,Haploplasma,0,3018.2080078125,0,1
GCF_900660755.1,Acholeplasma hippikon,Acholeplasma,0,2986.5009765625,0,3
GCF_024172185.1,Nonomuraea roseoviolacea,Nonomuraea,0,2925.5966796875,0,6
GCF_024199905.1,Rothia santali,Rothia,0,3036.043212890625,0,3
GCF_018394055.1,Weissella ceti,Weissella,0,3127.200927734375,0,10
GCF_011455495.1,Frederiksenia canicola,Frederiksenia,0,3051.896728515625,0,15
GCF_038398625.1,Cytobacillus pseudoceanisediminis,Cytobacillus,0,3062.1611069187975,0,66
GCF_900682675.2,Pseudomonas marincola,Pseudomonas,0,2880.6052978515627,3.6,10
GCF_024205945.1,Macrococcus equipercicus,Macrococcus,0,3076.488037109375,0,10
GCF_900683595.1,Gordonia paraffinivorans,Gordonia,4,3013.18994140625,0,6
GCF_018394375.1,Pseudomonas syringae,Pseudomonas,0,3049.9150390625,0,10
GCF_018398275.1,Chelatococcus asaccharovorans,Chelatococcus,0,2950.83056640625,0,1
GCF_018398355.1,Chelatococcus composti,Chelatococcus,0,2946.8671875,0,1
GCF_011455875.1,Basfia succiniciproducens,Basfia,0,3055.21484375,0,15
GCF_038433355.1,Brucella cytisi,Brucella,6,2938.9404296875,0,15
GCF_018398425.1,Pseudomonas lalucatii,Pseudomonas,0,3045.95166015625,0,6
GCF_038443675.1,Yoonia algicola,Yoonia,0,2901.288330078125,0,1
GCF_024205965.1,Macrococcus epidermidis,Macrococcus,0,3079.640380859375,0,10
GCF_900683745.1,Paraprevotella xylaniphila,Paraprevotella,6,3005.08251953125,0,21
GCF_900890425.1,Pontiella desulfatans,Pontiella,2,3113.375,0,1
GCF_018398475.1,Pseudomonas qingdaonensis,Pseudomonas,0,3033.867887369792,0,15
GCF_900890705.1,Pontiella sulfatireligans,Pontiella,0,3113.375,0,1
GCF_011578045.1,Acinetobacter shaoyimingii,Acinetobacter,0,3043.3671526227677,0,21
GCF_038449125.1,Kosakonia calanthes,Kosakonia,0,3041.5996210007443,0,21
GCF_018398915.1,Aminirod propionatiphilus,Aminirod,0,3012.285888671875,0,6
GCF_024224615.1,Atlantibacter subterraneus,Atlantibacter,0,3019.0830659412204,0,21
GCF_018406465.1,Longicatena caecimuris,Longicatena,0,3047.933349609375,0,10
GCF_018406505.1,Veillonella orientalis,Veillonella,4,3063.3255208333335,0,6
GCF_018406605.1,Noviluteimonas caseinilytica,Noviluteimonas,0,3061.80517578125,0,1
GCF_018406645.1,Lysobacter helvus,Lysobacter,0,3061.80517578125,0,1
GCF_011578285.1,Acinetobacter lanii,Acinetobacter,2,2996.028762090774,0.8571428571428571,21
GCF_018409545.1,Allochromatium tepidum,Allochromatium,0,3019.59033203125,0,3
GCF_024271895.1,Flavobacterium bizetiae,Flavobacterium,7,2930.929908389137,0,21
GCF_011600945.2,Campylobacter fetus,Campylobacter,0,3002.3544921875,0,3
GCF_011601315.1,Candidatus Chlorobium masyuteum,Candidatus,2,2974.61083984375,0,1
GCF_011604685.1,Spirosoma aureum,Spirosoma,0,2970.5929361979165,0,3
GCF_018417475.1,Novosphingobium decolorationis,Novosphingobium,2,2866.92724609375,3.1666666666666665,6
GCF_018436245.1,Pseudochrobactrum algeriensis,Pseudochrobactrum,0,2940.922119140625,0,6
GCF_018437505.1,Spiractinospora alimapuensis,Spiractinospora,3,3039.4073893229165,0,3
GCF_018459925.1,Nocardioides aquaticus,Nocardioides,2,3016.226318359375,0,1
GCF_901482605.1,Hathewaya histolytica,Hathewaya,0,2988.5192057291665,0,45
GCF_038452265.1,Vibrio diazotrophicus,Vibrio,0,3057.841796875,0,45
GCF_901538355.1,Tuwongella immobilis,Tuwongella,0,2962.789794921875,0.5,6
GCF_038452275.1,Corynebacterium mayonis,Corynebacterium,0,3022.17138671875,0,6
GCF_018502505.1,Weissella tructae,Weissella,0,3127.200927734375,0,15
GCF_011617105.1,Hafnia alvei,Hafnia,0,3057.841796875,0,28
GCF_011617245.1,Brevibacterium atlanticum,Brevibacterium,0,3022.1944580078125,0,6
GCF_011617465.1,Brevibacterium pigmentatum,Brevibacterium,0,2989.114990234375,0.5,6
GCF_038500265.1,Ignatzschineria larvae,Ignatzschineria,0,3041.3430989583335,0,15
GCF_902143515.1,Hathewaya massiliensis,Hathewaya,0,2987.343331473214,0,21
GCF_018502625.1,Pseudomonas hormoni,Pseudomonas,0,3045.95166015625,0,15
GCF_038502305.1,Propioniciclava soli,Propioniciclava,0,2978.666015625,0,1
GCF_902153245.2,Pseudorhizobium endolithicum,Pseudorhizobium,0,3083.603759765625,0,1
GCF_018524345.1,Harenicola maris,Harenicola,0,2909.215087890625,0,1
GCF_038505995.1,Candidatus Phytoplasma asteris,Candidatus,0,3014.382568359375,0,1
GCF_018555435.2,Bifidobacterium amazonense,Bifidobacterium,2,3040.006591796875,0,1
GCF_038561955.2,Salinicoccus bachuensis,Salinicoccus,0,3079.640380859375,0,1
GCF_011617705.1,Brevibacterium limosum,Brevibacterium,1,2999.133341471354,0,6
GCF_038719015.1,Nguyenibacter vanlangensis,Nguyenibacter,3,2950.83056640625,0,3
GCF_011745665.1,Zophobihabitans entericus,Zophobihabitans,2,3023.6461588541665,2,6
GCF_902374465.1,Ralstonia pickettii,Ralstonia,0,3047.933349609375,0,10
GCF_011751745.2,Paramicrobacterium fandaimingii,Paramicrobacterium,2,3036.043212890625,0,1
GCF_011751765.2,Paramicrobacterium chengjingii,Paramicrobacterium,2,3038.02490234375,0,1
GCF_011752005.1,Canibacter zhoujuaniae,Canibacter,2,3020.189697265625,0,1
GCF_902375065.1,Veillonella atypica,Veillonella,3,3060.69873046875,0,3
GCF_011758745.1,Amycolatopsis granulosa,Amycolatopsis,3,3011.6637369791665,0,3
GCF_011758765.1,Amycolatopsis viridis,Amycolatopsis,3,3016.226318359375,0,3
GCF_038723655.1,Burkholderia arboris,Burkholderia,0,3025.41552734375,0,15
GCF_011761185.1,Saccharomonospora amisosensis,Saccharomonospora,0,3038.02490234375,0,3
GCF_039134705.1,Kineothrix sedimenti,Kineothrix,4,3036.043212890625,0,6
GCF_039523575.1,Rhodanobacter caeni,Rhodanobacter,0,3061.80517578125,0,1
GCF_039531125.1,Microbacterium sediminicola,Microbacterium,0,3014.24462890625,0,1
GCF_024296885.1,Bacillus paranthracis,Bacillus,0,3063.537344125601,0,78
GCF_902375395.1,Bacillus rubiinfantis,Bacillus,0,3043.8821149553573,0,21
GCF_024296925.1,Pseudomonas nunensis,Pseudomonas,0,3042.034423828125,0,1
GCF_024320785.1,Gracilimonas sediminicola,Gracilimonas,0,3020.189697265625,0,1
GCF_039534895.1,Streptosporangium longisporum,Streptosporangium,0,3022.17138671875,0,15
GCF_018582665.1,Cytobacillus gottheilii,Cytobacillus,0,3060.155029296875,0,45
GCF_902386985.1,Pantoea septica,Pantoea,0,3020.134228515625,1.6,15
GCF_902459475.1,Aquicella lusitana,Aquicella,0,3059.86962890625,1,1
GCF_902459485.1,Aquicella siphonis,Aquicella,0,3049.9150390625,0,1
GCF_039535115.1,Paeniglutamicibacter sulfureus,Paeniglutamicibacter,0,3028.116455078125,0,10
GCF_039535255.1,Pseudarthrobacter polychromogenes,Pseudarthrobacter,0,3014.935791015625,0,3
GCF_011761475.1,Saccharococcus thermophilus,Saccharococcus,0,3057.9566786024307,1.2222222222222223,36
GCF_011761605.1,Kribbella shirazensis,Kribbella,0,3022.17138671875,0,1
GCF_011764505.1,Legionella antarctica,Legionella,0,3054.5697428385415,0,3
GCF_902459535.1,Paraburkholderia dioscoreae,Paraburkholderia,6,3029.333154296875,0,15
GCF_039535295.1,Streptosporangium nondiastaticum,Streptosporangium,0,3003.60751953125,0,15
GCF_902497555.1,Amycolatopsis camponoti,Amycolatopsis,0,2968.25,0,6
GCF_902498735.1,Desulfoluna spongiiphila,Desulfoluna,0,3063.75146484375,1,1
GCF_018604145.1,Paenibacillus agaridevorans,Paenibacillus,0,3023.923104422433,0,28
GCF_011765605.1,Avibacterium paragallinarum,Avibacterium,0,3033.462158203125,0,15
GCF_011927785.1,Micromonospora profundi,Micromonospora,3,2997.1007486979165,0,3
GCF_039535395.1,Nonomuraea roseola,Nonomuraea,0,3013.074072265625,0,10
GCF_011927905.1,Arthrobacter pigmenti,Arthrobacter,0,3014.9359537760415,0,3
GCF_902505095.1,Oceanivirga miroungae,Oceanivirga,0,2996.409423828125,0,10
GCF_039535455.1,Streptomyces prasinosporus,Streptomyces,0,2999.8658854166665,0,3
GCF_024345225.1,Inconstantimicrobium mannanitabidum,Inconstantimicrobium,0,2998.055841619318,0,55
GCF_902702935.1,Corynebacterium rouxii,Corynebacterium,2,2910.118359375,0,10
GCF_024346605.1,Rhizobium anhuiense,Rhizobium,0,2934.97705078125,0,3
GCF_902713415.1,Arsenophonus endosymbiont of Bemisia tabaci,Arsenophonus,1,1238.4151489257813,51.6,10
GCF_039540695.1,Actinocorallia cavernae,Actinocorallia,7,3019.9197823660716,0,21
GCF_039565995.1,Ammonicoccus fulvus,Ammonicoccus,0,3012.262939453125,0,1
GCF_012029655.1,Raoultella terrigena,Raoultella,0,3036.4394182477677,0,28
GCF_012070395.1,Pseudoroseicyclus tamaricis,Pseudoroseicyclus,0,2897.324951171875,0,1
GCF_018604565.1,Exiguobacterium acetylicum,Exiguobacterium,0,3067.4730631510415,0,36
GCF_902726645.1,Halobacillus ihumii,Halobacillus,6,3093.318359375,0,15
GCF_012113595.1,Bacteroides faecium,Bacteroides,0,2957.54853515625,0,10
GCF_902726655.1,Virgibacillus ihumii,Virgibacillus,0,3057.8087565104165,0,3
GCF_012184415.1,Ramlibacter lithotrophicus,Ramlibacter,2,3041.98828125,0,1
GCF_039602135.1,Glutamicibacter ectropisis,Glutamicibacter,0,3016.8319498697915,0,15
GCF_902729405.1,Acididesulfobacillus acetoxydans,Acididesulfobacillus,3,3105.40234375,0,3
GCF_018622995.1,Arthrobacter jiangjiafuii,Arthrobacter,0,3022.7892252604165,0,15
GCF_018623035.1,Cellulomonas dongxiuzhuiae,Cellulomonas,2,3016.226318359375,0,1
GCF_018734325.1,Methylomonas paludis,Methylomonas,0,3038.02490234375,0,3
GCF_902806455.1,Virgibacillus doumboii,Virgibacillus,0,3076.2203125,0,10
GCF_902810445.1,Candidatus Nitrosacidococcus tergens,Candidatus,0,2984.978515625,0,1
GCF_012221945.1,Glutamicibacter mishrai,Glutamicibacter,0,3024.153076171875,0,15
GCF_902813185.1,Denitratisoma oestradiolicum,Denitratisoma,0,2978.1640625,0,1
GCF_039615075.1,Sinomonas halotolerans,Sinomonas,6,3016.226318359375,0,15
GCF_039623705.1,Sulfobacillus thermotolerans,Sulfobacillus,3,2413.316650390625,0.6666666666666666,3
GCF_039631355.1,Uliginosibacterium paludis,Uliginosibacterium,0,3034.0615234375,0,1
GCF_903166545.1,Metabacillus schmidteae,Metabacillus,0,3041.0711669921875,0.5,6
GCF_903645325.1,Microbacterium ihumii,Microbacterium,2,3018.2080078125,0,1
GCF_012295525.1,Oxynema aestuarii,Oxynema,0,2952.812255859375,0,10
GCF_903886475.1,Streptococcus thermophilus,Streptococcus,6,3067.750244140625,0,15
GCF_018736045.1,Flammeovirga yaeyamensis,Flammeovirga,8,3011.768868582589,0,28
GCF_903989455.1,Xanthomonas euroxanthea,Xanthomonas,2,3065.7685546875,0,1
GCF_039634495.1,Pseudomonas fulva,Pseudomonas,0,3027.938406808036,0,21
GCF_039636765.1,Janibacter terrae,Janibacter,0,3022.17138671875,0,1
GCF_039645995.1,Sulfurimonas diazotrophicus,Sulfurimonas,0,2980.555908203125,0,3
GCF_904067025.1,Pseudomonas paraversuta,Pseudomonas,0,2845.839189801897,14,28
GCF_039646275.1,Sodalis praecaptivus,Sodalis,2,3045.9042038690477,0.47619047619047616,21
GCF_039652435.2,Niabella insulamsoli,Niabella,0,3024.153076171875,0,1
GCF_012295575.1,Ferrimonas lipolytica,Ferrimonas,0,3066.539838324653,0.2,45
GCF_904845885.1,Psychrobacter aquimaris,Psychrobacter,3,2983.43310546875,0,3
GCF_024346675.1,Photobacterium sanguinicancri,Photobacterium,0,3041.9212565104167,0,105
GCF_012317185.1,Clostridium innocuum,Clostridium,5,2960.3993896484376,0.4,10
GCF_904845995.1,Psychrobacter fjordensis,Psychrobacter,0,3037.96298828125,0,10
GCF_018736065.1,Flammeovirga kamogawensis,Flammeovirga,10,3020.59521484375,0,45
GCF_904846035.1,Psychrobacter aestuarii,Psychrobacter,1,1743.1521484375,40.5,10
GCF_012427705.1,Vreelandella piezotolerans,Vreelandella,0,3038.02490234375,0,15
GCF_904846055.1,Psychrobacter ciconiae,Psychrobacter,0,3045.95166015625,0,6
GCF_039654145.1,Caldifermentibacillus hisashii,Caldifermentibacillus,0,3042.9617222377233,0.5357142857142857,28
GCF_012427845.1,Pectobacterium punjabense,Pectobacterium,1,2870.2664388020835,2,6
GCF_904846155.1,Psychrobacter fulvigenes,Psychrobacter,1,2949.328857421875,0.5,6
GCF_904846305.1,Psychrobacter lutiphocae,Psychrobacter,0,2709.4283447265625,8,6
GCF_904846355.1,Psychrobacter namhaensis,Psychrobacter,2,3049.9150390625,0,1
GCF_012516355.1,Chitinophaga oryzae,Chitinophaga,1,2989.725634765625,0.3333333333333333,15
GCF_012562605.1,Enterobacteriaceae endosymbiont of Plateumaris sericea,Enterobacteriaceae,0,3079.686279296875,0,1
GCF_012562965.1,Enterobacteriaceae endosymbiont of Plateumaris rustica,Enterobacteriaceae,0,3093.64990234375,0,1
GCF_012563145.1,Enterobacteriaceae endosymbiont of Plateumaris consimilis,Enterobacteriaceae,0,3095.493896484375,0,1
GCF_012569285.1,Enterobacteriaceae endosymbiont of Donacia proxima,Enterobacteriaceae,0,2931.809814453125,0,1
GCF_904846425.1,Psychrobacter phenylpyruvicus,Psychrobacter,0,3035.68359375,0,10
GCF_904848165.1,Psychrobacter arenosus,Psychrobacter,0,2962.081298828125,1,1
GCF_039654155.1,Lysinibacillus telephonicus,Lysinibacillus,0,3072.612318250868,0,36
GCF_012584515.1,Polaromonas vacuolata,Polaromonas,0,3034.0615234375,0,15
GCF_039679125.1,Blastococcus montanus,Blastococcus,3,3014.24462890625,0,3
GCF_904859905.1,Citrobacter freundii,Citrobacter,0,3040.098388671875,0,28
GCF_905367715.1,Xanthomonas arboricola,Xanthomonas,2,3065.7685546875,0,1
GCF_907164845.1,Novilysobacter luteus,Novilysobacter,0,3049.9150390625,0,1
GCF_039691755.1,Halomonas kashgarensis,Halomonas,0,2976.555078125,2,15
GCF_910589745.1,Candidatus Arcticimaribacter forsetii,Candidatus,0,3028.116455078125,0,1
GCF_910593725.1,Candidatus Vallotiella hemipterorum,Candidatus,0,3036.043212890625,0,3
GCF_012647205.1,Pseudomonas umsongensis,Pseudomonas,0,3045.95166015625,0,21
GCF_012767755.2,Pseudomonas tohonis,Pseudomonas,0,3045.95166015625,0,6
GCF_012849055.1,Spirosoma rhododendri,Spirosoma,2,2984.519287109375,0,1
GCF_012849095.1,Cohnella herbarum,Cohnella,2,2926.8130696614585,0,3
GCF_012849215.1,Mucilaginibacter robiniae,Mucilaginibacter,2,3010.28125,0,1
GCF_914590485.1,Celerinatantimonas diazotrophica,Celerinatantimonas,6,3051.1775716145835,0.3333333333333333,15
GCF_039789245.1,Leminorella grimontii,Leminorella,0,3055.860107421875,0,21
GCF_918320885.1,unidentified bacterial endosymbiont,unidentified,0,3063.786865234375,0,3
GCF_918378365.1,Candidatus Nitrotoga arctica,Candidatus,0,3051.896728515625,0,1
GCF_018739485.1,Bacillus mycoides,Bacillus,0,3075.677001953125,0,91
GCF_018760365.1,Pseudooceanicola endophyticus,Pseudooceanicola,0,2901.288330078125,0,1
GCF_018771645.1,Thermus antranikianii,Thermus,0,3012.262939453125,0,1
GCF_012849375.1,Duganella dendranthematis,Duganella,0,2972.245384579613,0.2857142857142857,21
GCF_018777385.1,Candidatus Symbiopectobacterium endolongispinus,Candidatus,0,3055.860107421875,0,10
GCF_039848545.1,Burkholderia stagnalis,Burkholderia,2,2956.2527204241073,0.2857142857142857,21
GCF_018777395.1,Candidatus Sodalis endolongispinus,Candidatus,0,3050.5328776041665,0,15
GCF_012849555.1,Massilia forsythiae,Massilia,2,2958.6077706473216,0,21
GCF_012863495.1,Pseudanabaena yagii,Pseudanabaena,0,2934.2313639322915,0,3
GCF_024346715.1,Photobacterium swingsii,Photobacterium,0,3051.2359008789062,0,136
GCF_012910715.1,Flavivirga algicola,Flavivirga,0,3008.299560546875,0,6
GCF_039906175.1,Limosilactobacillus allomucosae,Limosilactobacillus,0,3111.1462751116073,0,28
GCF_012910785.2,Aromatoleum buckelii,Aromatoleum,0,3047.933349609375,0,6
GCF_012911495.1,Tepidiphilus baoligensis,Tepidiphilus,0,3043.969970703125,0,1
GCF_012913485.1,Luteolibacter luteus,Luteolibacter,0,3008.299560546875,0,1
GCF_012913625.1,Mesorhizobium japonicum,Mesorhizobium,0,2942.90380859375,0,1
GCF_012931845.1,Cellulomonas taurus,Cellulomonas,0,3014.24462890625,0,3
GCF_018802605.1,Paludibacterium paludis,Paludibacterium,0,3045.963134765625,0,28
GCF_039908605.1,Pseudomonas aestiva,Pseudomonas,0,3045.95166015625,0,10
GCF_024346755.1,Vibrio aerogenes,Vibrio,0,3055.860107421875,0,21
GCF_012932875.1,Brenneria salicis,Brenneria,0,3049.8877766927085,0,15
GCF_018802645.1,Paludibacterium yongneupense,Paludibacterium,0,3048.1439383370534,0,21
GCF_039908635.1,Pseudomonas purpurea,Pseudomonas,7,3045.411690848214,0,21
GCF_921008455.1,Bacillus basilensis,Bacillus,0,3069.2683910327955,0,91
GCF_024346955.1,Vibrio mangrovi,Vibrio,0,3051.919677734375,0,28
GCF_018842675.1,Candidatus Pantoea bituminis,Candidatus,5,3036.467594401042,0.3333333333333333,15
GCF_018853465.2,Acidithiobacillus montserratensis,Acidithiobacillus,2,3036.089111328125,0,1
GCF_039908645.1,Pseudomonas helvetica,Pseudomonas,0,3040.6978352864585,0,15
GCF_018854495.2,Acidithiobacillus ferruginosus,Acidithiobacillus,2,3043.969970703125,0,1
GCF_921010045.1,Aquimarina aquimarini,Aquimarina,1,2956.72265625,2.6,10
GCF_018866305.1,Arthrobacter sunyaminii,Arthrobacter,0,3001.6279134114584,1.6666666666666667,15
GCF_039909015.1,Pseudomonas grandcourensis,Pseudomonas,0,3041.4483816964284,0,21
GCF_040024445.1,Prescottella soli,Prescottella,0,3006.3408203125,0,6
GCF_012933555.1,Niallia alba,Niallia,0,3034.458651455966,0,55
GCF_012934885.1,Mycoplasma phocoeninasale,Mycoplasma,0,3003.7369791666665,0.6666666666666666,3
GCF_012955605.1,Bacillus fonticola,Bacillus,0,3050.052734375,0,1
GCF_024347015.1,Vibrio pectenicida,Vibrio,0,3075.833463541667,0,45
GCF_921294215.1,Vibrio marisflavi,Vibrio,0,3028.5306803385415,0.7777777777777778,36
GCF_012971725.1,Pseudomonas multiresinivorans,Pseudomonas,0,3033.342578125,0,10
GCF_013003965.1,Usitatibacter rugosus,Usitatibacter,0,3045.95166015625,0,1
GCF_040047665.1,Chitinibacter mangrovi,Chitinibacter,7,3040.006591796875,0,21
GCF_013003985.1,Usitatibacter palustris,Usitatibacter,0,3047.933349609375,0,1
GCF_013004005.1,Pelagibacterium halotolerans,Pelagibacterium,0,2912.9239095052085,1.3333333333333333,3
GCF_013004065.1,Limnobacter profundi,Limnobacter,2,3030.09814453125,0,1
GCF_013008635.1,Mycoplasma miroungigenitalium,Mycoplasma,0,2990.510498046875,0,1
GCF_040064235.1,Amycolatopsis melonis,Amycolatopsis,0,2995.22021484375,0,6
GCF_013008815.1,Mycoplasma miroungirhinis,Mycoplasma,2,2996.501220703125,0,1
GCF_040126175.1,Candidatus Phytoplasma solani,Candidatus,0,3038.02490234375,0,1
GCF_013030075.1,Neisseria gonorrhoeae,Neisseria,0,3053.87841796875,0,6
GCF_928722185.1,Mitsuokella jalaludinii,Mitsuokella,0,2790.6331612723216,0,21
GCF_933509905.1,Trichlorobacter ammonificans,Trichlorobacter,0,3087.567138671875,0,1
GCF_040215475.1,Burkholderia contaminans,Burkholderia,0,3035.3980305989585,0,15
GCF_040256645.1,Brevibacterium koreense,Brevibacterium,0,3040.006591796875,0,6
GCF_040256745.1,Scrofimicrobium appendicitidis,Scrofimicrobium,2,3049.9150390625,0,1
GCF_040256885.1,Stenotrophomonas riyadhensis,Stenotrophomonas,0,3035.98388671875,0,6
GCF_013046825.1,Turicibacter sanguinis,Turicibacter,0,3004.336181640625,0,28
GCF_013085545.1,Oceanidesulfovibrio marinus,Oceanidesulfovibrio,0,3073.6953125,0,1
GCF_013087525.1,Ramlibacter montanisoli,Ramlibacter,2,3034.0615234375,0,1
GCF_013112235.1,Xanthomonas perforans,Xanthomonas,2,3065.7685546875,0,1
GCF_040267515.1,Delftia lacustris,Delftia,0,3034.87255859375,0,10
GCF_024347055.1,Vibrio porteresiae,Vibrio,0,3005.3989035866475,0.5454545454545454,55
GCF_013122135.1,Acinetobacter lactucae,Acinetobacter,0,3045.3064778645835,0,15
GCF_013127955.1,Spirosoma taeanense,Spirosoma,0,2986.546875,0,6
GCF_013166595.1,Palleniella intestinalis,Palleniella,3,3030.09814453125,0,3
GCF_013170725.1,Mesorhizobium erdmanii,Mesorhizobium,0,2942.90380859375,0,1
GCF_013170785.1,Mesorhizobium jarvisii,Mesorhizobium,0,2942.90380859375,0,1
GCF_013177295.1,Actinomyces marmotae,Actinomyces,3,3024.6739908854165,0,3
GCF_013177315.1,Thermoleptolyngbya sichuanensis,Thermoleptolyngbya,2,2948.848876953125,0,1
GCF_013177435.1,Xylella taiwanensis,Xylella,0,3061.80517578125,0,1
GCF_024347095.1,Vibrio rhizosphaerae,Vibrio,0,3053.889892578125,0,28
GCF_040267745.1,Heyndrickxia faecalis,Heyndrickxia,0,3029.90380859375,0.35555555555555557,45
GCF_040269895.1,Methyloraptor flagellatus,Methyloraptor,0,2899.0146484375,0,1
GCF_040281505.1,Pseudomonas solani,Pseudomonas,0,3045.95166015625,0,6
GCF_024347115.1,Vibrio ruber,Vibrio,0,3055.860107421875,0,28
GCF_040412085.2,Vibrio chaetopteri,Vibrio,0,2993.5799967447915,0.6666666666666666,15
GCF_934924865.1,Tepidibacter aestuarii,Tepidibacter,1,2987.8423758370536,0.34285714285714286,105
GCF_937425535.1,Rhodovastum atsumiense,Rhodovastum,0,2962.720703125,0,10
GCF_040429585.1,Mangrovibacter phragmitis,Mangrovibacter,0,3049.855759393601,0,21
GCF_024347135.1,Vibrio spartinae,Vibrio,0,3046.572012765067,0,28
GCF_040436365.1,Hydrogenimonas leucolamina,Hydrogenimonas,3,3030.09814453125,0,3
GCF_024347195.1,Aliamphritea hakodatensis,Aliamphritea,0,3055.860107421875,0,15
GCF_040438935.1,Pseudomonas vranovensis,Pseudomonas,0,3045.95166015625,0,15
GCF_940143175.1,Erysipelothrix amsterdamensis,Erysipelothrix,0,3049.9150390625,0,21
GCF_024347255.1,Amphritea atlantica,Amphritea,0,3057.841796875,0,10
GCF_940677205.1,Clostridium colinum,Clostridium,0,2979.0759765625,1,10
GCF_943169635.2,Fenollaria sporofastidiosus,Fenollaria,4,2978.9417724609375,1,6
GCF_943169825.2,Varibaculum prostatecancerukia,Varibaculum,2,3051.896728515625,0,1
GCF_040500475.1,Bacillus maqinnsis,Bacillus,0,3051.437186104911,0.42857142857142855,28
GCF_040529045.1,Xanthomonas indica,Xanthomonas,0,3061.80517578125,0,1
GCF_040529055.1,Xanthomonas sontii,Xanthomonas,0,3061.80517578125,0,1
GCF_040529065.1,Xanthomonas sacchari,Xanthomonas,0,3061.80517578125,0,1
GCF_040534015.1,Novosphingobium kalidii,Novosphingobium,0,2950.83056640625,0,1
GCF_040564635.1,Planktothricoides raciborskii,Planktothricoides,0,2944.931640625,0,1
GCF_040616535.1,Xanthomonas cannabis,Xanthomonas,2,3065.7685546875,0,1
GCF_040639395.1,Nocardia fluminea,Nocardia,0,903.66717529296875,48,1
GCF_040687735.1,Lysobacter firmicutimachus,Lysobacter,0,2792.65283203125,4,1
GCF_040687965.1,Methylocystis echinoides,Methylocystis,0,2944.885498046875,0,1
GCF_040688005.1,Companilactobacillus musae,Companilactobacillus,0,3105.40234375,0,10
GCF_944800085.1,Paenibacillus melissococcoides,Paenibacillus,8,3046.9569963727677,0.25,28
GCF_946903285.1,Flavobacterium collinsii,Flavobacterium,5,2987.1649576822915,0.6666666666666666,15
GCF_946995915.1,Aminobacter niigataensis,Aminobacter,0,2942.90380859375,0,1
GCF_947036595.1,Mammaliicoccus lentus,Mammaliicoccus,0,3067.3169108072916,0,15
GCF_024347395.1,Vibrio cortegadensis,Vibrio,0,3009.2519101991757,0,91
GCF_947539375.1,Lactobacillus isalae,Lactobacillus,0,3117.29248046875,0,21
GCF_024349785.1,Sphingomonas bisphenolicum,Sphingomonas,0,2946.8671875,0,3
GCF_024360925.2,Methylomonas rapida,Methylomonas,0,3038.02490234375,0,6
GCF_024362345.1,Polaribacter dokdonensis,Polaribacter,2,3012.262939453125,0,1
GCF_024401155.1,Treponema putidum,Treponema,0,3031.824462890625,0,1
GCF_947539765.1,Lactiplantibacillus carotarum,Lactiplantibacillus,3,3083.0064453125,0.6,10
GCF_948472335.1,Streptococcus bouchesdurhonensis,Streptococcus,2,2852.893798828125,9,1
GCF_024453835.1,Corynebacterium genitalium,Corynebacterium,0,2962.7034505208335,0,3
GCF_024498215.1,Mycoplasmopsis caviae,Mycoplasmopsis,1,2743.881591796875,8,1
GCF_024498955.1,Thermomonas paludicola,Thermomonas,2,3065.7685546875,0,1
GCF_948472415.1,Kitasatospora fiedleri,Kitasatospora,4,2989.243123372396,0.5,6
GCF_949769265.1,Cellulomonas endometrii,Cellulomonas,0,3014.24462890625,0,1
GCF_024499525.1,Flavobacterium panici,Flavobacterium,5,2995.64443359375,0.6,10
GCF_024508295.1,Aeromicrobium duanguangcaii,Aeromicrobium,0,3012.262939453125,0,1
GCF_040703065.1,Bacillus infantis,Bacillus,0,3041.4027475210337,0,78
GCF_024508315.1,Cellulomonas xiejunii,Cellulomonas,2,3012.262939453125,0,1
GCF_024508335.1,Cellulomonas chengniuliangii,Cellulomonas,3,3020.189697265625,0,3
GCF_949790605.1,Carnobacterium maltaromaticum,Carnobacterium,0,3073.7412109375,0,15
GCF_040703125.1,Flavobacterium ovatum,Flavobacterium,6,3000.372802734375,0,15
GCF_040790665.1,Sulfitobacter pontiacus,Sulfitobacter,0,2893.361572265625,0,3
GCF_040801995.1,Agrobacterium radiobacter,Agrobacterium,0,2942.90380859375,0,6
GCF_040813635.1,Novosphingobium rhizovicinum,Novosphingobium,0,2950.83056640625,0,3
GCF_949794035.1,Serratia proteamaculans,Serratia,0,3036.0757765997023,0,21
GCF_951229915.1,Candidatus Ornithobacterium hominis,Candidatus,0,3014.24462890625,0,3
GCF_958301595.1,Porphyromonas vaginalis,Porphyromonas,0,3014.336669921875,0,1
GCF_040822035.1,Pseudomonas guariconensis,Pseudomonas,0,3040.6245930989585,0,15
GCF_040833995.1,Leptospira cinconiae,Leptospira,0,2990.46435546875,0,1
GCF_040834095.1,Enterobacter vonholyi,Enterobacter,0,3055.860107421875,0,15
GCF_024529955.1,Photobacterium toruni,Photobacterium,12,3015.5894664417615,0,66
GCF_961514395.1,Brevibacillus aydinogluensis,Brevibacillus,0,3048.771793619792,0,45
GCF_963227125.1,Companilactobacillus paralimentarius,Companilactobacillus,0,3105.40234375,0,10
GCF_024529975.1,Vibrio quintilis,Vibrio,0,3055.860107421875,0,21
GCF_024584585.1,Pseudomonas ficuserectae,Pseudomonas,4,3049.9150390625,0,6
GCF_963243495.1,Lactiplantibacillus xiangfangensis,Lactiplantibacillus,0,3100.793701171875,0,15
GCF_024584605.1,Pseudomonas extremorientalis,Pseudomonas,0,3045.95166015625,0,10
GCF_024600715.1,Streptomyces changanensis,Streptomyces,3,3017.4623209635415,0,3
GCF_963243745.1,Levilactobacillus zymae,Levilactobacillus,6,3100.793701171875,0,15
GCF_040869025.1,Vibrio scophthalmi,Vibrio,0,3037.588586055871,0,66
GCF_024628805.1,Paenimyroides aestuarii,Paenimyroides,0,2907.2069173177083,1.3333333333333333,15
GCF_024628825.1,Amycolatopsis roodepoortensis,Amycolatopsis,0,2912.0374348958335,0,6
GCF_040959045.1,Alkalibacterium putridalgicola,Alkalibacterium,0,3079.640380859375,0,10
GCF_040981195.1,Kocuria oxytropis,Kocuria,1,-1191.9736328125,88,1
GCF_024638035.1,Flavobacterium plurextorum,Flavobacterium,6,3000.372802734375,0,15
GCF_963311185.1,Paenibacillus nuruki,Paenibacillus,8,3030.6781093052455,0.42857142857142855,28
GCF_024661895.1,Fundicoccus culcitae,Fundicoccus,0,3052.6796875,0,3
GCF_963378075.1,Mycobacterium kokjensenii,Mycobacterium,2,3041.98828125,0,1
GCF_041021905.1,Acinetobacter nosocomialis,Acinetobacter,0,3047.933349609375,0,15
GCF_963378085.1,Mycobacterium wendilense,Mycobacterium,2,3014.24462890625,0,1
GCF_963378095.1,Mycobacterium burgundiense,Mycobacterium,2,3016.226318359375,0,1
GCF_024662015.1,Nisaea acidiphila,Nisaea,0,2972.629150390625,0,3
GCF_963378105.1,Mycobacterium holstebronense,Mycobacterium,2,3010.46484375,0,1
GCF_024707545.1,Mesorhizobium onobrychidis,Mesorhizobium,0,2942.90380859375,0,1
GCF_024721585.1,Sphingomicrobium aestuariivivum,Sphingomicrobium,0,2940.922119140625,0,1
GCF_041022165.1,Sinomonas puerhi,Sinomonas,4,3022.17138671875,0,6
GCF_963665895.1,Cohaesibacter marisflavi,Cohaesibacter,0,2944.885498046875,0,6
GCF_041026625.1,Metamycoplasma spumans,Metamycoplasma,1,2967.09619140625,0.6666666666666666,3
GCF_963666085.1,Bacteroides graminisolvens,Bacteroides,0,3017.44287109375,0,10
GCF_041081565.1,Streptococcus hillyeri,Streptococcus,6,3057.1226888020833,0.5333333333333333,15
GCF_041107455.1,Rhodanobacter humi,Rhodanobacter,2,3053.87841796875,0,1
GCF_041199985.1,Leptotrichia alba,Leptotrichia,0,2805.475056966146,1.5,6
GCF_963675105.2,Desulfogranum marinum,Desulfogranum,0,3046.169677734375,0,15
GCF_963675335.2,Sedimenticola selenatireducens,Sedimenticola,0,3059.823486328125,0,1
GCF_024722315.1,Myroides albus,Myroides,0,2997.3539767795137,0,36
GCF_963677335.1,Halopseudomonas oceani,Halopseudomonas,0,3045.95166015625,0,6
GCF_041199995.1,Leptotrichia mesophila,Leptotrichia,0,2988.5287353515623,0,10
GCF_041200005.1,Leptotrichia rugosa,Leptotrichia,1,2773.79638671875,5,1
GCF_024734075.1,Gordonia mangrovi,Gordonia,0,3018.2080078125,0,3
GCF_041222825.1,Candidatus Thalassolituus haligoni,Candidatus,3,3026.134765625,0,3
GCF_963677365.1,Marinifilum fragile,Marinifilum,0,3032.079833984375,0,6
GCF_041222865.1,Cronobacter turicensis,Cronobacter,1,3044.269240606399,0.2857142857142857,21
GCF_963678005.1,Pseudomonas laurentiana,Pseudomonas,0,3032.4418131510415,0,21
GCF_041227765.1,Marinomonas polaris,Marinomonas,0,3045.974609375,0,6
GCF_041228765.1,Rhodococcus wratislaviensis,Rhodococcus,0,3010.28125,0,6
GCF_041240605.1,Xanthomonas bundabergensis,Xanthomonas,0,3061.80517578125,0,1
GCF_041242975.1,Xanthomonas medicagonis,Xanthomonas,0,3061.80517578125,0,1
GCF_024734895.1,Paenibacillus spongiae,Paenibacillus,5,3037.1714613172744,0,36
GCF_041245805.1,Xanthomonas tesorieronis,Xanthomonas,0,3061.80517578125,0,1
GCF_963681935.1,Pseudomonas kulmbachensis,Pseudomonas,0,3040.603995186942,0,28
GCF_041295575.1,Sporosarcina pasteurii,Sporosarcina,0,3051.806466238839,0,28
GCF_963681955.1,Pseudomonas paraveronii,Pseudomonas,0,3034.9185872395833,0,15
GCF_024746855.1,Pseudoalteromonas maricaloris,Pseudoalteromonas,0,3013.0690714518228,0,36
GCF_963693435.1,Pasteurella atlantica,Pasteurella,1,2988.3848876953125,1.6,10
GCF_963920485.1,Cyanobium usitatum,Cyanobium,0,2942.90380859375,0,1
GCF_964019535.1,Spiroplasma endosymbiont of Tricholauxania praeusta,Spiroplasma,0,3008.345703125,0,1
GCF_041320245.1,Citrobacter meridianamericanus,Citrobacter,5,3003.3682779947917,0.3333333333333333,15
GCF_964019575.1,Spiroplasma endosymbiont of Andrena trimmerana,Spiroplasma,0,2992.584228515625,1,1
GCF_964019705.1,Spiroplasma endosymbiont of Panzeria rudis,Spiroplasma,0,2968.941650390625,1,1
GCF_964019735.1,Spiroplasma endosymbiont of Thecophora atra,Spiroplasma,1,2879.795166015625,6,1
GCF_041320275.1,Mumia qirimensis,Mumia,0,3001.6088053385415,0,3
GCF_964019765.1,Spiroplasma endosymbiont of Panorpa germanica,Spiroplasma,0,3006.36376953125,0,1
GCF_041327175.1,Mediterraneibacter faecis,Mediterraneibacter,0,3027.5174153645835,0.6666666666666666,3
GCF_964019775.1,Candidatus Williamhamiltonella endosymbiont of Tuberolachnus salignus,Candidatus,0,3064.4781901041665,0,3
GCF_964019975.1,Spiroplasma endosymbiont of Monopis laevigella,Spiroplasma,0,2976.82275390625,2,1
GCF_964020065.1,Spiroplasma endosymbiont of Lasioglossum malachurum,Spiroplasma,0,2945.300048828125,3,1
GCF_964020095.1,Spiroplasma endosymbiont of Colias croceus,Spiroplasma,0,2921.43701171875,1,1
GCF_024749065.1,Pseudomonas sichuanensis,Pseudomonas,0,3045.95166015625,0,21
GCF_964020115.1,Candidatus Regiella endosymbiont of Tuberolachnus salignus,Candidatus,0,3049.9610595703125,0.5,6
GCF_041378895.1,Dechloromonas aquae,Dechloromonas,0,3043.969970703125,0,10
GCF_041380175.1,Buchananella felis,Buchananella,0,3050.606201171875,0,3
GCF_964020125.1,Arsenophonus endosymbiont of Crataerina pallida,Arsenophonus,0,2939.35048828125,2.4,10
GCF_964020195.1,Spiroplasma endosymbiont of Lasioglossum villosulum,Spiroplasma,1,2879.795166015625,5,1
GCF_964020205.1,Spiroplasma endosymbiont of Apeira syringaria,Spiroplasma,0,2945.0791015625,1,1
GCF_024752535.1,Streptomyces albus,Streptomyces,6,3031.4345703125,0,15
GCF_964020225.1,Spiroplasma endosymbiont of Tiphia femorata,Spiroplasma,0,2996.305908203125,0,3
GCF_964023245.1,Candidatus Methylocalor cossyra,Candidatus,1,2856.515380859375,2,1
GCF_964030805.1,Spiroplasma endosymbiont of Zeiraphera isertana,Spiroplasma,0,2898.014892578125,4,1
GCF_964030825.1,Spiroplasma endosymbiont of Polydrusus pterygomalis,Spiroplasma,0,2961.06103515625,1,1
GCF_041428575.1,Sporomusa carbonis,Sporomusa,0,3129.126774088542,0,15
GCF_964030895.1,Spiroplasma endosymbiont of Nebria brevicollis,Spiroplasma,0,2960.58447265625,0,1
GCF_964030925.1,Spiroplasma endosymbiont of Villa modesta,Spiroplasma,0,2976.822265625,0,1
GCF_964030985.1,Spiroplasma endosymbiont of Notiophilus biguttatus,Spiroplasma,2,2811.487060546875,4,1
GCF_964031135.1,Spiroplasma endosymbiont of Aleiodes alternator,Spiroplasma,1,2909.419921875,2,1
GCF_964031175.1,Spiroplasma endosymbiont of Melieria omissa,Spiroplasma,0,2968.941650390625,1,1
GCF_964031195.1,Spiroplasma endosymbiont of Phycita roborella,Spiroplasma,0,2945.299560546875,2,1
GCF_964031275.1,Spiroplasma endosymbiont of Acasis viretata,Spiroplasma,0,2984.70361328125,2,1
GCF_964036595.1,Tenacibaculum platacis,Tenacibaculum,0,3005.572509765625,0,3
GCF_024760485.1,Streptomyces thermocarboxydus,Streptomyces,0,3021.4424641927085,0,15
GCF_964036645.1,Tenacibaculum vairaonense,Tenacibaculum,0,2966.52099609375,0,1
GCF_024793055.1,Candidatus Bacteroides intestinigallinarum,Candidatus,0,2985.3943684895835,0.6666666666666666,3
GCF_024918955.1,Mesomycoplasma molare,Mesomycoplasma,2,3022.17138671875,0,1
GCF_024918975.1,Mycoplasma cottewii,Mycoplasma,2,3020.189697265625,0,1
GCF_041428605.1,Sporomusa paucivorans,Sporomusa,2,2883.849820963542,0.3333333333333333,15
GCF_024925425.1,Curtobacterium flaccumfaciens,Curtobacterium,3,3016.226318359375,0,3
GCF_964048965.1,Tenacibaculum polynesiense,Tenacibaculum,0,3014.24462890625,0,10
GCF_041428715.1,Sporomusa malonica,Sporomusa,0,2933.201700846354,1.6666666666666667,6
GCF_024925465.1,Ralstonia pseudosolanacearum,Ralstonia,0,3043.969970703125,0,6
GCF_041428845.1,Sporomusa rhizae,Sporomusa,0,2842.0402018229165,0.6666666666666666,3
GCF_041428895.1,Sporomusa aerivorans,Sporomusa,0,2682.912312825521,2.1666666666666665,6
GCF_964062745.1,Levilactobacillus cerevisiae,Levilactobacillus,6,3085.0321451822915,0,15
GCF_041475515.1,Tistrella mobilis,Tistrella,0,2957.620849609375,1,6
GCF_964063155.1,Pediococcus parvulus,Pediococcus,0,3119.320068359375,0,6
GCF_041504375.1,Tistrella bauzanensis,Tistrella,0,2961.476277669271,0,6
GCF_964264745.1,Spiroplasma endosymbiont of Virgichneumon dumeticola,Spiroplasma,2,2963.042724609375,2,1
GCF_964273375.1,Spiroplasma endosymbiont of Cleonymus obscurus,Spiroplasma,0,3000.46484375,1,1
GCF_964273535.1,Wolbachia endosymbiont (group A) of Norellia spinipes,Wolbachia,0,2980.555908203125,0,1
GCF_964275155.1,Candidatus Curculioniphilus buchneri,Candidatus,2,3077.65869140625,0,1
GCF_041508025.1,Candidatus Uabimicrobium helgolandensis,Candidatus,0,3087.567138671875,0,6
GCF_964340835.1,Bombilactobacillus bombi,Bombilactobacillus,4,3097.4755859375,0,6
GCF_964512435.1,Tenacibaculum insulae,Tenacibaculum,3,2868.24853515625,3.6666666666666665,15
GCF_041519305.1,Streptomyces luteireticuli,Streptomyces,0,2981.3715471540177,1.1428571428571428,21
GCF_964642095.1,Fretibacterium fastidiosum,Fretibacterium,0,2982.0301920572915,0,3
GCF_041519315.1,Xanthomonas axonopodis,Xanthomonas,2,3065.7685546875,0,1
GCF_965118185.1,Paraburkholderia kururiensis,Paraburkholderia,0,3034.0615234375,0,6
GCF_024927925.1,Laceyella sacchari,Laceyella,0,2955.9441761363637,0,55
GCF_041549525.1,Paenarthrobacter aurescens,Paenarthrobacter,0,3016.226318359375,0,10
GCF_041735015.1,Campylobacter bilis,Campylobacter,0,2996.409423828125,0,1
GCF_041770905.1,Dentiradicibacter hellwigii,Dentiradicibacter,0,3047.933349609375,0,1
GCF_041892135.1,Brevundimonas intermedia,Brevundimonas,0,2895.34326171875,0,1
GCF_041893865.1,Brevundimonas staleyi,Brevundimonas,0,2895.34326171875,0,1
GCF_965119615.1,Fusobacterium watanabei,Fusobacterium,0,3002.40048828125,0.4,10
GCF_041897805.1,Actinokineospora auranticolor,Actinokineospora,3,2987.2840983072915,0,3
GCF_041898185.1,Corynebacterium belfantii,Corynebacterium,0,3010.28125,0,10
GCF_041902845.1,Limibacterium fermenti,Limibacterium,0,3026.134765625,0,1
GCF_041929345.1,Floridanema aerugineum,Floridanema,0,-461.28662109375,101,1
GCF_041956365.1,Stenotrophomonas lactitubi,Stenotrophomonas,0,3028.1031494140625,0,6
GCF_042140075.1,Chitiniphilus eburneus,Chitiniphilus,0,3027.040812174479,0.6666666666666666,6
GCF_042159835.1,Albibacterium profundi,Albibacterium,0,3032.079833984375,0,1
GCF_024971755.1,Shewanella xiamenensis,Shewanella,0,3031.5723741319443,0,36
GCF_024979235.1,Herbiconiux aconitum,Herbiconiux,2,3020.189697265625,0,1
GCF_025028335.1,Brachybacterium sillae,Brachybacterium,0,3010.28125,0,1
GCF_042214795.1,Arcobacter iocasae,Arcobacter,4,3006.31787109375,0,6
GCF_025118245.1,Brucella pseudintermedia,Brucella,0,2942.90380859375,0,6
GCF_042232855.1,Metapseudomonas boanensis,Metapseudomonas,0,3045.95166015625,0,10
GCF_042432745.1,Camelimonas abortus,Camelimonas,0,2950.83056640625,0,10
GCF_025133195.1,Yersinia alsatica,Yersinia,0,3057.841796875,0,21
GCF_025133285.1,Streptomyces carpaticus,Streptomyces,0,2980.83173828125,0,10
GCF_025137635.1,Aliiroseovarius crassostreae,Aliiroseovarius,0,2905.251708984375,0,3
GCF_025139665.1,Leisingera caerulea,Leisingera,0,2901.288330078125,0,6
GCF_025144545.1,Acidaminococcus intestini,Acidaminococcus,0,3085.58544921875,0,3
GCF_042466665.1,Peterkaempfera podocarpi,Peterkaempfera,8,3004.336181640625,0,28
GCF_025144665.1,Alistipes ihumii,Alistipes,0,2974.9326171875,0,1
GCF_025144995.1,Alistipes indistinctus,Alistipes,0,3030.09814453125,0,1
GCF_025147765.1,Blautia obeum,Blautia,0,2955.8986979166666,0,15
GCF_042647105.1,Paenibacillus sepulcri,Paenibacillus,0,3031.838425409226,0,21
GCF_042647205.1,Mesorhizobium cantuariense,Mesorhizobium,0,2942.90380859375,0,1
GCF_025148125.1,Blautia wexlerae,Blautia,0,2908.0465146019346,1.7142857142857142,21
GCF_042647235.1,Brenneria rubrifaciens,Brenneria,0,3049.855759393601,0,21
GCF_025148445.1,Eshraghiella crossota,Eshraghiella,0,3010.3272705078125,0,6
GCF_025148635.1,Butyricimonas virosa,Butyricimonas,0,2949.66806640625,2.4,10
GCF_042647425.1,Sphingobacterium zeae,Sphingobacterium,0,2919.6089797247023,0,21
GCF_042647625.1,Sphingobium rhizovicinum,Sphingobium,0,2922.8951416015625,0.5,6
GCF_042647645.1,Massilia haematophila,Massilia,2,2983.3992047991073,0,28
GCF_042647725.1,Kocuria carniphila,Kocuria,0,3020.28173828125,1,1
GCF_042648305.1,Enterococcus rivorum,Enterococcus,0,3085.6314697265625,0.5,6
GCF_042650885.1,Chitinimonas lacunae,Chitinimonas,4,3043.969970703125,0,6
GCF_042652605.1,Amycolatopsis plumensis,Amycolatopsis,0,2966.95947265625,0,6
GCF_025148965.1,Intestinibacter bartlettii,Intestinibacter,12,2607.4956886985087,8.742424242424242,66
GCF_025149125.1,Enterocloster asparagiformis,Enterocloster,0,2981.30322265625,0,6
GCF_042656365.1,Acinetobacter parvus,Acinetobacter,0,3001.8189290364585,0,15
GCF_042661025.1,Flexivirga alba,Flexivirga,0,3016.226318359375,0,3
GCF_042661385.1,Deinococcus lacus,Deinococcus,0,1477.6638695398967,49,6
GCF_042661425.1,Sulfitobacter profundi,Sulfitobacter,0,2889.4671630859375,0,6
GCF_042661605.1,Branchiibius cervicis,Branchiibius,0,3030.09814453125,0,1
GCF_025149465.1,Thomasclavelia spiroformis,Thomasclavelia,1,3006.284249441964,0,21
GCF_025149625.1,Collinsella stercoris,Collinsella,0,2982.53759765625,0,3
GCF_042661665.1,Methylobacterium komagatae,Methylobacterium,0,2945.23076171875,0,10
GCF_042665135.1,Hydrogenophaga bisanensis,Hydrogenophaga,0,3030.09814453125,0,1
GCF_042665175.1,Herminiimonas aquatilis,Herminiimonas,0,3038.02490234375,0,1
GCF_042665215.1,Hydrogenophaga atypica,Hydrogenophaga,0,3030.09814453125,0,1
GCF_025149915.1,Coprococcus eutactus,Coprococcus,5,3000.418701171875,0,10
GCF_025151385.1,Hoylesella buccalis,Hoylesella,0,3004.5204264322915,1.3333333333333333,3
GCF_042665695.1,Paraburkholderia humisilvae,Paraburkholderia,0,3034.0615234375,0,6
GCF_042665795.1,Schaalia naturae,Schaalia,0,3077.65869140625,0,3
GCF_042665855.1,Hymenobacter humi,Hymenobacter,3,2998.39111328125,0,3
GCF_025151995.1,Ruminococcus gauvreauii,Ruminococcus,0,2970.96337890625,0,10
GCF_025175675.1,Sedimenticola hydrogenitrophicus,Sedimenticola,0,3059.823486328125,0,1
GCF_042665875.1,Streptosporangium amethystogenes,Streptosporangium,0,3024.153076171875,0,15
GCF_042674625.1,Streptomyces flavalbus,Streptomyces,0,84.472900390625,77,1
GCF_025200655.1,Proteus vulgaris,Proteus,0,3044.3317522321427,0,21
GCF_025200715.1,Rhizobium sullae,Rhizobium,0,2929.7233072916665,0.6666666666666666,3
GCF_025200795.1,Rhizobium sophoriradicis,Rhizobium,0,2934.97705078125,0,3
GCF_025215495.1,Mycolicibacterium brumae,Mycolicibacterium,2,3010.28125,0,1
GCF_042682125.1,Pseudogracilibacillus auburnensis,Pseudogracilibacillus,0,3090.4058919270833,0.5333333333333333,15
GCF_025231465.1,Streptomyces murinus,Streptomyces,7,3022.17138671875,0,21
GCF_025231525.1,Sphingomonas endolithica,Sphingomonas,0,2946.8671875,0,1
GCF_025232395.1,Taurinivorans muris,Taurinivorans,4,3063.786865234375,0,6
GCF_025244825.1,Arthrobacter jinronghuae,Arthrobacter,0,3025.4895833333335,0.3333333333333333,15
GCF_025244925.1,Arthrobacter zhaoxinii,Arthrobacter,0,3028.116455078125,0,15
GCF_025263685.1,Geoalkalibacter halelectricus,Geoalkalibacter,0,3089.548828125,0,1
GCF_025264705.1,Dactylosporangium aurantiacum,Dactylosporangium,0,3006.31787109375,0,3
GCF_025266575.1,Xanthomonas prunicola,Xanthomonas,2,3065.7685546875,0,1
GCF_025273675.1,Gordonia pseudamarae,Gordonia,4,3016.226318359375,0,6
GCF_042682185.1,Paenibacillus xanthanilyticus,Paenibacillus,0,2906.8531556740786,2.6153846153846154,78
GCF_025309455.1,Comamonas squillarum,Comamonas,0,3030.09814453125,0,21
GCF_042682205.1,Geobacillus jurassicus,Geobacillus,0,3017.834567599826,1.0555555555555556,36
GCF_025311475.1,Ligilactobacillus agilis,Ligilactobacillus,0,3069.611336844308,0,28
GCF_042682325.1,Paraburkholderia solisilvae,Paraburkholderia,0,3028.8076171875,0,6
GCF_042684605.1,Pontibacter locisalis,Pontibacter,0,3018.2080078125,0,1
GCF_025311495.1,Limosilactobacillus oris,Limosilactobacillus,0,3116.52734375,0,10
GCF_042685445.1,Camelimonas lactis,Camelimonas,0,2944.52587890625,0,10
GCF_042685605.1,Eoetvoesiella caeni,Eoetvoesiella,0,3034.0615234375,0,1
GCF_042685625.1,Devosia albogilva,Devosia,0,2940.922119140625,0,1
GCF_042685745.1,Prauserella oleivorans,Prauserella,0,3014.935791015625,0,3
GCF_025311515.1,Limosilactobacillus vaginalis,Limosilactobacillus,0,3100.76572265625,0.4,10
GCF_042685785.1,Dietzia aerolata,Dietzia,3,3006.31787109375,0,3
GCF_042714495.1,Aquirufa originis,Aquirufa,0,2984.519287109375,0,3
GCF_025345565.1,Thalassolituus hydrocarboniclasticus,Thalassolituus,0,3041.98828125,0,6
GCF_042714525.1,Aquirufa echingensis,Aquirufa,0,2984.519287109375,0,3
GCF_042714595.1,Phenylobacterium ferrooxidans,Phenylobacterium,0,2940.922119140625,0,1
GCF_042715545.1,Aquirufa avitistagni,Aquirufa,0,2113.2584635416665,0,3
GCF_042715595.1,Aquirufa esocilacus,Aquirufa,0,2984.519287109375,0,3
GCF_042751225.1,Nonomuraea fastidiosa,Nonomuraea,2,2960.3715576171876,0,10
GCF_042756445.1,Oryzobacter terrae,Oryzobacter,0,3026.007568359375,0,1
GCF_042768335.1,Ruegeria meonggei,Ruegeria,0,2896.0345865885415,0,3
GCF_042846945.1,Pseudomonas moorei,Pseudomonas,0,3036.4071044921875,0,10
GCF_042847045.1,Acidovorax sacchari,Acidovorax,0,3030.09814453125,0,3
GCF_042847215.1,Gilvimarinus japonicus,Gilvimarinus,3,3043.969970703125,0,3
GCF_042850985.1,Massilimicrobiota timonensis,Massilimicrobiota,0,3017.037353515625,0,10
GCF_042855405.1,Gordonibacter urolithinfaciens,Gordonibacter,3,2985.21044921875,0,3
GCF_042926695.1,Lonepinella koalarum,Lonepinella,3,2708.0767578125,3.6,15
GCF_025369935.1,Paenibacillus andongensis,Paenibacillus,0,3019.6800241181345,0.48484848484848486,66
GCF_043099285.1,Oryzobacter telluris,Oryzobacter,0,3036.043212890625,0,1
GCF_043162025.1,Arsenicicoccus cauae,Arsenicicoccus,2,3014.24462890625,0,1
GCF_025398155.2,Roseateles amylovorans,Roseateles,5,3030.09814453125,0,10
GCF_025398315.1,Shewanella phaeophyticola,Shewanella,4,2949.323030598958,2.8666666666666667,15
GCF_025398735.1,Tahibacter amnicola,Tahibacter,0,3045.95166015625,0,1
GCF_025452235.1,Devosia neptuniae,Devosia,0,2940.922119140625,0,1
GCF_025486335.1,Mycoplasma zalophi,Mycoplasma,2,3012.262939453125,0,1
GCF_025502585.1,Reichenbachiella agarivorans,Reichenbachiella,0,3016.226318359375,0,1
GCF_025558845.1,Staphylococcus ureilyticus,Staphylococcus,0,3049.6436767578125,0.5,6
GCF_043182735.1,Chryseomicrobium aureum,Chryseomicrobium,0,3075.9073893229165,0,36
GCF_043187445.1,Capnocytophaga canis,Capnocytophaga,3,3003.0458170572915,0,3
GCF_043187465.1,Sphingobacterium cellulitidis,Sphingobacterium,0,3032.079833984375,0,6
GCF_025560845.1,Staphylococcus arlettae,Staphylococcus,0,3063.4733723958334,0.3333333333333333,15
GCF_043520715.1,Megasphaera hexanoica,Megasphaera,0,3095.9453125,0,10
GCF_043555845.1,Roseateles rivi,Roseateles,0,3041.98828125,0,1
GCF_043575855.1,Kutzneria buriramensis,Kutzneria,0,3001.06396484375,0,3
GCF_025561465.1,Staphylococcus simulans,Staphylococcus,0,3050.4585205078124,0.4,10
GCF_043587585.2,Azorhizophilus paspali,Azorhizophilus,0,3041.343017578125,0,15
GCF_043589935.1,Sphingobium naphthae,Sphingobium,0,2920.59765625,0,3
GCF_043632995.1,Pseudoxanthomonas japonensis,Pseudoxanthomonas,0,3061.80517578125,0,1
GCF_025562715.2,Endozoicomonas gorgoniicola,Endozoicomonas,0,2906.982195172991,0.5357142857142857,28
GCF_025562755.1,Endozoicomonas euniceicola,Endozoicomonas,0,3010.464032854353,0,28
GCF_025574465.1,Kordiimonas aestuarii,Kordiimonas,0,2964.702392578125,0,6
GCF_043950205.1,Kitasatospora hibisci,Kitasatospora,10,3006.31787109375,0,45
GCF_043951285.1,Roseomonas xinghualingensis,Roseomonas,0,2950.83056640625,0,1
GCF_025574485.1,Kordiimonas aquimaris,Kordiimonas,0,2972.629150390625,0,6
GCF_025583665.1,Microbacterium azadirachtae,Microbacterium,2,3022.17138671875,0,1
GCF_025639805.1,Reichenbachiella carrageenanivorans,Reichenbachiella,0,3018.2080078125,0,1
GCF_025642115.1,Chitiniphilus purpureus,Chitiniphilus,3,3040.006591796875,0,3
GCF_043972695.1,Enterobacter quasiroggenkampii,Enterobacter,0,3055.860107421875,0,21
GCF_025642135.1,Streptomyces cynarae,Streptomyces,0,2988.806201171875,0,15
GCF_025643595.1,Saccharopolyspora rosea,Saccharopolyspora,1,2997.1905110677085,0.5,6
GCF_025717065.2,Tahibacter soli,Tahibacter,0,1761.1713053385417,45.333333333333336,3
GCF_044051715.1,Levilactobacillus parabrevis,Levilactobacillus,6,3088.7097981770835,0,15
GCF_025722975.1,Rhodococcus aetherivorans,Rhodococcus,0,3016.226318359375,0,6
GCF_025725725.1,Brachybacterium huguangmaarense,Brachybacterium,0,3014.24462890625,0,1
GCF_025751435.1,Albidovulum marisflavi,Albidovulum,0,2907.2333984375,0,1
GCF_044053885.1,Levilactobacillus lettrarii,Levilactobacillus,6,3098.1669108072915,0.3333333333333333,15
GCF_025758125.1,Kosakonia cowanii,Kosakonia,0,3023.5863444010415,0,21
GCF_025770725.1,Sulfurospirillum oryzae,Sulfurospirillum,0,2990.46435546875,0,1
GCF_025813715.1,Methylobacterium flocculans,Methylobacterium,0,2938.9404296875,0,6
GCF_044095835.1,Cedecea davisae,Cedecea,0,3055.860107421875,0,21
GCF_044361425.1,Bacteroides uniformis,Bacteroides,0,3022.1943359375,0,6
GCF_025820815.1,Halomonas qinghailakensis,Halomonas,1,3001.3650390625,0.4,10
GCF_025833875.1,Reichenbachiella ulvae,Reichenbachiella,0,3016.226318359375,0,1
GCF_025837095.1,Rhodococcus sacchari,Rhodococcus,1,2959.1691080729165,0,3
GCF_025857195.1,Leisingera thetidis,Leisingera,0,2905.251708984375,0,6
GCF_044704065.1,Niallia tiangongensis,Niallia,0,3048.311067708333,0.3333333333333333,15
GCF_025908395.1,Streptomyces milbemycinicus,Streptomyces,0,3017.0835123697916,1.0666666666666667,15
GCF_025914095.1,Siccibacter colletis,Siccibacter,0,3035.5953194754466,1.1428571428571428,21
GCF_044790165.1,Cytobacillus kochii,Cytobacillus,0,3067.9806315104165,0,36
GCF_025917315.1,Halomonas qaidamensis,Halomonas,0,3038.02490234375,0,15
GCF_025919725.1,Flavobacterium agricola,Flavobacterium,0,2992.0770670572915,0,36
GCF_025961205.1,Azospirillum fermentarium,Azospirillum,0,2938.986328125,0,28
GCF_044795995.1,Ureibacillus chungkukjangi,Ureibacillus,0,3078.427940955529,0,78
GCF_044797865.1,Phycicoccus jejuensis,Phycicoccus,0,3024.153076171875,0,1
GCF_025961225.1,Azospirillum canadense,Azospirillum,0,2888.3080832741475,0.6666666666666666,66
GCF_025985205.1,Moraxella bovis,Moraxella,0,3034.0615234375,0,6
GCF_025998455.1,Helicobacter pylori,Helicobacter,1,2950.794189453125,0,1
GCF_025998535.1,Desulfolithobacter dissulfuricans,Desulfolithobacter,0,3083.69580078125,1,1
GCF_026000115.1,Aureispira anguillae,Aureispira,0,3002.469482421875,0,6
GCF_026001925.1,Vibrio gangliei,Vibrio,0,3052.1073172433034,0,21
GCF_026012015.1,Clostridium omnivorum,Clostridium,11,2968.281804865057,0,55
GCF_026013905.1,Caldimonas aquatica,Caldimonas,0,3034.0615234375,0,1
GCF_026104315.1,Pantoea anthophila,Pantoea,0,3025.0061279296874,2.2,10
GCF_026109735.1,Salinimicrobium tongyeongense,Salinimicrobium,3,2997.1925455729165,0,3
GCF_026113935.1,Marinomonas rhodophyticola,Marinomonas,2,2379.3049579196504,17.86111111111111,36
GCF_026127345.1,Herbaspirillum lusitanum,Herbaspirillum,0,3038.02490234375,0,1
GCF_026127385.1,Verminephrobacter aporrectodeae,Verminephrobacter,0,3032.77099609375,0,3
GCF_026151345.1,Leptospira paudalimensis,Leptospira,0,2964.74853515625,0,1
GCF_026151395.1,Leptospira limi,Leptospira,0,2972.629150390625,0,1
GCF_026153295.1,Rhodococcus antarcticus,Rhodococcus,0,2966.43896484375,3,1
GCF_026155355.1,Acetivibrio straminisolvens,Acetivibrio,0,3020.189697265625,0,3
GCF_026157155.1,Sphingomicrobium astaxanthinifaciens,Sphingomicrobium,0,2940.922119140625,0,1
GCF_026168515.1,Brevibacterium spongiae,Brevibacterium,0,2996.593017578125,0,6
GCF_026191355.1,Legionella sheltonii,Legionella,0,3059.823486328125,0,1
GCF_026191725.2,Roseibium porphyridii,Roseibium,0,2938.9404296875,0,3
GCF_026210475.1,Cupriavidus cauae,Cupriavidus,0,2962.8152669270835,0.6666666666666666,3
GCF_044803185.1,Mesobacillus maritimus,Mesobacillus,0,2883.4116115817774,0,231
GCF_026230175.1,Desulfovibrio mangrovi,Desulfovibrio,0,3055.860107421875,0,15
GCF_026250525.1,Chondrinema litorale,Chondrinema,3,3018.2080078125,0,3
GCF_026278245.1,Pontibacter kalidii,Pontibacter,0,3016.226318359375,0,3
GCF_044865145.1,Serratia aquatilis,Serratia,0,3024.8172433035716,0,21
GCF_026278345.1,Tellurirhabdus rosea,Tellurirhabdus,0,2938.091650390625,0,10
GCF_044901485.1,Streptomyces albogriseolus,Streptomyces,0,309.09759521484375,75,1
GCF_026409565.1,Sneathiella aquimaris,Sneathiella,0,2964.702392578125,0,3
GCF_044904605.1,Dyella humi,Dyella,0,3061.80517578125,0,3
GCF_044904645.1,Rhodanobacter hydrolyticus,Rhodanobacter,3,3053.87841796875,0,3
GCF_026410085.1,Pseudomonas quebecensis,Pseudomonas,0,3034.8306640625,0,10
GCF_026619415.1,Hoeflea algicola,Hoeflea,0,2942.949951171875,0,1
GCF_026619435.1,Hoeflea ulvae,Hoeflea,0,2946.8671875,0,1
GCF_026625565.1,Dyadobacter pollutisoli,Dyadobacter,2,2959.938191731771,2.5,6
GCF_026626665.1,Nannocystis pusilla,Nannocystis,0,2998.4287109375,0.6666666666666666,3
GCF_026650945.1,Clostridium tagluense,Clostridium,0,2985.3734241832385,0,55
GCF_026651605.1,Alicyclobacillus dauci,Alicyclobacillus,0,2918.25284249442,2.7857142857142856,28
GCF_026651875.1,Alicyclobacillus fastidiosus,Alicyclobacillus,0,2961.0604967948716,0.28205128205128205,78
GCF_026686735.1,Pseudomonas triclosanedens,Pseudomonas,0,3043.969970703125,0,6
GCF_026802195.1,Amycolatopsis cynarae,Amycolatopsis,4,3010.28125,0,6
GCF_026810365.1,Flavobacterium praedii,Flavobacterium,6,2955.7146809895835,0,15
GCF_026810445.1,Pseudomonas huanghezhanensis,Pseudomonas,2,3027.9522705078125,1,6
GCF_026870155.1,Flavobacterium marginilacus,Flavobacterium,0,2997.220556640625,0.4,10
GCF_026870175.2,Flavobacterium aestivum,Flavobacterium,0,3000.372802734375,0,10
GCF_026898135.2,Pseudomonas fortuita,Pseudomonas,0,3033.8679036458334,0,15
GCF_026898155.1,Jiella pelagia,Jiella,0,2937.004638671875,0,1
GCF_026913205.2,Lentilactobacillus terminaliae,Lentilactobacillus,6,3117.052734375,0,15
GCF_026914285.1,Caldicellulosiruptor naganoensis,Caldicellulosiruptor,0,3054.5697428385415,0.6666666666666666,3
GCF_026965555.1,Nannocystis punicea,Nannocystis,0,3024.84423828125,0,3
GCF_026966905.1,Marinomonas phaeophyticola,Marinomonas,0,3045.1313530815974,0,45
GCF_026967515.2,Rouxiella badensis,Rouxiella,0,3045.232421875,0,10
GCF_027111255.2,Flavobacterium flavigenum,Flavobacterium,5,2997.220458984375,0,10
GCF_027111275.1,Flavobacterium luteolum,Flavobacterium,0,2991.9666829427083,0,15
GCF_027111295.1,Flavobacterium gelatinilyticum,Flavobacterium,0,2995.64443359375,0,10
GCF_027111315.2,Flavobacterium limnophilum,Flavobacterium,7,2750.3796735491073,0,21
GCF_027111335.1,Flavobacterium aquiphilum,Flavobacterium,5,3000.372802734375,0,10
GCF_027111355.2,Flavobacterium eburneipallidum,Flavobacterium,3,2995.1190592447915,0,3
GCF_027125355.1,Peptostreptococcus equinus,Peptostreptococcus,0,3002.3544921875,0,10
GCF_027186265.1,Lentibacillus daqui,Lentibacillus,0,3076.6259765625,0,10
GCF_027286345.1,Salinivibrio kushneri,Salinivibrio,4,3005.7727322048613,0.5555555555555556,36
GCF_027286365.1,Salinivibrio proteolyticus,Salinivibrio,0,3007.760002983941,0.6111111111111112,36
GCF_027474525.2,Flavobacterium lacustre,Flavobacterium,4,3000.372802734375,0,6
GCF_027498475.1,Agrobacterium salinitolerans,Agrobacterium,0,2942.90380859375,0,3
GCF_027557445.1,Paenalcaligenes faecalis,Paenalcaligenes,0,3032.840047200521,0,6
GCF_027558435.1,Desulfovibrio subterraneus,Desulfovibrio,0,3055.860107421875,0,10
GCF_027571405.1,Methylocystis parvus,Methylocystis,0,2944.885498046875,0,1
GCF_027627435.1,Kitasatospora cathayae,Kitasatospora,11,3004.336181640625,0,55
GCF_027886705.1,Kosakonia oryzendophytica,Kosakonia,0,3040.098388671875,0,1
GCF_027913215.1,Paracoccus aerodenitrificans,Paracoccus,0,2895.34326171875,0,1
GCF_027920505.1,Chryseobacterium gambrini,Chryseobacterium,0,2968.1204833984375,0,6
GCF_027921445.1,Peptoniphilus equinus,Peptoniphilus,0,2997.8837076822915,0,3
GCF_027924565.1,Lysobacter auxotrophicus,Lysobacter,0,3053.92431640625,0,1
GCF_027924785.1,Vibrio nigripulchritudo,Vibrio,1,2939.2280436197916,3.533333333333333,15
GCF_027925245.1,Agromyces rhizosphaerae,Agromyces,2,3016.2724609375,0,1
GCF_027925305.1,Desulforhabdus amnigena,Desulforhabdus,0,3086.276611328125,0,3
GCF_027925385.1,Methylocystis iwaonis,Methylocystis,0,2944.885498046875,0,3
GCF_027925445.1,Methylocystis bryophila,Methylocystis,0,2946.8671875,0,1
GCF_027947575.1,Streptomyces rubrogriseus,Streptomyces,0,2977.5699544270833,0,15
GCF_027947595.1,Streptomyces lienomycini,Streptomyces,0,3020.880859375,0,15
GCF_028021195.1,Cutibacterium equinum,Cutibacterium,0,3022.17138671875,0,3
GCF_028204155.1,Vibrio algarum,Vibrio,0,3067.233224051339,0,28
GCF_028215975.1,Acidithiobacillus ferriphilus,Acidithiobacillus,2,3043.969970703125,0,1
GCF_028355655.1,Aeromonas salmonicida,Aeromonas,0,3044.7752394903273,0,21
GCF_028368935.1,Sorangium atrum,Sorangium,0,3081.6451416015625,0.5,6
GCF_028368995.1,Nannocystis bainbridge,Nannocystis,0,3024.84423828125,0,3
GCF_028369095.1,Nannocystis radixulma,Nannocystis,0,3030.09814453125,0,3
GCF_028369105.1,Polyangium mundeleinium,Polyangium,0,3012.0320638020835,4,3
GCF_028401425.1,Psychrosphaera algicola,Psychrosphaera,1,2970.7491048177085,3.8333333333333335,6
GCF_028463985.1,Neisseria lisongii,Neisseria,0,3053.87841796875,0,6
GCF_028471905.1,Aneurinibacillus uraniidurans,Aneurinibacillus,7,3018.9619931175594,0,105
GCF_028473685.1,Paraburkholderia bryophila,Paraburkholderia,0,3034.0615234375,0,21
GCF_028553725.1,Paracoccus alcaliphilus,Paracoccus,0,2899.306640625,0,1
GCF_028553745.1,Paracoccus seriniphilus,Paracoccus,0,2899.306640625,0,3
GCF_028553765.1,Paracoccus stylophorae,Paracoccus,0,2899.306640625,0,1
GCF_028596105.1,Acidovorax temperans,Acidovorax,0,3030.09814453125,0,6
GCF_028596125.1,Listeria innocua,Listeria,0,3061.2058919270835,0,15
GCF_028606985.1,Paenibacillus kyungheensis,Paenibacillus,8,3010.0902797154017,0.25,28
GCF_028607025.1,Limosilactobacillus portuensis,Limosilactobacillus,0,3118.103515625,0,10
GCF_028607085.1,Sphingomonas naphthae,Sphingomonas,0,2950.83056640625,0,1
GCF_028607105.1,Novosphingobium humi,Novosphingobium,0,2950.83056640625,0,1
GCF_028609805.1,Corynebacterium massiliense,Corynebacterium,0,3014.24462890625,0,6
GCF_028609825.1,Corynebacterium ihumii,Corynebacterium,3,3006.31787109375,0,3
GCF_028609845.1,Corynebacterium heidelbergense,Corynebacterium,3,3034.0615234375,0,3
GCF_028609865.1,Corynebacterium jeddahense,Corynebacterium,0,2973.4581298828125,0,6
GCF_028622115.1,Kutzneria chonburiensis,Kutzneria,0,2969.54052734375,0,3
GCF_028622335.1,Escherichia albertii,Escherichia,0,3019.5241350446427,1.9047619047619047,21
GCF_028657945.1,Thalassomonas haliotis,Thalassomonas,0,3013.6532069614955,1,28
GCF_028680575.1,Acidovorax benzenivorans,Acidovorax,0,3038.02490234375,0,1
GCF_028728065.1,Lentisphaera profundi,Lentisphaera,0,2993.828369140625,0,15
GCF_028735875.1,Shouchella hunanensis,Shouchella,8,3054.3787231445312,0,28
GCF_028736055.1,Arthrobacter agilis,Arthrobacter,3,3040.006591796875,0,3
GCF_028743495.1,Allobacillus halotolerans,Allobacillus,0,3066.24208984375,0,15
GCF_028743515.2,Imtechella halotolerans,Imtechella,3,2993.8285319010415,0.6666666666666666,3
GCF_028745505.1,Lentisphaera marina,Lentisphaera,0,3001.183935546875,0,10
GCF_028747805.1,Solibacillus daqui,Solibacillus,3,3055.6903483072915,1.3333333333333333,3
GCF_028747985.1,Paenibacillus urinalis,Paenibacillus,8,2943.403154645647,0.9642857142857143,28
GCF_028748105.1,Entomospira nematocerorum,Entomospira,2,3040.052490234375,0,1
GCF_028748125.1,Entomospira entomophila,Entomospira,2,3032.171875,1,1
GCF_028748145.1,Entomospira culicis,Entomospira,0,3024.291259765625,1,1
GCF_028750675.1,Shewanella metallivivens,Shewanella,0,3049.9609375,0,1
GCF_028751035.1,Helicobacter winghamensis,Helicobacter,0,2878.8697916666665,1.3333333333333333,3
GCF_028751155.1,Aeromonas bestiarum,Aeromonas,0,3054.6248372395835,0,45
GCF_028751525.1,Alicyclobacillus cycloheptanicus,Alicyclobacillus,6,3037.379638671875,0,15
GCF_028752115.1,Stenotrophomonas forensis,Stenotrophomonas,0,3042.2461751302085,1,6
GCF_028768405.1,Micromonospora chalcea,Micromonospora,0,2997.1005859375,0,3
GCF_028776105.2,Neisseria leonii,Neisseria,0,3053.87841796875,0,6
GCF_028816455.1,Devosia algicola,Devosia,0,2914.9052734375,1,1
GCF_028816475.1,Devosia rhodophyticola,Devosia,0,2940.922119140625,0,1
GCF_028858425.1,Vibrio aestuarianus,Vibrio,0,3039.8905164930557,0,36
