ncbi_species,species
Flavobacterium fluviatile,Flavobacterium fluviatile
Ligilactobacillus animalis,Ligilactobacillus animalis
Helicobacter typhlonius,Helicobacter_C typhlonius
Hydrogenophaga laconesensis,Hydrogenophaga laconesensis
Cecembia sp.,Cecembia sp007126775
Mycobacteroides immunogenum,Mycobacterium immunogenum
Mycoplasmoides pneumoniae,Mycoplasmoides pneumoniae
Muribaculum intestinale,Muribaculum intestinale
Campylobacter helveticus,Campylobacter_D helveticus
Taylorella equigenitalis,Taylorella equigenitalis
Rhizobium indigoferae,Rhizobium leguminosarum
Xanthomonas oryzae,Xanthomonas oryzae
Mycobacterium paragordonae,Mycobacterium paragordonae
Bordetella pseudohinzii,Bordetella pseudohinzii
Peribacter riflensis,Peribacter riflensis
Agrobacterium tomkonis,Agrobacterium tomkonis
Streptomyces sp900116325,Streptomyces sp900116325
Halovibrio sp.,Vreelandella sp033052795
Aquitalea denitrificans,Aquitalea denitrificans
Planosporangium mesophilum,Planosporangium mesophilum
Coproplasma excrementipullorum,Coproplasma excrementipullorum
Citrobacter portucalensis,Citrobacter portucalensis
Thauera propionica,Thauera propionica
Leptospira borgpetersenii,Leptospira borgpetersenii
Kingella kingae,Kingella kingae
Vibrio furnissii,Vibrio furnissii
Arenivirga flava,Arenivirga flava
Faecalibaculum rodentium,Faecalibaculum rodentium
Scybalocola faecavium,Catenibacillus faecavium
Cloacimonas acidaminovorans,Cloacimonas acidaminivorans
Aurantimonas endophytica,Aurantimonas endophytica
Bordetella pertussis,Bordetella pertussis
Actinocatenispora sera,Actinocatenispora sera
Pseudomonas mediterranea,Pseudomonas_E mediterranea
Salicibibacter cibi,Salicibibacter cibi
Pectobacterium parmentieri,Pectobacterium parmentieri
Chryseobacterium arthrosphaerae,Chryseobacterium arthrosphaerae
Corynebacterium pseudotuberculosis,Corynebacterium pseudotuberculosis
Porphyromonas gingivalis,Porphyromonas gingivalis
Acinetobacter faecalis,Acinetobacter faecalis
Sphingobium soli,Sphingobium soli
Companilactobacillus mishanensis,Companilactobacillus mishanensis
Lactobacillus helveticus,Lactobacillus helveticus
Enterococcus malodoratus,Enterococcus_A malodoratus
Tessaracoccus flavus,Arachnia flava
Neisseria polysaccharea,Neisseria polysaccharea
Streptococcus equi,Streptococcus equi
Corynebacterium bovis,Corynebacterium bovis
Dechloromonas hankyongensis,Azonexus hankyongensis
Phytoplasma melaleucae,Phytoplasma melaleucae
Eubacterium sulci,Eubacterium_B sulci
Staphylococcus pseudintermedius,Staphylococcus pseudintermedius
Tolumonas auensis,Tolumonas auensis
Streptococcus ruminantium,Streptococcus ruminantium
Elizabethkingia meningoseptica,Elizabethkingia meningoseptica
Sedimenticola endophacoides,Sedimenticola_A endophacoides
Salinicoccus albus,Salinicoccus albus
Leptospira yasudae,Leptospira yasudae
Clostridium tertium,Clostridium tertium
Saccharopolyspora soli,Saccharopolyspora soli
Leptospirillum ferrooxidans,Leptospirillum ferrooxidans
Electrothrix gigas,Electrothrix gigas
Barnesiella excrementigallinarum,Barnesiella excrementigallinarum
Borrelia miyamotoi,Borrelia miyamotoi
Bordetella holmesii,Bordetella holmesii
Paramuribaculum intestinale,Paramuribaculum intestinale
Gordonia jacobaea,Gordonia jacobaea
Xenorhabdus anantnagensis,Xenorhabdus anantnagensis
Sphingomonas caseinilyticus,Sphingomicrobium caseinilyticum
Peribacillus loiseleuriae,Peribacillus loiseleuriae
Xenorhabdus szentirmaii,Xenorhabdus szentirmaii
Bifidobacterium primatium,Galliscardovia primatium
Listeria innocua,Listeria innocua
Corynebacterium imitans,Corynebacterium imitans
Weissella kandleri,Weissella kandleri
Citrobacter farmeri,Citrobacter_A farmeri
Rubrobacter taiwanensis,Rubrobacter_C taiwanensis
Actinotignum sanguinis,Actinotignum sanguinis
Turicimonas muris,Turicimonas muris
Yersinia proxima,Yersinia proxima
Chlamydia suis,Chlamydia suis
Citrobacter cronae,Citrobacter werkmanii
Alcaligenes nematophilus,Alcaligenes phenolicus
Xylella fastidiosa,Xylella fastidiosa
Pediococcus pentosaceus,Pediococcus pentosaceus
Klebsiella quasipneumoniae,Klebsiella quasipneumoniae
Marinobacter salinexigens,Marinobacter salinexigens
Butyricimonas faecihominis,Butyricimonas faecihominis
Nitrosomonas mobilis,Nitrosomonas mobilis
Aeromonas tecta,Aeromonas tecta
Acidithiobacillus ferrianus,Acidithiobacillus ferrianus
Staphylococcus capitis,Staphylococcus capitis
Flavobacterium amniphilum,Flavobacterium amniphilum
Lacticaseibacillus rhamnosus,Lacticaseibacillus rhamnosus
Corynebacterium mastitidis,Corynebacterium mastitidis
Halanaerobium congolense,Halanaerobium congolense
Gloeocapsopsis crepidinum,Gloeocapsopsis crepidinum
Coxiella burnetii,Coxiella burnetii
Aequorivita xiaoshiensis,Aequorivita xiaoshiensis
Mycolicibacterium llatzerense,Mycobacterium llatzerense
Desulfobacterota bacterium,JALLOG01 sp027717645
Prevotella pectinovora,Prevotella pectinovora
Sporofaciens musculi,Sporofaciens musculi
Flavonifractor merdipullorum,Pseudoflavonifractor_A merdipullorum
Caccomorpha excrementavium,Caccomorpha excrementavium
Burkholderia oklahomensis,Burkholderia oklahomensis
Thiopseudomonas alkaliphila,Oblitimonas alkaliphila
Capnocytophaga stomatis,Capnocytophaga stomatis
Tenacibaculum agarivorans,Tenacibaculum agarivorans
Staphylococcus massiliensis,Staphylococcus massiliensis
Castellaniella ginsengisoli,Castellaniella ginsengisoli
Legionella bononiensis,Legionella bononiensis
Chitinophaga alhagiae,Chitinophaga alhagiae
Vibrio breoganii,Vibrio breoganii
Neisseria gonorrhoeae,Neisseria gonorrhoeae
Erwinia amylovora,Erwinia amylovora
Hydrogenimonas thermophila,Hydrogenimonas thermophila
Segatella salivae,Prevotella salivae
Vibrio anguillarum,Vibrio anguillarum
Limosilactobacillus fastidiosus,Limosilactobacillus fastidiosus
Bacillus atrophaeus,Bacillus atrophaeus
Demequina lignilytica,Demequina lignilytica
Mycolicibacterium fortuitum,Mycobacterium fortuitum
Perspicuibacillus lycopersici,Perspicuibacillus lycopersici
Halomonas axialensis,Vreelandella aquamarina
Rothia kristinae,Rothia kristinae
Lysobacter dokdonensis,Noviluteimonas dokdonensis
Alkalicoccus chagannorensis,Alkalicoccus chagannorensis
Streptomyces albidochromogenes,Streptomyces albidochromogenes
Erwinia pyrifoliae,Erwinia pyrifoliae
uncultured Faecalibaculum,Faecalibaculum sp910588395
Dubosiella newyorkensis,Dubosiella newyorkensis
Ruminimicrobiellum ovillum,Ruminimicrobiellum ovillum
Alistipes excrementavium,Alistipes excrementavium
Psychrobacter pasteurii,Psychrobacter pasteurii
Rhodopirellula bahusiensis,Rhodopirellula bahusiensis
Lacticaseibacillus paracasei,Lacticaseibacillus paracasei
Prevotella communis,Prevotella communis
Gemella sanguinis,Gemella sanguinis
bacterium 1xD42-87,UBA3282 sp003611805
Avacholeplasma faecigallinarum,Anaeroplasma faecigallinarum
Hwangdonia seohaensis,Hwangdonia seohaensis
Campylobacter novaezeelandiae,Campylobacter_D novaezeelandiae
Nisaea denitrificans,Nisaea denitrificans
Amphiplicatus sp.,JAVJPA01 sp040216495
Duncaniella freteri,Duncaniella freteri
Vicinibacter affinis,Vicinibacter affinis
Methylomonas fluvii,Methylomonas fluvii
Rhodococcus oxybenzonivorans,Rhodococcus_F oxybenzonivorans
Streptomyces heilongjiangensis,Streptomyces heilongjiangensis
Bacillus haynesii,Bacillus haynesii
Aureimonas jatrophae,Aureimonas jatrophae
Gluconobacter cerevisiae,Gluconobacter cerevisiae
Paractinoplanes rishiriensis,Actinoplanes rishiriensis
Lactobacillus crispatus,Lactobacillus crispatus
Duncaniella muris,Duncaniella muris
Desulfosarcina alkanivorans,Desulfosarcina alkanivorans
Bacillus halotolerans,Bacillus halotolerans
Fusobacterium animalis,Fusobacterium animalis
Citrobacter koseri,Citrobacter_B koseri
Lederbergia wuyishanensis,Lederbergia_A wuyishanensis
Microvirga massiliensis,Microvirga massiliensis
Falseniella ignava,Falseniella ignava
Mixta mediterraneensis,Pantoea mediterraneensis
Tsuneonella flava,Tsuneonella flava
Chlamydia pecorum,Chlamydophila pecorum
Staphylococcus petrasii,Staphylococcus petrasii
Brenneria bubanii,Brenneria bubanii
Acinetobacter radioresistens,Acinetobacter radioresistens
Shewanella xiamenensis,Shewanella xiamenensis
Lentilactobacillus parabuchneri,Lentilactobacillus parabuchneri
Rahnella aceris,Rahnella aceris
Bombiscardovia coagulans,Bombiscardovia coagulans
Microbacterium algeriense,Microbacterium algeriense
Duganella lactea,Duganella lactea
Corynebacterium stationis,Corynebacterium stationis
Nocardiopsis alba,Nocardiopsis alba
Paracidovorax citrulli,Paracidovorax citrulli
Metalachnospira gallinarum,Metalachnospira gallinarum
Haemophilus ducreyi,Haemophilus_B ducreyi
Amphritea japonica,Amphritea japonica
Salinibacter altiplanensis,Salinibacter altiplanensis
Burkholderia dolosa,Burkholderia dolosa
Tritonibacter aquimaris,Epibacterium aquimaris
Sodalis-like endosymbiont,GCA-001602625 sp001602625
Lactobacillus iners,Lactobacillus iners
Rathayibacter toxicus,Rathayibacter toxicus
Streptococcus parauberis,Streptococcus parauberis
Clostridium chauvoei,Clostridium chauvoei
Seongchinamella unica,Halioglobus unicus
Nocardia seriolae,Nocardia seriolae
Nitrosomonas europaea,Nitrosomonas europaea
Helicobacter hepaticus,Helicobacter_C hepaticus
Helicobacter rodentium,Helicobacter_D rodentium
Bibersteinia trehalosi,Bibersteinia trehalosi
Vibrio campbellii,Vibrio campbellii
Parolsenella catena,Parolsenella catena
Marinomonas primoryensis,Marinomonas primoryensis
Stutzerimonas balearica,Stutzerimonas balearica
Pectobacterium versatile,Pectobacterium versatile
Gallibacterium anatis,Gallibacterium anatis
Maribacter luteus,Maribacter_A luteus
Phaeobacter inhibens,Phaeobacter inhibens
Kushneria marisflavi,Kushneria marisflavi
Streptomyces clavuligerus,Streptomyces clavuligerus
Colwellia ponticola,Colwellia ponticola
Parendozoicomonas haliclonae,Sansalvadorimonas haliclonae
Brocadia sapporoensis,Brocadia sapporoensis
Listeria seeligeri,Listeria seeligeri
Myroides injenensis,Flavobacterium injenense
Corynebacterium singulare,Corynebacterium singulare
Pseudomonas furukawaii,Metapseudomonas furukawaii
Micromonospora sediminimaris,Micromonospora sediminimaris
Pedobacter zeae,Pedobacter zeae
Lactococcus formosensis,Lactococcus formosensis
Massilia niastensis,Telluria niastensis
Metamycoplasma equirhinis,Metamycoplasma equirhinis
Nocardia gamkensis,Nocardia gamkensis
Bacteroides heparinolyticus,Bacteroides heparinolyticus
Stutzerimonas nitrititolerans,Stutzerimonas nitrititolerans
Scatomonas merdavium,Scatomonas merdavium
Prevotella micans,Prevotella micans
Flavobacterium flavigenum,Flavobacterium flavigenum
Fimimorpha faecalis,Fimimorpha faecalis
Corynebacterium humireducens,Corynebacterium humireducens
Chlamydia abortus,Chlamydophila abortus
Staphylococcus argenteus,Staphylococcus argenteus
Cutibacterium avidum,Cutibacterium avidum
Paenibacillus pinihumi,Paenibacillus_D pinihumi
Streptomyces chryseus,Streptomyces chryseus
Eggerthella lenta,Eggerthella lenta
Pasteurella skyensis,Phocoenobacter skyensis
Aminobacterium colombiense,Aminobacterium colombiense
Caproicibacterium lactatifermentans,Caproicibacterium lactatifermentans
Malaciobacter molluscorum,Malaciobacter molluscorum
Clostridium sulfidigenes,Clostridium_J sulfidigenes
Escherichia albertii,Escherichia albertii
Nocardia otitidiscaviarum,Nocardia otitidiscaviarum
Aerococcus mictus,Aerococcus mictus
Enterococcus durans,Enterococcus_B durans
Elizabethkingia anophelis,Elizabethkingia anophelis
Celaenobacter polaris,Celaenobacter polaris
Thermodesulfobacterium commune,Thermodesulfobacterium commune
Streptococcus didelphis,Streptococcus didelphis
Yersinia aleksiciae,Yersinia aleksiciae
Mycobacterium stephanolepidis,Mycobacterium stephanolepidis
Paenimyroides viscosum,Flavobacterium viscosum
Faecivivens stercoripullorum,Faecivivens stercoripullorum
Bosea spartocytisi,Bosea spartocytisi
Calothrix rhizosoleniae,Calothrix_A rhizosoleniae
Listeria aquatica,Listeria aquatica
Polynucleobacter sphagniphilus,Polynucleobacter sphagniphilus
Prevotella denticola,Prevotella denticola
Sphingopyxis jiangsuensis,Sphingopyxis jiangsuensis
Providencia manganoxydans,Providencia manganoxydans
Pseudomonas serbica,Pseudomonas_E serbica
Aeromonas dhakensis,Aeromonas dhakensis
Methylobacillus rhizosphaerae,Methylobacillus rhizosphaerae
Pantoea septica,Pantoea septica
Porphyromonas loveana,Porphyromonas loveana
Prevotella pallens,Prevotella pallens
Adiutrix intracellularis,Adiutrix intracellularis
Borreliella burgdorferi,Borreliella burgdorferi
Xanthomonas vasicola,Xanthomonas vasicola
Pandoraea vervacti,Pandoraea vervacti
Nitratifractor salsuginis,Nitratifractor salsuginis
Adlercreutzia mucosicola,Adlercreutzia mucosicola
Lactococcus termiticola,Lactococcus termiticola
Enterobacter quasiroggenkampii,Enterobacter quasiroggenkampii
Acinetobacter seifertii,Acinetobacter seifertii
Olivibacter domesticus,Olivibacter domesticus
Deinococcus frigens,Deinococcus frigens
Dickeya dianthicola,Dickeya dianthicola
Microbacterium sediminis,Microbacterium sediminis
Aedoeadaptatus nemausensis,Aedoeadaptatus nemausensis
Aliarcobacter skirrowii,Aliarcobacter skirrowii
Aliarcobacter faecis,Aliarcobacter faecis
Sphaerisporangium corydalis,Sphaerisporangium corydalis
Helicobacter ganmani,Helicobacter_D ganmani
Caccovicinus merdipullorum,Caccovicinus merdipullorum
Hoylesella enoeca,Prevotella enoeca
Mycoplasmopsis synoviae,Mycoplasmopsis synoviae
Gloeobacter morelensis,Gloeobacter morelensis
Enterococcus aquimarinus,Enterococcus_I aquimarinus
Bacillus ectoiniformans,Bacillus_BX ectoiniformans
Corynebacterium gallistercoris,Corynebacterium gallistercoris
Melissococcus plutonius,Melissococcus plutonius
Streptomyces viridosporus,Streptomyces viridosporus
Nocardiopsis ansamitocini,Nocardiopsis_D ansamitocini
Tsukamurella strandjordii,Tsukamurella strandjordii
Thermodesulfobacterium hveragerdense,Thermodesulfobacterium hveragerdense
Polynucleobacter yangtzensis,Polynucleobacter yangtzensis
Secundilactobacillus paracollinoides,Secundilactobacillus paracollinoides
Marinobacter daepoensis,Marinobacter daepoensis
Streptomyces paradoxus,Streptomyces paradoxus
Mediterraneibacter stercoravium,Mediterraneibacter stercoravium
Colwellia echini,Colwellia echini
Sphingobacterium rhinopitheci,Sphingobacterium rhinopitheci
Enterococcus ureasiticus,Enterococcus ureasiticus
Pallidibacillus thermolactis,Pallidibacillus thermolactis
Paracidobacterium acidisoli,Paracidobacterium acidisoli
Francisella noatunensis,Francisella noatunensis
Saccharicrinis aurantiacus,Saccharicrinis aurantiacus
Mycoplasmoides gallisepticum,Mycoplasmoides gallisepticum
Tardiphaga alba,Tardiphaga alba
Paeniglutamicibacter kerguelensis,Paeniglutamicibacter kerguelensis
Confluentibacter citreus,Confluentibacter citreus
Corynebacterium ammoniagenes,Corynebacterium ammoniagenes
Fusobacterium necrophorum,Fusobacterium_C necrophorum
Ligilactobacillus agilis,Ligilactobacillus agilis
Glaesserella parasuis,Glaesserella parasuis
Arthrobacter terrae,Arthrobacter_M terrae
Mediterraneibacter stercoripullorum,Mediterraneibacter stercoripullorum
Scalindua sediminis,Scalindua_A sediminis
Nonlabens antarcticus,Nonlabens antarcticus
Legionella geestiana,Legionella_B geestiana
Serratia sarumanii,Serratia sarumanii
Clostridium felsineum,Clostridium_S felsineum
Clostridium acetobutylicum,Clostridium_S acetobutylicum
Aerococcus loyolae,Aerococcus loyolae
Octadecabacter dasysiphoniae,Octadecabacter dasysiphoniae
Virgibacillus halodenitrificans,Virgibacillus halodenitrificans
Bifidobacterium avesanii,Bifidobacterium avesanii
Perlucidibaca aquatica,Perlucidibaca aquatica
Caldatribacterium californiense,Caldatribacterium californiense
Thermotoga petrophila,Thermotoga petrophila
uncultured Metamycoplasma,UBA710 sp002298905
Symbiodolus clandestinus,Symbiodolus clandestinus
Capnocytophaga sputigena,Capnocytophaga sputigena
Flavobacterium oreochromis,Flavobacterium oreochromis
Cupriavidus metallidurans,Cupriavidus metallidurans
Cronobacter malonaticus,Cronobacter malonaticus
Luteimonas yindakuii,Luteimonas yindakuii
Citrobacter meridianamericanus,Citrobacter meridianamericanus
Lysinibacillus capsici,Lysinibacillus capsici
Amycolatopsis tucumanensis,Amycolatopsis tucumanensis
Vibrio coralliirubri,Vibrio coralliirubri
Schmidhempelia bombi,Schmidhempelia bombi
Xenorhabdus kozodoii,Xenorhabdus kozodoii
Fulvivirga sediminis,Fulvivirga sediminis
Ileibacterium valens,Ileibacterium valens
Deinococcus geothermalis,Deinococcus geothermalis
Chitinophaga pendula,Chitinophaga pendula
Clostridium tetani,Clostridium_G tetani
Shewanella electrica,Shewanella electrica
Nocardiopsis potens,Nocardiopsis_A potens
Pantoea stewartii,Pantoea stewartii
Kallotenue papyrolyticum,Kallotenue papyrolyticum
Bacillus suaedae,Halalkalibacter suaedae
Scybalocola faecigallinarum,Catenibacillus faecigallinarum
Paenibacillus pseudetheri,Paenibacillus pseudetheri
Streptomyces mutabilis,Streptomyces mutabilis
Flaviflexus equikiangi,Flaviflexus equikiangi
Devosia beringensis,Devosia beringensis
Hymenobacter ginkgonis,Hymenobacter ginkgonis
Cellulomonas aerilata,Pengzhenrongella aerilata
Burkholderia orbicola,Burkholderia orbicola
Desulfonauticus submarinus,Desulfonauticus submarinus
Bartonella birtlesii,Bartonella birtlesii
Sedimentitalea xiamensis,Sedimentitalea xiamensis
Histophilus somni,Histophilus somni
Zobellia galactanivorans,Zobellia galactanivorans
Staphylococcus lugdunensis,Staphylococcus lugdunensis
Mycobacterium crassicus,Mycobacterium crassicus
Pseudochryseolinea flava,Ohtaekwangia flava
Methyloceanibacter marginalis,Methyloceanibacter marginalis
Limnohabitans planktonicus,Limnohabitans_A planktonicus
Anaerotruncus massiliensis,Anaerotruncus massiliensis
Spirosoma rigui,Spirosoma rigui
Erwinia aphidicola,Erwinia aphidicola
Streptobacillus moniliformis,Streptobacillus moniliformis
Phyllobacterium trifolii,Phyllobacterium trifolii
Pseudaminobacter arsenicus,Pseudaminobacter arsenicus
Brenneria goodwinii,Brenneria goodwinii
Nocardia aurea,Nocardia aurea
Helicobacter aurati,Helicobacter_A aurati
Microbulbifer thermotolerans,Microbulbifer thermotolerans
Aerococcus urinaeequi,Aerococcus urinaeequi
Segatella violae,Prevotella violae
Acinetobacter venetianus,Acinetobacter venetianus
Pseudomonas peli,Pseudomonas_E peli
uncultured Luteolibacter,Luteolibacter sp963925255
Helicobacter japonicus,Helicobacter_C japonicus
Nocardioides pantholopis,Nocardioides pantholopis
Flavobacterium cupriresistens,Flavobacterium cupriresistens
Vitreoscilla massiliensis,Vitreoscilla massiliensis
Telmatospirillum siberiense,Telmatospirillum siberiense
Mycobacterium botniense,Mycobacterium botniense
Stoquefichus massiliensis,Stoquefichus massiliensis
Propionibacterium freudenreichii,Propionibacterium freudenreichii
Streptomyces calidiresistens,Streptomyces calidiresistens
Leuconostoc litchii,Leuconostoc litchii
Rhodothalassium salexigens,Rhodothalassium salexigens
Demequina maris,Demequina maris
Prochlorothrix hollandica,Prochlorothrix hollandica
Tisiphia sp.,Tisiphia sp002259525
Vibrio neptunius,Vibrio neptunius
Microbacterium endophyticum,Microbacterium endophyticum
Bacillus massilionigeriensis,Bacillus_BE massilionigeriensis
Aeromonas rivipollensis,Aeromonas rivipollensis
Convivina praedatoris,Convivina praedatoris
Flavobacterium saliperosum,Flavobacterium saliperosum
Acidipropionibacterium thoenii,Acidipropionibacterium thoenii
Helicobacter apodemus,Helicobacter_D apodemus
Erwinia sorbitola,Erwinia sorbitola
Hydrogenovibrio thermophilus,Hydrogenovibrio thermophilus
Herbiconiux aconitum,Herbiconiux aconitum
Flavobacterium glaciei,Flavobacterium glaciei
Bifidobacterium boum,Bifidobacterium boum
Rosenbergiella australiborealis,Rosenbergiella australiborealis
Pseudonocardia sediminis,Pseudonocardia sediminis
Leptospira langatensis,Leptospira_B langatensis
Massilia timonae,Telluria timonae
Winogradskyella arenosi,Winogradskyella arenosi
Allofrancisella guangzhouensis,Allofrancisella guangzhouensis
Polaribacter haliotis,Polaribacter haliotis
Williamsia phyllosphaerae,Williamsia_A phyllosphaerae
Borreliella afzelii,Borreliella afzelii
Stenotrophomonas muris,Stenotrophomonas muris
Methylosarcina fibrata,Methylosarcina fibrata
Sphingomonas anseongensis,Sphingomicrobium anseongensis
Halomonas caseinilytica,Halomonas caseinilytica
Altimarinus sp.,Altimarinus sp020724225
Aliiroseovarius crassostreae,Aliiroseovarius crassostreae
Sneathiella marina,Sneathiella marina
Bacillus cabrialesii,Bacillus cabrialesii
Deinococcus wulumuqiensis,Deinococcus wulumuqiensis
Rhizobium anhuiense,Rhizobium anhuiense
Photobacterium phosphoreum,Photobacterium phosphoreum
Caccoplasma merdavium,Caccoplasma merdavium
Nitratireductor thuwali,Chelativorans thuwali
Agrobacterium cavarae,Agrobacterium cavarae
Anaerostipes excrementavium,Anaerostipes excrementavium
Vibrio aestuarianus,Vibrio aestuarianus
Anaerosporobacter mobilis,Anaerosporobacter mobilis
Deinococcus radiopugnans,Deinococcus radiopugnans
Altererythrobacter aquiaggeris,Altererythrobacter_H aquiaggeris
Acinetobacter harbinensis,Acinetobacter harbinensis
bacterium HR40,HRBIN40 sp002898275
Marinovum algicola,Marinovum algicola
Brachyspira aalborgi,Brachyspira aalborgi
Pelotomaculum thermopropionicum,Pelotomaculum thermopropionicum
Epilithonimonas xixisoli,Epilithonimonas xixisoli
Sinorhizobium psoraleae,Sinorhizobium psoraleae
Pseudomonas agarici,Pseudomonas_E agarici
Luteimonas abyssi,Luteimonas abyssi
Sinosporangium album,Sinosporangium album
Desulfonatronum thiosulfatophilum,Desulfonatronum thiosulfatophilum
Faecalibacillus faecis,Faecalibacillus faecis
Paraburkholderia acidicola,Paraburkholderia acidicola
Sedimentibacter saalensis,Sedimentibacter saalensis
Enterocloster aldenensis,Enterocloster aldenensis
Streptomyces acidiscabies,Streptomyces acidiscabies
Sinorhizobium medicae,Sinorhizobium medicae
Metamycoplasma hominis,Metamycoplasma hominis
Solimonas soli,Solimonas soli
Streptomyces chilikensis,Streptomyces chilikensis
Rhizobium hainanense,Rhizobium hainanense
Apilactobacillus timberlakei,Apilactobacillus timberlakei
Bordetella hinzii,Bordetella hinzii
Phocaeicola barnesiae,Phocaeicola barnesiae
Roseobacteraceae bacterium,SELP01 sp035969385
Simonsiella sp.,Simonsiella sp041831015
Algoriphagus marinus,Algoriphagus marinus
Paenibacillus crassostreae,Paenibacillus crassostreae
Liquorilactobacillus nagelii,Liquorilactobacillus nagelii
Pseudomonas ceruminis,Pseudomonas_E ceruminis
Streptomyces sodiiphilus,Streptomyces sodiiphilus
Fodinicola acaciae,Fodinicola acaciae
Marinobacter mangrovi,Marinobacter_A mangrovi
Microbacterium saccharophilum,Microbacterium saccharophilum
Benthicola azotiphoros,Benthicola azotiphorus
Liminaster caballi,Liminaster caballi
Acinetobacter baylyi,Acinetobacter baylyi
Aeromonas allosaccharophila,Aeromonas allosaccharophila
Ferruginivarius sediminum,Ferruginivarius sediminum
Providencia rustigianii,Providencia rustigianii
uncultured Anaplasmataceae,CAIPFW01 sp903864455
Staphylococcus arlettae,Staphylococcus arlettae
Rhizobium ruizarguesonis,Rhizobium ruizarguesonis
Legionella tucsonensis,Legionella tucsonensis
Virgibacillus profundi,Virgibacillus profundi
Thermodesulfovibrio thiophilus,Thermodesulfovibrio thiophilus
Thermus scotoductus,Thermus scotoductus
Pseudoalteromonas spongiae,Pseudoalteromonas spongiae
Komagataeibacter sucrofermentans,Komagataeibacter sucrofermentans
Cellulomonas xiejunii,Cellulomonas xiejunii
Flagellimonas aquimarina,Flagellimonas aquimarina
Actinomyces polynesiensis,Pauljensenia polynesiensis
Enterobacter quasihormaechei,Enterobacter quasihormaechei
Winogradskyella helgolandensis,Winogradskyella helgolandensis
Marinobacterium aestuarii,Marinobacterium_A aestuarii
Streptomyces guryensis,Streptomyces guryensis
Mobiluncus mulieris,Mobiluncus mulieris
Legionella parisiensis,Legionella parisiensis
Lactobacillus kefiranofaciens,Lactobacillus kefiranofaciens
Nocardioides albidus,Nocardioides albidus
Bulleidia extructa,Bulleidia extructa
Corynebacterium dentalis,Corynebacterium dentalis
Eggerthia catenaformis,Eggerthia catenaformis
Legionella cherrii,Legionella cherrii
Oceaniferula sp.,Oceaniferula sp041548785
Streptomyces cinnabarinus,Streptomyces cinnabarinus
Hyunsoonleella flava,Jejuia flava
Streptococcus iniae,Streptococcus iniae
Thermoflavifilum aggregans,Thermoflavifilum aggregans
Aeromicrobium alkaliterrae,Aeromicrobium alkaliterrae
Parafrankia colletiae,Parafrankia colletiae
Chlorohelix allophototropha,Chlorohelix allophototropha
Nissabacter sp.,Chimaeribacter sp005491205
Stenotrophomonas sepilia,Stenotrophomonas sepilia
Proteiniclasticum aestuarii,Proteiniclasticum aestuarii
Mucilaginibacter straminoryzae,Mucilaginibacter straminoryzae
Pseudomonas aphyarum,Pseudomonas_E aphyarum
Aliiroseovarius pelagivivens,Aliiroseovarius pelagivivens
Staphylococcus agnetis,Staphylococcus agnetis
Christiangramia crocea,Christiangramia crocea
Patulibacter americanus,Patulibacter americanus
Xylanibacter rodentium,Prevotella rodentium
Campylobacter curvus,Campylobacter_A curvus
Phytoplasma stylosanthis,Phytoplasma stylosanthis
Mediterraneibacter avicola,Mediterraneibacter avicola
Dialister massiliensis,Dialister hominis
Syntrophotalea carbinolica,Syntrophotalea carbinolica
Micromonospora globispora,Micromonospora globispora
Sulfitobacter geojensis,Sulfitobacter geojensis
Brachyspira hyodysenteriae,Brachyspira hyodysenteriae
Microbacterium immunditiarum,Microbacterium immunditiarum
Plesiomonas shigelloides,Plesiomonas shigelloides
Ureaplasma parvum,Ureaplasma parvum
Naasia aerilata,Naasia aerilata
Pseudomonas salomonii,Pseudomonas_E salomonii
Kribbella capetownensis,Kribbella capetownensis
Lactobacillus paragasseri,Lactobacillus paragasseri
Lactococcus petauri,Lactococcus petauri
Pumilibacteraceae bacterium,Neoclostridium sp934229275
Aquimarina spinulae,Aquimarina spinulae
Leuconostoc carnosum,Leuconostoc carnosum
Limosilactobacillus ingluviei,Limosilactobacillus ingluviei
Fructilactobacillus fructivorans,Fructilactobacillus fructivorans
Rhodovulum steppense,Rhodovulum steppense
Intestinimonas stercoravium,Intestinimonas stercoravium
Stenotrophomonas pavanii,Stenotrophomonas pavanii
Onthomorpha sp.,Onthomorpha sp004551865
Tuwongella immobilis,Tuwongella immobilis
Halarcobacter anaerophilus,Halarcobacter anaerophilus
Buttiauxella noackiae,Buttiauxella noackiae
Marinobacterium stanieri,Marinobacterium stanieri
Yersinia rohdei,Yersinia rohdei
Alistipes inops,Tidjanibacter inops
Blastococcus brunescens,Blastococcus brunescens
Streptococcus canis,Streptococcus canis
Hallella sp.,Prevotella faecis
Thiolapillus sp.,Thiolapillus brandeum_A
Saccharopolyspora gregorii,Saccharopolyspora_C gregorii
Leptotrichia shahii,Leptotrichia shahii
Shewanella vesiculosa,Shewanella vesiculosa
Aliarcobacter vitoriensis,Aliarcobacter vitoriensis
Dethiosulfatibacter aminovorans,Dethiosulfatibacter aminovorans
Staphylococcus hominis,Staphylococcus hominis
Saccharothrix luteola,Actinosynnema luteola
Actinobacillus seminis,Actinobacillus_B seminis
Segatella buccae,Prevotella buccae
Acinetobacter gerneri,Acinetobacter gerneri
Porcincola intestinalis,Porcincola intestinalis
Proteus penneri,Proteus penneri
Mesomycoplasma hyorhinis,Mesomycoplasma hyorhinis
Desulfonispora thiosulfatigenes,Desulfonispora thiosulfatigenes
Sinirhodobacter populi,Paenirhodobacter populi
Yersinia ruckeri,Yersinia ruckeri
Tumidithrix elongata,Tumidithrix elongata
Acinetobacter tjernbergiae,Acinetobacter tjernbergiae
Fluoribacter gormanii,Legionella gormanii
Oceanibaculum pacificum,Oceanibaculum pacificum
Winkia sp.,Winkia anitrata
Vibrio europaeus,Vibrio europaeus
Micromonospora endophytica,Micromonospora endophytica
Paracoccus hibiscisoli,Paracoccus hibiscisoli
uncultured Caldilineales,JAAEKA01 sp937907455
Merdisoma merdipullorum,Laedolimicola merdipullorum
Prevotella histicola,Prevotella histicola
Pediococcus damnosus,Pediococcus damnosus
Blautia stercoris,Blautia stercoris
Corynebacterium sanguinis,Corynebacterium sanguinis
Pluralibacter gergoviae,Pluralibacter gergoviae
Butyricicoccus porcorum,Butyricicoccus_A porcorum
Rathayibacter rathayi,Rathayibacter rathayi
Nocardioides flavescens,Nocardioides flavescens
Niallia alba,Niallia alba
Herbinix hemicellulosilytica,Mobilitalea hemicellulosilytica
Microbacterium festucae,Microbacterium festucae
Companilactobacillus halodurans,Companilactobacillus halodurans
Anaerotruncus rubiinfantis,Anaerotruncus rubiinfantis
Zhengella mangrovi,Zhengella mangrovi
Streptomyces coffeae,Streptomyces coffeae
Hyphomonas adhaerens,Hyphomonas adhaerens
Aequorivita iocasae,Aequorivita iocasae
Clostridium intestinale,Clostridium_T intestinale
Micromonospora rifamycinica,Micromonospora rifamycinica
Companilactobacillus nantensis,Companilactobacillus nantensis
Oligoflexus tunisiensis,Oligoflexus tunisiensis
Chromobacterium violaceum,Chromobacterium violaceum
Acidocella facilis,Acidocella facilis
Xenorhabdus vietnamensis,Xenorhabdus vietnamensis
Pectobacterium betavasculorum,Pectobacterium betavasculorum
Eubacterium faecigallinarum,Eubacterium_R faecigallinarum
Sphingobacteruim zhuxiongii,Sphingobacterium zhuxiongii
Listeria cornellensis,Listeria_A cornellensis
Clostridium omnivorum,Clostridium_AX omnivorum
Microbacterium halimionae,Microbacterium halimionae
Polymorphospora sp.,Polymorphospora sp040683055
Umezakia ovalisporum,Umezakia ovalisporum
Ornithoclostridium excrementipullorum,Ornithoclostridium excrementipullorum
Phocaeicola gallistercoris,Phocaeicola gallistercoris
Mesorhizobium kowhaii,Mesorhizobium kowhaii
Mycobacterium methanotrophicum,Mycobacterium methanotrophicum
Blattabacterium punctulatus,Blattabacterium punctulatus
Methylopila turkensis,Methylopila turkensis
Adlercreutzia murintestinalis,Adlercreutzia_A murintestinalis
Thomasclavelia cocleata,Thomasclavelia cocleata
Sulfomarinibacter kjeldsenii,Sulfomarinibacter kjeldsenii
Lysobacter auxotrophicus,Lysobacter_J auxotrophicus
Actinobacillus rossii,Exercitatus rossii
Haematospirillum jordaniae,Haematospirillum jordaniae
Sphingobium herbicidovorans,Sphingobium herbicidovorans
Hallella colorans,Prevotella colorans
Leeuwenhoekiella blandensis,Leeuwenhoekiella blandensis
bacterium MS4,Caproiciproducens sp000752215
Hoylesella nanceiensis,Prevotella nanceiensis
Bradyrhizobium rifense,Bradyrhizobium rifense
Halopseudomonas salina,Halopseudomonas salina
Paracoccus indicus,Paracoccus indicus
Komagataeibacter saccharivorans,Komagataeibacter saccharivorans
Leptospira mayottensis,Leptospira mayottensis
Fimisoma avicola,Fimisoma avicola
Pedobacter puniceum,Pelobium puniceum
Mesomycoplasma hyopneumoniae,Mesomycoplasma hyopneumoniae
Bartonella doshiae,Bartonella doshiae
Acidipropionibacterium acidipropionici,Acidipropionibacterium acidipropionici
Rubneribacter avistercoris,Rubneribacter avistercoris
Alicyclobacillus tolerans,Alicyclobacillus_K tolerans
Pedobacter westerhofensis,Pedobacter westerhofensis
Flavobacterium branchiophilum,Flavobacterium branchiophilum
Trinickia soli,Trinickia soli
Antarctobacter sp.,Antarctobacter sp034670325
Parvibacter caecicola,Parvibacter caecicola
Mucilaginibacter oryzae,Mucilaginibacter oryzae
Streptomyces avermitilis,Streptomyces avermitilis
Marinococcus halotolerans,Marinococcus halotolerans
Dyella monticola,Dyella_B monticola
Gordonia araii,Gordonia araii
Cerribacteria bacterium,PSRQ01 sp003176165
Brotaphodocola catenula,Brotaphodocola catenula
Streptococcus merionis,Streptococcus merionis
Serratia bockelmannii,Serratia bockelmannii
Rubritepida flocculans,Roseococcus flocculans
Aeromicrobium ponti,Cytobacillus oceanisediminis
Cryptobacteroides excrementigallinarum,Cryptobacteroides excrementigallinarum
Sulfitobacter pontiacus,Sulfitobacter pontiacus
Leuconostoc gelidum,Leuconostoc gelidum
Oxalobacter aliiformigenes,Oxalobacter aliiformigenes
Limimaricola pyoseonensis,Limimaricola pyoseonensis
Knoellia subterranea,Knoellia subterranea
Uabimicrobium sp.,Uabimicrobium sp041508025
Flavobacterium chungbukense,Flavobacterium chungbukense
Sphingobium sufflavum,Sphingobium sufflavum
Leptospira santarosai,Leptospira santarosai
Streptomyces clavifer,Streptomyces clavifer
Solemya velum,GCF-000787395 sp000787395
Robinsoniella peoriensis,Robinsoniella peoriensis
Massilia brevitalea,Telluria brevitalea
Phocaeicola sartorii,Phocaeicola sartorii
Caccocola faecipullorum,Caccocola faecipullorum
Meiothermus ruber,Meiothermus ruber
Hymenobacter coccineus,Hymenobacter coccineus
Parashewanella tropica,Parashewanella tropica
Micromonospora antibiotica,Micromonospora antibiotica
Flavobacterium jejuense,Flavobacterium jejuense
Weissella fangxianensis,Weissella fangxianensis
Kaistella chaponensis,Kaistella chaponensis
uncultured Beduini,Beduini sp900550005
Corynebacterium propinquum,Corynebacterium propinquum
Paenibacillus darwinianus,Paenibacillus_I darwinianus
Amazonocrinis nigriterrae,Amazonocrinis nigriterrae
Yokenella regensburgei,Yokenella regensburgei
Lederbergia panacisoli,Lederbergia_A panacisoli
Adiutricales bacterium,JAZGHI01 sp036480955
Faecousia faecipullorum,Faecousia faecipullorum
Borrelia maritima,Borreliella maritima
Noviherbaspirillum saxi,Noviherbaspirillum saxi
Trabulsiella guamensis,Trabulsiella guamensis
Fructilactobacillus sanfranciscensis,Fructilactobacillus sanfranciscensis
Pricia mediterranea,Pricia mediterranea
Limosilactobacillus fermentum,Limosilactobacillus fermentum
Ruthenibacterium avium,Ruthenibacterium avium
Mycobacterium sherrisii,Mycobacterium sherrisii
Leptospira levettii,Leptospira_A levettii
Alkalibacterium putridalgicola,Alkalibacterium putridalgicola
Commensalibacter communis,Commensalibacter communis
Salinibacter ruber,Salinibacter ruber
Gardnerella swidsinskii,Bifidobacterium swidsinskii
Aeromicrobium phoceense,Aeromicrobium phoceense
Roseibium porphyridii,Roseibium porphyridii
Jeotgalibaca porci,Jeotgalibaca porci
Actinobaculum massiliense,Actinobaculum massiliense
Sphingomonas parva,Allosphingosinicella parva
Serratia entomophila,Serratia entomophila
Shinella fusca,Shinella fusca
Mycobacterium shimoidei,Mycobacterium shimoidei
Cereibacter johrii,Cereibacter_A johrii
Paenibacillus silvae,Paenibacillus silvae
Bradyrhizobium centrolobii,Bradyrhizobium centrolobii
Atopobium minutum,Atopobium minutum
Peptoniphilus vaginalis,Peptoniphilus_A vaginalis
Geomonas limicola,Geomonas limicola
Sphingomonas aquatica,Sphingomonas aquatica
Frederiksenia canicola,Frederiksenia canicola
Actinokineospora auranticolor,Actinokineospora auranticolor
Clostridium formicaceticum,Anaerovirgula formicacetica
Peptoniphilus duerdenii,Peptoniphilus_B duerdenii
Gallimonas caecicola,Gallimonas caecicola
Dorea stercoravium,Claveliimonas stercoravium
Paenarthrobacter ureafaciens,Arthrobacter ureafaciens
Veillonella tobetsuensis,Veillonella tobetsuensis
Isoptericola chiayiensis,Isoptericola chiayiensis
Vibrio rotiferianus,Vibrio rotiferianus
Lactobacillus kitasatonis,Lactobacillus kitasatonis
Consotaella sp.,Consotaella sp036541425
Tumebacillus lacus,Tumebacillus lacus
Neochristensenella gallicola,Neochristensenella gallicola
Corynebacterium freneyi,Corynebacterium freneyi
Flavimaribacter sediminis,Flavimaribacter sediminis
Nodularia spumigena,Nodularia spumigena
Acidobacterium capsulatum,Acidobacterium capsulatum
Pseudomonas hydrolytica,Pseudomonas_E hydrolytica
Salinicoccus sediminis,Salinicoccus sediminis
Porphyromonas levii,Porphyromonas_A levii
Lacinutrix algicola,Lacinutrix algicola
Clostridium cochlearium,Clostridium_G cochlearium
Bathyanammoxibius amoris,Bathyanammoxibius amoris
Aphodosoma intestinipullorum,Aphodosoma intestinipullorum
Burkholderia glumae,Burkholderia glumae
Pseudomonas monsensis,Pseudomonas_E monsensis
Cryptosporangium aurantiacum,Cryptosporangium aurantiacum
Pseudomonas paraversuta,Pseudomonas_E paraversuta
Tissierella simiarum,Tissierella_C simiarum
Arthrobacter ramosus,Arthrobacter ramosus
Fluoribacter dumoffii,Legionella dumoffii
Pasteurella atlantica,Phocoenobacter atlanticus
Bifidobacterium myosotis,Bifidobacterium myosotis
Herbidospora yilanensis,Herbidospora yilanensis
Cedecea sulfonylureivorans,Dryocola clanedunensis
Ferrovum myxofaciens,Ferrovum myxofaciens
uncultured Gluconobacter,Gluconobacter sp937880175
Scatomorpha pullistercoris,Scatomorpha pullistercoris
Acetobacter peroxydans,Acetobacter peroxydans
Protistobacter heckmanni,Protistobacter heckmanni
Flavobacterium algicola,Flavobacterium algicola
Rhodococcus baikonurensis,Rhodococcus_F baikonurensis
Oscillatoria nigro-viridis,Microcoleus sp000317475
Photobacterium kishitanii,Photobacterium kishitanii
Thiorhodococcus minor,Thiorhodococcus minor
Entomoplasma freundtii,Williamsoniiplasma freundtii
Rugamonas rubra,Rugamonas rubra
Bifidobacterium crudilactis,Bombiscardovia crudilactis
Collinsella phocaeensis,Collinsella phocaeensis
Alistipes faecigallinarum,Alistipes faecigallinarum
Anaplasma marginale,Anaplasma marginale
Clostridium cadaveris,Clostridium_X cadaveris
Latilactobacillus fuchuensis,Latilactobacillus fuchuensis
Streptomyces purpurascens,Streptomyces purpurascens
Winogradskyella undariae,Winogradskyella undariae
Methylophilus methylotrophus,Methylophilus methylotrophus
Clostridium tagluense,Clostridium_AD tagluense
Xanthomonas sontii,Xanthomonas_A sontii
Autumnicola edwardsiae,Autumnicola edwardsiae
Stercoripulliclostridium pullicola,Stercoripulliclostridium_A pullicola
Flavobacterium covae,Flavobacterium covae
Acinetobacter thutiue,Acinetobacter thutiue
Micromonospora hortensis,Micromonospora hortensis
Laspinema olomoucense,Laspinema olomoucense
Paraprevotella xylaniphila,Paraprevotella xylaniphila
Viadribacter manganicus,Vitreimonas manganica
Neoehrlichia mikurensis,Neoehrlichia mikurensis
Acinetobacter soli,Acinetobacter soli
Gordonia malaquae,Gordonia malaquae
Staphylococcus gallinarum,Staphylococcus gallinarum
Sphingomonas flavescens,Sphingomicrobium flavescens
Kineococcus xinjiangensis,Kineococcus_A xinjiangensis
Bartonella koehlerae,Bartonella koehlerae
Legionella norrlandica,Legionella norrlandica
marine group,Poriferisocius sp002239105
Levilactobacillus tujiorum,Levilactobacillus tujiorum
Aestuariirhabdus haliotis,Aestuariirhabdus haliotis
Muricoprocola aceti,Muricoprocola aceti
Paenibacillus koleovorans,Paenibacillus_AA koleovorans
Novosphingobium sediminicola,Novosphingobium sediminicola
Faecalitalea cylindroides,Faecalitalea cylindroides
Hoylesella shahii,Prevotella shahii
uncultured Castellaniella,Castellaniella sp937988725
Flavobacterium facile,Flavobacterium facile
Pseudocitrobacter faecalis,Pseudocitrobacter faecalis
Hoylesella pleuritidis,Prevotella pleuritidis
Helicobacter trogontum,Helicobacter_A trogontum
Nocardioides ungokensis,Nocardioides ungokensis
Pseudomonas yangonensis,Pseudomonas_E yangonensis
Sediminihabitans luteus,Sediminihabitans luteus
Agrobacterium rubi,Agrobacterium rubi
Corynebacterium coyleae,Corynebacterium coyleae
Cerasibacillus sp.,Cerasibacillus sp036516575
Achromobacter animicus,Achromobacter animicus
Salinimicrobium catena,Salinimicrobium catena
Melaminivora alkalimesophila,Melaminivora alkalimesophila
Lentzea tibetensis,Lentzea tibetensis
Staphylococcus felis,Staphylococcus felis
Vagococcus lutrae,Vagococcus_A lutrae
Arsenophonus nasoniae,Arsenophonus nasoniae
Borrelia coriaceae,Borrelia coriaceae
Staphylococcus coagulans,Staphylococcus coagulans
Planococcus citreus,Planococcus citreus
Idiomarina zobellii,Idiomarina zobellii
Amycolatopsis minnesotensis,Amycolatopsis minnesotensis
Novosphingobium meiothermophilum,Novosphingobium meiothermophilum
Segatella oulorum,Prevotella oulorum
Lactiplantibacillus mudanjiangensis,Lactiplantibacillus mudanjiangensis
Chryseotalea sp.,ELB16-189 sp025370075
Hymenobacter tibetensis,Hymenobacter tibetensis
Mycoplasma leachii,Mycoplasma leachii
Mycobacterium xenopi,Mycobacterium xenopi
Cohnella pontilimi,Cohnella pontilimi
Oceanisphaera psychrotolerans,Oceanimonas psychrotolerans
Corynebacterium sphenisci,Corynebacterium sphenisci
Aeromonas taiwanensis,Aeromonas taiwanensis
Actinacidiphila alni,Actinacidiphila alni
Streptomyces lavendulocolor,Streptomyces lavendulocolor
Hoministercoradaptatus ammoniilyticus,Oliverpabstia intestinalis
Kocuria carniphila,Kocuria carniphila
Campylobacter hominis,Campylobacter_B hominis
Berryella intestinalis,Berryella intestinalis
Tepidibacter formicigenes,Tepidibacter formicigenes
Deinococcus radiodurans,Deinococcus radiodurans
Rubrobacter indicoceani,Rubrobacter indicoceani
Staphylococcus auricularis,Staphylococcus auricularis
Absconditicoccus praedator,Absconditicoccus praedator
Corallococcus exiguus,Corallococcus exiguus
Mediterraneibacter vanvlietii,Mediterraneibacter vanvlietii
Vibrio nigripulchritudo,Vibrio nigripulchritudo
Spiroplasma turonicum,Spiroplasma_A turonicum
Pseudomonas caricapapayae,Pseudomonas_E caricapapayae
Paracoccus acridae,Paracoccus acridae
Serratia ficaria,Serratia ficaria
Clostridium senegalense,Clostridium_J senegalense
Vibrio owensii,Vibrio owensii
Bifidobacterium minimum,Bifidobacterium minimum
Paenibacillus sacheonensis,Paenibacillus_Z sacheonensis
Gemmiger avicola,Gemmiger avicola
Thauera aminoaromatica,Thauera aminoaromatica
Borreliella bavariensis,Borreliella garinii
Telmatobacter sp.,Occallatibacter sp039994875
Pediococcus inopinatus,Pediococcus inopinatus
Nocardioides campestrisoli,Nocardioides campestrisoli
Microvirga solisilvae,Microvirga solisilvae
Pseudomonas izuensis,Pseudomonas_E izuensis
Marichromatium purpuratum,Marichromatium purpuratum
Vibrio paracholerae,Vibrio cholerae
Clostridium weizhouense,Clostridium weizhouense
Otariodibacter sp.,Otariodibacter sp029256985
Aliiruegeria sabulilitoris,Tropicimonas sabulilitoris
Geothermobacter ehrlichii,Geothermobacter ehrlichii
Alishewanella tabrizica,Alishewanella tabrizica
Pseudomonas otitidis,Metapseudomonas otitidis
Borkfalkia excrementipullorum,Borkfalkia excrementipullorum
Leuconostoc suionicum,Leuconostoc suionicum
Vibrio hibernica,Vibrio hibernica
Microbacterium deminutum,Microbacterium deminutum
Secundilactobacillus yichangensis,Secundilactobacillus yichangensis
Franzmannia pantelleriensis,Franzmannia pantelleriensis
Corynebacterium parakroppenstedtii,Corynebacterium parakroppenstedtii
Photorhabdus australis,Photorhabdus australis
Leptospira congkakensis,Leptospira_A congkakensis
Moraxella bovis,Moraxella bovis
Noviherbaspirillum autotrophicum,Noviherbaspirillum autotrophicum
Xanthomonas floridensis,Xanthomonas floridensis
Pontibacter lucknowensis,Pontibacter lucknowensis
Alistipes cottocaccae,Alistipes cottocaccae
Leuconostoc gasicomitatum,Leuconostoc gasicomitatum
Hirschia maritima,Hirschia maritima
Mycoplasmopsis bovirhinis,Mycoplasmopsis bovirhinis
Fructobacillus tropaeoli,Fructobacillus tropaeoli
Boseongicola aestuarii,Boseongicola aestuarii
Sinomonas mesophila,Sinomonas mesophila
Acetivibrio thermocellus,Hungateiclostridium thermocellum
Alicyclobacillus cellulosilyticus,Alicyclobacillus_J cellulosilyticus
Yersinia alsatica,Yersinia alsatica
Demequina sediminis,Demequina sediminis
Caballeronia grimmiae,Caballeronia grimmiae
Acinetobacter silvestris,Acinetobacter silvestris
Fimadaptatus faecigallinarum,Fimadaptatus faecigallinarum
Parachristensenella avicola,Parachristensenella avicola
Cardiobacterium hominis,Cardiobacterium hominis
Janthinobacterium tructae,Janthinobacterium tructae
Caldicellulosiruptor morganii,Caldicellulosiruptor morganii
Pseudomonas akapageensis,Pseudomonas_E akapageensis
Neolewinella maritima,Neolewinella maritima
Mycolicibacterium elephantis,Mycobacterium elephantis
Prevotella bivia,Prevotella bivia
Alloruminococcus vanvlietii,Alloruminococcus vanvlietii
Lactobacillus timonensis,Limosilactobacillus timonensis
Merdiplasma excrementigallinarum,Merdiplasma excrementigallinarum
Prevotella disiens,Prevotella disiens
Sphingomonas abietis,Sphingomonas_N abietis
Ehrlichia canis,Ehrlichia canis
Amorphoplanes friuliensis,Actinoplanes friuliensis
Roseibacterium elongatum,Roseibacterium elongatum
Deianiraea vastatrix,Deianiraea vastatrix
Ornithinibacter aureus,Fodinibacter aureus
Alteromonas profundi,Alteromonas profundi
Mycolicibacterium canariasense,Mycobacterium canariasense
Companilactobacillus mindensis,Companilactobacillus mindensis
Melghirimyces profundicolus,Melghirimyces profundicolus
Microcystis novacekii,Microcystis novacekii
Alteromonas ponticola,Alteromonas ponticola
Alistipes avicola,Alistipes avicola
Arthrobacter mangrovi,Arthrobacter_F mangrovi
Methylobacterium adhaesivum,Methylobacterium adhaesivum
Pseudoclavibacter endophyticus,Pseudoclavibacter endophyticus
Jingyaoa shaoxingensis,Muricoprocola shaoxingensis
Thermoflexus tengchongensis,Thermoflexus tengchongensis
Luteimicrobium xylanilyticum,Luteimicrobium xylanilyticum
Pseudoalteromonas fuliginea,Pseudoalteromonas fuliginea
Pantoea multigeneris,Pantoea multigeneris
Celeribacter marinus,Celeribacter marinus
Prevotella intermedia,Prevotella intermedia
Chitiniphilus purpureus,Chitiniphilus purpureus
Salinivenus lutea,Salinivenus lutea
Enterovibrio escacola,Enterovibrio escacola
Marinisporobacter balticus,Marinisporobacter balticus
Peptacetobacter hiranonis,Peptacetobacter hiranonis
Marinobacter maritimus,Marinobacter maritimus
Azotobacter chroococcum,Azotobacter chroococcum
Staphylococcus shinii,Staphylococcus shinii
Streptosporangium fragile,Streptosporangium fragile
Oxalobacter paraformigenes,Oxalobacter paraformigenes
Edwardsiella anguillarum,Edwardsiella anguillarum
Pristimantibacillus sp.,PMNU01 sp035491975
Raoultella terrigena,Klebsiella terrigena
Microvirga arabica,Microvirga arabica
Ruegeria meonggei,Ruegeria meonggei
Haloactinopolyspora alba,Haloactinopolyspora alba
Paraburkholderia flava,Paraburkholderia flava
Blastochloris tepida,Blastochloris tepida
Kaistella antarctica,Kaistella antarctica
Pandoraea fibrosis,Pandoraea fibrosis
Paenibacillus physcomitrellae,Fontibacillus physcomitrellae
Pseudomonas tremae,Pseudomonas_E tremae
Eubacterium infirmum,Eubacterium_B infirmum
Corynebacterium matruchotii,Corynebacterium matruchotii
Actinomyces johnsonii,Actinomyces johnsonii
Gudongella oleilytica,Gudongella oleilytica
Acuticoccus yangtzensis,Acuticoccus yangtzensis
Limosilactobacillus portuensis,Limosilactobacillus portuensis
Vagococcus jeotgali,Vagococcus jeotgali
Polaribacter porphyrae,Polaribacter porphyrae
Pontibacillus marinus,Pontibacillus marinus
Pseudocolwellia agarivorans,Pseudocolwellia agarivorans
Faecenecus gallistercoris,Faecenecus gallistercoris
Dethiosulfatibacter sp.,Dethiosulfatibacter sp030591825
Arcticibacterium luteifluviistationis,Arcticibacterium luteifluviistationis
Alkalihalobacillus alcalophilus,Alkalihalobacillus alcalophilus
Paraburkholderia heleia,Paraburkholderia heleia
Pseudomonas allii,Pseudomonas_E azotoformans
Xanthomonas cissicola,Xanthomonas cissicola
Photobacterium ganghwense,Photobacterium ganghwense
Campylobacter devanensis,Campylobacter devanensis
Methylomonas defluvii,Methylomonas defluvii
Actinomycetospora aeridis,Actinomycetospora aeridis
Gordonibacter urolithinfaciens,Gordonibacter urolithinfaciens
Moraxella nonliquefaciens,Moraxella nonliquefaciens
Oceanicella actignis,Oceanicella actignis
Pontivivens insulae,Pontivivens insulae
Agromyces soli,Agromyces soli
Lysobacter concretionis,Novilysobacter concretionis
Mycoplasmoides alvi,Mycoplasmoides alvi
Actinoallomurus oryzae,Actinoallomurus oryzae
Lentilactobacillus otakiensis,Lentilactobacillus otakiensis
Lucifugimonas marina,Lucifugimonas marina
Mammaliicoccus stepanovicii,Mammaliicoccus stepanovicii
Veillonella atypica,Veillonella atypica
Tetragenococcus koreensis,Tetragenococcus koreensis
Thiomicrorhabdus indica,Thiomicrorhabdus indica
Holospora curviuscula,Holospora curviuscula
Mycolicibacter hiberniae,Mycobacterium hiberniae
Rubellimicrobium roseum,Rubellimicrobium roseum
Spongiactinospora gelatinilytica,Spongiactinospora gelatinilytica
Nocardia terpenica,Nocardia terpenica
Phocaeicola excrementipullorum,Phocaeicola excrementipullorum
Salmonella bongori,Salmonella bongori
Metabacillus halosaccharovorans,Metabacillus halosaccharovorans
Pelagibacterium flavum,Pelagibacterium flavum
Leptospira neocaledonica,Leptospira_B neocaledonica
Dickeya solani,Dickeya solani
Pandoraea sputorum,Pandoraea sputorum
Companilactobacillus musae,Companilactobacillus musae
Chlamydia gallinacea,Chlamydophila gallinacea
Leptospira ainazelensis,Leptospira ainazelensis
Planktomarina temperata,Planktomarina temperata
Parageobacillus caldoxylosilyticus,Saccharococcus caldoxylosilyticus
Listeria booriae,Listeria_A booriae
Acidithiobacillus caldus,Acidithiobacillus_A caldus
Mesopusillimonas faecipullorum,Mesopusillimonas faecipullorum
Helicobacter winghamensis,Helicobacter_D winghamensis
Streptomyces decoyicus,Streptomyces decoyicus
Bacteroides coprosuis,Bacteroides_E coprosuis
Flocculibacter collagenilyticus,Flocculibacter collagenilyticus
Cyanobacterium aponinum,PCC-10605 sp000317675
Grimontia hollisae,Enterovibrio hollisae
Anaerococcus lactolyticus,Anaerococcus lactolyticus
Leuconostoc falkenbergense,Leuconostoc falkenbergense
Serratia odorifera,Serratia_F odorifera
Marinobacter qingdaonensis,Marinobacter qingdaonensis
Rummeliibacillus stabekisii,Rummeliibacillus stabekisii
Kryptonium thompsonii,Kryptonium thompsonii
Paractinoplanes maris,Actinoplanes maris
Faecivivens stercorigallinarum,Faecivivens stercorigallinarum
bacterium D16-50,Acetatifactor sp003612485
Microbulbifer halophilus,Microbulbifer halophilus
Praeruminimicrobium purgamenti,Praeruminimicrobium purgamenti
Ligilactobacillus acidipiscis,Ligilactobacillus acidipiscis
Metabacillus flavus,Metabacillus_B flavus
Mailhella excrementigallinarum,Mailhella excrementigallinarum
Lacticaseibacillus zeae,Lacticaseibacillus zeae
Myroides marinus,Flavobacterium marinum_A
Halomonas fontilapidosi,Halomonas fontilapidosi
Segatella oris,Prevotella oris
Mycolicibacterium smegmatis,Mycobacterium smegmatis
Coprovivens excrementavium,Coprovivens excrementavium
Enterosoma merdigallinarum,Enterosoma merdigallinarum
uncultured Gemmata,Gemmata sp937924775
Hirschia baltica,Hirschia baltica
Dermabacter vaginalis,Dermabacter vaginalis
Lactobacillus amylovorus,Lactobacillus amylovorus
Acinetobacter rongchengensis,Acinetobacter rongchengensis
Prevotella conceptionensis,Prevotella conceptionensis
Terasakiella pusilla,Terasakiella pusilla
Streptomyces lienomycini,Streptomyces lienomycini
Streptomyces eurocidicus,Streptomyces eurocidicus
Corynebacterium cystitidis,Corynebacterium cystitidis
Alteromonas mediterranea,Alteromonas mediterranea
Nocardioides zhouii,Nocardioides zhouii
Capnocytophaga canis,Capnocytophaga canis
Actinomyces trachealis,Actinomyces trachealis
Thermobifida fusca,Thermobifida fusca
Maribacter dokdonensis,Maribacter dokdonensis
Equimonas enterica,Alloprevotella enterica
Sulfurimonas paralvinellae,Sulfurimonas paralvinellae
Prevotella jejuni,Prevotella jejuni
Actinokineospora alba,Actinokineospora alba
Flavobacterium araucananum,Flavobacterium araucananum
Kribbella orskensis,Kribbella orskensis
Floricoccus tropicus,Floricoccus tropicus
Yersinia similis,Yersinia similis
Erwinia billingiae,Erwinia billingiae
Xanthomonas cucurbitae,Xanthomonas cucurbitae
Ralstonia edaphis,Ralstonia edaphis
Oceanobacillus oncorhynchi,Oceanobacillus oncorhynchi
Meiothermus hypogaeus,Meiothermus hypogaeus
Mariprofundus micogutta,Mariprofundus micogutta
Flavonifractor intestinipullorum,Pseudoflavonifractor_A intestinipullorum
Nocardia yunnanensis,Nocardia yunnanensis
Niabella defluvii,Niabella defluvii
Leptospira mtsangambouensis,Leptospira_A mtsangambouensis
Aeromonas popoffii,Aeromonas popoffii
Actinoplanes couchii,Actinoplanes couchii
Sphingomicrobium lutaoense,Sphingomicrobium lutaoense
uncultured Bergeyella,Bergeyella_A sp916710115
Copromonas faecavium,Copromonas faecavium
Streptomyces goshikiensis,Streptomyces goshikiensis
Sphaerochaeta globosa,Sphaerochaeta globosa
Jonesia denitrificans,Jonesia denitrificans
Tenacibaculum maritimum,Tenacibaculum maritimum
Chlamydia ibidis,Chlamydophila ibidis
Vallitalea longa,Vallitalea longa
Leucobacter chironomi,Leucobacter chironomi
Shewanella acanthi,Shewanella acanthi
Gemmata obscuriglobus,Gemmata obscuriglobus
Kocuria soli,Kocuria soli
Rouxiella badensis,Rouxiella badensis
Vibrio pelagius,Vibrio pelagius
Aminobacter ciceronei,Aminobacter ciceronei
Leptospira meyeri,Leptospira_A meyeri
Neptuniibacter pectenicola,Neptuniibacter pectenicola
Bacteroides graminisolvens,Bacteroides graminisolvens
bacterium HR10,HR10 sp002923315
Desulfovibrio subterraneus,Halodesulfovibrio subterraneus
Desulfovibrio trichonymphae,Desulfovibrio trichonymphae
uncultured Aquitalea,Aquitalea sp945957525
Microlunatus speluncae,Microlunatus_B speluncae
Roseovarius aestuariivivens,Roseovarius aestuariivivens
Actimicrobium antarcticum,Actimicrobium antarcticum
Saccharopolyspora hirsuta,Saccharopolyspora hirsuta
Posidoniimonas polymericola,Posidoniimonas polymericola
Coproplasma excrementigallinarum,Coproplasma excrementigallinarum
Brachybacter algidus,Parvibacillus algidus
Polynucleobacter paneuropaeus,Polynucleobacter paneuropaeus
Catellatospora coxensis,Catellatospora coxensis
Paralachnospira caecorum,Lientehia caecorum
Pectinatus brassicae,Pectinatus brassicae
Lentibacillus salicampi,Lentibacillus salicampi
Tamlana laminarinivorans,Tamlana_B laminarinivorans
Natronobacillus azotifigens,Natronobacillus azotifigens
Pantoea piersonii,Pantoea piersonii
Agromyces badenianii,Agromyces badenianii
Fusobacterium gastrosuis,Fusobacterium gastrosuis
Shewanella indica,Shewanella indica
Pelistega ratti,Pelistega ratti
Shewanella insulae,Shewanella insulae
Megasphaera paucivorans,Megasphaera_A paucivorans
Parvularcula oceani,Parvularcula oceani
Domibacillus epiphyticus,Domibacillus epiphyticus
Rathayibacter iranicus,Rathayibacter iranicus
Marinibactrum halimedae,Marinibactrum halimedae
Oceanobacillus saliphilus,Oceanobacillus saliphilus
Gloeobacter kilaueensis,Gloeobacter kilaueensis
Microbacterium terrae,Microbacterium terrae
Algibacter luteus,Arenitalea lutea
Salinispora arenicola,Micromonospora arenicola
Azospirillum thiophilum,Azospirillum thiophilum
Virgibacillus senegalensis,Sediminibacillus senegalensis
Legionella londiniensis,Legionella_A londiniensis
Brocadia sinica,Brocadia sinica
Streptomyces prunicolor,Streptomyces prunicolor
Weissella soli,Weissella soli
Galligastranaerophilus gallistercoris,Galligastranaerophilus_A gallistercoris
Kangiella aquimarina,Kangiella aquimarina
Neptuniibacter marinus,Neptuniibacter marinus
Mycolicibacterium brisbanense,Mycobacterium brisbanense
Kistimonas sp.,Sansalvadorimonas sp002238585
Phytoplasma sacchari,Phytoplasma sacchari
Williamsia herbipolensis,Williamsia_A herbipolensis
Flavobacterium commune,Flavobacterium commune
Spinactinospora alkalitolerans,Spinactinospora alkalitolerans
Fibrisoma montanum,Fibrisoma montanum
Aerophobus profundus,Aerophobus profundus
Niveibacterium microcysteis,Niveibacterium microcysteis
Auritidibacter ignavus,Auritidibacter ignavus
Pragia fontium,Pragia fontium
bacterium 210917-DFI.7.65,Pseudoscillospira sp018369915
Lawsonibacter hominis,Lawsonibacter_A hominis
Rahnella perminowiae,Rahnella perminowiae
Pseudomonas avellanae,Pseudomonas_E avellanae
Enterousia excrementavium,Enterousia excrementavium
Rhizobium croatiense,Rhizobium croatiense
Methylobacterium indicum,Methylobacterium indicum
Pseudomonas tolaasii,Pseudomonas_E tolaasii
Segatella bryantii,Prevotella bryantii
Paraoerskovia marina,Paraoerskovia marina
Rhodospirillum rubrum,Rhodospirillum rubrum
Pedococcus aerophilus,Pedococcus aerophilus
Streptomyces genisteinicus,Streptomyces genisteinicus
Nitratireductor rhodophyticola,Nitratireductor rhodophyticola
Ramlibacter rhizophilus,Ramlibacter rhizophilus
Enterococcus rotai,Enterococcus rotai
Vibrio artabrorum,Vibrio artabrorum
Bacillus bombysepticus,Bacillus_A cereus
Sabulitectum silens,Sabulitectum silens
Yersinia bercovieri,Yersinia bercovieri
Legionella jordanis,Tatlockia jordanis
Roseitalea porphyridii,Roseitalea porphyridii
Lentilactobacillus rapi,Lentilactobacillus rapi
Azoarcus taiwanensis,Azoarcus_F taiwanensis
Paraburkholderia azotifigens,Paraburkholderia azotifigens
Dolosicoccus paucivorans,Dolosicoccus paucivorans
Floricoccus penangensis,Floricoccus penangensis
Pseudoalteromonas peptidolytica,Pseudoalteromonas peptidolytica
Seonamhaeicola sediminis,Seonamhaeicola sediminis
Extensimonas perlucida,Extensimonas perlucida
Jannaschia helgolandensis,Jannaschia helgolandensis
Swaminathania salitolerans,Swaminathania salitolerans
Segatella intestinihominis,Prevotella intestinihominis
Baia soyae,Baia soyae
Neobacillus dielmonensis,Neobacillus dielmonensis
Francisella orientalis,Francisella orientalis
Chromobacterium subtsugae,Chromobacterium subtsugae
Mycolicibacter acidiphilus,Mycobacterium acidiphilum
Novosphingobium subterraneum,Novosphingobium subterraneum
Bacteroides nordii,Bacteroides nordii
Ureaplasma urealyticum,Ureaplasma urealyticum
Veillonella intestinalis,Veillonella_A intestinalis
Tenacibaculum piscium,Tenacibaculum piscium
Pseudomonas cannabina,Pseudomonas_E cannabina
Caccosoma faecigallinarum,Caccosoma faecigallinarum
Sphingomonas bisphenolicum,Sphingobium bisphenolicum
Mycobacterium heidelbergense,Mycobacterium heidelbergense
Paenibacillus larvae,Paenibacillus_H larvae
Capnocytophaga haemolytica,Capnocytophaga haemolytica
Cryptobacteroides faecihippi,Cryptobacteroides faecihippi
Desulfomarina profundi,Desulfomarina profundi
Paenibacillus phoenicis,Fontibacillus phoenicis
Clostridium magnum,Clostridium_AM magnum
Methylocystis heyeri,Methylocystis heyeri
Rubritalea marina,Rubritalea marina
Pontibacter amylolyticus,Pontibacter amylolyticus
Mycobacterium decipiens,Mycobacterium decipiens
Alkalidesulfovibrio alkalitolerans,Alkalidesulfovibrio alkalitolerans
Hymenobacter rubidus,Hymenobacter rubidus
Fournierella pullicola,Fournierella pullicola
Blautia fusiformis,Blautia_A fusiformis
Novosphingobium sediminis,Novosphingobium sediminis
Acidiferrobacter thiooxydans,Acidiferrobacter thiooxydans
Weissella bombi,Weissella bombi
Periweissella ghanensis,Periweissella ghanensis
Novosphingobium arvoryzae,Novosphingobium arvoryzae
Flavobacterium zepuense,Flavobacterium zepuense
Pseudomonas pseudonitroreducens,Pseudomonas pseudonitroreducens
Kaistella jeonii,Kaistella jeonii
Pseudomonas campi,Pseudomonas_E campi
Alteromonas lipotrueae,Alteromonas lipotrueae
Slackia faecicanis,Slackia faecicanis
Thiorhodovibrio litoralis,Thiorhodovibrio litoralis
Entomospira culicis,Entomospira culicis
Ruegeria faecimaris,Ruegeria faecimaris
Rhizobium rhizolycopersici,Mycoplana rhizolycopersici
Brumimicrobium oceani,Brumimicrobium oceani
Lactobacillus hominis,Lactobacillus hominis
Enterococcus saigonensis,Enterococcus_C saigonensis
Chlamydia pneumoniae,Chlamydophila pneumoniae
Agromyces mangrovi,Agromyces mangrovi
Bacillus litorisediminis,Bacillus_BF litorisediminis
Winogradskyella tangerina,Winogradskyella tangerina
Methylomonas lenta,Methylomonas lenta
Nonomuraea glycinis,Nonomuraea glycinis
Cutibacterium granulosum,Cutibacterium granulosum
Bradyrhizobium hereditatis,Bradyrhizobium hereditatis
Cellulomonas alba,Cellulomonas alba
Treponema phagedenis,Treponema phagedenis
Myroides profundi,Flavobacterium profundi_A
Portibacter lacus,Portibacter lacus
Actinoplanes lobatus,Actinoplanes lobatus
Paenibacillus sonchi,Paenibacillus sonchi
Bradyrhizobium cenepequi,Bradyrhizobium cenepequi
Nanogingivalis gingivitcus,Nanogingivalis gingivitcus
Wielerella bovis,Wielerella bovis
Methylocucumis oryzae,Methylovulum oryzae
Arcobacter cloacae,Aliarcobacter cloacae
Arenibacterium arenosum,Sedimentitalea arenosa
Pseudonocardia petroleophila,Pseudonocardia petroleophila
Acinetobacter dispersus,Acinetobacter dispersus
Acinetobacter guillouiae,Acinetobacter guillouiae
Janibacter melonis,Marihabitans melonis
Persicimonas caeni,Persicimonas caeni
Xanthomonas euroxanthea,Xanthomonas euroxanthea
Zavarzinia marina,Zavarzinia marina
Hyphomicrobium sulfonivorans,Hyphomicrobium_A sulfonivorans
Limimonas halophila,Limimonas halophila
Fulvimarina pelagi,Fulvimarina pelagi
Fodinibius saliphilus,Fodinibius saliphilus
Cutibacterium modestum,Cutibacterium modestum
Halomonas halophila,Halomonas halophila
Chloroploca asiatica,Chloroploca asiatica
Duncaniella dubosii,Duncaniella dubosii
Brachybacterium alimentarium,Brachybacterium alimentarium
Leptospira kmetyi,Leptospira kmetyi
Micromonospora parva,Micromonospora parva
Metamycoplasma hyosynoviae,Metamycoplasma hyosynoviae
uncultured Aquincola,Aquincola sp964001545
Feifaniaceae bacterium,JAEYLA01 sp035561315
Sphingomonas piscis,Sphingomicrobium piscis
Brenneria izadpanahii,Brenneria izadpanahii
Aliiroseovarius marinus,Aliiroseovarius marinus
Brachyspira pulli,Brachyspira pulli
Massilia phyllostachyos,Telluria phyllostachyos
Rugosimonospora acidiphila,Rugosimonospora acidiphila
Cyclobacterium qasimii,Cyclobacterium qasimii
Aeromonas bestiarum,Aeromonas bestiarum
Eubacterium brachy,Gallibacter brachus
Desulfurella amilsii,Desulfurella amilsii
Rhizobium tubonense,Rhizobium tubonense
Vecturithrix sp.,Vecturithrix sp040772385
Legionella beliardensis,Legionella_C beliardensis
Oceanibaculum nanhaiense,Oceanibaculum nanhaiense
Roseobacter ponti,Roseobacter ponti
Murimonas intestini,Murimonas intestini
cyanobacterium Cyano2,Trichodesmium sp023356605
Blautia pullicola,Blautia pullicola
Marivirga arenosa,Marivirga arenosa
Vreelandella piezotolerans,Vreelandella piezotolerans
Actinomycetospora chiangmaiensis,Actinomycetospora chiangmaiensis
Achromobacter ruhlandii,Achromobacter ruhlandii
Streptomyces hilarionis,Streptomyces hilarionis
Xanthomonas chitinilytica,Stenotrophomonas chitinilytica
Microbacterium sediminicola,Microbacterium sediminicola
Corynebacterium guangdongense,Corynebacterium guangdongense
Lactobacillus helsingborgensis,Lactobacillus helsingborgensis
Staphylococcus delphini,Staphylococcus delphini
Loigolactobacillus backii,Loigolactobacillus backii
Corynebacterium simulans,Corynebacterium simulans
Histidinibacterium aquaticum,Oceanicola aquaticus
Thalassospira alkalitolerans,Thalassospira alkalitolerans
Mycobacterium leprae,Mycobacterium leprae
Peribacillus butanolivorans,Peribacillus butanolivorans
Anaerospora sp.,Anaerospora sp002337925
Bifidobacterium tsurumiense,Bifidobacterium tsurumiense
Marinicauda algicola,Marinicauda algicola
Calorimonas adulescens,Calorimonas adulescens
Peptostreptococcus anaerobius,Peptostreptococcus anaerobius
Erwinia rhapontici,Erwinia rhapontici
Rhodovarius lipocyclicus,Rhodovarius lipocyclicus
Paludibacterium purpuratum,Paludibacterium purpuratum
Paracoccus sanguinis,Paracoccus sanguinis
Vreelandella venusta,Vreelandella venusta
Yeosuana aromativorans,Yeosuana aromativorans
Arthrobacter yangruifuii,Arthrobacter_B yangruifuii
Flagellimonas abyssi,Flagellimonas abyssi
Caballeronia turbans,Caballeronia turbans
Gluconobacter kanchanaburiensis,Gluconobacter kanchanaburiensis
Thermomonas fusca,Thermomonas fusca
Limosilactobacillus frumenti,Limosilactobacillus frumenti
Polynucleobacter arcticus,Polynucleobacter arcticus
Periweissella beninensis,Periweissella beninensis
Anoxybacillus vitaminiphilus,Anoxybacillus_B vitaminiphilus
Undibacterium oligocarboniphilum,Undibacterium oligocarboniphilum
Kibdelosporangium banguiense,Kibdelosporangium banguiense
Serratia microhaemolytica,Serratia_G microhaemolytica
Kitasatospora herbaricolor,Kitasatospora herbaricolor
Demequina oxidasica,Demequina oxidasica
Streptococcus plurextorum,Streptococcus plurextorum
Fimihabitans intestinipullorum,Fimihabitans intestinipullorum
Secundilactobacillus collinoides,Secundilactobacillus collinoides
Mycoplasmopsis felifaucium,Mycoplasmopsis felifaucium
Moraxella ovis,Moraxella ovis
Paucilactobacillus nenjiangensis,Paucilactobacillus nenjiangensis
Bacillus smithii,Bacillus_O smithii
Moraxella oculi,Moraxella oculi
Exiguobacterium chiriqhucha,Exiguobacterium chiriqhucha
Desulforamulus aquiferis,Desulfotomaculum aquiferis
Maribacter arcticus,Maribacter arcticus
Caldimonas thermodepolymerans,Caldimonas thermodepolymerans
Moritella viscosa,Moritella viscosa
Novosphingobium hassiacum,Novosphingobium hassiacum
Tepidibacillus sp.,Tepidibacillus_A decaturensis
Paraflavisolibacter caeni,Paraflavisolibacter caeni
Sphingobacterium daejeonense,Sphingobacterium daejeonense
Mucilaginibacter defluvii,Mucilaginibacter defluvii
Evtepia excrementipullorum,Evtepia excrementipullorum
Kirkpatrickella diaphorinae,Kirkpatrickella diaphorinae
Kocuria salsicia,Kocuria salsicia
Chryseobacterium phocaeense,Chryseobacterium phocaeense
Edwardsiella ictaluri,Edwardsiella ictaluri
Companilactobacillus alimentarius,Companilactobacillus alimentarius
Vallitalea guaymasensis,Vallitalea guaymasensis
Shewanella fidelis,Shewanella fidelis
Adlercreutzia caecimuris,Adlercreutzia caecimuris
Igneacidithiobacillus taiwanensis,Igneacidithiobacillus taiwanensis
bacterium BMS3Bbin10,UBA2767 sp002897995
Salana multivorans,Salana multivorans
Electrothrix laxa,Electrothrix laxa
Clostridium saccharoperbutylacetonicum,Clostridium saccharoperbutylacetonicum
Abiotrophia sp.,Abiotrophia sp001815865
Mycolicibacterium hassiacum,Mycobacterium hassiacum
Dorea phocaeensis,Dorea_B phocaeensis
Cellvibrio polysaccharolyticus,Cellvibrio polysaccharolyticus
Rarobacter faecitabidus,Rarobacter faecitabidus
Serpentinimonas maccroryi,Serpentinimonas maccroryi
Petrimonas mucosa,Petrimonas mucosa
Chloroheliaceae bacterium,L227-5C sp013390945
Acinetobacter terrestris,Acinetobacter terrestris
Roseospirillum parvum,Roseospirillum parvum
Rubellimicrobium arenae,Rubellimicrobium arenae
Cryobacterium psychrophilum,Cryobacterium psychrophilum
Paenibacillus cellulosilyticus,Paenibacillus_T cellulosilyticus
Idiomarina baltica,Idiomarina baltica
Microbacterium wangchenii,Microbacterium wangchenii
Chryseobacterium piperi,Chryseobacterium piperi
Bradyrhizobium uaiense,Bradyrhizobium uaiense
Rhodoplanes tepidamans,Rhodoplanes tepidamans
Parabacteroides leei,Parabacteroides leei
Atopobacter sp.,Atopobacter sp003664595
Streptomyces agglomeratus,Streptomyces agglomeratus
Aequitasia blattaphilus,Aequitasia blattaphila
Desulfotruncus alcoholivorax,Desulfotruncus alcoholivorax
Enterocola sp.,Enterocola sp022708465
Staphylococcus intermedius,Staphylococcus intermedius
Spiroplasma citri,Spiroplasma citri
Corynebacterium durum,Corynebacterium durum
Naumannella halotolerans,Naumannella halotolerans
Nocardia testacea,Nocardia testacea
Arthrobacter burdickii,Arthrobacter_D burdickii
Parenemella sanctibonifatiensis,Parenemella sanctibonifatiensis
Aureibacillus halotolerans,Aureibacillus halotolerans
Hallella multisaccharivorax,Prevotella multisaccharivorax
Nocardiopsis halotolerans,Nocardiopsis halotolerans
Myceligenerans pegani,Myceligenerans pegani
Cryptobacteroides intestinavium,Cryptobacteroides intestinavium
Azospirillum baldaniorum,Azospirillum baldaniorum
Micromonospora globbae,Micromonospora globbae
Chitinilyticum litopenaei,Chitinilyticum litopenaei
Luteimonas huabeiensis,Luteimonas huabeiensis
Aliidiomarina haloalkalitolerans,Aliidiomarina haloalkalitolerans
Tumebacillus flagellatus,Tumebacillus flagellatus
Algoriphagus machipongonensis,Algoriphagus machipongonensis
Staphylococcus argensis,Staphylococcus argensis
Pseudomonas kulmbachensis,Pseudomonas_E kulmbachensis
Nocardioides astragali,Nocardioides astragali
Pantoea coffeiphila,Erwinia coffeiphila
Streptomyces africanus,Streptomyces africanus
Sphingomonas pseudosanguinis,Sphingomonas pseudosanguinis
Nocardioides insulae,Nocardioides insulae
Nocardioides kongjuensis,Nocardioides kongjuensis
uncultured Micromonospora,Plantactinospora sp937951935
Borkfalkia ceftriaxoniphila,Borkfalkia ceftriaxoniphila
Dickeya dadantii,Dickeya dadantii
Lactobacillus gigeriorum,Lactobacillus gigeriorum
Rodentibacter mrazii,Rodentibacter mrazii
Chrysopegis kryptomonas,Kryptonium kryptomonas
Providencia heimbachae,Providencia heimbachae
Facklamia lactis,Facklamia lactis
Chelatococcus asaccharovorans,Chelatococcus asaccharovorans
Caldora sp.,Caldora sp010672185
Ezakiella massiliensis,Ezakiella massiliensis
Qipengyuania seohaensis,Qipengyuania seohaensis
Xanthomonas rydalmerensis,Xanthomonas_A rydalmerensis
Piscirickettsia salmonis,Piscirickettsia salmonis
Micrococcus lacusdianchii,Micrococcus lacusdianchii
Streptomyces syringium,Streptomyces syringius
Rubrobacter aplysinae,Rubrobacter_A aplysinae
Trichococcus shcherbakoviae,Trichococcus shcherbakoviae
Methylacidiphilum infernorum,Methylacidiphilum infernorum
Marisediminicola antarctica,Marisediminicola antarctica
Schneideria nysicola,Schneideria nysicola
Ammoniphilus oxalaticus,Ammoniphilus oxalaticus
Bacillus glycinifermentans,Bacillus glycinifermentans
Corynebacterium pseudodiphtheriticum,Corynebacterium pseudodiphtheriticum
Paenibacillus vietnamensis,Pristimantibacillus vietnamensis
Chryseobacterium contaminans,Chryseobacterium contaminans
Agromyces allii,Agromyces allii
Pseudoalteromonas marina,Pseudoalteromonas marina
Koribacter versatilis,Korobacter versatilis_A
Nitriliruptor alkaliphilus,Nitriliruptor alkaliphilus
Scandinavium manionii,Scandinavium manionii
Acinetobacter higginsii,Acinetobacter higginsii
bacterium UBP1_UBA4771,SSS58A sp002403295
Desulfovibrio intestinipullorum,Desulfovibrio intestinipullorum
Alcanivorax profundi,Alcanivorax profundi
Borrelia parkeri,Borrelia parkeri
Clostridium saccharobutylicum,Clostridium saccharobutylicum
Halorhodospira halochloris,Halorhodospira halochloris
Bradyrhizobium embrapense,Bradyrhizobium embrapense
Vagococcus allomyrinae,Vagococcus_D allomyrinae
Mycoplasma imitans,Mycoplasmoides imitans
Kerstersia gyiorum,Kerstersia gyiorum
Acinetobacter proteolyticus,Acinetobacter proteolyticus
Gemella massiliensis,Gemella massiliensis
Caenibius tardaugens,Caenibius tardaugens
Methylobacter titanis,Methylobacter_A titanis
Crenobacter luteus,Crenobacter luteus
Escherichia ruysiae,Escherichia ruysiae
Pseudomonas fragariae,Pseudomonas_E fragariae
Dyadobacter fanqingshengii,Dyadobacter fanqingshengii
Companilactobacillus furfuricola,Companilactobacillus furfuricola
Streptomyces xinghaiensis,Streptomyces xinghaiensis
Bergeyella cardium,Bergeyella_A cardium
Legionella taurinensis,Legionella_C taurinensis
Terracoccus luteus,Terracoccus luteus
Enterococcus entomosocium,Enterococcus_D entomosocium
Shewanella morhuae,Shewanella morhuae
Moellerella wisconsensis,Moellerella wisconsensis
Thiothrix moscowensis,Thiothrix moscowensis
Spectribacter acetivorans,Spectribacter acetivorans
Thermobaculum terrenum,Thermobaculum terrenum
Salegentibacter mishustinae,Salegentibacter mishustinae
Aristaeella hokkaidonensis,Aristaeella hokkaidonensis
Marinobacter psychrophilus,Marinobacter psychrophilus
Bartonella krasnovii,Bartonella krasnovii
Mycolicibacterium gilvum,Mycobacterium gilvum
Pontimonas salivibrio,Pontimonas salivibrio
Desulfobulbus oligotrophicus,Desulfobulbus oligotrophicus
Andeanibacterium colombiense,Andeanibacterium colombiense
Corynebacterium pseudokroppenstedtii,Corynebacterium pseudokroppenstedtii
Fructobacillus fructosus,Fructobacillus fructosus
Nocardia rhamnosiphila,Nocardia rhamnosiphila
Pseudomonas bohemica,Pseudomonas_E bohemica
Ensifer canadensis,Ensifer canadensis
Pseudomonas petroselini,Pseudomonas_E petroselini
Sphingobacterium tabacisoli,Sphingobacterium tabacisoli
Streptomyces cacaoi,Streptomyces cacaoi
Lacticaseibacillus absianus,Lacticaseibacillus absianus
Syntrophotalea acetylenivorans,Syntrophotalea_A acetylenivorans
Geomonas paludis,Geomonas paludis
Magnetovibrio blakemorei,Magnetovibrio blakemorei
Ferrigenium bremense,Gallionella bremense
Echinicola vietnamensis,Echinicola vietnamensis
Desulfitobacterium dichloroeliminans,Desulfitobacterium dichloroeliminans
Vibrio kanaloae,Vibrio kanaloae
Shewanella litoralis,Shewanella litoralis
Pseudomonas pisciculturae,Pseudomonas_E pisciculturae
Sulfurovum xiamenensis,Sulfurovum xiamenensis
Limosilactobacillus antri,Limosilactobacillus antri
Accumulibacter vicinus,Accumulibacter vicinus
Aureibacter tunicatorum,Aureibacter tunicatorum
Edaphocola flava,Edaphocola flava
Aphanothece hegewaldii,Chroococcus hegewaldii
Companilactobacillus zhongbaensis,Companilactobacillus zhongbaensis
bacterium HR20,NICIL-2 sp002898675
Yeosuana marina,Yeosuana marina
Alangreenwoodia gallinarii,Alangreenwoodia gallinarii
Sphingomonas radiodurans,Sphingomonas radiodurans
Aquiflexum lacus,Aquiflexum lacus
Halalkalibacillus halophilus,Halalkalibacillus halophilus
Nocardia araoensis,Nocardia araoensis
Timonella senegalensis,Timonella senegalensis
Micropruina glycogenica,Micropruina glycogenica
Kinetoplastibacterium oncopeltii,Kinetoplastibacterium oncopeltii
Lysinibacillus louembei,Metasolibacillus louembei
Mycoplasma feriruminatoris,Mycoplasma feriruminatoris
Achromobacter dolens,Achromobacter dolens
Xenorhabdus koppenhoeferi,Xenorhabdus koppenhoeferi
Streptomyces caniscabiei,Streptomyces caniscabiei
Paraliobacillus salinarum,Paraliobacillus salinarum
Acinetobacter pollinis,Acinetobacter pollinis
Caccalectryoclostridium excrementigallinarum,Caccalectryoclostridium excrementigallinarum
Dorea faecigallinarum,Merdimonas faecigallinarum
Pseudomonas sihuiensis,Pseudomonas_E sihuiensis
Streptacidiphilus jeojiense,Streptacidiphilus jeojiense
Mycobacterium riyadhense,Mycobacterium riyadhense
Pseudonocardia oceani,Pseudonocardia oceani
Pseudomonas hibiscicola,Stenotrophomonas hibiscicola
Aeromicrobium massiliense,Aeromicrobium massiliense
Aneurinibacillus terranovensis,Aneurinibacillus_B terranovensis
Streptomyces tanashiensis,Streptomyces tanashiensis
Evtepia gabavorous,Evtepia gabavorous
Bacteroides congonensis,Bacteroides congonensis
Nesterenkonia haasae,Nesterenkonia haasae
Acinetobacter beijerinckii,Acinetobacter beijerinckii
Methylobacterium gnaphalii,Methylobacterium gnaphalii
Oligella urethralis,Oligella urethralis
Alteromonas australica,Alteromonas australica
Paraburkholderia caballeronis,Paraburkholderia caballeronis
Mycolicibacterium doricum,Mycobacterium doricum
uncultured Planktosalinus,Planktosalinus sp963973675
Cyclobacterium marinum,Cyclobacterium marinum
Pseudomonas bananamidigenes,Pseudomonas_E bananamidigenes
Bifidobacterium faecale,Bifidobacterium adolescentis
Enterobacter chuandaensis,Enterobacter chuandaensis
Streptomyces tirandamycinicus,Streptomyces tirandamycinicus
Lysinibacillus parviboronicapiens,Lysinibacillus parviboronicapiens
Xenorhabdus hominickii,Xenorhabdus hominickii
Herbaspirillum rubrisubalbicans,Herbaspirillum rubrisubalbicans
Ralstonia mojiangensis,Ralstonia mojiangensis
Chachezhania sediminis,Chachezhania sediminis
Scatomorpha intestinigallinarum,Scatomorpha intestinigallinarum
Paraburkholderia terricola,Paraburkholderia terricola
Acinetobacter gandensis,Acinetobacter gandensis
Actinocatenispora comari,Actinocatenispora comari
Acidothermus cellulolyticus,Acidothermus cellulolyticus
Companilactobacillus nuruki,Companilactobacillus nuruki
Poseidonibacter ostreae,Poseidonibacter ostreae
Christensenella massiliensis,Christensenella massiliensis
Chryseobacterium ginsengisoli,Chryseobacterium ginsengisoli
Helicobacter salomonis,Helicobacter_E salomonis
Citreimonas salinaria,Citreimonas salinaria
Vreelandella profundi,Vreelandella profundi
Elulimicrobiales bacterium,UBA5272 sp034927475
Porticoccus hydrocarbonoclasticus,Porticoccus hydrocarbonoclasticus
Salegentibacter salarius,Salegentibacter salarius
Rhodoferax antarcticus,Rhodoferax antarcticus
Streptomyces ardesiacus,Streptomyces ardesiacus
Xenorhabdus littoralis,Xenorhabdus littoralis
Streptococcus sinensis,Streptococcus sinensis
Carnobacterium jeotgali,Carnobacterium_A jeotgali
Solibacillus faecavium,Solibacillus faecavium
Lacticaseibacillus suibinensis,Lacticaseibacillus suibinensis
Xenorhabdus doucetiae,Xenorhabdus doucetiae
Capnocytophaga cynodegmi,Capnocytophaga cynodegmi
Acidulodesulfobacterium acidiphilum,Acidulodesulfobacterium_A acidiphilum
Scybalomonas excrementavium,Scybalomonas excrementavium
Opimibacter iunctus,Opimibacter iunctus
Leptothrix ochracea,Sphaerotilus ochracea
Phosphoribacter hodrii,Phosphoribacter hodrii
Phenylobacterium kunshanense,Phenylobacterium kunshanense
Pseudomonas weihenstephanensis,Pseudomonas_E weihenstephanensis
Bacteroides muris,Bacteroides muris
Brevibacterium paucivorans,Brevibacterium paucivorans
Phyllobacterium onerii,Phyllobacterium onerii
Cardiobacterium valvarum,Cardiobacterium valvarum
Clostridium gelidum,Clostridium gelidum
Microbacterium pygmaeum,Microbacterium pygmaeum
Ruegeria profundi,Ruegeria profundi
Akkermansia massiliensis,Akkermansia massiliensis
Tellurirhabdus rosea,Tellurirhabdus rosea
Bombella favorum,Bombella favorum
Pseudomonas carboxydohydrogena,Afipia carboxydohydrogena
Kordiimonas aestuarii,Kordiimonas aestuarii
Pseudohoeflea sp.,Pseudohoeflea sp019334345
Roseomonas marmotae,Pseudoroseomonas marmotae
uncultured Thermacetogenium,Syntrophaceticus sp002426495
Mycoplasmopsis pullorum,Mycoplasmopsis pullorum
Pseudomonas pudica,Pseudomonas_E pudica
Paenibacillus solisilvae,Bacillus subtilis
Mammaliicoccus lentus,Mammaliicoccus lentus
Bartonella quintana,Bartonella quintana
Latescibacter anaerobius,Latescibacter anaerobius
uncultured Nostoc,Nostoc sp937863485
Terrirubrum flagellatum,Terrirubrum flagellatum
Collinsella ihumii,Collinsella ihumii
Desulfatibia profunda,Desulfatibia profunda
Streptomyces tauricus,Streptomyces tauricus
Dysgonomonas capnocytophagoides,Dysgonomonas capnocytophagoides
Rikenella faecigallinarum,Rikenella faecigallinarum
Aminobacterium mobile,Aminobacterium mobile
Romeriopsis navalis,Romeriopsis navalis
Cellulomonas massiliensis,Cellulomonas massiliensis
Pseudomonas massiliensis,Pseudomonas_E massiliensis
Salipiger aestuarii,Salipiger aestuarii
Methylobacillus caricis,Methylobacillus caricis
Neoruminococcus faecicola,Neoruminococcus faecicola
Pseudomonas glycinae,Pseudomonas_E glycinae
Pseudomonas taetrolens,Pseudomonas_E taetrolens
Lactobacillus huangpiensis,Lactobacillus huangpiensis
Streptococcus ictaluri,Streptococcus ictaluri
Fodinicola feengrottensis,Fodinicola feengrottensis
Flavobacterium lutivivi,Flavobacterium lutivivi
Pullibacteroides excrementavium,Pullibacteroides excrementavium
Actinomyces gerencseriae,Actinomyces gerencseriae
Elizabethkingia bruuniana,Elizabethkingia bruuniana
Campylobacter bilis,Campylobacter_D bilis
Campylobacter peloridis,Campylobacter_D peloridis
Gordonia soli,Gordonia soli
Meiothermus cerbereus,Meiothermus cerbereus
Chryseobacterium balustinum,Chryseobacterium balustinum
Stutzerimonas frequens,Stutzerimonas frequens
Cronobacter universalis,Cronobacter universalis
Nocardia niigatensis,Nocardia niigatensis
Hymenobacter amundsenii,Hymenobacter amundsenii
Heliorestis acidaminivorans,Heliorestis acidaminivorans
Acetobacter cibinongensis,Acetobacter cibinongensis
Microbacterium memoriense,Microbacterium memoriense
Bisgaardia hudsonensis,Bisgaardia hudsonensis
Streptomyces composti,Streptomyces composti
Dickeya oryzae,Dickeya oryzae
Tsukamurella tyrosinosolvens,Tsukamurella tyrosinosolvens
Silvanigrella paludirubra,Silvanigrella paludirubra
Neolewinella aurantiaca,Neolewinella aurantiaca
Sangeribacter muris,Lepagella muris_A
Marinobacter albus,Marinobacter albus
Microbacterium caowuchunii,Microbacterium caowuchunii
Enterobacter huaxiensis,Enterobacter huaxiensis
Ereboglobus luteus,Ereboglobus luteus
Clostridium massiliamazoniense,Sarcina massiliamazoniense
Neptunomonas antarctica,Neptunomonas antarctica
Bifidobacterium bohemicum,Bifidobacterium bohemicum
Streptomyces durmitorensis,Streptomyces durmitorensis
Maribacter stanieri,Maribacter stanieri
Chitinophaga arvensicola,Chitinophaga arvensicola
Pectobacterium punjabense,Pectobacterium punjabense
Anaerostipes caccae,Anaerostipes caccae
Demequina pelophila,Demequina pelophila
Brachybacterium massiliense,Brachybacterium massiliense
Amycolatopsis nigrescens,Amycolatopsis nigrescens
Vagococcus proximus,Vagococcus_D proximus
Mucilaginibacter gynuensis,Mucilaginibacter gynuensis
Lysobacter terrestris,Agrilutibacter terrestris
Demequina aestuarii,Demequina aestuarii
Litorimonas cladophorae,Litorimonas cladophorae
Fructilactobacillus lindneri,Fructilactobacillus lindneri
Harrysmithiimonas galli,Harrysmithiimonas galli
Thiosymbion sp.,M0108 sp018435665
Sporosarcina pasteurii,Sporosarcina pasteurii
Kocuria flava,Kocuria flava
Mangrovimonas cancribranchiae,Mangrovimonas cancribranchiae
Desulfofundulus thermosubterraneus,Desulfofundulus thermosubterraneus
Aquibacillus saliphilus,Aquibacillus saliphilus
Streptomyces beihaiensis,Streptomyces beihaiensis
uncultured Moellerella,Moellerella sp963519845
Shewanella piezotolerans,Shewanella piezotolerans
Desulfofustis limnaeus,Desulfofustis limnaeus
Egerieousia excrementavium,Egerieousia excrementavium
Ruminococcoides intestinihominis,Ruminococcoides intestinihominis
Corynebacterium pyruviciproducens,Corynebacterium pyruviciproducens
Nocardia vulneris,Nocardia vulneris
Commensalibacter intestini,Commensalibacter intestini
Woodsholea maritima,Woodsholea maritima
Blastococcus tunisiensis,Blastococcus tunisiensis
Blastococcus jejuensis,Blastococcus jejuensis
Parasporobacterium paucivorans,Parasporobacterium paucivorans
Mycoplasma elephantis,Mycoplasma_H elephantis
Chitinispirillum sp.,Chitinispirillum sp007115975
Celerinatantimonas diazotrophica,Celerinatantimonas diazotrophica
Mediterraneibacter tabaqchaliae,Mediterraneibacter tabaqchaliae
Daejeonella lutea,Daejeonella lutea
Sphingorhabdus profundilacus,Sphingorhabdus_B profundilacus
Marivita cryptomonadis,Marivita cryptomonadis
Mycolicibacterium setense,Mycobacterium setense
Falsirhodobacter deserti,Falsirhodobacter deserti
Aquisalimonas asiatica,Aquisalimonas asiatica
bacterium 0.1xD8-71,UBA3282 sp003612405
Winogradskyella sediminis,Winogradskyella sediminis
Shewanella amazonensis,Shewanella amazonensis
Bathymodiolus japonicus,Methyloprofundus sp019721995
Macrococcoides bohemicum,Macrococcoides bohemicum
Sphingopyxis indica,Sphingopyxis indica
Mycolicibacillus trivialis,Mycobacterium triviale
Dakarella massiliensis,Mesosutterella massiliensis
Trichococcus flocculiformis,Trichococcus flocculiformis
Rothia aeria,Rothia aeria
Microbacterium abyssi,Microbacterium abyssi
Phaeobacter piscinae,Phaeobacter piscinae
Corynebacterium silvaticum,Corynebacterium silvaticum
Streptomyces albospinus,Streptomyces albospinus
Chitinophaga parva,Chitinophaga parva
Mycoplasma tauri,Mycoplasmopsis tauri
Horticoccus luteus,Horticoccus luteus
Legionella adelaidensis,Legionella_A adelaidensis
Acetoanaerobium noterae,Acetoanaerobium noterae
Streptomyces lunaelactis,Streptomyces lunaelactis
Streptomyces huasconensis,Streptomyces huasconensis
Methylorubrum rhodesianum,Methylobacterium rhodesianum
Microcella flavibacter,Microcella flavibacter
Glutamicibacter mishrai,Glutamicibacter mishrai
Levilactobacillus fuyuanensis,Levilactobacillus fuyuanensis
Verrucosispora sioxanthis,Micromonospora sioxanthis
Rodentibacter rarus,Rodentibacter rarus
Aliiroseovarius lamellibrachiae,Aliiroseovarius lamellibrachiae
Arcticibacter sp.,2-12-FULL-35-15 sp021155045
Caldicoprobacteraceae bacterium,DTU074 sp002385885
Legionella resiliens,Legionella resiliens
Empedobacter tilapiae,Empedobacter tilapiae
Methyloradius palustris,Methyloradius palustris
Lactiplantibacillus paraplantarum,Lactiplantibacillus paraplantarum
Brenneria populi,Brenneria populi
Phytomonospora sp.,Phytomonospora sp040655735
Oceanospirillum multiglobuliferum,Oceanospirillum multiglobuliferum
Paenibacillus tritici,Paenibacillus tritici
Scybalocola faecipullorum,Scybalocola_A faecipullorum
Leptotrichia buccalis,Leptotrichia buccalis
Paenibacillus spongiae,Paenibacillus_Z spongiae
Agromyces marinus,Agromyces marinus
Mixta calida,Mixta calida
Psychrobacter arenosus,Psychrobacter arenosus
Micromonospora palomenae,Micromonospora purpureochromogenes
Plantactinospora endophytica,Plantactinospora endophytica
Archangium lansinium,Archangium lansinium
Paraglaciecola hydrolytica,Paraglaciecola hydrolytica
Pedobacter helvus,Pedobacter helvus
Nocardioides hwasunensis,Nocardioides hwasunensis
Sinorhizobium saheli,Sinorhizobium saheli
Brachybacterium muris,Brachybacterium muris
Catellatospora tritici,Catellatospora tritici
Qipengyuania benthica,Qipengyuania benthica
Leptospira kirschneri,Leptospira kirschneri
uncultured Rummeliibacillus,Rummeliibacillus sp003576525
uncultured Vicinamibacterales,JAJEEA01 sp958295905
Kineobactrum sediminis,Kineobactrum sediminis
Novosphingobium malaysiense,Novosphingobium malaysiense
Nocardioides potassii,Nocardioides potassii
Caldanaerovirga acetigignens,Fervidicola acetigignens
Rothia terrae,Rothia terrae
Pseudomonas bharatica,Pseudomonas_E bharatica
Neisseria elongata,Neisseria elongata
Trichlorobacter thiogenes,Trichlorobacter thiogenes
Helicobacter ailurogastricus,Helicobacter_E ailurogastricus
Gorgyraea atricola,Gorgyraea atricola
Methylobacterium ajmalii,Methylobacterium ajmalii
Ningiella sp.,Pseudoalteromonas sp028401415
Rhodoblastus sphagnicola,Rhodoblastus sphagnicola
Novosphingobium rosa,Novosphingobium rosa
Bifidobacterium mongoliense,Bifidobacterium mongoliense
Defluviitoga tunisiensis,Defluviitoga tunisiensis
Flammeovirga pectinis,Flammeovirga pectinis
Alkalibacter mobilis,Alkalibacter mobilis
Ruminococcus champanellensis,Ruminococcus_F champanellensis
Alicyclobacillus mali,Alicyclobacillus mali
Caenarcanum bioreactoricola,Caenarcanum bioreactoricola
Ralstonia mannitolilytica,Ralstonia mannitolilytica
Clavibacter phaseoli,Clavibacter phaseoli
Mycolicibacterium mageritense,Mycobacterium mageritense
Psychrobacter phenylpyruvicus,Psychrobacter phenylpyruvicus
Syntrophosphaera thermopropionivorans,Syntrophosphaera thermopropionivorans
Leptolyngbya iicbica,Halomicronema iicbica
Erysipelatoclostridium merdavium,Thomasclavelia merdavium
Pelethomonas intestinigallinarum,Pelethomonas intestinigallinarum
Anaerophaga sp.,Anaerophaga thermohalophila
Thermotoga maritima,Thermotoga maritima
Mycobacterium paraintracellulare,Mycobacterium intracellulare
Gallalistipes aquisgranensis,Gallalistipes aquisgranensis
Maribacter aquivivus,Maribacter aquivivus
Mycolicibacter arupensis,Mycobacterium arupense
Sporohalobacter salinus,Sporohalobacter salinus
Jiangella asiatica,Jiangella asiatica
Microbacterium aquilitoris,Microbacterium aquilitoris
Miltoncostaea oceani,Miltoncostaea oceani
Caulobacter hibisci,Caulobacter hibisci
Companilactobacillus bobalius,Companilactobacillus bobalius
Lactococcus carnosus,Lactococcus_A carnosus
Ligilactobacillus saerimneri,Ligilactobacillus saerimneri
Leptospira bandrabouensis,Leptospira_A bandrabouensis
Ligilactobacillus faecis,Ligilactobacillus faecis
Mycoplasmopsis anatis,Mycoplasmopsis anatis
Qipengyuania marisflavi,Qipengyuania marisflavi
Dyadobacter chenwenxiniae,Dyadobacter chenwenxiniae
Odoribacter laneus,Culturomica lanea
Bifidobacterium scardovii,Bifidobacterium scardovii
Aliidiomarina shirensis,Aliidiomarina shirensis
Erwinia tracheiphila,Erwinia tracheiphila
Aneurinibacillus aneurinilyticus,Aneurinibacillus aneurinilyticus
Gracilibacillus halotolerans,Gracilibacillus halotolerans
Solimonas terrae,Solimonas terrae
Kurthia gibsonii,Kurthia gibsonii
Gordonia effusa,Gordonia effusa
Lentilactobacillus hilgardii,Lentilactobacillus hilgardii
Bordetella avium,Bordetella avium
Thermaurantiacus sp.,Thermaurantiacus sp025056155
Agathobaculum merdipullorum,Agathobaculum merdipullorum
Arsenophonus lipoptenae,Arsenophonus lipoptenae
Aureimonas mangrovi,Aureimonas mangrovi
Flavobacterium piscinae,Flavobacterium piscinae
Microbaculum marinum,Microbaculum marinum
Paenibacillus sinopodophylli,Pristimantibacillus sinopodophylli
Marinomonas arctica,Marinomonas arctica
Amycolatopsis vastitatis,Amycolatopsis vastitatis
Methylobacter svalbardensis,Methylobacter_A svalbardensis
Mycobacterium persicum,Mycobacterium persicum
Roseicella frigidaeris,Paracraurococcus frigidaeris
Mycolicibacterium austroafricanum,Mycobacterium austroafricanum
Thermogemmatispora tikiterensis,Thermogemmatispora tikiterensis
Actinomyces dentalis,Actinomyces dentalis
Thiovibrio frasassiensis,Thiovibrio frasassiensis
Haloglycomyces albus,Haloglycomyces albus
Ruegeria denitrificans,Ruegeria denitrificans
Minwuiales bacterium,Minwuia thermotolerans_A
Nitrogeniibacter sp.,Nitrogeniibacter sp041600915
Desulforamulus ruminis,Desulfotomaculum ruminis
uncultured Salinibacterium,Rhodoglobus sp963974405
Meiothermus rufus,Meiothermus rufus
Legionella steigerwaltii,Legionella steigerwaltii
Aliarcobacter lanthieri,Aliarcobacter lanthieri
Kingella denitrificans,Kingella_A denitrificans
Actinomyces massiliensis,Actinomyces massiliensis
Chrysiogenia bacterium,JAGRBM01 sp020434085
Niallia hominis,Niallia hominis
Corynebacterium segmentosum,Corynebacterium accolens
Streptococcus criceti,Streptococcus criceti
Kiloniella majae,Kiloniella majae
uncultured Naasia,Naasia sp913778905
Propionimicrobium lymphophilum,Propionimicrobium lymphophilum
Gallimonas gallistercoris,Gallimonas gallistercoris
Vicinibacter proximus,Vicinibacter proximus
Flavobacterium kingsejongi,Flavobacterium kingsejongi
Egerieicola faecale,Egerieicola faecalis
Legionella anisa,Legionella anisa
Kitasatospora setae,Kitasatospora setae
Legionella feeleii,Tatlockia feeleii
Oceanobacillus kimchii,Oceanobacillus kimchii
Blastomonas aquatica,Blastomonas aquatica
Enterococcus moraviensis,Enterococcus moraviensis
Scatomorpha pullicola,Scatomorpha pullicola
Prevotella nigrescens,Prevotella nigrescens
Thioglobus pontius,Thioglobus_A pontius
Chryseobacterium rhizosphaerae,Chryseobacterium rhizosphaerae
Mariprofundus ferrooxydans,Mariprofundus ferrooxydans
Bacteroides intestinavium,Bacteroides intestinavium
Saccharopolyspora antimicrobica,Saccharopolyspora antimicrobica
Caballeronia concitans,Caballeronia concitans
Amycolatopsis dendrobii,Amycolatopsis dendrobii
Belnapia mucosa,Belnapia mucosa
Actinobaculum suis,Actinobaculum suis
Sphingosinithalassobacter sp.,Sphingomonas sp014334115
Lactococcus muris,Lactococcus muris
Kaistella soli,Kaistella soli
Polaribacter gangjinensis,Polaribacter gangjinensis
Streptomyces sudanensis,Streptomyces sudanensis
Komagataeibacter europaeus,Komagataeibacter europaeus
Shewanella glacialipiscicola,Shewanella glacialipiscicola
Ahrensia kielensis,Ahrensia kielensis
Tenacibaculum jejuense,Tenacibaculum jejuense
Pseudidiomarina andamanensis,Pseudidiomarina andamanensis
Tessaracoccus lacteus,Arachnia lacteus
Sulfitobacter litoralis,Sulfitobacter litoralis
Isoptericola cucumis,Isoptericola cucumis
Massilia atriviolacea,Telluria atriviolacea
Vreelandella sedimenti,Vreelandella sedimenti
Yersinia rochesterensis,Yersinia rochesterensis
Hornefia butyriciproducens,Hornefia butyriciproducens
Gemmobacter lutimaris,Gemmobacter lutimaris
Lujinxingia sediminis,Lujinxingia sediminis
Leuconostoc fallax,Leuconostoc_B fallax
Paenibacillus rubinfantis,Fontibacillus rubinfantis
Roseovarius halotolerans,Roseovarius halotolerans
Kaustia mangrovi,Kaustia mangrovi
Pseudomonas tructae,Pseudomonas_E tructae
Jeotgalicoccus aerolatus,Jeotgalicoccus aerolatus
Pantoea alvi,Pantoea alvi
Ligaoa zhengdingensis,Ligaoa zhengdingensis
Novosphingobium lindaniclasticum,Novosphingobium lindaniclasticum
Kaistella daneshvariae,Kaistella daneshvariae
Pseudolysinimonas yzui,Pseudolysinimonas yzui
Terrabacter tumescens,Terrabacter tumescens
Spirochaeta cellobiosiphila,Spirochaeta_E cellobiosiphila
Herbaspirillum aquaticum,Herbaspirillum aquaticum
Bordetella trematum,Bordetella trematum
Pseudomonas serboccidentalis,Pseudomonas_E serboccidentalis
Cronobacter muytjensii,Cronobacter muytjensii
Leisingera aquimarina,Leisingera aquimarina
Trinickia caryophylli,Trinickia caryophylli
Streptomyces morookaense,Streptomyces morookaensis
Allorhizobium taibaishanense,Allorhizobium taibaishanense
Micromonospora saelicesensis,Micromonospora saelicesensis
Paeniglutamicibacter cryotolerans,Paeniglutamicibacter cryotolerans
Nesterenkonia sedimenti,Nesterenkonia sedimenti
Villigracilis proximus,Villigracilis proximus
Mesobacillus stamsii,Mesobacillus stamsii
Enterococcus thailandicus,Enterococcus_B thailandicus
Paraburkholderia graminis,Paraburkholderia graminis
Corynebacterium megadyptis,Corynebacterium megadyptis
Cesiribacter andamanensis,Cesiribacter andamanensis
Phycicoccus elongatus,Phycicoccus_A elongatus
Liquorilactobacillus uvarum,Liquorilactobacillus uvarum
uncultured Thermomicrobia,JALYUS01 sp937968015
Arsenophonus melophagi,Arsenophonus melophagi
Clostridium fermenticellae,Clostridium_AV fermenticellae
Xylella taiwanensis,Xylella taiwanensis
Rodentibacter pneumotropicus,Rodentibacter pneumotropicus
Endolissoclinum sp.,TMED26 sp003280605
Nitrogeniibacter aestuarii,Nitrogeniibacter aestuarii
Ruminococcoides intestinale,Ruminococcoides intestinale
Mesomycoplasma molare,Mesomycoplasma_A molare
Paramagnetospirillum caucaseum,Paramagnetospirillum caucaseum
Weizmannia acidilactici,Weizmannia acidilactici
Cobetia pacifica,Cobetia marina
Anaerobutyricum soehngenii,Anaerobutyricum soehngenii
Streptantibioticus ferralitis,Streptantibioticus ferralitis
uncultured Geminicoccus,UBA7985 sp002708995
Methylicorpusculum sp.,Methylicorpusculum sp030651835
Pseudomonas hefeiensis,Pseudomonas_E hefeiensis
Staphylococcus muscae,Staphylococcus muscae
Siminovitchia terrae,Siminovitchia terrae
Gordonia sputi,Gordonia sputi
Paraburkholderia youngii,Paraburkholderia youngii
Trueperella bernardiae,Trueperella bernardiae
Alloscillospira gallinarum,Alloscillospira gallinarum
Mangrovivirga cuniculi,Mangrovivirga cuniculi
Weissella koreensis,Weissella koreensis
Yoonia sediminilitoris,Yoonia sediminilitoris
Nocardia rosealba,Nocardia rosealba
Thermopolyspora flexuosa,Thermopolyspora flexuosa
Amycolatopsis granulosa,Amycolatopsis granulosa
Desulfuromonas thiophila,Pseudodesulfuromonas thiophila
Rhodosalinus sediminis,Rhodosalinus sediminis
Dyadobacter sandarakinus,Dyadobacter sandarakinus
Silicimonas algicola,Silicimonas algicola
Kluyvera cryocrescens,Kluyvera cryocrescens
Megasphaera hutchinsoni,Megasphaera_C hutchinsoni
Aneurinibacillus migulanus,Aneurinibacillus migulanus
Ferriphaselus sp.,Ferriphaselus sp000746095
bacterium D16-76,Acutalibacter sp009917445
Vibrio bivalvicida,Vibrio bivalvicida
Marinococcus halophilus,Marinococcus halophilus
Caecibacter massiliensis,Caecibacter massiliensis
Leisingera caerulea,Leisingera caerulea
Pelagibacterium halotolerans,Pelagibacterium halotolerans
Rhizobium hidalgonense,Rhizobium hidalgonense
Celeribacter naphthalenivorans,Celeribacter naphthalenivorans
Panacibacter ginsenosidivorans,Panacibacter ginsenosidivorans
Phenylobacterium haematophilum,Phenylobacterium haematophilum
Aldehydirespirator catecholifindens,Aldehydirespirator catecholifindens
Vagococcus coleopterorum,Vagococcus_D coleopterorum
Corynebacterium auris,Corynebacterium auris
uncultured Cognatishimia,CANLDA01 sp964021645
Rhizobium binae,Rhizobium binae
Pseudovibrio axinellae,Pseudovibrio axinellae
Bifidobacterium amazonense,Bifidobacterium amazonense
Limisoma faecipullorum,Limisoma faecipullorum
Eisenbergiella merdavium,Eisenbergiella merdavium
Shewanella yunxiaonensis,Shewanella yunxiaonensis
Oenococcus sicerae,Oenococcus sicerae
Listeria farberi,Listeria farberi
Flagellimonas hadalis,Flagellimonas hadalis
Planotetraspora phitsanulokensis,Planotetraspora phitsanulokensis
Eisenbergiella intestinipullorum,Eisenbergiella intestinipullorum
Nocardia asiatica,Nocardia asiatica
Thermocatellispora tengchongensis,Thermocatellispora tengchongensis
Paenarthrobacter aromaticivorans,Arthrobacter aromaticivorans
Acinetobacter amyesii,Acinetobacter amyesii
Microbacterium soli,Microbacterium soli
Bradyrhizobium denitrificans,Bradyrhizobium denitrificans
Microbacterium tenebrionis,Microbacterium ihumii
Acidithiobacillales bacterium,SM1-46 sp001304215
Magnetomorum sp.,Magnetomorum sp002753725
Spongiibacter tropicus,Spongiibacter tropicus
Aureimonas phyllosphaerae,Aureimonas phyllosphaerae
Pradoshia eiseniae,Pradoshia eiseniae
bacterium 210702-DFI.5.13,Blautia_A faecis
Bacillus stercoris,Bacillus stercoris
Photorhabdus laumondii,Photorhabdus laumondii
Actinoplanes utahensis,Actinoplanes utahensis
Methylobacterium terrae,Methylobacterium terrae
Porphyromonas crevioricanis,Porphyromonas crevioricanis
Aurantibacter aestuarii,Aurantibacter aestuarii
Atopomonas sediminilitoris,Atopomonas sediminilitoris
Nocardioides bruguierae,Nocardioides bruguierae
Rickettsia felis,Rickettsia felis
Thiococcus pfennigii,Thiococcus pfennigii
Gelidibacter maritimus,Gelidibacter maritimus
Lawsonibacter pullicola,Lawsonibacter pullicola
Thauera linaloolentis,Thauera linaloolentis
Sulfurivermis fontis,Sulfurivermis fontis
Nonomuraea fuscirosea,Nonomuraea fuscirosea
Solirhodobacter olei,Solirhodobacter olei
Proteus faecis,Proteus faecis
Aliarcobacter trophiarum,Aliarcobacter trophiarum
Streptomyces uncialis,Streptomyces uncialis
Fimousia stercorigallinarum,Fimousia stercorigallinarum
Mycoplasmopsis felis,Mycoplasmopsis felis
Streptomyces resistomycificus,Streptomyces resistomycificus
Campylobacter insulaenigrae,Campylobacter_D insulaenigrae
Sphingomonas aracearum,Sphingomonas aracearum
Parabacteroides bouchesdurhonensis,Parabacteroides bouchesdurhonensis
Faeciplasma gallinarum,Faeciplasma gallinarum
Lactococcus allomyrinae,Lactococcus allomyrinae
Mediterraneibacter merdavium,Mediterraneibacter merdavium
Companilactobacillus nodensis,Companilactobacillus nodensis
Campylobacter mucosalis,Campylobacter_A mucosalis
Halalkalibacter hemicellulosilyticusJCM,Halalkalibacter hemicellulosilyticus
Emcibacter nanhaiensis,Emcibacter nanhaiensis
Salibacterium halotolerans,Salibacterium halotolerans
Mycobacteroides franklinii,Mycobacterium franklinii
Staphylococcus condimenti,Staphylococcus condimenti
Kangiella koreensis,Kangiella koreensis
Flexibacter flexilis,Flexibacter flexilis
Butyricicoccus intestinisimiae,Butyricicoccus_A intestinisimiae
Winslowiella iniecta,Winslowiella iniecta
Thalassovita autumnalis,Thalassobius autumnalis
Legionella hackeliae,Tatlockia hackeliae
Nonomuraea pusilla,Nonomuraea pusilla
Staphylococcus pragensis,Staphylococcus pragensis
Streptomyces dioscori,Streptomyces dioscori
Sulfurimonas indica,Sulfurimonas indica
Sphingobium arseniciresistens,Sphingobium arseniciresistens
Roseomonas haemaphysalidis,Pseudoroseomonas haemaphysalidis
Brevundimonas bacteroides,Brevundimonas bacteroides
Salinisphaera japonica,Salinisphaera japonica
Nocardia alba,Nocardia alba
Jatrophihabitans endophyticus,Jatrophihabitans endophyticus
Mycobacterium genavense,Mycobacterium genavense
Cylindrospermopsis sp.,Raphidiopsis raciborskii
Alectryobacillus sp.,Alectryobacillus sp036735985
Peptostreptococcus porci,Peptostreptococcus porci
Syntrophocurvum alkaliphilum,Syntrophocurvum alkaliphilum
Sivonenia alaskensis,Sivonenia alaskensis
Caldibacillus debilis,Caldibacillus debilis
Thermovirga lienii,Thermovirga lienii
Colenecus caballi,Colenecus caballi
Pantoea beijingensis,Erwinia_D beijingensis
Pseudofulvimonas gallinarii,Pseudofulvimonas gallinarii
Corynebacterium marquesiae,Corynebacterium marquesiae
Aidingimonas halophila,Aidingimonas halophila
Intestinimonas stercorigallinarum,Intestinimonas stercorigallinarum
Microbacterium horticulturae,Microbacterium horticulturae
Spirosoma pollinicola,Spirosoma pollinicola
Chlorogloeopsis fritschii,Chlorogloeopsis fritschii
Athalassotoga sp.,Athalassotoga sp031962405
Helicobacter felis,Helicobacter_E felis
Halalkalibacter akibai,Halalkalibacter akibai
Pectobacterium parvum,Pectobacterium polare
Metabacillus indicus,Bacillus_P indicus
Blochmanniella vafra,Blochmanniella vafra
Aurantiacibacter hainanensis,Aurantiacibacter hainanensis
Christensenella tenuis,Christensenella tenuis
Acutalibacter stercorigallinarum,Acutalibacter stercorigallinarum
Salidesulfovibrio onnuriiensis,Pseudodesulfovibrio onnuriiensis
Salinicoccus roseus,Salinicoccus roseus
Mycoplasma miroungigenitalium,Mycoplasmopsis miroungigenitalium
Nocardia cerradoensis,Nocardia cerradoensis
Leptospira hartskeerlii,Leptospira_B hartskeerlii
uncultured Macromonas,CAMLOF01 sp946481585
Thermanaerovibrio acidaminovorans,Thermanaerovibrio acidaminovorans
Sphaerochaeta associata,Sphaerochaeta associata
Duganella aquatilis,Duganella aquatilis
Alloalcanivorax gelatiniphagus,Alloalcanivorax gelatiniphagus
Microbacterium halophytorum,Microbacterium halophytorum
Bacteroides rodentium,Bacteroides rodentium
Campylobacter anatolicus,Campylobacter_A anatolicus
Bifidobacterium subtile,Bifidobacterium subtile
Gimesia alba,Gimesia alba
Vreelandella andesensis,Vreelandella andesensis
Paenibacillus swuensis,Paenibacillus_N swuensis
Mammaliicoccus vitulinus,Mammaliicoccus vitulinus
Marinomonas foliarum,Marinomonas foliarum
Brevibacterium sediminis,Brevibacterium sediminis
Nostoc paludosum,Nostoc paludosum
Streptomyces physcomitrii,Streptomyces physcomitrii
Streptomyces aureocirculatus,Streptomyces aureocirculatus
Flaviflexus huanghaiensis,Flaviflexus huanghaiensis
Flavobacterium lindanitolerans,Flavobacterium lindanitolerans
Chroogloeocystis siderophila,Chroogloeocystis siderophila
Pyramidobacter porci,Pyramidobacter porci
Corynebacterium faecigallinarum,Corynebacterium faecigallinarum
Halobacterium sp.,UBA10364 sp038139395
Mediterraneibacter merdigallinarum,Mediterraneibacter merdigallinarum
Scandinavium goeteborgense,Scandinavium goeteborgense
Sinorhizobium glycinis,Sinorhizobium glycinis
Aggregatilinea lenta,Aggregatilinea lenta
Anaerobacillus isosaccharinicus,Anaerobacillus isosaccharinicus
Conexibacter stalactiti,Conexibacter stalactiti
Pedobacter borealis,Pedobacter borealis
Flavobacteriales endosymbiont,Shikimatogenerans bostrichidophilus_C
Chromobacterium alkanivorans,Chromobacterium alkanivorans
Acinetobacter vivianii,Acinetobacter vivianii
Azotosporobacter soli,Azotosporobacter soli
Bacteroides fluxus,Bacteroides fluxus
Leptotrichia hofstadii,Leptotrichia hofstadii
Anaerostipes amylophilus,Anaerostipes amylophilus
Aquibacillus kalidii,Aquibacillus_D kalidii
Thermacetogenium phaeum,Thermacetogenium phaeum
Sphingobium aromaticiconvertens,Sphingobium aromaticiconvertens
Hydrococcus rivularis,Hydrococcus rivularis
Pseudonocardia abyssalis,Pseudonocardia abyssalis
Furfurilactobacillus sp.,Furfurilactobacillus milii
Streptomyces phaeoluteigriseus,Streptomyces phaeoluteigriseus
Wenyingzhuangia marina,Wenyingzhuangia marina
Flavobacterium caseinilyticum,Flavobacterium caseinilyticum
Roseibium polysiphoniae,Roseibium polysiphoniae
Siminovitchia fortis,Siminovitchia fortis
Pediococcus parvulus,Pediococcus parvulus
Arenimonas composti,Arenimonas composti
Luteovulum sphaeroides,Cereibacter_A sphaeroides
Chlamydia caviae,Chlamydophila caviae
Enterobacter dykesii,Enterobacter dykesii
Rhodococcus aetherivorans,Rhodococcus aetherivorans
Schaalia hyovaginalis,Pauljensenia hyovaginalis
Methylobacterium platani,Methylobacterium platani
Actinoplanes philippinensis,Actinoplanes philippinensis
Plantibacter cousiniae,Plantibacter cousiniae
Natribacillus halophilus,Natribacillus halophilus
Thiomonas bhubaneswarensis,Thiomonas bhubaneswarensis
Enterobacter sichuanensis,Enterobacter sichuanensis
Globicatella sanguinis,Globicatella sanguinis
Dolosigranulum pigrum,Dolosigranulum pigrum
Brachybacterium endophyticum,Brachybacterium endophyticum
Prosthecochloris vibrioformis,Prosthecochloris vibrioformis
Xanthomonas vesicatoria,Xanthomonas vesicatoria
Parablautia intestinalis,Suilimivivens intestinalis
Leptospira noguchii,Leptospira noguchii
Acidovorax carolinensis,Acidovorax carolinensis
Sporanaerobacter acetigenes,Sporanaerobacter acetigenes
Nitrosoglobus terrae,Nitrosoglobus terrae
Brumimicrobium aurantiacum,Brumimicrobium aurantiacum
Herbaspirillum lusitanum,Herbaspirillum lusitanum
Mycolicibacter kumamotonensis,Mycobacterium kumamotonense
Moorella humiferrea,Moorella humiferrea
Thermoflexus sinensis,Thermoflexus sinensis
Actinomyces denticolens,Actinomyces denticolens
Gluconobacter thailandicus,Gluconobacter_A thailandicus
Thermosynechococcus vestitus,Thermosynechococcus vestitus
Lysobacter firmicutimachus,Lysobacter firmicutimachus
Agreia pratensis,Agreia pratensis
Flavobacterium aurantiibacter,Flavobacterium aurantiibacter
Erwinia psidii,Erwinia psidii
Dysgonomonas massiliensis,Dysgonomonas massiliensis
Panacagrimonas perspica,Panacagrimonas perspica
Methylobacterium oxalidis,Methylobacterium oxalidis
Actinomadura spongiicola,Spirillospora spongiicola
Staphylococcus borealis,Staphylococcus borealis
Miltoncostaea sp.,JARFPS01 sp029288175
Hymenobacter busanensis,Solirubrum busanense
Rhizobium rhododendri,Rhizobium rhododendri
Ruicaihuangia caeni,Ruicaihuangia caeni
Psychrosphaera haliotis,Psychrosphaera haliotis
Hominiventricola filiformis,Hominiventricola filiformis
Yersinia hibernica,Yersinia hibernica
Streptococcus minor,Streptococcus minor
Corynebacterium lemuris,Corynebacterium lemuris
Rathayibacter tanaceti,Rathayibacter tanaceti
Pantoea carbekii,Pantoea_A carbekii
Kosmotoga pacifica,Kosmotoga_B pacifica
Lentzea xinjiangensis,Lentzea xinjiangensis
Gallaecimonas pentaromativorans,Gallaecimonas pentaromativorans
Mycobacterium kiyosense,Mycobacterium kiyosense
Nocardiopsis aegyptia,Nocardiopsis aegyptia
Bacteroides faecalis,Bacteroides faecalis
Paucibacter aquatile,Paucibacter_A aquatile
Pseudalkalibacillus berkeleyi,Pseudalkalibacillus berkeleyi
Derxia lacustris,Derxia lacustris
Asticcacaulis tiandongensis,Asticcacaulis tiandongensis
Paraburkholderia caffeinilytica,Paraburkholderia caffeinilytica
Thalassotalea fonticola,Thalassotalea_A fonticola
Moraxella nasovis,Moraxella nasovis
Pseudomonas viciae,Pseudomonas_E viciae
Xanthovirga aplysinae,Xanthovirga aplysinae
Paenibacillus lutimineralis,Fontibacillus lutimineralis
Micromonospora pallida,Micromonospora pallida
Pseudomonas defluvii,Pseudomonas_E defluvii
Microvirga roseola,Microvirga roseola
Walczuchella endosymbiont,Walczuchella sp964030875
Dethiosulfovibrio sp.,Dethiosulfovibrio sp028709985
Nocardioides ochotonae,Nocardioides ochotonae
Levilactobacillus suantsaiihabitans,Levilactobacillus suantsaiihabitans
Venenivibrio stagnispumantis,Venenivibrio stagnispumantis
Leucobacter chromiisoli,Leucobacter chromiisoli
Xanthomonas melonis,Xanthomonas melonis
Thermus amyloliquefaciens,Thermus amyloliquefaciens
Caccocola faecigallinarum,Caccocola faecigallinarum
Nitrotoga arctica,Nitrotoga arctica
Neorickettsia sennetsu,Neorickettsia sennetsu
Modicisalibacter coralii,Modicisalibacter coralii
Neptunomonas qingdaonensis,Neptunomonas qingdaonensis
Lactonifactor sp.,Lactonifactor sp009677585
Mesorhizobium jarvisii,Mesorhizobium jarvisii
Actinomadura montaniterrae,Spirillospora montaniterrae
Undibacterium curvum,Undibacterium curvum
Robiginitalea myxolifaciens,Robiginitalea myxolifaciens
Sutterella massiliensis,Sutterella massiliensis
Oceanobacillus caeni,Oceanobacillus caeni
Adlercreutzia rubneri,Adlercreutzia rubneri
Pediococcus ethanolidurans,Pediococcus ethanolidurans
Fusicatenibacter intestinigallinarum,Fusicatenibacter intestinigallinarum
Cupriavidus campinensis,Cupriavidus campinensis
Desulfobotulus alkaliphilus,Desulfobotulus alkaliphilus
Pseudomonas ullengensis,Pseudomonas_E ullengensis
Desulfosoma caldarium,Desulfosoma caldarium
Microvirga guangxiensis,Microvirga guangxiensis
Roseivirga pacifica,Roseivirga pacifica
Sphingobium fluviale,Sphingobium fluviale
Geminicoccus roseus,Geminicoccus roseus
Pulveribacter sp.,Melaminivora sp002434305
Streptomyces hainanensis,Streptomyces hainanensis
Companilactobacillus allii,Companilactobacillus allii
Aquibium carbonis,Aquibium carbonis
Cohnella lupini,Cohnella lupini
Buchananella sp.,Buchananella sp041380365
Streptomyces griseoruber,Streptomyces griseoruber
Flavobacterium cheonhonense,Flavobacterium cheonhonense
Pseudoalteromonas espejiana,Pseudoalteromonas espejiana
Gemmobacter aquaticus,Gemmobacter aquaticus
Tomitella biformata,Tomitella biformata
Chitinophaga agrisoli,Chitinophaga agrisoli
Staphylococcus nepalensis,Staphylococcus nepalensis
Novosphingobium guangzhouense,Novosphingobium guangzhouense
Geobacter sulfurreducens,Geobacter sulfurreducens
Heteroruminococcus faecigallinarum,Heteroruminococcus faecigallinarum
Planifilum fimeticola,Planifilum fimeticola
Teredinibacter purpureus,Teredinibacter purpureus
uncultured Aureibaculum,Aureibaculum sp963976855
Schauerella fraxinea,Schauerella fraxinea
Cellulomonas dongxiuzhuiae,Cellulomonas dongxiuzhuiae
Noviherbaspirillum pedocola,Noviherbaspirillum_A pedocola
Hamadaea tsunoensis,Hamadaea tsunoensis
Comamonas jiangduensis,Comamonas jiangduensis
Afipia carboxidovorans,Afipia carboxidovorans
Ignavigranum ruoffiae,Ignavigranum ruoffiae
Nostocoides veronense,Nostocoides_A veronense
Xylanibacter caecicola,Prevotella caecicola
Streptomyces massasporeus,Streptomyces massasporeus
Roseococcus suduntuyensis,Roseococcus suduntuyensis
Brachybacterium saurashtrense,Brachybacterium saurashtrense
Dyella nitratireducens,Dyella_B nitratireducens
Gluconobacter wancherniae,Gluconobacter_B wancherniae
Bradyrhizobium centrosematis,Bradyrhizobium centrosematis
Vibrio toranzoniae,Vibrio toranzoniae
Hymenobacter pini,Hymenobacter pini
Streptomyces neyagawaensis,Streptomyces neyagawaensis
Kutzneria kofuensis,Kutzneria kofuensis
Nitrolancea hollandica,Nitrolancea hollandica
Brevirhabdus pacifica,Brevirhabdus pacifica
Methylosinus sporium,Methylosinus sporium
Aquirufa aurantiipilula,Aquirufa aurantiipilula
Flavimobilis soli,Flavimobilis soli
Flavobacterium nackdongense,Flavobacterium nackdongense
Planococcus lenghuensis,Indiicoccus lenghuensis
Sporomusa acidovorans,Sporomusa acidovorans
Schleiferilactobacillus perolens,Schleiferilactobacillus perolens
Brenneria roseae,Brenneria roseae
Limosilactobacillus rudii,Limosilactobacillus rudii
Geobacillus thermodenitrificans,Geobacillus thermodenitrificans
Herbidospora daliensis,Herbidospora daliensis
Aphodousia faecigallinarum,Aphodousia faecigallinarum
Mycetocola reblochoni,Mycetocola_B reblochoni
Virgibacillus pantothenticus,Virgibacillus pantothenticus
Algoriphagus locisalis,Algoriphagus locisalis
Companilactobacillus tucceti,Companilactobacillus tucceti
Methylomonas albis,Methylomonas albis
Gemmiger stercoripullorum,Gemmiger stercoripullorum
Oceanivirga miroungae,Oceanivirga miroungae
Epidermidibacterium keratini,Epidermidibacterium keratini
Gullanella endobia,Gullanella endobia
Flagellimonas pelagia,Flagellimonas pelagia
Reddybacter sp.,50-400-T64 sp041277045
uncultured Maricaulaceae,Hyphobacterium sp963976265
Pseudoalteromonas ruthenica,Pseudoalteromonas ruthenica
Anaerostipes avistercoris,Anaerostipes avistercoris
Sulfotelmatomonas gaucii,Occallatibacter gaucii
Spirosoma linguale,Spirosoma linguale
Acinetobacter pseudolwoffii,Acinetobacter pseudolwoffii
Methylovulum psychrotolerans,Methylovulum psychrotolerans
Leifsonia williamsii,Leifsonia williamsii
Comamonas flocculans,Comamonas_C flocculans
Cobetia crustatorum,Cobetia crustatorum
Micromonospora noduli,Micromonospora noduli
Streptomyces termitum,Streptomyces termitum
Mycolicibacterium vaccae,Mycobacterium vaccae
Ideonella azotifigens,Ideonella azotifigens
Dactylococcopsis salina,Halothece salina
Leptospira venezuelensis,Leptospira_B venezuelensis
Winogradskyella forsetii,Winogradskyella forsetii
Cellulomonas telluris,Cellulomonas telluris
Pseudomonas azerbaijanoccidentalis,Pseudomonas_E azerbaijanoccidentalis
Endowatersipora endosymbiont,Endowatersipora sp964026585
Oceanobacillus manasiensis,Virgibacillus manasiensis
Erythrobacter fulvus,Erythrobacter fulvus
Salinivirga sp.,Salinivirga sp035268865
Brevundimonas basaltis,Brevundimonas basaltis
Denitrovibrio acetiphilus,Denitrovibrio acetiphilus
Blastochloris sulfoviridis,Blastochloris sulfoviridis
Novacetimonas maltaceti,Novacetimonas maltaceti
Chitinophaga ginsengisegetis,Chitinophaga ginsengisegetis
Vibrio casei,Vibrio casei
Lactobacillus acetotolerans,Lactobacillus acetotolerans
Streptomyces glebosus,Streptomyces platensis
Kitasatospora terrestris,Kitasatospora terrestris
Mycobacterium numidiamassiliense,Mycobacterium numidiamassiliense
Rhizobium tumorigenes,Rhizobium tumorigenes
Microbacterium suaedae,Microbacterium suaedae
Neglectibacter caecimuris,Acutalibacter caecimuris_A
Sphingobacterium chuzhouense,Sphingobacterium chuzhouense
Bradyrhizobium cajani,Bradyrhizobium cajani
Stagnimonas aquatica,Stagnimonas aquatica
Mangrovibacillus sp.,Rossellomorea sp036867415
Polynucleobacter rarus,Polynucleobacter rarus
Selenomonas artemidis,Centipeda artemidis
Prevotella veroralis,Prevotella veroralis
Paenibacillus riograndensis,Paenibacillus riograndensis
Parerythrobacter aestuarii,Parerythrobacter aestuarii
Streptomyces caeruleatus,Streptomyces caeruleatus
Hepatincola sp.,G023518375 sp023518375
Planomicrobium soli,Planococcus soli_B
Variovorax defluvii,Variovorax defluvii
Chryseobacterium herbae,Chryseobacterium herbae
Helcococcus sp.,Helcococcus sp023442495
Chlamydia muridarum,Chlamydia muridarum
Flavobacterium saccharophilum,Flavobacterium saccharophilum
Aquisalinus luteolus,Aquisalinus luteolus
Lampropedia aestuarii,Lampropedia aestuarii
Bradyrhizobium frederickii,Bradyrhizobium frederickii
Xenorhabdus nematophila,Xenorhabdus nematophila
Scatavimonas merdigallinarum,Scatavimonas merdigallinarum
Dialister micraerophilus,Dialister micraerophilus
Streptomyces roseirectus,Streptomyces roseirectus
Kribbella yunnanensis,Kribbella yunnanensis
Citricoccus alkalitolerans,Citricoccus alkalitolerans
Pseudomonas kuykendallii,Pseudomonas_O kuykendallii
Nocardiopsis gilva,Nocardiopsis_C gilva
Undibacterium aquatile,Undibacterium aquatile
Kaelpia imicola,Kaelpia imicola
Methylomonas paludis,Methylomonas paludis
Nocardia puris,Nocardia puris
Pseudomonas paracarnis,Pseudomonas_E paracarnis
Acidithiobacillus concretivorus,Acidithiobacillus concretivorus
Macrococcus equipercicus,Macrococcus equipercicus
Corynebacterium caspium,Corynebacterium caspium
Natronospira elongata,Natronospira elongata
Sporolactobacillus inulinus,Sporolactobacillus inulinus
Lacticaseibacillus suilingensis,Lacticaseibacillus suilingensis
Xanthomonas albilineans,Xanthomonas_A albilineans
Methylobacter psychrophilus,Methylobacter_C psychrophilus
Xanthomonas maliensis,Xanthomonas maliensis
Acetobacter lambici,Acetobacter lambici
Mycobacterium gastri,Mycobacterium gastri
Salinicoccus carnicancri,Salinicoccus carnicancri
uncultured Caproiciproducens,Caproiciproducens sp963664915
Thiomonas arsenitoxydans,Thiomonas arsenitoxydans
Alkalimarinus coralli,Alkalimarinus coralli
Mycoplasmopsis fermentans,Mycoplasmopsis fermentans
Geoalkalibacter halelectricus,Geoalkalibacter halelectricus
Xylanibacter muris,Prevotella muris
Tepidibacter mesophilus,Tepidibacter_A mesophilus
Lentilactobacillus kefiri,Lentilactobacillus kefiri
Aerococcus christensenii,Aerococcus christensenii
Legionella spiritensis,Legionella_C spiritensis
Litorilituus lipolyticus,Litorilituus lipolyticus
Kribbella sancticallisti,Kribbella sancticallisti
Pseudomonas taeanensis,Pseudomonas_E taeanensis
Hominenteromicrobium mulieris,Hominenteromicrobium mulieris
Liberibacter asiaticus,Liberibacter asiaticus
Falsiroseomonas stagni,Falsiroseomonas stagni
uncultured Anoxybacillus,Anoxybacillus sp937139915
Microbacterium sorbitolivorans,Microbacterium sorbitolivorans
Mucilaginibacter flavus,Mucilaginibacter flavus
Alteromonas sediminis,Alteromonas_F sediminis
Frankia casuarinae,Frankia casuarinae
Chitinilyticum aquatile,Chitinilyticum aquatile
Sphingobacterium psychroaquaticum,Sphingobacterium psychroaquaticum
Methylophaga thiooxydans,Methylophaga thiooxydans
Borreliella valaisiana,Borreliella valaisiana
Sphaerospermopsis torques-reginae,Sphaerospermopsis sp015207205
Mucilaginibacter hurinus,Mucilaginibacter hurinus
Lactococcus taiwanensis,Lactococcus taiwanensis
Corynebacterium pelargi,Corynebacterium pelargi
Shewanella schlegeliana,Shewanella schlegeliana
Clostridium tunisiense,Clostridium_J tunisiense
Mesoflavibacter zeaxanthinifaciens,Mesoflavibacter zeaxanthinifaciens
Rugamonas aquatica,Duganella aquatica
Phreatobacter stygius,Phreatobacter stygius
Brevibacterium ravenspurgense,Brevibacterium ravenspurgense
Chelativorans intermedius,Chelativorans intermedius
Culturomica massiliensis,Culturomica massiliensis
Microcoleus asticus,Microcoleus asticus
Acidovorax temperans,Acidovorax temperans
Advenella mimigardefordensis,Advenella mimigardefordensis
Bradyrhizobium zhanjiangense,Bradyrhizobium zhanjiangense
Phaeacidiphilus oryzae,Phaeacidiphilus oryzae
Pseudoduganella dura,Pseudoduganella dura
Pseudoalteromonas rhizosphaerae,Pseudoalteromonas rhizosphaerae
Niveispirillum cyanobacteriorum,Niveispirillum cyanobacteriorum
Arthrobacter cupressi,Arthrobacter cupressi
Streptomyces justiciae,Streptomyces justiciae
uncultured Thiogranum,Thiogranum sp913053655
Oceanidesulfovibrio marinus,Oceanidesulfovibrio marinus
Aquirufa antheringensis,Aquirufa antheringensis
Capnocytophaga ochracea,Capnocytophaga ochracea
Pacificimonas aurantium,Pacificimonas aurantium
Trebonia kvetii,Trebonia kvetii
Merdibacter merdavium,Merdibacter merdavium
Indioceanicola profundi,Indioceanicola profundi
Streptomyces pharetrae,Streptomyces glaucescens
Thioalbus denitrificans,Thioalbus denitrificans
Aphanizomenon gracile,Dolichospermum gracile
Nocardia bhagyanarayanae,Nocardia bhagyanarayanae
Yinghuangia soli,Yinghuangia soli
Sellimonas intestinalis,Sellimonas intestinalis
Accumulibacter meliphilus,Accumulibacter meliphilus
Psychromarinibacter halotolerans,Psychromarinibacter halotolerans
Duffyella gerundensis,Duffyella gerundensis
Mannheimia indoligenes,Mannheimia indoligenes
Pseudoxanthomonas daejeonensis,Pseudoxanthomonas daejeonensis
Rhizobium multihospitium,Rhizobium multihospitium
Choladocola avistercoris,Hominiventricola avistercoris
Nesterenkonia ebinurensis,Nesterenkonia ebinurensis
Kosmotoga arenicorallina,Kosmotoga_B arenicorallina
Kluyvera sichuanensis,Kluyvera sichuanensis
Rhizobium indicum,Rhizobium indicum
Mycobacterium shigaense,Mycobacterium shigaense
Eupransor demetentiae,Eupransor demetentiae
Arenibaculum pallidiluteum,Arenibaculum pallidiluteum
Leucobacter coleopterorum,Leucobacter coleopterorum
Anoxybacillus voinovskiensis,Anoxybacillus_A voinovskiensis
Shewanella electrodiphila,Shewanella electrodiphila
Niabella agricola,Niabella agricola
Leptospira tipperaryensis,Leptospira tipperaryensis
Halalkalibacter alkaliphilus,Halalkalibacter alkaliphilus
Gluconobacter albidus,Gluconobacter albidus
Micromonospora carbonacea,Micromonospora carbonacea
Vulcaniibacterium gelatinicum,Vulcaniibacterium_B gelatinicum
Roseateles aquatilis,Roseateles aquatilis
Mycobacterium heckeshornense,Mycobacterium heckeshornense
Faecalibacterium intestinigallinarum,Faecalibacterium intestinigallinarum
Evansella tamaricis,Evansella tamaricis
Shimia thalassica,Shimia thalassica
Pseudomonas seleniipraecipitans,Pseudomonas_E seleniipraecipitans
Photobacterium carnosum,Photobacterium carnosum
Pacificimonas pallii,Pacificimonas pallii
Segnochrobactrum spirostomi,Segnochrobactrum spirostomi
Holdemania filiformis,Holdemania filiformis
Cytobacillus kochii,Cytobacillus kochii
Duodenibacillus intestinigallinarum,Duodenibacillus intestinigallinarum
Lactococcus chungangensis,Lactococcus_A chungangensis
Streptococcus parapneumoniae,Streptococcus parapneumoniae
Anaerofilum hominis,Pygmaiobacter hominis
Croceivirga radicis,Croceivirga radicis
Paenibacillus aquistagni,Paenibacillus_B aquistagni
Vibrio algivorus,Vibrio algivorus
Enterobacter vonholyi,Enterobacter vonholyi
Actinomycetospora corticicola,Actinomycetospora corticicola
Thermomonas flagellata,Thermomonas flagellata
Ellagibacter isourolithinifaciens,Ellagibacter isourolithinifaciens
Caldilinea saccharophila,Caldilinea saccharophila
Klebsiella quasivariicola,Klebsiella quasivariicola
Sedimentimonas flavescens,Sedimentimonas flavescens
uncultured Ancrocorticia,Peptidiphaga sp905373325
uncultured Thermosynechococcus,Thermosynechococcus sp938074695
Mesobacterium hydrothermale,Mesobacterium_A hydrothermale
Deinococcus depolymerans,Deinococcus depolymerans
Frankia gtarii,Frankia gtarii
Sphingomonas japonica,Sphingomonas japonica
Kingella negevensis,Kingella_C negevensis
Macondimonas diazotrophica,Macondimonas diazotrophica
Photobacterium frigidiphilum,Photobacterium frigidiphilum
Streptomyces tubercidicus,Streptomyces tubercidicus
Exiguobacterium undae,Exiguobacterium_A undae
Azomonas agilis,Azomonas agilis
Shewanella gaetbuli,Shewanella gaetbuli
Hymenobacter swuensis,Hymenobacter swuensis
Novisyntrophococcus fermenticellae,Novisyntrophococcus fermenticellae
Streptomyces ipomoeae,Streptomyces ipomoeae
Aeromonas finlandensis,Aeromonas finlandensis
Saccharomonospora saliphila,Saccharomonospora saliphila
Neoroseomonas marina,Neoroseomonas marina
Dickeya undicola,Dickeya undicola
Blautia merdavium,Blautia merdavium
Ktedonobacter robiniae,Ktedonobacter robiniae
Lamprobacter modestohalophilus,Lamprobacter modestohalophilus
Methylobacterium nonmethylotrophicum,Methylobacterium nonmethylotrophicum
Bowmanella dokdonensis,Bowmanella dokdonensis
Enterococcus innesii,Enterococcus_D innesii
Yersinia mollaretii,Yersinia mollaretii
Vreelandella stevensii,Vreelandella stevensii
Microlunatus spumicola,Friedmanniella spumicola
Listeria immobilis,Listeria immobilis
Streptococcus ferus,Streptococcus ferus
Rhodococcus zopfii,Rhodococcus zopfii
Palauibacter australiensis,Palauibacter australiensis
bacterium BMS3Abin14,BMS3ABIN14 sp002897695
Homeothermus arabinoxylanisolvens,Muribaculum arabinoxylanisolvens
Pseudomonas tensinigenes,Pseudomonas_E tensinigenes
Oceanobacillus salinisoli,Oceanobacillus salinisoli
Loigolactobacillus zhaoyuanensis,Loigolactobacillus zhaoyuanensis
Geodermatophilus bullaregiensis,Geodermatophilus bullaregiensis
Occidentia massiliensis,Occidentia massiliensis
Paeniglutamicibacter terrestris,Paeniglutamicibacter terrestris
Dickeya fangzhongdai,Dickeya fangzhongdai
Salimicrobium halophilum,Salimicrobium halophilum
Pedobacter lusitanus,Pedobacter lusitanus
Thermophagus xiamenensis,Thermophagus xiamenensis
Myxococcus eversor,Myxococcus eversor
Pseudomonas benzopyrenica,Pseudomonas_B benzopyrenica
Vibrio gallaecicus,Vibrio gallaecicus
Pseudomonas kermanshahensis,Pseudomonas_E kermanshahensis
Kocuria tytonicola,Kocuria tytonicola
Burkholderia humptydooensis,Burkholderia humptydooensis
Streptomyces pristinaespiralis,Streptomyces pristinaespiralis
Blochmanniella camponoti,Blochmanniella camponoti
Dulcicalothrix desertica,Dulcicalothrix desertica
Acetobacter syzygii,Acetobacter syzygii
Methylocaldum szegediense,Methylocaldum szegediense
Poseidonibacter antarcticus,Poseidonibacter antarcticus
Kangsaoukella pontilimi,Kangsaoukella pontilimi
Micrococcus lylae,Micrococcus lylae
Halodesulfovibrio aestuarii,Halodesulfovibrio aestuarii
Mangrovimonas futianensis,Mangrovimonas futianensis
Streptomyces glomeratus,Streptomyces glomeratus
Anaerovirgula multivorans,Anaerovirgula multivorans
Desertimonas flava,Desertimonas flava
uncultured Aliterella,Aliterella sp905479905
Photorhabdus heterorhabditis,Photorhabdus heterorhabditis
Mucilaginibacter mali,Mucilaginibacter mali
Sphaerotilus uruguayifluvii,Sphaerotilus uruguayifluvii
Pseudacidobacterium ailaaui,Pseudacidobacterium ailaaui
Microbacterium lacticum,Microbacterium lacticum
Vibrio hyugaensis,Vibrio hyugaensis
Francisella hispaniensis,Francisella hispaniensis
Xenorhabdus ishibashii,Xenorhabdus ishibashii
Myroides indicus,Flavobacterium indicum_A
Selenomonas noxia,Centipeda noxia
Enterococcus sulfureus,Enterococcus_G sulfureus
Labrys wisconsinensis,Labrys wisconsinensis
Devosia nitrariae,Devosia nitrariae
Tabrizicola soli,Tabrizicola soli
Fermentibacter daniensis,Fermentibacter daniensis
Nesterenkonia aerolata,Nesterenkonia aerolata
Tomitella gaofuii,Tomitella gaofuii
bacterium BMS3Bbin02,BMS3BBIN02 sp002898115
Allofrancisella inopinata,Allofrancisella inopinata
Amycolatopsis balhimycina,Amycolatopsis balhimycina
Dissulfurispira thermophila,Dissulfurispira thermophila
Alkaliphilus serpentinus,Alkaliphilus_D serpentinus
Bradyrhizobium vignae,Bradyrhizobium vignae
Amycolatopsis xylanica,Amycolatopsis xylanica
Boudabousia liubingyangii,Boudabousia liubingyangii
Scatomonas merdigallinarum,Scatomonas merdigallinarum
Phenylobacterium hankyongense,Phenylobacterium hankyongense
Gaetbulibacter aestuarii,Gaetbulibacter_A aestuarii
Secundilactobacillus hailunensis,Secundilactobacillus hailunensis
Bifidobacterium rousetti,Bifidobacterium rousetti
Fulvivirga imtechensis,Fulvivirga imtechensis
Sphingomonas flavalba,Sphingomonas_L flavalba
Wohlfahrtiimonas chitiniclastica,Wohlfahrtiimonas chitiniclastica
Patulibacter brassicae,Patulibacter brassicae
Micromonospora craniellae,Micromonospora craniellae
Eilatimonas milleporae,Eilatimonas milleporae
Vitreimonas flagellata,Vitreimonas flagellata
bacterium BMS3Bbin04,BMS3BBIN04 sp002898195
Acetivibrio straminisolvens,Hungateiclostridium straminisolvens
Cellulosilyticaceae bacterium,JAVVPO01 sp036655715
Paraburkholderia nemoris,Paraburkholderia nemoris
Burkholderia sola,Burkholderia sola
Pseudoxanthomonas indica,Pseudoxanthomonas_A indica
Amycolatopsis bartoniae,Amycolatopsis bartoniae
Bifidobacterium reuteri,Bifidobacterium reuteri
Martelella limonii,Martelella limonii
Parvibacillus calidus,Parvibacillus calidus
Hoyosella altamirensis,Hoyosella altamirensis
Psychrobacter arcticus,Psychrobacter arcticus
Caccoplasma merdipullorum,Caccoplasma_A merdipullorum
Streptomyces rubradiris,Streptomyces rubradiris
Nonomuraea corallina,Nonomuraea corallina
Mycobacterium intermedium,Mycobacterium intermedium
Herbiconiux solani,Herbiconiux solani
Kytococcus aerolatus,Kytococcus aerolatus
Scatenecus faecavium,Scatenecus faecavium
Neobacillus novalis,Neobacillus novalis
Geobacillus thermocatenulatus,Geobacillus thermocatenulatus
Desulfatibacillum aliphaticivorans,Desulfatibacillum aliphaticivorans
Bacillus nitratireducens,Bacillus_A nitratireducens
Bifidobacterium ruminantium,Bifidobacterium ruminantium
Cyclobacterium lianum,Cyclobacterium lianum
Dorea hominis,Dorea_D hominis
Rothia nasisuis,Rothia nasisuis
Solirubrobacter pauli,Solirubrobacter pauli
Agromyces flavus,Agromyces flavus
uncultured Halocynthiibacter,CANNCD01 sp947503035
Alysiella sp.,Simonsiella sp030525755
Scatocola faecipullorum,Scatocola faecipullorum
Aliidiomarina minuta,Aliidiomarina minuta
Hyphomicrobium methylovorum,Hyphomicrobium_B methylovorum
Fulvivirga aurantia,Fulvivirga aurantia
Neorhizobium vignae,Neorhizobium vignae
Caballeronia hypogeia,Caballeronia hypogeia
Rhizobium changzhiense,Rhizobium sophorae
Nocardioides terrae,Nocardioides terrae
Roseiflexus castenholzii,Roseiflexus castenholzii
Yersinia pekkanenii,Yersinia pekkanenii
Vibrio zhanjiangensis,Vibrio zhanjiangensis
Capnocytophaga canimorsus,Capnocytophaga canimorsus
Porphyromonas catoniae,Porphyromonas catoniae
Thiodiazotropha weberae,Thiodiazotropha endoloripes
uncultured Desulfatiglans,Desulfatiglans sp900498135
Veillonella montpellierensis,Veillonella montpellierensis
Christiangramia aestuarii,Christiangramia aestuarii
Elizabethkingia occulta,Elizabethkingia occulta
Actinacidiphila yeochonensis,Actinacidiphila yeochonensis
Acidithiobacillus ferridurans,Acidithiobacillus ferridurans
Paenibacillus hunanensis,Paenibacillus_J hunanensis
Glycomyces amatae,Glycomyces amatae
Thiofaba sp.,Thiofaba sp039822285
Ferrigenium altingense,Gallionella altingense
Aromatoleum bremense,Aromatoleum bremense
Mycoplasma capricolum,Mycoplasma capricolum
Commensalibacter papalotli,Commensalibacter papalotli
Micromonospora sicca,Micromonospora sicca
Pararobbsia silviterrae,Pararobbsia silviterrae
Micromonospora phaseoli,Micromonospora phaseoli
Poriferisodalis multihospitum,Poriferisodalis multihospitum
Dyella telluris,Dyella telluris
Actinomadura xylanilytica,Spirillospora xylanilytica
Rickettsia asembonensis,Rickettsia asembonensis
Agrilactobacillus composti,Agrilactobacillus composti
Microbacterium ulmi,Microbacterium ulmi
Anaerocolumna jejuensis,Anaerocolumna jejuensis
Novosphingobium fluoreni,Novosphingobium fluoreni
Secundilactobacillus oryzae,Secundilactobacillus oryzae
Ruminococcus avistercoris,Ruminococcus_G avistercoris
Blautia stercoripullorum,Blautia stercoripullorum
uncultured Deinococcota,CAMZLP01 sp947311535
Pseudolachnospira avium,Pseudolachnospira avium
Ruminiclostridium josui,Ruminiclostridium josui
Marinoscillum pacificum,Marinoscillum pacificum
Shimia abyssi,Shimia abyssi
Cnuibacter physcomitrellae,Cnuibacter physcomitrellae
Pantoea symbiotica,Pantoea symbiotica
Algibacillus agarilyticus,Algibacillus agarilyticus
Qipengyuania vesicularis,Qipengyuania vesicularis
Pseudomonas cremoris,Pseudomonas_E cremoris
Streptomyces minutiscleroticus,Streptomyces minutiscleroticus
Pedobacter boryungensis,Pedobacter boryungensis
Luteimonas deserti,Luteimonas deserti
Phocaeicola fibrisolvens,Phocaeicola fibrisolvens
Stackebrandtia excrementipullorum,Stackebrandtia excrementipullorum
Campylobacter armoricus,Campylobacter_D armoricus
Methylovirgula ligni,Methylovirgula ligni
Actinoplanes cyaneus,Actinoplanes cyaneus
Pectobacterium polonicum,Pectobacterium polonicum
Caminibacter mediatlanticus,Caminibacter mediatlanticus
Flavivirga abyssicola,Flavivirga abyssicola
Paracoccus alcaliphilus,Paracoccus alcaliphilus
Mycobacterium basiliense,Mycobacterium basiliense
Lactobacillus bombicola,Lactobacillus bombicola
Mycobacterium barrassiae,Mycobacterium barrassiae
Vibrio aerogenes,Vibrio aerogenes
Paraburkholderia kirstenboschensis,Paraburkholderia kirstenboschensis
Aquarickettsia rohweri,Aquirickettsia rohweri
Sediminimonas qiaohouensis,Sediminimonas qiaohouensis
Sulfotelmatobacter kueseliae,Sulfotelmatobacter kueseliae
Planococcus koreensis,Planococcus koreensis
Sphingobium limneticum,Sphingobium limneticum
Paenibacillus jilunlii,Paenibacillus jilunlii
Levilactobacillus cerevisiae,Levilactobacillus cerevisiae
Pseudonocardia thermophila,Pseudonocardia thermophila
Reinekea thalattae,Reinekea thalattae
Mesoplasma sp.,Edwardiiplasma sp023566355
Geothrix edaphica,Geothrix edaphica
Reyranella soli,Reyranella soli
Serinicoccus profundi,Serinicoccus profundi
Nocardia speluncae,Nocardia speluncae
Bifidobacterium gallicum,Bifidobacterium gallicum
Spirosoma profusum,Spirosoma profusum
Pseudophaeobacter profundi,Pseudophaeobacter profundi
uncultured Planktotalea,Planktotalea sp000156115
Streptomyces tardus,Streptomyces tardus
Thiothrix eikelboomii,Thiolinea eikelboomii
Tsukamurella soli,Tsukamurella soli
bacterium BRH_c32,BRH-c32 sp001516025
Agathobaculum merdigallinarum,Agathobaculum merdigallinarum
Francisella halioticida,Francisella halioticida
Halpernia humi,Halpernia humi
Atopobacter phocae,Atopobacter phocae
Aquimarina muelleri,Aquimarina muelleri
Gluconobacter sphaericus,Gluconobacter sphaericus
Thermoflexus japonica,Thermoflexus japonica
Acidipropionibacterium virtanenii,Acidipropionibacterium virtanenii
Ferrimonas lipolytica,Ferrimonas lipolytica
Aridibaculum aurantiacum,Segetibacter aurantiacus
Marinomonas pontica,Marinomonas pontica
Bacillus aerius,Bacillus altitudinis
Prevotella multiformis,Prevotella multiformis
Porphyromonas canoris,Porphyromonas_A canoris
Spongiivirga citrea,Spongiivirga citrea
Nitratireductor indicus,Nitratireductor indicus
Flavobacterium subsaxonicum,Flavobacterium subsaxonicum
Jidongwangia harbinensis,Actinoplanes harbinensis
Mariniplasma anaerobium,Mariniplasma anaerobium
Lonsdalea populi,Lonsdalea populi
Streptomyces ziwulingensis,Streptomyces ziwulingensis
Shewanella mangrovisoli,Shewanella mangrovisoli
Arthrobacter mobilis,Arthrobacter_F mobilis
Neisseria zoodegmatis,Neisseria zoodegmatis
Acetivibrio clariflavus,Acetivibrio clariflavus
Mucilaginibacter myungsuensis,Mucilaginibacter myungsuensis
Acetobacter persici,Acetobacter persici
Rosistilla ulvae,Rosistilla ulvae
Occallatibacter riparius,Occallatibacter riparius
Croceitalea dokdonensis,Croceitalea dokdonensis
Micromonospora rosaria,Micromonospora rosaria
Tenacibaculum discolor,Tenacibaculum discolor
Chryseobacterium soldanellicola,Chryseobacterium soldanellicola
Dolosigranulum savutiense,Dolosigranulum savutiense
Hoylesella marshii,Prevotella marshii
Diaminobutyricimonas sp.,Ruicaihuangia sp009755725
Thermus caliditerrae,Thermus caliditerrae
Stella vacuolata,Stella vacuolata
Pseudomonas mangrovi,Pseudomonas_E mangrovi
Pseudotabrizicola sediminis,Pseudotabrizicola sediminis
Berkiella aquae,Berkiella aquae
Sphingomonas citricola,Sphingomonas citricola
bacterium UBP16_UBA6123,UBA9980 sp002423385
Mycobacterium nebraskense,Mycobacterium nebraskense
Sphingopyxis fribergensis,Sphingopyxis fribergensis
Tepidimicrobium xylanilyticum,Tepidimicrobium xylanilyticum
Pararhodobacter aggregans,Pararhodobacter aggregans
Lacticaseibacillus chiayiensis,Lacticaseibacillus chiayiensis
Nocardia suismassiliense,Nocardia suismassiliense
Corynebacterium crudilactis,Corynebacterium crudilactis
Leptothrix cholodnii,Sphaerotilus cholodnii
Camptotheca acuminata,Phytoplasma sp041276565
Herbiconiux moechotypicola,Herbiconiux moechotypicola
Chengkuizengella sp.,Chengkuizengella sp040100845
Streptomyces fragilis,Streptomyces fragilis
Comamonas resistens,Comamonas resistens
Synergistes jonesii,Synergistes jonesii
Actinomyces weissii,Actinomyces weissii
Faecalibacterium tardum,Faecalibacterium tardum
Nocardia fluminea,Nocardia fluminea
Roseobacter denitrificans,Roseobacter denitrificans
Streptomyces pilosus,Streptomyces pilosus
Alicyclobacillus sendaiensis,Alicyclobacillus sendaiensis
Thermoactinospora rubra,Nonomuraea rubra_A
Tyloplasma litorale,Tyloplasma litorale
Tessaracoccus timonensis,Arachnia timonensis
Faecalibacterium faecigallinarum,Faecalibacterium faecigallinarum
Corynebacterium endometrii,Corynebacterium endometrii
Brevibacterium album,Brevibacterium album
Kitasatospora cathayae,Kitasatospora cathayae
Pedobacter mendelii,Pedobacter mendelii
Photobacterium jeanii,Photobacterium jeanii
Fructilactobacillus florum,Fructilactobacillus florum
Leptospira saintgironsiae,Leptospira_B saintgironsiae
Corynebacterium lujinxingii,Corynebacterium lujinxingii
Apilactobacillus micheneri,Apilactobacillus micheneri
Flavobacterium chungnamense,Flavobacterium chungnamense
Deinococcus radiophilus,Deinococcus radiophilus
Legionella maceachernii,Tatlockia maceachernii
Vibrio injensis,Vibrio injensis
Propioniciclava flava,Propioniciclava flava
Luteipulveratus sp.,Luteipulveratus sp029439465
Shewanella waksmanii,Shewanella waksmanii
Pseudomonas coleopterorum,Pseudomonas_E coleopterorum
Actinobacillus equuli,Actinobacillus equuli
Mycobacterium haemophilum,Mycobacterium haemophilum
Rheinheimera aquimaris,Rheinheimera aquimaris
Merdimonas faecis,Merdimonas faecis
Glycomyces xiaoerkulensis,Glycomyces xiaoerkulensis
Solirubrobacter deserti,Solirubrobacter deserti
Microbacterium aquimaris,Microbacterium aquimaris
Flavobacterium gawalongense,Flavobacterium gawalongense
Chryseobacterium paludis,Chryseobacterium paludis
Spirosoma spitsbergense,Spirosoma spitsbergense
Mycobacterium pinniadriaticum,Mycobacterium pinniadriaticum
Actinoplanes xinjiangensis,Actinoplanes xinjiangensis
Succinivibrio faecicola,Succinivibrio faecicola
Gardnerella greenwoodii,Bifidobacterium greenwoodii
Limisoma gallistercoris,Limisoma gallistercoris
Campylobacter corcagiensis,Campylobacter_B corcagiensis
Caldicellulosiruptor diazotrophicus,Caldicellulosiruptor diazotrophicus
Chryseobacterium gilvum,Chryseobacterium gilvum
Thermithiobacillus plumbiphilus,JBBPCO01 sp038070005
Pseudomonas canadensis,Pseudomonas_E canadensis
Rathayibacter tritici,Rathayibacter tritici
Termititenax aidoneus,Termititenax aidoneus
Mycobacterium gallinarum,Mycobacterium gallinarum
Kosakonia oryzendophytica,Kosakonia oryzendophytica
Protaetiibacter larvae,Homoserinibacter larvae
Palauibacter rhopaloidicola,Palauibacter rhopaloidicola
Fretibacterium fastidiosum,Fretibacterium fastidiosum
Campylobacter rectus,Campylobacter_A rectus
Xanthomonas prunicola,Xanthomonas prunicola
Bacillus sinesaloumensis,Ferdinandcohnia sinesaloumensis
Blastococcus aurantiacus,Blastococcus aurantiacus
Paracaedibacter acanthamoebae,Paracaedibacter acanthamoebae
Limosilactobacillus secaliphilus,Limosilactobacillus secaliphilus
Melittangium boletus,Melittangium boletus
Kutzneria buriramensis,Kutzneria buriramensis
Xenorhabdus innexi,Xenorhabdus innexi
Raineya orbicola,Raineya orbicola
Herbaspirillum huttiense,Herbaspirillum huttiense
Ursidibacter maritimus,Ursidibacter maritimus
Coproplasma excrementavium,Coproplasma excrementavium
Kandleria vitulina,Kandleria vitulina
Alistipes intestinipullorum,Alistipes intestinipullorum
Xenorhabdus budapestensis,Xenorhabdus budapestensis
Thermus islandicus,Thermus islandicus
Mycoplasma yeatsii,Mycoplasma yeatsii
Pseudofrankia asymbiotica,Pseudofrankia asymbiotica
Xanthobacter agilis,Xanthobacter agilis
Rivihabitans pingtungensis,Rivihabitans pingtungensis
Streptomyces wuyuanensis,Streptomyces wuyuanensis
Olleya sediminilitoris,Olleya sediminilitoris
Ornithinimicrobium humiphilum,Ornithinimicrobium humiphilum
Roseateles puraquae,Pelomonas puraquae
Sagittula stellata,Sagittula stellata
Actinomyces mediterranea,Pauljensenia mediterranea
Ideonella livida,Ideonella livida
Leptospira kanakyensis,Leptospira_A kanakyensis
Shewanella nanhaiensis,Shewanella nanhaiensis
bacterium 1xD42-67,Lawsonibacter sp003612335
Halalkalibacter krulwichiae,Halalkalibacter krulwichiae
Apilactobacillus nanyangensis,Apilactobacillus nanyangensis
Brucella pecoris,Brucella pecoris
Paractinoplanes deccanensis,Actinoplanes deccanensis
Helicobacter marmotae,Helicobacter_C marmotae
Tessaracoccus coleopterorum,Arachnia coleopterorum
Anaerococcus octavius,Anaerococcus octavius
Phocaeicola paurosaccharolyticus,Phocaeicola paurosaccharolyticus
Methylophagaceae bacterium,GCA-002733105 sp041600795
uncultured Xylophilus,Xylophilus sp913776965
Corynebacterium ihumii,Corynebacterium afermentans
Prauserella marina,Prauserella_A marina
Halalkalibacter lacteus,Halalkalibacter lacteus
Blautia difficilis,Blautia_A difficilis
Dryocola boscaweniae,Dryocola boscaweniae
Sporolactobacillus laevolacticus,Sporolactobacillus laevolacticus
Vagococcus carniphilus,Vagococcus carniphilus
Phytoactinopolyspora mesophila,Phytoactinopolyspora mesophila
Ureaplasma diversum,Ureaplasma diversum
Oceanobacillus chungangensis,Oceanobacillus chungangensis
Microvirga pakistanensis,Microvirga pakistanensis
bacterium UBA4835,Thermocaproicibacter sp002410755
Blautia faecavium,Blautia_A faecavium
Flammeovirga yaeyamensis,Flammeovirga yaeyamensis
Agromyces seonyuensis,Agromyces seonyuensis
Paenibacillus sanguinis,Fontibacillus sanguinis
Lapidilactobacillus wuchangensis,Lapidilactobacillus wuchangensis
Spiribacter halobius,Sediminicurvatus halobius
Aquitalea palustris,Aquitalea palustris
Novipirellula caenicola,Novipirellula caenicola
Pseudoalteromonas nigrifaciens,Pseudoalteromonas nigrifaciens
Sebaldella termitidis,Sebaldella termitidis
Legionella sainthelensi,Legionella sainthelensi
Ehrlichia chaffeensis,Ehrlichia chaffeensis
Listeria goaensis,Listeria goaensis
Levilactobacillus tongjiangensis,Levilactobacillus tongjiangensis
Rhodospira sp.,Rhodospira sp028277295
Flagellimonas ochracea,Flagellimonas ochracea
Thermovibrio guaymasensis,Thermovibrio guaymasensis
Helicobacter macacae,Helicobacter_B macacae
Arsukibacterium perlucidum,Arsukibacterium perlucidum
Photobacterium iliopiscarium,Photobacterium iliopiscarium
Nisaea sediminum,Nisaea sediminum
Christiangramia bathymodioli,Christiangramia bathymodioli
Isoptericola haloaureus,Isoptericola haloaureus
Curtobacterium salicis,Curtobacterium salicis
Salsuginibacillus kocurii,Salsuginibacillus kocurii
Vibrio rhizosphaerae,Vibrio rhizosphaerae
Clostridium yunnanense,Clostridium_AR yunnanense
Oceanobacillus alkalisoli,Oceanobacillus alkalisoli
Bacillus coahuilensis,Bacillus_T coahuilensis
Coproplasma avicola,Coproplasma avicola
Paenibacillus pedocola,Paenibacillus pedocola
Alteromonas portus,Alteromonas portus
Plasticicumulans sp.,Plasticicumulans sp003962905
Caccomonas pullistercoris,Alloprevotella pullistercoris
Promicromonospora soli,Promicromonospora soli
bacterium DOLZORAL124_38_8,OLZORAL124-38-8 sp002747745
Roseburia amylophila,Roseburia_C amylophila
Streptococcus peroris,Streptococcus peroris
Flavobacterium gelidilacus,Flavobacterium gelidilacus
Tsukamurella spumae,Tsukamurella spumae
Mesoplasma photuris,Tullyiplasma photuris
Corynebacterium kalidii,Corynebacterium kalidii
Aerococcus tenax,Aerococcus tenax
Paratractidigestivibacter faecalis,Paratractidigestivibacter faecalis
Citrobacter enshiensis,Citrobacter_D enshiensis
Commensalibacter oyaizuii,Commensalibacter oyaizuii
Pseudomonas alloputida,Pseudomonas_E alloputida
Pseudomonas congelans,Pseudomonas_E congelans
Spirosoma oryzae,Spirosoma oryzae
Legionella waltersii,Legionella waltersii
Flavobacterium stagni,Flavobacterium stagni
Prevotella koreensis,Prevotella koreensis
Pantoea alfalfae,Pantoea alfalfae
Cohnella cholangitidis,Cohnella cholangitidis
Hongsoonwoonella zoysiae,Hongsoonwoonella zoysiae
Microvirga alba,Microvirga alba
Cellulosilyticum lentocellum,Cellulosilyticum lentocellum
Demequina soli,Demequina soli
Aestuariimicrobium ganziense,Aestuariimicrobium ganziense
Desulfobotulus sp.,Desulfobotulus sp034006065
Lactobacillus equicursoris,Lactobacillus equicursoris
Paenibacillus catalpae,Pristimantibacillus catalpae
Sphaerothrix gracilis,Sphaerothrix gracilis
Actinokineospora baliensis,Actinokineospora baliensis
Acidibrevibacterium fodinaquatile,Acidibrevibacterium fodinaquatile
Ornithobacterium hominis,Ornithobacterium hominis
Pelagibius marinus,Pelagibius marinus
Cognaticolwellia aestuarii,Cognaticolwellia aestuarii
Sphingobacterium chungjuense,Sphingobacterium chungjuense
Erysipelothrix anatis,Erysipelothrix anatis
Nostoc calcicola,Nostoc calcicola
Paenibacillus phyllosphaerae,Paenibacillus_Z phyllosphaerae
Stutzerimonas urumqiensis,Stutzerimonas urumqiensis
Selenobaculum gibii,Selenobaculum gibii
Nocardia paucivorans,Nocardia paucivorans
Arcticibacter tournemirensis,Pararcticibacter tournemirensis
Vibrio jasicida,Vibrio jasicida
Jettenia caeni,Jettenia caeni
Mogibacterium timidum,Mogibacterium timidum
Vibrio celticus,Vibrio celticus
Streptomonospora salina,Streptomonospora salina
Macrococcus lamae,Macrococcus lamae
Nocardia exalbida,Nocardia exalbida
Marinobacterium ramblicola,Marinobacterium_D ramblicola
Halorhodospira neutriphila,Halorhodospira neutriphila
Chryseobacterium indoltheticum,Chryseobacterium indoltheticum
Ruegeria marina,Ruegeria_B marina
Nonomuraea bangladeshensis,Nonomuraea bangladeshensis
Corynebacterium tapiri,Corynebacterium tapiri
Chromobacterium phragmitis,Chromobacterium phragmitis
Marinimicrobium locisalis,Marinimicrobium locisalis
Rhizobium alarense,Rhizobium_D alarense
Rhodococcus pseudokoreensis,Rhodococcus_F pseudokoreensis
Cyclobacterium amurskyense,Cyclobacterium amurskyense
Peptoniphilus olsenii,Peptoniphilus_A olsenii
Treponema porcinum,Treponema_D porcinum
Microbulbifer litoralis,Microbulbifer litoralis
Nocardiopsis terrae,Nocardiopsis terrae
Mesomycoplasma dispar,Mesomycoplasma dispar
Mesoplasma grammopterae,Mesoplasma grammopterae
Enterenecus faecium,Enterenecus faecium
Alteromonas pelagimontana,Alteromonas pelagimontana
Paenibacillus piri,Paenibacillus_S piri
Thalassococcus arenae,Thalassococcus_B arenae
Marivirga atlantica,Marivirga atlantica
Stenotrophomonas panacihumi,Stenotrophomonas_A panacihumi
Kitasatospora griseola,Kitasatospora griseola
Euzebyella marina,Euzebyella marina
Ornithinimicrobium faecis,Ornithinicoccus faecis
Colibacter massiliensis,Anaeroglobus massiliensis
Olsenella pullicola,Thermophilibacter pullicola
Tepidiforma flava,Tepidiforma flava
Achromobacter piechaudii,Achromobacter piechaudii
Dorea ammoniilytica,Claveliimonas ammoniilytica
Streptobacillus notomytis,Streptobacillus notomytis
Maricaulis parjimensis,Maricaulis parjimensis
Labilibaculum manganireducens,Labilibaculum manganireducens
Psychromonas aquimarina,Psychromonas aquimarina
Dehalogenimonas alkenigignens,Dehalogenimonas alkenigignens
Brachyspira suanatina,Brachyspira suanatina
Aquisalimonadaceae bacterium,Methylonatrum sp040877625
Streptantibioticus parmotrematis,Streptantibioticus parmotrematis
Flavobacterium noncentrifugens,Flavobacterium noncentrifugens
Cytobacillus luteolus,Bacillus_BV luteolus
Serinicoccus hydrothermalis,Serinicoccus hydrothermalis
Vibrio atypicus,Vibrio atypicus
Dyadobacter crusticola,Dyadobacter crusticola
Onthousia faecigallinarum,Onthousia faecigallinarum
Arsenicicoccus bolidensis,Arsenicicoccus bolidensis
Brevibacterium intestinigallinarum,Brevibacterium intestinigallinarum
Staphylococcus microti,Staphylococcus microti
Flexivirga endophytica,Flexivirga endophytica
Escherichia whittamii,Escherichia whittamii
Veronia pacifica,Veronia pacifica
Sulfurimonas denitrificans,Sulfurimonas denitrificans
Xanthomonas hyacinthi,Xanthomonas_A hyacinthi
Paraneptunicella aestuarii,Paraneptunicella aestuarii
Alicyclobacillus acidiphilus,Alicyclobacillus acidiphilus
Serinicoccus sediminis,Serinicoccus sediminis
Sphaerimonospora thailandensis,Sphaerimonospora thailandensis
Paraburkholderia megapolitana,Paraburkholderia megapolitana
Faecalibacterium gallistercoris,Faecalibacterium gallistercoris
Kouleothrix sp.,Kouleothrix sp018266315
Lichenihabitans psoromatis,Lichenihabitans psoromatis
Avibacterium avium,Avibacterium avium
Natranaerovirga pectinivora,Natranaerovirga pectinivora
Anaerococcus senegalensis,Anaerococcus senegalensis
Occultella glacieicola,Occultella glacieicola
Pelistega suis,Pelistega suis
Sphingobacterium deserti,Sphingobacterium deserti
Blautia hydrogenotrophica,Blautia_A hydrogenotrophica
Caulobacter henricii,Caulobacter henricii
Pseudomonas lopnurensis,Stutzerimonas lopnurensis
Amygdalobacter indicium,Amygdalobacter indicium
Shewanella psychrotolerans,Shewanella psychrotolerans
Rappaport israeli,Rappaport israeli
Malacoplasma iowae,Malacoplasma iowae
Segatella maculosa,Prevotella maculosa
Francisella adeliensis,Francisella_A adeliensis
Cellulomonas bogoriensis,Actinotalea bogoriensis
Tamlana fucoidanivorans,Tamlana_C fucoidanivorans
Treponema pectinovorum,Treponema_D pectinovorum
Streptococcus urinalis,Streptococcus urinalis
Microvirga soli,Microvirga soli
Lacinutrix himadriensis,Oceanihabitans himadriense
Hallerella porci,Hallerella porci
Avitreponema avistercoris,Avitreponema avistercoris
Segatella caccae,Prevotella caccae
Humimicrobium oleiphilum,Humimicrobium oleiphilum
Sandaracinobacteroides saxicola,Sandaracinobacteroides_A saxicola
Flavobacterium aciduliphilum,Flavobacterium aciduliphilum
Desulfovibrio porci,Desulfovibrio porci
Nesterenkonia marinintestina,Nesterenkonia marinintestina
Phaeovibrio sulfidiphilus,Phaeovibrio sulfidiphilus
Acetobacter orleanensis,Acetobacter orleanensis
Propioniciclava soli,Propioniciclava soli
Pectinatus cerevisiiphilus,Pectinatus cerevisiiphilus
Thiocapsa marina,Thiocapsa marina
Carbonactinospora thermoautotrophica,Carbonactinospora thermoautotrophica
Thalassotalea piscium,Thalassotalea_B piscium
Silvibacterium dinghuense,Silvibacterium dinghuense
Arthrobacter cryoconiti,Specibacter cryoconiti
Echinicola arenosa,Echinicola arenosa
Pygmaiobacter gallistercoris,Pygmaiobacter gallistercoris
Cytomitobacter primus,Cytomitobacter primus
Clostridium tarantellae,Sarcina tarantellae
Falsiroseomonas frigidaquae,Falsiroseomonas frigidaquae
Chryseobacterium taklimakanense,Planobacterium taklimakanense
Paraburkholderia rhizosphaerae,Paraburkholderia rhizosphaerae
Ideonella dechloratans,Ideonella dechloratans
Budvicia aquatica,Budvicia aquatica
Nocardia mexicana,Nocardia mexicana
Caldicellulosiruptor naganoensis,Caldicellulosiruptor naganoensis
Salinivibrio socompensis,Salinivibrio socompensis
Flavobacterium branchiicola,Flavobacterium branchiicola
Roseococcus thiosulfatophilus,Roseococcus thiosulfatophilus
Rossellomorea arthrocnemi,Rossellomorea arthrocnemi
Egerieenecus merdigallinarum,Egerieenecus merdigallinarum
Halomonas saccharevitans,Halomonas saccharevitans
Blautia faecigallinarum,Blautia_A faecigallinarum
Nocardia aurantia,Nocardia aurantia
Lacticaseibacillus camelliae,Lacticaseibacillus camelliae
Pseudomonas lijiangensis,Pseudomonas_E lijiangensis
Parasedimentitalea psychrophila,Parasedimentitalea psychrophila
Micromonospora sediminicola,Micromonospora sediminicola
Marinobacter vulgaris,Marinobacter vulgaris
Aquimarina pacifica,Aquimarina pacifica
Burkholderia seminalis,Burkholderia seminalis
Oecophyllibacter saccharovorans,Oecophyllibacter saccharovorans
Lentilactobacillus diolivorans,Lentilactobacillus diolivorans
Edaphobacter acidisoli,Edaphobacter acidisoli
bacterium CG10_37_50,21-14-all-37-9 sp002772495
Acidihalobacter ferrooxydans,Acidihalobacter_A ferrooxydans
Liquorilactobacillus hordei,Liquorilactobacillus hordei
Chelativorans petroleitrophicus,Chelativorans petroleitrophicus
Microbacterium ginsengisoli,Microbacterium ginsengisoli
Streptomyces chumphonensis,Streptomyces chumphonensis
Zobellella denitrificans,Oceanimonas denitrificans
Streptococcus pluranimalium,Streptococcus pluranimalium
Sediminibacter sp.,Psychroserpens sp000688335
Fictibacillus marinisediminis,Fictibacillus_C marinisediminis
Croceimicrobium hydrocarbonivorans,Croceimicrobium hydrocarbonivorans
Neisseria shayeganii,Eikenella shayeganii
Hymenobacter fodinae,Hymenobacter fodinae
Streptomyces griseomycini,Streptomyces griseomycini
Aphodocola excrementigallinarum,Aphodocola excrementigallinarum
Neisseria animaloris,Neisseria animaloris
Leucobacter salsicius,Leucobacter salsicius
Nocardia arizonensis,Nocardia arizonensis
uncultured Roseiarcus,Roseiarcus sp945957375
Agromyces italicus,Agromyces italicus
Liberibacter solanacearum,Liberibacter solanacearum
Kribbella sandramycini,Kribbella sandramycini
Pedobacter changchengzhani,Pedobacter changchengzhani
Brevibacillus composti,Brevibacillus composti
Caballeronia ptereochthonis,Caballeronia ptereochthonis
Aestuariibaculum lutulentum,Aestuariibaculum lutulentum
Rhizobium fabae,Rhizobium pisi
Roseovarius autotrophicus,Roseovarius autotrophicus
Sphingobium psychrophilum,Sphingobium psychrophilum
Ruoffia tabacinasalis,Ruoffia tabacinasalis
Moraxella caprae,Moraxella caprae
Legionella jamestowniensis,Tatlockia jamestowniensis
Saccharopolyspora elongata,Saccharopolyspora elongata
Streptomyces lannensis,Streptomyces lannensis
Ketogulonicigenium vulgare,Ketogulonicigenium vulgare
Nocardioides lentus,Nocardioides lentus
Streptomyces lomondensis,Streptomyces lomondensis
Magnetospirillum sulfuroxidans,Magnetospirillum sulfuroxidans
Nocardioides alpinus,Nocardioides alpinus
Antarcticimicrobium luteum,Antarcticimicrobium luteum
Chryseosolibacter indicus,Chryseosolibacter indicus
Rhodococcus koreensis,Rhodococcus_F koreensis
Formicincola oecophyllae,Formicincola oecophyllae
Micromonospora arborensis,Micromonospora arborensis
Streptomyces griseosporeus,Streptomyces griseosporeus
Oricola nitratireducens,Oricola nitratireducens
Fangia hongkongensis,Fangia hongkongensis
Fulvimarina manganoxydans,Fulvimarina manganoxydans
Nitratireductor aquimarinus,Nitratireductor aquimarinus
Syntrophaceticus schinkii,Syntrophaceticus schinkii
Peptoniphilus stercorisuis,Anaerosphaera stercorisuis
Chromobacterium amazonense,Chromobacterium amazonense
Megaera venefica,GCA-2402195 sp945865485
Desulfofundulus salinus,Desulfofundulus salinus
Bifidobacterium santillanense,Bifidobacterium santillanense
Aquitalea aquatica,Aquitalea aquatica
Deferribacter autotrophicus,Deferribacter autotrophicus
uncultured Yeosuana,Yeosuana sp963974955
Caballeronia mineralivorans,Caballeronia mineralivorans
Marinicella litoralis,Marinicella litoralis
Glycomyces algeriensis,Glycomyces algeriensis
Halobacillus locisalis,Halobacillus locisalis
Gordonia mangrovi,Gordonia mangrovi
Aliivibrio wodanis,Aliivibrio wodanis
Amycolatopsis pretoriensis,Amycolatopsis pretoriensis
Polycladospora coralii,Polycladospora coralii
Heliophilum fasciatum,Heliophilum fasciatum
Deinococcus pimensis,Deinococcus_A pimensis
Catenibacillus sp.,Scybalocola_A sp900557175
Pseudomonas bijieensis,Pseudomonas_E bijieensis
Lacticaseibacillus baoqingensis,Lacticaseibacillus baoqingensis
Eubacterium oxidoreducens,Eubacterium_C oxidoreducens
Polyangium jinanense,Polyangium jinanense
Pyxidicoccus fallax,Myxococcus fallax
Flavobacterium microcysteis,Flavobacterium microcysteis
Hyphococcus flavus,Hyphococcus flavus
Nitrospira neomarina,Nitrospira_E neomarina
Mycetocola tolaasinivorans,Mycetocola tolaasinivorans
Xylanimonas allomyrinae,Xylanimonas allomyrinae
Aquimarina algiphila,Aquimarina algiphila
Psychroflexus gondwanensis,Psychroflexus gondwanensis
Youhaiella tibetensis,Paradevosia tibetensis
Borreliella chilensis,Borreliella chilensis
Hydrogenophaga borbori,Hydrogenophaga borbori
Campylobacter felis,Campylobacter_D upsaliensis
Sphingobacterium humi,Sphingobacterium humi
Ligilactobacillus salitolerans,Ligilactobacillus salitolerans
Micromonospora peucetia,Micromonospora peucetia
Vibrio tarriae,Vibrio tarriae
Bartonella bovis,Bartonella bovis
Zwartia hollandica,Zwartia hollandica
Companilactobacillus jidongensis,Companilactobacillus jidongensis
Kribbella kalugense,Kribbella kalugense
Pedobacter paludis,Pedobacter paludis
Pedobacter caeni,Pedobacter caeni
Paenibacillus soyae,Pristimantibacillus soyae
Pasteurella langaaensis,Exercitatus langaaensis
Marinarcus aquaticus,Marinarcus aquaticus
Aurantiacibacter aquimixticola,Aurantiacibacter aquimixticola
Ciceribacter lividus,Allorhizobium lividum
Aureibaculum algae,Aureibaculum algae
Paramicrobacterium agarici,Paramicrobacterium agarici
Pacificibacter maritimus,Celeribacter maritimus
Allorhizobium ampelinum,Allorhizobium ampelinum
Bifidobacterium actinocoloniiforme,Bombiscardovia actinocoloniiformis
Chlorobium chlorochromatii,Chlorobium chlorochromatii
Aphanocapsa feldmannii,Aphanocapsa_A feldmannii
Bradyrhizobium roseum,Bradyrhizobium roseum
Hartigia pinicola,Hartigia pinicola
Sediminihaliea albiluteola,Sediminihaliea albiluteola
Seohaeicola sp.,EhC02 sp024304985
Persicirhabdus sediminis,Persicirhabdus sediminis
Planotetraspora silvatica,Planotetraspora silvatica
Brevibacillus porteri,Brevibacillus porteri
Enterococcus hulanensis,Enterococcus_A hulanensis
Haemophilus pittmaniae,Haemophilus_D pittmaniae
Flemingiibacterium merdigallinarum,Flemingiibacterium merdigallinarum
Seonamhaeicola maritimus,Seonamhaeicola maritimus
Pacificitalea manganoxidans,Pacificitalea manganoxidans
Paraburkholderia madseniana,Paraburkholderia madseniana
Paracoccus siganidrum,Paracoccus siganidrum
Cryptosporangium japonicum,Cryptosporangium japonicum
Paeniglutamicibacter gangotriensis,Paeniglutamicibacter gangotriensis
bacterium TMED198,TMED198 sp002170735
Hymenobacter sublimis,Hymenobacter sublimis
Mycoplasma enhydrae,Metamycoplasma enhydrae
Paenibacillus lupini,Pristimantibacillus lupini
Faecalispora sporosphaeroides,Faecalispora sporosphaeroides
Alcanivorax borkumensis,Alcanivorax borkumensis
Scrofimicrobium canadense,Scrofimicrobium canadense
Abyssalbus ytuae,Abyssalbus ytuae
Streptomyces thermocarboxydus,Streptomyces cellulosae
Mycobacterium montefiorense,Mycobacterium montefiorense
Enterocloster faecavium,Enterocloster faecavium
Pelagerythrobacter marinus,Pelagerythrobacter marinus
Streptomyces mangrovisoli,Streptomyces mangrovisoli
Mycobacterium ostraviense,Mycobacterium ostraviense
Paraferrimonas haliotis,Paraferrimonas haliotis
Agromyces tropicus,Agromyces tropicus
Tepidimonas sediminis,Tepidimonas sediminis
Hungatella pullicola,Hungatella_B pullicola
Rhizobium halophilum,Neorhizobium halophilum
Pectobacterium actinidiae,Pectobacterium actinidiae
Bifidobacterium moukalabense,Bifidobacterium moukalabense
Actinomadura madurae,Spirillospora madurae
Rhizobium brockwellii,Rhizobium brockwellii
Mariniphaga sediminis,Mariniphaga sediminis
Listeria fleischmannii,Listeria fleischmannii
Paenibacillus apiarius,Paenibacillus_B apiarius
Amycolatopsis mediterranei,Amycolatopsis mediterranei
Flavobacterium limi,Flavobacterium limi
Snodgrassella communis,Snodgrassella communis
Novosphingobium fuchskuhlense,Novosphingobium fuchskuhlense
Pseudoroseomonas vastitatis,Pseudoroseomonas vastitatis
Thiobacter sp.,Thiobacter aerophilum
Paenibacillus chibensis,Paenibacillus chibensis
Acidaminococcus massiliensis,Acidaminococcus massiliensis
Neisseria weaveri,Neisseria weaveri
Anaerobiospirillum succiniciproducens,Anaerobiospirillum succiniciproducens
Halobacillus mangrovi,Halobacillus mangrovi
Photobacterium aphoticum,Photobacterium aphoticum
Mesonia profundi,Mesonia profundi
Streptomyces abyssomicinicus,Streptomyces abyssomicinicus
Winogradskya humida,Actinoplanes humidus
Marinobacter subterrani,Marinobacter subterrani
Mediterraneibacter pullicola,Mediterraneibacter pullicola
Bifidobacterium commune,Bifidobacterium commune
Mesorhizobium microcysteis,Aquamicrobium_A microcysteis
Methylocystis iwaonis,Methylocystis iwaonis
Pseudomonas thivervalensis,Pseudomonas_E thivervalensis
Faecalimicrobium dakarense,Faecalimicrobium dakarense
Flavobacterium hydatis,Flavobacterium hydatis
Pseudotabrizicola algicola,Pseudotabrizicola algicola
Sodaliphilus pleomorphus,Sodaliphilus pleomorphus
Streptomyces capitiformicae,Streptomyces capitiformicae
Anaerobutyricum stercoris,Anaerobutyricum stercoris
Parvivirga hydrogeniphila,Parvivirga hydrogeniphila
Pedobacter himalayensis,Enterobacter hormaechei_C
Siphonobacter aquaeclarae,Siphonobacter aquaeclarae
Leptospira wolffii,Leptospira_B wolffii
Thermoflexibacter ruber,Thermoflexibacter ruber
sulfur-oxidizing endosymbiont,GRL18 sp016097415
Haemophilus quentini,Haemophilus quentini
Pararhodobacter oceanensis,Pararhodobacter oceanensis
Thalassovita aquimarina,Thalassobius aquimarinus
Savagea serpentis,Savagea serpentis
uncultured Limibaculum,Thermohalobaculum sp951813525
Borrelia turcica,Borrelia turcica
Reichenbachiella agarivorans,Reichenbachiella agarivorans
Propionibacterium ruminifibrarum,Propionibacterium ruminifibrarum
Micromonospora taraxaci,Micromonospora taraxaci
Aestuariimicrobium kwangyangense,Aestuariimicrobium kwangyangense
Fructobacillus ficulneus,Fructobacillus ficulneus
Rhizorhapis suberifaciens,Rhizorhapis suberifaciens
Streptomyces hydrogenans,Streptomyces hydrogenans
Vibrio litoralis,Vibrio litoralis
Alistipes stercorigallinarum,Alistipes stercorigallinarum
Dongia sp.,Dongia mobilis_A
Streptococcus oriscaviae,Streptococcus oriscaviae
Brooklawnia propionicigenes,Brooklawnia propionicigenes
Pedobacter petrophilus,Pedobacter petrophilus
Electronema aureum,Electronema aureum
Deinococcus puniceus,Deinococcus puniceus
Cellulomonas chengniuliangii,Cellulomonas_A chengniuliangii
Xylanimonas oleitrophica,Xylanimonas oleitrophica
Planococcus soli,Planococcus soli
Hazenella coriacea,Hazenella coriacea
Priestia taiwanensis,Priestia_D taiwanensis
Aequorivita capsosiphonis,Aequorivita capsosiphonis
Alviniconcha hessleri,Thiolapillus sp003972985
Streptomyces meridianus,Streptomyces meridianus
Acidisoma cellulosilyticum,Acidisoma cellulosilyticum
Salinibacterium metalliresistens,Rhodoglobus metalliresistens
Actinomadura graeca,Spirillospora graeca
Treponema pedis,Treponema_B pedis
Nonomuraea muscovyensis,Nonomuraea muscovyensis
Paenibacillus brevis,Fontibacillus brevis
Acaryochloris thomasi,RCC1774 sp003231495
Thiobius zoothamnicola,Thiobius zoothamnicola
Oleispira antarctica,Oleispira antarctica
Citrobacter arsenatis,Citrobacter arsenatis
Alteromonas aquimaris,Alteromonas aquimaris
Bradyrhizobium stylosanthis,Bradyrhizobium stylosanthis
Thermogemmatispora carboxidivorans,Thermogemmatispora carboxidivorans
Hydromicrobium americanum,Hydromicrobium americanum
Laribacter sp.,Laribacter sp018055005
Chamaesiphon minutus,Chamaesiphon minutus
Aequoribacter fuscus,Aequoribacter fuscus
Rickettsia prowazekii,Rickettsia prowazekii
Massiliimalia massiliensis,Massiliimalia massiliensis
Tritonibacter multivorans,Epibacterium multivorans
Aurantimonas marina,Aurantimonas marina
Citrobacter rodentium,Citrobacter_A rodentium
Herminiimonas arsenitoxidans,Herminiimonas arsenitoxidans
Acrocarpospora catenulata,Acrocarpospora catenulata
Onthocola gallistercoris,Onthocola_A gallistercoris
Cyanosarcina radialis,Cyanosarcina radialis
Avichristensenella intestinipullorum,Avichristensenella intestinipullorum
Vibrio echinoideorum,Vibrio echinoideorum
Lederbergia lenta,Bacillus_AH lenta
Labilibaculum euxinus,Labilibaculum euxinus
Aeromicrobium duanguangcaii,Aeromicrobium duanguangcaii
Adlercreutzia muris,Adlercreutzia muris
Pseudomonas reidholzensis,Pseudomonas_E reidholzensis
Treponema succinifaciens,Treponema_D succinifaciens
Pelagovum pacificum,Oceanicola pacificus_A
Microbulbifer hydrolyticus,Microbulbifer hydrolyticus
Xanthobacter tagetidis,Xanthobacter tagetidis
Ruegeria spongiae,Ruegeria_C spongiae
Herbiconiux gentiana,Herbiconiux gentiana
Williamsia faeni,Williamsia faeni
Mycobacterium conspicuum,Mycobacterium conspicuum
Streptococcus taonis,Streptococcus taonis
Desulfoplanes sp.,Desulfoplanes sp028708105
Haemophilus sputorum,Haemophilus_A sputorum
Pseudomonas tumuqii,Pseudomonas_E tumuqii
Streptomyces albiaxialis,Streptomyces albiaxialis
Sneathiella chungangensis,Sneathiella chungangensis
Simiduia curdlanivorans,Simiduia curdlanivorans
Pseudomonas indica,Pseudomonas_M indica
Aquicultor secundus,Aquicultor_A secundus
Vibrio cidicii,Vibrio cidicii
Micromonospora endolithica,Micromonospora endolithica
Methylorubrum aminovorans,Methylobacterium aminovorans
Clostridium tepidum,Clostridium_F tepidum
Pseudomonas wayambapalatensis,Pseudomonas_E wayambapalatensis
Glutamicibacter arilaitensis,Glutamicibacter arilaitensis
Corticibacter populi,Lampropedia populi
Liquorilactobacillus satsumensis,Liquorilactobacillus satsumensis
Falsiroseomonas algicola,Falsiroseomonas algicola
Clostridium cavendishii,Clostridium_AG cavendishii
Ancrocorticia sp.,Changpingibacter sp022648165
Arcobacter porcinus,Aliarcobacter porcinus
Leptospira jelokensis,Leptospira_A jelokensis
Flavobacterium luteolum,Flavobacterium luteolum
Halpernia frigidisoli,Halpernia frigidisoli
Geodermatophilus chilensis,Geodermatophilus chilensis
Acidovorax defluvii,Acidovorax defluvii
Tepidiforma bonchosmolovskayae,Tepidiforma bonchosmolovskayae
Neorhizobium xiangyangii,Neorhizobium xiangyangii
Paenibacillus forsythiae,Paenibacillus forsythiae
Helicobacter muridarum,Helicobacter_A muridarum
Gordonia humi,Gordonia humi
Rodentibacter trehalosifermentans,Rodentibacter trehalosifermentans
Pasteurella aerogenes,Actinobacillus_B aerogenes
Allomeiothermus silvanus,Allomeiothermus silvanus
Ralstonia holmesii,Ralstonia holmesii
Lysobacter lactosilyticus,Noviluteimonas lactosilytica
Litoribacillus peritrichatus,Litoribacillus peritrichatus
Arthrobacter livingstonensis,Specibacter livingstonensis
Thermobrachium celere,Thermobrachium celere
Companilactobacillus futsaii,Companilactobacillus futsaii
Bifidobacterium merycicum,Bifidobacterium merycicum
Maribacter hydrothermalis,Maribacter hydrothermalis
Merdivivens pullicola,Merdivivens pullicola
Sulfobacillus thermotolerans,Sulfobacillus thermotolerans
Amarolinea dominans,Amarolinea dominans
Gemella cuniculi,Gemella cuniculi
Lactiplantibacillus garii,Lactiplantibacillus garii
Roseovarius arcticus,Roseovarius arcticus
Dictyobacter sp.,Dictyobacter sp035493535
Parasedimentitalea maritima,Parasedimentitalea maritima
Actinoallomurus iriomotensis,Actinoallomurus iriomotensis
Janibacter indicus,Janibacter indicus
Azoarcus indigens,Azoarcus indigens
Rhizobium terricola,Allorhizobium terricola
Blastococcus fimeti,Blastococcus fimeti
Pseudoalteromonas gelatinilytica,Pseudoalteromonas gelatinilytica
Acetobacter indonesiensis,Acetobacter indonesiensis
Methyloceanibacter caenitepidi,Methyloceanibacter caenitepidi
Microbacterium faecale,Microbacterium faecale
Thermus tengchongensis,Thermus tengchongensis
Lactobacillus rizhaonensis,Lactobacillus rizhaonensis
Speluncibacter jeojiensis,Speluncibacter jeojiensis
Mesorhizobium hawassense,Mesorhizobium hawassense
Deinococcus sedimenti,Deinococcus sedimenti
Equicola faecalis,Prevotella faecalis
Pseudomonas daroniae,Pseudomonas_E daroniae
Gardnerella leopoldii,Bifidobacterium leopoldii
Petropleomorpha daqingensis,Petropleomorpha daqingensis
Tessaracoccus antarcticus,Arachnia antarctica
Pseudomonas gessardii,Pseudomonas_E gessardii
Ramlibacter aquaticus,Ramlibacter aquaticus
Geothrix terrae,Geothrix terrae
Paenibacillus macquariensis,Paenibacillus macquariensis
Gordonia alkaliphila,Gordonia alkaliphila
Desmonostoc vinosum,Desmonostoc vinosum
Pseudomonas palleroniana,Pseudomonas_E palleroniana
Vibrio cortegadensis,Vibrio cortegadensis
Corynebacterium flavescens,Corynebacterium flavescens
Paracandidimonas soli,Paracandidimonas soli
Borreliella californiensis,Borreliella californiensis
Desulfovibrio gilichinskyi,Maridesulfovibrio gilichinskyi
Pseudomonas donghuensis,Pseudomonas_E donghuensis
Actinomadura physcomitrii,Spirillospora physcomitrii
Cnuella takakiae,Cnuella takakiae
Salinicola corii,Salinicola corii
Gemmiger faecigallinarum,Gemmiger faecigallinarum
Veronia nyctiphanis,Veronia nyctiphanis
Halomonas flagellata,Halomonas flagellata
Azorhizobium doebereinerae,Azorhizobium doebereinerae
Alteribacillus sp.,Alteribacillus sp009765375
Longimonas halophila,Longimonas halophila
Aidingimonas lacisalsi,Aidingimonas lacisalsi
Aureimonas flava,Aureimonas flava
Haploplasma sp.,Haploplasma sp035270345
Reyranellaceae bacterium,JAFAZJ01 sp022844045
Hyunsoonleella pacifica,Jejuia pacifica
Legionella cincinnatiensis,Legionella cincinnatiensis
Winogradskyella pelagia,Winogradskyella pelagia
Dickeya chrysanthemi,Dickeya chrysanthemi
Rhodoluna planktonica,Rhodoluna planktonica
Xylanibacillus composti,Xylanibacillus composti
Halopseudomonas formosensis,Halopseudomonas formosensis
Brotocaccenecus cirricatena,Vescimonas cirricatena
Photobacterium sanguinicancri,Photobacterium sanguinicancri
Ulvibacter alkanivorans,Ulvibacter_A alkanivorans
Natronospira bacteriovora,Natronospira bacteriovora
Pseudonocardia terrae,Pseudonocardia terrae
Electrothrix aestuarii,Electrothrix aestuarii
Mesorhizobium captivum,Mesorhizobium captivum
Croceitalea rosinachiae,Croceitalea rosinachiae
Fimenecus excrementigallinarum,Fimenecus excrementigallinarum
Viridibacillus soli,Viridibacillus soli
Rudanella lutea,Rudanella lutea
Faecalibacterium butyricigenerans,Faecalibacterium butyricigenerans
Goodfellowiella coeruleoviolacea,Goodfellowiella coeruleoviolacea
Amycolatopsis samaneae,Amycolatopsis samaneae
Mahella sp.,Mahella sp020054945
Acinetobacter modestus,Acinetobacter modestus
Mycoplasma struthionis,Metamycoplasma struthionis
Kitasatospora cineracea,Kitasatospora cineracea
Croceicoccus gelatinilyticus,Croceicoccus gelatinilyticus
Aquibacillus koreensis,Aquibacillus_C koreensis
Deminuibacter soli,Deminuibacter soli
Prevotella ihumii,Prevotella ihumii
Chryseolinea soli,Chryseolinea soli
Litorivicinus lipolyticus,Litorivicinus lipolyticus
Cupriavidus cauae,Cupriavidus cauae
Mycoplasma bradburyae,Mycoplasmoides bradburyae
Alkalibacterium iburiense,Alkalibacterium iburiense
Marinobacterium litorale,Marinobacterium_D litorale
Prosthecobacter fusiformis,Prosthecobacter fusiformis
Belliella pelovolcani,Belliella pelovolcani
Kordia periserrulae,Kordia periserrulae
Gloeothece verrucosa,Gloeothece verrucosa
Kitasatospora putterlickiae,Kitasatospora putterlickiae
Sphingomonas ursincola,Blastomonas ursincola
Brevibacterium metallidurans,Brevibacterium metallidurans
Cysteiniphilum litorale,Cysteiniphilum litorale
Myxococcus fulvus,Myxococcus fulvus
Desulfofalx alkaliphila,Desulfofalx alkaliphila
Pullichristensenella stercorigallinarum,Pullichristensenella stercorigallinarum
Desemzia incerta,Desemzia incerta
Oceanobacillus massiliensis,Oceanobacillus massiliensis
Xanthobacter aminoxidans,Xanthobacter aminoxidans
Paracoccus fistulariae,Paracoccus fistulariae
Pantoea leporis,Pantoea leporis
Paraburkholderia steynii,Paraburkholderia terrae
Actinomyces succiniciruminis,Actinomyces succiniciruminis
Komagataeibacter oboediens,Komagataeibacter oboediens
Mycobacterium nativiensis,Mycobacterium nativiensis
Streptomyces viridifaciens,Kitasatospora aureofaciens
Bifidobacterium miconis,Bifidobacterium miconis
Planomonospora venezuelensis,Planomonospora_A venezuelensis
Actinacidiphila oryziradicis,Actinacidiphila oryziradicis
Microcoleus anatoxicus,Microcoleus anatoxicus
Maribacter arenosus,Maribacter_A arenosus
Vulcaniibacterium thermophilum,Lysobacter_F thermophilus
Zimmermannella faecalis,Gulosibacter faecalis
Cocleimonas flava,Cocleimonas flava
Nocardia iowensis,Nocardia iowensis
Capnocytophaga granulosa,Capnocytophaga granulosa
Photobacterium toruni,Photobacterium toruni
Asticcacaulis currens,Asticcacaulis currens
Verminephrobacter eiseniae,Acidovorax eiseniae
Methylobacterium durans,Methylobacterium durans
Microbacterium nymphoidis,Microbacterium nymphoidis
Actinomyces urogenitalis,Actinomyces urogenitalis
Thauera phenylacetica,Thauera phenylacetica
Chitinophaga silvatica,Chitinophaga silvatica
Saccharopolyspora spinosa,Saccharopolyspora spinosa
Pseudomonas dryadis,Pseudomonas_E dryadis
Chryseobacterium phosphatilyticum,Chryseobacterium phosphatilyticum
Leptovillus affinis,Leptovillus affinis
Streptomyces prasinus,Streptomyces prasinus
Leptolyngbya boryana,Leptolyngbya boryana
Bartonella henselae,Bartonella henselae
Sanguibacter inulinus,Sanguibacter inulinus
Halocynthiibacter alkanivorans,Halocyntiibacter_A alkanivorans
Yoonia maricola,Yoonia maricola
Cyanobacteriota/Melainabacteria group,RI-106 sp020634035
Rubripirellula lacrimiformis,Rubripirellula lacrimiformis
Lysinibacillus irui,Lysinibacillus irui
Actinokineospora soli,Actinokineospora soli
Tropheryma whipplei,Tropheryma whipplei
Tenebribacter davisii,Tenebribacter davisii
Susulua stagnicola,Susulua stagnicola
Enterococcus avicola,Enterococcus_I avicola
Nitrosospira lacus,Nitrosospira lacus
Peterkaempfera griseoplana,Peterkaempfera griseoplana
Clostridium gasigenes,Clostridium gasigenes
Xanthomonas cannabis,Xanthomonas cannabis
Centipeda periodontii,Centipeda periodontii
Demequina rhizosphaerae,Demequina rhizosphaerae
Azonexus fungiphilus,Azonexus fungiphilus
Arcobacter aquimarinus,Aliarcobacter aquimarinus
Thalassolituus oleivorans,Thalassolituus oleivorans
Rhodococcus oryzae,Rhodococcus_G oryzae
Alysiella filiformis,Simonsiella filiformis
Paenibacillus barengoltzii,Fontibacillus barengoltzii
Hymenobacter crusticola,Hymenobacter crusticola
Pedobacter xixiisoli,Pedobacter xixiisoli
Bacillus enclensis,Rossellomorea enclensis
Bermanella marisrubri,Bermanella marisrubri
Lautropia dentalis,Lautropia dentalis
Gordonia alkanivorans,Gordonia alkanivorans
Olsenella intestinalis,Parafannyhessea intestinalis
Roseibium sediminicola,Roseibium sediminicola
Hyphomonas oceanitis,Hyphomonas oceanitis
Fimenecus excrementavium,Fimenecus excrementavium
Vitreoscilla filiformis,Ideonella filiformis
Corynebacterium phocae,Corynebacterium phocae
Ruegeria aquimaris,Ruegeria_B aquimaris
Alcanivorax limicola,Isoalcanivorax limicola
Serpentinicella alkaliphila,Serpentinicella alkaliphila
Fusobacterium massiliense,Fusobacterium massiliense
Entomomonas asaccharolytica,Entomomonas asaccharolytica
Klenkia brasiliensis,Klenkia brasiliensis
Cellulomonas shaoxiangyii,Cellulomonas shaoxiangyii
Pseudomonas granadensis,Pseudomonas_E granadensis
Spiribacter salinus,Spiribacter salinus
Romboutsia hominis,Romboutsia_C hominis
Nocardioides renjunii,Nocardioides renjunii
Pseudodesulfovibrio thermohalotolerans,Pseudodesulfovibrio thermohalotolerans
Sphingobium wenxiniae,Sphingobium wenxiniae
Acetobacter oryzoeni,Acetobacter oryzoeni
Actinophytocola algeriensis,Actinophytocola algeriensis
Paenibacillus alba,Paenibacillus_E alba
Bacillus badius,Pseudobacillus badius
Marispirochaeta aestuarii,Marispirochaeta aestuarii
Acinetobacter nectaris,Acinetobacter nectaris
Salipaludibacillus agaradhaerens,Salipaludibacillus agaradhaerens
Sphingomonas lutea,Sphingomicrobium luteum
Lentisphaera marina,Lentisphaera marina
Achromobacter anxifer,Achromobacter anxifer
Erwinia dacicola,Erwinia dacicola
uncultured Ideonella,Ideonella sp946479475
Shewanella colwelliana,Shewanella colwelliana
Amarobacter glycogenicus,Tepidiforma glycogenica
Micromonospora coriariae,Micromonospora coriariae
Nonomuraea cypriaca,Nonomuraea cypriaca
Bifidobacterium apis,Bombiscardovia apis_A
Mesorhizobium opportunistum,Mesorhizobium opportunistum
Propylenella sp.,DASWJZ01 sp036396875
Borrelia anserina,Borrelia anserina
Mycolicibacterium celeriflavum,Mycobacterium celeriflavum
Sanyastnella coralliicola,Sanyastnella coralliicola
Pleomorphomonas oryzae,Pleomorphomonas oryzae
Alloprevotella rava,Alloprevotella rava
Desulfacinum sp.,Desulfacinum sp014359885
Asanoa ferruginea,Asanoa ferruginea
Pseudomonas asgharzadehiana,Pseudomonas_E asgharzadehiana
Sphingobacterium hotanense,Sphingobacterium hotanense
Pseudaminobacter salicylatoxidans,Pseudaminobacter salicylatoxidans
Luteimonas colneyensis,Luteimonas colneyensis
Microbispora corallina,Microbispora corallina
Sediminitomix flava,Sediminitomix flava
Cryptobacteroides onthequi,Cryptobacteroides onthequi
Thermostichales cyanobacterium,JAUQVP01 sp039794745
Ethanoligenens harbinense,Ethanoligenens harbinense
Clostridium septicum,Clostridium septicum
Mycolicibacterium brumae,Mycobacterium brumae
Marivita hallyeonensis,Marivita hallyeonensis
Hymenobacter persicinus,Hymenobacter persicinus
Brachyspira innocens,Brachyspira innocens
Maribellus sediminis,Draconibacterium sediminis_A
uncultured Sphaerotilus,Sphaerotilus sp963924895
Fimimorpha excrementavium,Fimimorpha excrementavium
Arachidicoccus soli,Arachidicoccus soli
Croceibacterium atlanticum,Croceibacterium atlanticum
Vibrio spartinae,Vibrio spartinae
Paremcibacter congregatus,Paremcibacter congregatus
Prevotella lacticifex,Prevotella lacticifex
Gordonia zhenghanii,Gordonia zhenghanii
Brevibacterium marinum,Brevibacterium marinum
Dolichospermum planctonicum,Dolichospermum planctonicum
Lysinibacillus pakistanensis,Lysinibacillus pakistanensis
Pasteurella mairii,Actinobacillus_B mairii
Corynebacterium camporealensis,Corynebacterium camporealense
Desulfurispirillum indicum,Desulfurispirillum indicum
Apilactobacillus xinyiensis,Apilactobacillus xinyiensis
Tsuneonella suprasediminis,Tsuneonella suprasediminis
Chryseobacterium kimseyorum,Chryseobacterium kimseyorum
Lactococcus laudensis,Lactococcus_A laudensis
Geodermatophilus tzadiensis,Geodermatophilus tzadiensis
Prevotella aurantiaca,Prevotella aurantiaca
Coprenecus stercorigallinarum,Coprenecus stercorigallinarum
Aeoliella mucimassa,Aeoliella mucimassa
Chryseobacterium cheonjiense,Chryseobacterium cheonjiense
Nitrospina watsonii,Nitrospina watsonii
Actinobacillus porcinus,Exercitatus porcinus
Electrothrix rattekaaiensis,Electrothrix rattekaaiensis
Stenotrophobium sp.,Stenotrophobium sp035565075
Chryseobacterium wanjuense,Chryseobacterium wanjuense
Desulfobulbus oralis,Desulfobulbus oralis
Psychroserpens damuponensis,Psychroserpens damuponensis
Bremerella alba,Bremerella alba
uncultured Blastopirellula,GCA-2701545 sp002701545
Sphingobacterium stercoripullorum,Sphingobacterium stercoripullorum
Kushneria phyllosphaerae,Kushneria phyllosphaerae
Oceaniferula flava,Oceaniferula flava
Maribacter spongiicola,Maribacter spongiicola
Streptomyces marianii,Streptomyces marianii
Methanoperedenaceae archaeon,Desulfofervidus auxilii
Roseburia lenta,Pararoseburia lenta
Mycosynbacter amalyticus,Mycosynbacter amalyticus
Methylotuvimicrobium buryatense,Methylotuvimicrobium buryatense
Peptostreptococcus equinus,Peptostreptococcus equinus
Pseudoalteromonas galatheae,Pseudoalteromonas galatheae
Kandeliimicrobium roseum,Oceaniglobus roseus
Phytohabitans houttuyneae,Phytohabitans houttuyneae
Weissella halotolerans,Weissella halotolerans
Thioalkalivibrio denitrificans,Thioalkalivibrio_A denitrificans
Pseudobutyricicoccus lothianensis,Pseudobutyricicoccus lothianensis
Leifsonia soli,Leifsonia soli
Pseudomonas carbonaria,Pseudomonas_E carbonaria
Streptomyces ferrugineus,Streptomyces ferrugineus
Knoellia aerolata,Knoellia aerolata
Azotobacter beijerinckii,Azotobacter beijerinckii
Streptomyces smyrnaeus,Streptomyces smyrnaeus
Methylumidiphilus sp.,Methylumidiphilus sp903857165
Corynebacterium nuruki,Corynebacterium nuruki
Acinetobacter populi,Acinetobacter populi
Fimicola cottocaccae,Fimicola cottocaccae
Rhizorhabdus wittichii,Rhizorhabdus wittichii
Mariprofundus erugo,Mariprofundus erugo
Hoylesella saccharolytica,Prevotella saccharolytica
Shewanella pneumatophori,Shewanella pneumatophori
Agreia bicolorata,Agreia bicolorata
Mycolicibacterium novocastrense,Mycobacterium novocastrense
Acetobacter musti,Acetobacter musti
Chryseobacterium metallicongregator,Chryseobacterium metallicongregator
Cellulomonas gelida,Cellulomonas gelida
Roseisalinus antarcticus,Oceanicola antarcticus_A
Ruania albidiflava,Ruania albidiflava
Knoellia koreensis,Pedococcus koreensis
Burkholderia mayonis,Burkholderia mayonis
Solibaculum mannosilyticum,Solibaculum mannosilyticum
Succinimonas amylolytica,Succinimonas amylolytica
Nocardioides plantarum,Nocardioides plantarum
Pseudoleptotrichia goodfellowii,Pseudoleptotrichia goodfellowii
Azospirillum cavernae,Azospirillum cavernae
Barnesiella excrementavium,Barnesiella excrementavium
Borreliella americana,Borreliella americana
Pontiella sulfatireligans,Pontiella sulfatireligans
Nonomuraea zeae,Nonomuraea zeae
Pseudomonas delhiensis,Pseudomonas delhiensis
Erwinia typographi,Erwinia typographi
Neisseria bacilliformis,Neisseria bacilliformis
Vibrio chanodichtyis,Vibrio chanodichtyis
Corynebacterium curieae,Corynebacterium curieae
Legionella lansingensis,Tatlockia lansingensis
Echinicola pacifica,Echinicola pacifica
Terrabacter lapilli,Terrabacter lapilli
Cryobacterium melibiosiphilum,Cryobacterium melibiosiphilum
Izhakiella australiensis,Izhakiella australiensis
Halopseudomonas pachastrellae,Halopseudomonas pachastrellae
bacterium HR16,HRBIN16 sp002898895
Butyricicoccus stercorigallinarum,Butyricicoccus_A stercorigallinarum
Sphingorhabdus soli,Sphingorhabdus_C soli
Rhabdochlamydia oedothoracis,Rhabdochlamydia oedothoracis
Mycolicibacterium monacense,Mycobacterium monacense
Acetobacter oeni,Acetobacter oeni
Vibrio galatheae,Vibrio galatheae
Phytobacter ursingii,Phytobacter ursingii
Tissierella pigra,Tissierella pigra
Caballeronia terrestris,Caballeronia terrestris
Cryptobacteroides choladohippi,Cryptobacteroides choladohippi
Roseomonas aerilata,Roseomonas aerilata
Clostridium peptidivorans,Clostridium_AK peptidivorans
Pokkaliibacter plantistimulans,Pokkaliibacter plantistimulans
Colwellia polaris,Cognaticolwellia polaris
Nocardiopsis sinuspersici,Nocardiopsis sinuspersici
Sphingobium algorifonticola,Sphingobium algorifonticola
Agrobacterium vaccinii,Agrobacterium vaccinii
Nitratireductor aestuarii,Chelativorans aestuarii
Sporofaciens sp.,Sporofaciens sp910574715
Korobacter sp.,Korobacter sp036501185
Kribbella antiqua,Kribbella antiqua
Staphylococcus schweitzeri,Staphylococcus schweitzeri
Caldimonas mangrovi,Caldimonas mangrovi
Desulfonatronospira thiodismutans,Desulfonatronospira thiodismutans
Prosthecomicrobium hirschii,Prosthecodimorpha hirschii
Caldipriscus sp.,Caldipriscus sp000980735
Mycolicibacterium confluentis,Mycobacterium confluentis
Tepidimonas ignava,Tepidimonas ignava
Desulfospira joergensenii,Desulfospira joergensenii
Persicitalea jodogahamensis,Persicitalea jodogahamensis
Acidomonas methanolica,Acidomonas methanolica
Dactylosporangium fulvum,Dactylosporangium fulvum
Cohnella fermenti,Cohnella fermenti
Demequina sediminicola,Demequina sediminicola
Borrelia puertoricensis,Borrelia puertoricensis
Williamsoniiplasma somnilux,Williamsoniiplasma somnilux
Formosa maritima,Xanthomarina maritima
Lactobacillus agrestimuris,Lactobacillus agrestimuris
Variovorax terrae,Variovorax_A terrae
Marinobacterium sediminicola,Marinobacterium sediminicola
Nesciobacter abundans,Nesciobacter abundans
Glutamicibacter halophytocola,Glutamicibacter halophytocola
Aeromonas sanarellii,Aeromonas sanarellii
Nocardia spumae,Nocardia spumae
Lentibacillus halophilus,Lentibacillus halophilus
Streptomyces werraensis,Streptomyces werraensis
Coprenecus pullicola,Coprenecus pullicola
Ventrenecus stercoripullorum,Ventrenecus stercoripullorum
Afifella marina,Afifella marina
Lactobacillus hamsteri,Lactobacillus hamsteri
Pseudomonas grimontii,Pseudomonas_E grimontii
Klenkia terrae,Klenkia terrae
Streptomyces sanglieri,Streptomyces sanglieri
Enterococcus villorum,Enterococcus_B villorum
Paraburkholderia eburnea,Paraburkholderia eburnea
Burkholderia puraquae,Burkholderia puraquae
Rhodoflexus caldus,Rhodoflexus caldus
Polaromonas glacialis,Polaromonas glacialis
Undibacterium crateris,Undibacterium crateris
Borreliella yangtzensis,Borreliella yangtzensis
Butyricicoccus avistercoris,Butyricicoccus avistercoris
Regnicoccus frigidus,Regnicoccus frigidus
Rudanella sp.,Rudanella sp026785985
Nodosilinea nodulosa,Nodosilinea nodulosa
Gordonia liuliyuniae,Gordonia liuliyuniae
Faecalicatena orotica,Faecalicatena_A oroticus
Actinotignum urinale,Actinotignum urinale
Streptomyces nojiriensis,Streptomyces nojiriensis
Erwinia mediterraneensis,Erwinia_C mediterraneensis
Winogradskyella alexanderae,Winogradskyella alexanderae
Companilactobacillus insicii,Companilactobacillus insicii
Schaalia cardiffensis,Pauljensenia cardiffensis
Listeria swaminathanii,Listeria swaminathanii
Afifella pfennigii,Afifella pfennigii
Proteiniphilum acetatigenes,Proteiniphilum acetatigenes
Yersinia thracica,Yersinia thracica
Clostridium fallax,Clostridium_AH fallax
Salinicoccus halitifaciens,Lacicoccus halitifaciens
Pelethosoma merdigallinarum,Pelethosoma merdigallinarum
Eisenbergiella tayi,Eisenbergiella tayi
Amycolatopsis australiensis,Amycolatopsis australiensis
Neisseria iguanae,Neisseria iguanae
Pseudonocardia asaccharolytica,Pseudonocardia asaccharolytica
Microbacterium kyungheense,Microbacterium kyungheense
Tautonia plasticadhaerens,Tautonia plasticadhaerens
Corynebacterium kutscheri,Corynebacterium kutscheri
Glutamicibacter soli,Glutamicibacter soli
Spiroplasma melliferum,Spiroplasma melliferum
Pontibacter anaerobius,Pontibacter anaerobius
Salinisphaera shabanensis,Salinisphaera shabanensis
Jejubacter calystegiae,Jejubacter calystegiae
Agrococcus beijingensis,Agrococcus beijingensis
Bifidobacterium eulemuris,Bifidobacterium eulemuris
Spiroplasma kunkelii,Spiroplasma kunkelii
Peptoniphilus genitalis,Peptoniphilus_A genitalis
Nibrella saemangeumensis,Nibrella saemangeumensis
Polluticoccus soli,Nemorincola soli
Vallotia tarda,Mycetohabitans tarda
Lentibacillus kapialis,Lentibacillus kapialis
Nocardia sputi,Nocardia sputi
Anaerospora hongkongensis,Anaerospora hongkongensis
Ignatzschineria cameli,Ignatzschineria cameli
Citrobacter sedlakii,Citrobacter_A sedlakii
Permianibacter sp.,Permianibacter sp036275115
Cupriavidus lacunae,Cupriavidus lacunae
Fibrella forsythiae,Fibrella forsythiae
Alicyclobacillus pomorum,Alicyclobacillus_A pomorum
Streptacidiphilus pinicola,Streptacidiphilus pinicola
Gluconacetobacter tumulicola,Gluconacetobacter tumulicola
Cuspidothrix issatschenkoi,Cuspidothrix issatschenkoi
Pseudoduganella buxea,Pseudoduganella buxea
Nocardiopsis algeriensis,Nocardiopsis algeriensis
Clostridium nitritogenes,Clostridium nitritogenes
Streptococcus vaginalis,Streptococcus vaginalis
Siccibacter turicensis,Siccibacter turicensis
Croceivirga thetidis,Croceivirga_A thetidis
Microbacterium aurum,Microbacterium aurum
Crocosphaera watsonii,Crocosphaera watsonii
Mycolicibacterium diernhoferi,Mycobacterium diernhoferi
Kineococcus terrestris,Kineococcus terrestris
Sphingobium naphthae,Sphingobium naphthae
Companilactobacillus hulinensis,Companilactobacillus hulinensis
Pseudopropionibacterium massiliense,Arachnia massiliensis
Dialister pneumosintes,Allisonella pneumosinta
Taibaiella koreensis,Edaphocola koreensis
Epulonipiscium viviparus,Epulopiscium_B viviparus
Deinococcus aerophilus,Deinococcus aerophilus
Actinobacillus porcitonsillarum,Haemophilus_A porcitonsillarum
Culicoidibacter larvae,Culicoidibacter larvae
Gordonia bronchialis,Gordonia bronchialis
Streptomyces tropicalis,Streptomyces tropicalis
Streptomyces alboniger,Streptomyces alboniger
Actinomadura macrotermitis,Spirillospora macrotermitis
Cellulomonas avistercoris,Cellulomonas avistercoris
Tidjanibacter gallistercoris,Tidjanibacter gallistercoris
Marvinbryantia sp.,JAEDFS01 sp016297895
Shewanella japonica,Shewanella japonica
Rosettibacter firmus,Rosettibacter firmus
Chitinophaga rhizosphaerae,Chitinophaga rhizosphaerae
Sanguibacter suarezii,Sanguibacter suarezii
Billgrantia zhangzhouensis,Billgrantia zhangzhouensis
Algibacter amylolyticus,Algibacter_B amylolyticus
Goekera deserti,Goekera deserti
Sulfurimonas hydrogeniphila,Sulfurimonas hydrogeniphila
Limnothrix rosea,Limnothrix rosea
Bifidobacterium aquikefiri,Bombiscardovia aquikefiri
Streptomyces corallincola,Streptomyces corallincola
Terrimonas pollutisoli,Terrimonas_B pollutisoli
Sphingobacterium allocomposti,Sphingobacterium allocomposti
Aminipila butyrica,Aminipila butyrica
Quadrisphaera setariae,Quadrisphaera setariae
Avoscillospira avistercoris,Avoscillospira_A avistercoris
Thiosymbion oneisti,Thiosymbion oneisti
Legionella moravica,Legionella moravica
Marinitoga piezophila,Marinitoga piezophila
Kriegella aquimaris,Kriegella aquimaris
Porphyromonas asaccharolytica,Porphyromonas asaccharolytica
Leptospira licerasiae,Leptospira_B licerasiae
Corynebacterium anserum,Corynebacterium anserum
Paenibacillus typhae,Paenibacillus typhae
Neoasaia chiangmaiensis,Neoasaia chiangmaiensis
Halofilum ochraceum,Halofilum ochraceum
Eubacterium coprostanoligenes,Eubacterium_R coprostanoligenes
Avimuribaculum pullicola,Avimuribaculum pullicola
Thiomicrorhabdus chilensis,Thiomicrorhabdus chilensis
Pseudonocardia hydrocarbonoxydans,Pseudonocardia hydrocarbonoxydans
Endomicrobiellum agilis,Endomicrobiellum agilis
Oscillibacter ruminantium,Oscillibacter ruminantium
Ruminococcoides bili,Ruminococcoides intestinalis
Phaeocystidibacter marisrubri,Phaeocystidibacter marisrubri
Chelativorans alearense,Chelativorans alearense
Teredinibacter haidensis,Teredinibacter haidensis
Nitrosococcus watsonii,Nitrosococcus watsonii
Mycobacterium marseillense,Mycobacterium marseillense
Anaeromassilibacillus stercoravium,Anaeromassilibacillus stercoravium
Mesoplasma chauliocola,Mesoplasma chauliocola
Rhodopseudomonas faecalis,Rhodopseudomonas faecalis
Belnapia arida,Belnapia arida
Streptomyces nigra,Streptomyces nigra
Fibrobacter intestinalis,Hallerella intestinalis
Avacidaminococcus intestinavium,Avacidaminococcus intestinavium
Avoscillospira stercoripullorum,Avoscillospira stercoripullorum
Chryseobacterium flavum,Chryseobacterium flavum
Algivirga pacifica,Algivirga pacifica
Dyella sedimenti,Dyella sedimenti
Gorillibacterium timonense,Gorillibacterium timonense
Leptospira gomenensis,Leptospira gomenensis
Mycobacterium kubicae,Mycobacterium kubicae
Niabella ginsenosidivorans,Niabella ginsenosidivorans
Marinilactibacillus psychrotolerans,Marinilactibacillus psychrotolerans
Corynebacterium urinipleomorphum,Corynebacterium urinipleomorphum
Caulobacter zeae,Caulobacter zeae
Nocardia gipuzkoensis,Nocardia abscessus
Amycolatopsis oliviviridis,Amycolatopsis oliviviridis
Pleomorphochaeta sp.,RZYO01 sp028532815
Bisgaard Taxon,Pasteurella sp030783905
Streptococcus ruminicola,Streptococcus ruminicola
Methylocystis parvus,Methylocystis monacha
Gluconacetobacter azotocaptans,Gluconacetobacter azotocaptans
Limousia pullorum,Limousia pullorum
Rhodoluna lacicola,Rhodoluna lacicola
Flavisolibacter tropicus,Flavisolibacter_B tropicus
Streptomyces humidus,Streptomyces humidus
uncultured Sulfuricella,Sulfuricella sp947085875
Olsenella porci,Olsenella_H porci
Streptomyces indiaensis,Streptomyces indiaensis
Mesorhizobium retamae,Mesorhizobium retamae
Porphyromonas gulae,Porphyromonas gulae
Sphingomicrobium nitratireducens,Sphingomicrobium nitratireducens
Desulforegula conservatrix,Desulforegula conservatrix
Polynucleobacter victoriensis,Polynucleobacter victoriensis
Paludibacterium denitrificans,Paludibacterium_A denitrificans
Caballeronia peredens,Caballeronia peredens
Caldicellulosiruptor bescii,Caldicellulosiruptor bescii
Acholeplasma multilocale,Tullyiplasma multilocale
Streptomyces roseicoloratus,Streptomyces roseicoloratus
Actinacidiphila bryophytorum,Actinacidiphila bryophytorum
Kyrpidia spormannii,Kyrpidia spormannii
Cellvibrio japonicus,Cellvibrio japonicus
Pseudomonas saxonica,Pseudomonas_E saxonica
Virgibacillus ihumii,Lentibacillus ihumii
Sphaerisporangium krabiense,Sphaerisporangium krabiense
Halonatronum saccharophilum,Halonatronum saccharophilum
Capnocytophaga bilenii,Capnocytophaga bilenii
Buttiauxella selenatireducens,Buttiauxella selenatireducens
Parachlamydia acanthamoebae,Parachlamydia acanthamoebae
Virgibacillus salarius,Virgibacillus salarius
Geddesella stercoravicola,Geddesella stercoravicola
Spyradomonas excrementavium,Spyradomonas excrementavium
Avibacteroides excrementipullorum,Avibacteroides excrementipullorum
Pseudoscillospira falkowii,Pseudoscillospira falkowii
Eubacterium nodatum,Hornefia nodata
Dietzia kunjamensis,Dietzia maris
Breznakibacter xylanolyticus,Breznakibacter xylanolyticus
Saccharothrix syringae,Actinosynnema syringae
Brevibacillus formosus,Brevibacillus formosus
Commensalibacter melissae,Commensalibacter melissae
Bartonella choladocola,Bartonella_A choladocola
Metabacillus mangrovi,Metabacillus_B mangrovi
Lysobacter defluvii,Novilysobacter defluvii
Hydrogenophaga crassostreae,Hydrogenophaga crassostreae
Streptococcus halichoeri,Streptococcus halichoeri
Bhargavaea sp.,Bhargavaea sp009761675
Ancylomarina longa,Ancylomarina_A longa
Lactobacillus panisapium,Lactobacillus panisapium
Psychrobacter aquaticus,Psychrobacter aquaticus
Cellulomonas soli,Cellulomonas soli
Promicromonospora kroppenstedtii,Promicromonospora kroppenstedtii
Bartonella japonica,Bartonella japonica
Dyella solisilvae,Dyella solisilvae
uncultured Herminiimonas,CAXBIF01 sp963975775
Defluviitalea saccharophila,Defluviitalea saccharophila
Psychroflexus curvus,Psychroflexus curvus
Bacteroides stercorirosoris,Bacteroides stercorirosoris
Pedobacter soli,Pedobacter soli
Nitratireductor soli,Nitratireductor soli
Dictyobacter arantiisoli,Dictyobacter arantiisoli
Brachybacterium sacelli,Brachybacterium sacelli
Peptoniphilus indolicus,Peptoniphilus indolicus
Alkaliphilus transvaalensis,Alkaliphilus transvaalensis
Mycolicibacterium insubricum,Mycobacterium insubricum
Oceanisphaera profunda,Oceanimonas profunda
Leclercia pneumoniae,Leclercia_A pneumoniae
Pseudonocardia spinosispora,Pseudonocardia spinosispora
Paucisalibacillus sp.,Paucisalibacillus sp000577245
Fructobacillus pseudoficulneus,Fructobacillus pseudoficulneus
Blautia stercorigallinarum,Blautia stercorigallinarum
Parvularculales bacterium,JBAJNM01 sp036881865
Marisediminicola senii,Marisediminicola senii
Antrihabitans cavernicola,Antrihabitans cavernicola
Olsenella massiliensis,Olsenella_F massiliensis
Aquabacterium lacunae,Aquabacterium lacunae
Litorivivens lipolytica,Litorivivens lipolytica
Tritonibacter scottomollicae,Epibacterium scottomollicae
Gordonia hydrophobica,Gordonia hydrophobica
Prauserella halophila,Prauserella halophila
Streptomyces coriariae,Streptomyces coriariae
Roseovarius amoyensis,Roseovarius amoyensis
Methyloglobulus morosus,Methyloglobulus morosus
Faecalicoccus sp.,Faecalicoccus sp900546545
Bacillus dakarensis,Robertmurraya dakarensis
Falsiroseomonas tokyonensis,Falsiroseomonas tokyonensis
Cohaesibacter haloalkalitolerans,Cohaesibacter haloalkalitolerans
Arsenicicoccus piscis,Arsenicicoccus piscis
Erythrobacter longus,Erythrobacter longus
Salinicoccus stercoripullorum,Salinicoccus stercoripullorum
Pseudomonas ogarae,Pseudomonas_E kilonensis
Lactobacillus pasteurii,Lactobacillus pasteurii
Hymenobacter siberiensis,Hymenobacter siberiensis
Tropicibacter naphthalenivorans,Tropicibacter naphthalenivorans
Macrococcus bovicus,Macrococcus bovicus
uncultured Agromyces,Agromyces sp913053875
Oceanivirga salmonicida,Oceanivirga salmonicida
Myxococcus qinghaiensis,Myxococcus qinghaiensis
Domibacillus enclensis,Domibacillus enclensis
Acinetobacter pragensis,Acinetobacter pragensis
uncultured Derxia,CAXBRX01 sp963977835
Chryseobacterium ureilyticum,Chryseobacterium ureilyticum
Tannockella kyphosi,Tannockella kyphosi
Alkalimarinus alittae,Alkalimarinus alittae
Corynebacterium auriscanis,Corynebacterium auriscanis
Loigolactobacillus coryniformis,Loigolactobacillus coryniformis
Nannocystineae bacterium,SLNH01 sp007133195
Streptomyces dangxiongensis,Streptomyces dangxiongensis
Corynebacterium renale,Corynebacterium renale
Undibacterium rugosum,Undibacterium rugosum
Salinisphaera dokdonensis,Salinisphaera dokdonensis
Aminiphilus sp.,Aminiphilus sp002425685
Streptomyces humi,Streptomyces humi
Gordonia insulae,Gordonia insulae
Alloyangia mangrovi,Salipiger mangrovi
Spirabiliibacterium mucosae,Spirabiliibacterium mucosae
Siccirubricoccus soli,Siccirubricoccus soli
Roseovarius gahaiensis,Roseovarius gahaiensis
Methylorubrum salsuginis,Methylobacterium salsuginis
Pleionea sediminis,Pleionea sediminis
Entomobacter blattae,Entomobacter blattae
Pelagicoccus enzymogenes,Pelagicoccus enzymogenes
Mycoplasma liparidae,Mycoplasma_L liparidae
Tropicibacter oceani,Pacificoceanicola oceani
Xiamenia xianingshaonis,Xiamenia xianingshaonis
Caproicibacter fermentans,Caproicibacter fermentans
Desulfovibrio psychrotolerans,Halodesulfovibrio psychrotolerans
Caulobacter ginsengisoli,Caulobacter ginsengisoli
Aphodousia faecalis,Aphodousia faecalis
Borkfalkia avistercoris,Borkfalkia avistercoris
Mycolicibacterium mengxianglii,Mycobacterium mengxianglii
Gallibacteroides avistercoris,Gallibacteroides avistercoris
Nocardioides marmoriginsengisoli,Marmoricola marmoriginsengisoli
Schinkia azotoformans,Schinkia azotoformans
Alicyclobacillus sacchari,Alicyclobacillus sacchari
Ornithospirochaeta stercorigallinarum,Ornithospirochaeta stercorigallinarum
Cloacibacillus porcorum,Cloacibacillus porcorum
Lachnoanaerobaculum umeaense,Lachnoanaerobaculum umeaense
Faecivicinus sp.,Faecivicinus sp934663595
Aureibaculum marinum,Aureibaculum marinum
Castellaniella daejeonensis,Castellaniella daejeonensis
Tepidicella xavieri,Tepidicella xavieri
Falsarthrobacter nasiphocae,Falsarthrobacter nasiphocae
Microbacterium imperiale,Microbacterium imperiale
Sabulicella rubraurantiaca,Roseococcus rubraurantiacus
Rhizobium giardinii,Pararhizobium giardinii
Solobacterium moorei,Bulleidia moorei
Suttonella indologenes,Suttonella indologenes
Kurthia massiliensis,Kurthia massiliensis
Streptomyces flavidovirens,Streptomyces flavidovirens
Salegentibacter maritimus,Salegentibacter maritimus
Rufibacter radiotolerans,Rufibacter radiotolerans
Campylobacter canadensis,Campylobacter_E canadensis
Rhodoferax aquaticus,Rhodoferax_C aquaticus
Salinibacterium amurskyense,Rhodoglobus amurskyensis
Pseudoroseomonas coralli,Pseudoroseomonas coralli
Azohydromonas caseinilytica,Azohydromonas caseinilytica
Weeksella massiliensis,Weeksella massiliensis
Caldicellulosiruptor obsidiansis,Caldicellulosiruptor obsidiansis
Aliamphritea spongicola,Amphritea spongicola
Solemya elarraichensis,GCF-000787395 sp002021095
Fimiplasma intestinipullorum,Fimiplasma intestinipullorum
Campylobacter avium,Campylobacter_D avium
Petrotoga miotherma,Petrotoga miotherma
Novimethylophilus sp.,Novimethylophilus sp036504375
Saccharicrinis fermentans,Saccharicrinis fermentans
Streptococcus orisratti,Streptococcus orisratti
Pseudobacteriovorax sp.,Pseudobacteriovorax sp013215145
Kangiella geojedonensis,Kangiella geojedonensis
Gloeotrichia echinulata,Gloeotrichia echinulata
Cytobacillus horneckiae,Cytobacillus horneckiae
Aeromonas piscicola,Aeromonas piscicola
Stenotrophomonas chelatiphaga,Stenotrophomonas chelatiphaga
Sphingobium agri,Sphingobium agri
Pedobacter suwonensis,Pedobacter suwonensis
Phyllobacterium ifriqiyense,Phyllobacterium ifriqiyense
Desulfotomaculum copahuensis,Desulfotomaculum_G copahuensis
Terrimesophilobacter mesophilus,Terrimesophilobacter mesophilus
Pseudoalteromonas denitrificans,Pseudoalteromonas denitrificans
Mycoplasma zalophidermidis,Mycoplasmopsis zalophidermidis
Gemmiger stercorigallinarum,Gemmiger stercorigallinarum
Pseudalgibacter alginicilyticus,Pseudalgibacter alginicilyticus
Pedobacter duraquae,Pedobacter duraquae
Bifidobacterium callitrichidarum,Bifidobacterium callitrichidarum
Propioniciclava sinopodophylli,Propioniciclava sinopodophylli
Halovulum sp.,Halovulum sp041583815
uncultured Lentisphaerales,UBA12247 sp003477185
Acetobacter vaccinii,Acetobacter vaccinii
Brevundimonas aurantiaca,Brevundimonas aurantiaca
Vibrio gangliei,Vibrio gangliei
Campylobacter vulpis,Campylobacter_D vulpis
Amycolatopsis acidiphila,Amycolatopsis acidiphila
Malikia sp.,Malikia sp028687635
Adhaeretor mobilis,Adhaeretor mobilis
Streptomyces broussonetiae,Streptomyces broussonetiae
Bombella pollinis,Bombella pollinis
Edwardsiella hoshinae,Edwardsiella hoshinae
Methylobacterium brachiatum,Methylobacterium brachiatum
Eubacterium maltosivorans,Eubacterium maltosivorans
Komagataeibacter intermedius,Komagataeibacter intermedius
Alkalibacillus salilacus,Alkalibacillus salilacus
Mycoplasma mahonii,Mycoplasma_O mahonii
Roseibium denhamense,Roseibium denhamense
Pallidibacillus pasinlerensis,Pallidibacillus pasinlerensis
Fortiea sp.,Nostoc_B sp015206815
Cryobacterium shii,Cryobacterium shii
Gordonia otitidis,Gordonia otitidis
Sporosarcina obsidiansis,Sporosarcina obsidiansis
Flavobacterium urumqiense,Flavobacterium urumqiense
Opacimonas viscosa,Opacimonas viscosa
Edaphobacter bradus,Edaphobacter bradus
Alistipes intestinihominis,Alistipes senegalensis
Desulfovibrio kirbyi,Desulfovibrio kirbyi
Bacteroides periocalifornicus,Bacteroides_D periocalifornicus
Neglectibacter timonensis,Acutalibacter timonensis
Onthoplasma faecigallinarum,Onthoplasma faecigallinarum
Bacillus pinisoli,Bacillus_BS pinisoli
Paramicrobacterium fandaimingii,Paramicrobacterium fandaimingii
Yeguia hominis,Yeguia hominis
Komagataeibacter melomenusus,Komagataeibacter melomenusus
Chlamydia corallus,Chlamydophila corallus
Thiocystis minor,Chromatium minus
Cryptobacteroides merdipullorum,Cryptobacteroides merdipullorum
uncultured Metabacillus,Metabacillus sp947503125
Pseudohalioglobus sediminis,Halioglobus sp008370495
Dokdonella koreensis,Dokdonella koreensis
Limnovirga soli,Limnovirga soli
Campylobacter vicugnae,Campylobacter vicugnae
Novosphingobium mathurense,Novosphingobium mathurense
Desulfovirgula thermocuniculi,Desulfovirgula thermocuniculi
Helicobacter saguini,Helicobacter_A saguini
Pusillimonas noertemannii,Pusillimonas noertemannii
Nibricoccus aquaticus,Nibricoccus aquaticus
Vagococcus penaei,Vagococcus penaei
Streptomyces piniterrae,Streptomyces piniterrae
Rubinisphaera italica,Rubinisphaera italica
Actinomarinicola tropica,Actinomarinicola tropica
Quadrisphaera granulorum,Quadrisphaera granulorum
Parapedobacter luteus,Parapedobacter luteus
Streptococcus entericus,Streptococcus entericus
Anaerobiospirillum stercoravium,Anaerobiospirillum stercoravium
Paenibacillus planticolens,Paenibacillus_E planticolens
Christensenella minuta,Christensenella minuta
Sanguibacter antarcticus,Sanguibacter antarcticus
Scatousia excrementipullorum,Scatousia excrementipullorum
Alkalitalea saponilacus,Natronoflexus saponilacus
Hoyosella sp.,Hoyosella sp026041215
Wenxinia marina,Wenxinia marina
Acutalibacter caecimuris,Acutalibacter caecimuris
Methylobacterium soli,Methylobacterium soli
Caedibacter taeniospiralis,Caedibacter taeniospiralis
Oribacterium asaccharolyticum,Oribacterium asaccharolyticum
Microbacterium radiodurans,Microbacterium radiodurans
Jiella mangrovi,Jiella mangrovi
Methyloceanibacter superfactus,Methyloceanibacter superfactus
Actinomadura rupiterrae,Spirillospora rupiterrae
Alistipes merdavium,Alistipes merdavium
Aquibacillus albus,Aquibacillus_A albus
Spiribacter curvatus,Spiribacter curvatus
Sporosarcina newyorkensis,Sporosarcina newyorkensis
Pinibacter aurantiacus,Pinibacter aurantiacus
Nitrincola tibetensis,Nitrincola tibetensis
Clostridium algidicarnis,Clostridium_L algidicarnis
Paracoccus litorisediminis,Paracoccus litorisediminis
Paucilactobacillus hokkaidonensis,Paucilactobacillus hokkaidonensis
Aurantiacibacter gangjinensis,Aurantiacibacter gangjinensis
Blautia pullistercoris,Blautia pullistercoris
Parvibaculum indicum,Parvibaculum indicum
Simiduia agarivorans,Simiduia agarivorans
Alkalihalobacillus algicola,Anaerobacillus_A algicola
Bacillus rugosus,Bacillus rugosus
Fusobacterium hominis,Fusobacterium_A hominis
Salsipaludibacter albus,Salsipaludibacter albus
Pseudoduganella albidiflava,Pseudoduganella albidiflava
Micromonospora avicenniae,Micromonospora avicenniae
Allohahella marinimesophila,Allohahella marinimesophila
Streptomyces xanthochromogenes,Streptomyces xanthochromogenes
Thermovorax subterraneus,Fervidicola subterraneus
Aquibium pacificus,Aquibium pacificus
Clostridium drakei,Clostridium_AM drakei
Aeromicrobium endophyticum,Aeromicrobium endophyticum
Paenibacillus kyungheensis,Paenibacillus_J kyungheensis
Mycolicibacterium nivoides,Mycobacterium nivoides
Mycolicibacillus parakoreensis,Mycobacterium parakoreense
Chryseobacterium joostei,Chryseobacterium joostei
Puniceicoccus vermicola,Puniceicoccus vermicola
Nocardia lijiangensis,Nocardia lijiangensis
Marininema halotolerans,Marininema halotolerans
Limivivens intestinipullorum,Limivivens intestinipullorum
Telluria beijingensis,Telluria beijingensis
Comamonas suwonensis,Comamonas suwonensis
Herbiconiux flava,Herbiconiux flava
Oceaniglobus sp.,Oceaniglobus sp041744175
Algoriphagus oliviformis,Algoriphagus oliviformis
Azospirillum agricola,Azospirillum agricola
Helicobacter acinonychis,Helicobacter acinonychis
Numidum massiliense,Numidum massiliense
Mediterraneibacter merdipullorum,Mediterraneibacter merdipullorum
Gemmiger faecavium,Gemmiger faecavium
Apibacter adventoris,Apibacter adventoris
Enterobacter pseudoroggenkampii,Enterobacter pseudoroggenkampii
Streptomyces hirsutus,Streptomyces hirsutus
Agromyces lapidis,Agromyces lapidis
Mesorhizobium temperatum,Mesorhizobium temperatum
Acidithiobacillus ferriphilus,Acidithiobacillus ferriphilus
Planctopirus hydrillae,Planctopirus hydrillae
Flavivirga aquatica,Algibacter_C aquatica
Carboxylicivirga mesophila,Carboxylicivirga mesophila
Herbaspirillum camelliae,Herbaspirillum seropedicae
Noviherbaspirillum denitrificans,Noviherbaspirillum denitrificans
Rhizobium rhizoryzae,Neorhizobium rhizoryzae
Chitiniphilus shinanonensis,Chitiniphilus shinanonensis
Nesterenkonia aurantiaca,Nesterenkonia aurantiaca
Romeria aff.,Romeria gracilis
Desulforamulus reducens,Desulfotomaculum reducens
Campylobacter ornithocola,Campylobacter_D ornithocola
Pandoraea thiooxydans,Pandoraea thiooxydans
Streptomyces natalensis,Streptomyces natalensis
Accumulibacter regalis,Accumulibacter sp000585075
Vibrio methylphosphonaticus,Vibrio methylphosphonaticus
Novacetimonas pomaceti,Novacetimonas pomaceti
bacterium UBA4392,Pseudomonas_E soli
Hydrogenovibrio marinus,Hydrogenovibrio marinus
Halanaerobium polyolivorans,Halanaerobium polyolivorans
Shinella yambaruensis,Shinella yambaruensis
Mycobacterium paraense,Mycobacterium paraense
Brevibacterium epidermidis,Brevibacterium epidermidis
Leptospira haakeii,Leptospira_B haakeii
Epilithonimonas hominis,Epilithonimonas hominis
Acutalibacter pullistercoris,Acutalibacter pullistercoris
Lacibacter sediminis,Lacibacter sediminis
Pseudomonas versuta,Pseudomonas_E versuta
Clostridiisalibacter paucivorans,Clostridiisalibacter paucivorans
Collinsella vaginalis,Collinsella vaginalis
Thalassorhabdomicrobium marinisediminis,Thalassorhabdomicrobium marinisediminis
Micromonospora chersina,Micromonospora chersina
Loktanella fryxellensis,Loktanella fryxellensis
Treponema lecithinolyticum,Treponema_C lecithinolyticum
Skermanella mucosa,Skermanella mucosa
Gluconacetobacter asukensis,Gluconacetobacter asukensis
Polaribacter atrinae,Polaribacter atrinae
Brevundimonas halotolerans,Brevundimonas halotolerans
Shewanella inventionis,Shewanella inventionis
Oceanobacillus profundus,Oceanobacillus profundus
Oceanihabitans sediminis,Oceanihabitans sediminis
Prevotella amnii,Prevotella amnii
Nocardioides flavus,Nocardioides flavus
Kangiella profundi,Kangiella profundi
Cryptosporangium phraense,Cryptosporangium phraense
Terribacillus goriensis,Terribacillus saccharophilus
Rouxiella silvae,Rouxiella silvae
Actinobacillus delphinicola,Actinobacillus_C delphinicola
Senegalimassilia faecalis,Senegalimassilia faecalis
Neisseria canis,Neisseria canis
Occultella kanbiaonis,Occultella kanbiaonis
Mycetohabitans rhizoxinica,Mycetohabitans rhizoxinica
Filimonas lacunae,Filimonas lacunae
Marinobacter nitratireducens,Marinobacter nitratireducens
Sphingomicrobium arenosum,Sphingomicrobium arenosum
Micromonospora musae,Micromonospora musae
Pseudosulfitobacter koreensis,Pseudosulfitobacter koreensis
Thiorhodovibrio sp.,Thiorhodovibrio_B sp007128075
Tessaracoccus rhinocerotis,Arachnia rhinocerotis
Periweissella fabaria,Periweissella fabaria
Nocardia veterana,Nocardia veterana
Cronobacter condimenti,Cronobacter condimenti
Mesonia hippocampi,Mesonia hippocampi
Paenibacillus segetis,Fontibacillus segetis
Acinetobacter guerrae,Acinetobacter guerrae
Colimonas fimequi,Lentihominibacter fimequi
Coprothermobacter proteolyticus,Coprothermobacter proteolyticus
Streptomyces cyaneus,Streptomyces cyaneus
Saccharophagus degradans,Saccharophagus degradans
Methylopila jiangsuensis,Methylopila jiangsuensis
Marinospirillum insulare,Marinospirillum insulare
Thauera mechernichensis,Thauera mechernichensis
Tepidanaerobacter syntrophicus,Tepidanaerobacter syntrophicus
Nocardioides marmoribigeumensis,Marmoricola_A marmoribigeumensis
Paenibacillus melissococcoides,Paenibacillus_B melissococcoides
Paraburkholderia saeva,Paraburkholderia saeva
Atopostipes pullistercoris,Atopostipes pullistercoris
Kordia zhangzhouensis,Kordia zhangzhouensis
Epilithonimonas vandammei,Epilithonimonas vandammei
Alicyclobacillus curvatus,Alicyclobacillus_B curvatus
Desulfosporosinus acidiphilus,Desulfosporosinus acidiphilus
Flavobacterium tiangeerense,Flavobacterium tiangeerense
Sulfitobacter delicatus,Sulfitobacter delicatus
Streptomyces leeuwenhoekii,Streptomyces leeuwenhoekii
Helicobacter cholecystus,Helicobacter_G cholecystus
Micromonospora fulviviridis,Micromonospora fulviviridis
Nibribacter koreensis,Nibribacter koreensis
Rosenbergiella collisarenosi,Rosenbergiella collisarenosi
Butyricimonas faecalis,Butyricimonas faecalis
Polynucleobacter hirudinilacicola,Polynucleobacter hirudinilacicola
Thermus arciformis,Thermus arciformis
Dinghuibacter sp.,Dinghuibacter sp035492835
Enterobacter oligotrophicus,Enterobacter oligotrophicus
Flavobacterium frigidarium,Flavobacterium frigidarium
Streptomyces poonensis,Streptomyces poonensis
Maritimibacter harenae,Maritimibacter harenae
Polynucleobacter nymphae,Polynucleobacter nymphae
Tabrizicola thermarum,Tabrizicola thermarum
Rubrivivax benzoatilyticus,Rubrivivax benzoatilyticus
Streptomyces xiaopingdaonensis,Streptomyces xiaopingdaonensis
Bifidobacterium tissieri,Galliscardovia tissieri
Coproplasma stercorigallinarum,Coproplasma stercorigallinarum
Oscillatoriophycideae cyanobacterium,Drouetiella sp016208305
Microbacterium gawkjiense,Microbacterium gawkjiense
Pseudonocardia halophobica,Pseudonocardia halophobica
Allobutyricicoccus pentlandensis,Allobutyricicoccus pentlandensis
Stutzerimonas kirkiae,Stutzerimonas kirkiae
Pseudomonas spelaei,Pseudomonas_E spelaei
Mesobacillus foraminis,Bacillus_AZ foraminis
Blautia intestinipullorum,Blautia_A intestinipullorum
Lentilactobacillus sunkii,Lentilactobacillus sunkii
Paraburkholderia mimosarum,Paraburkholderia mimosarum
Sandaracinobacteroides sayramensis,Sandaracinobacteroides sayramense
Shewanella fodinae,Shewanella fodinae
Nocardiopsis lucentensis,Nocardiopsis lucentensis
Oenococcus sp.,Oenococcus sp004010835
Rhodobacter amnigenus,Gemmobacter_B amnigenus
Streptomyces atroolivaceus,Streptomyces atroolivaceus
bacterium HR35,HRBIN35 sp002898235
Cutibacterium equinum,Cutibacterium equinum
Sphingomicrobium clamense,Sphingomicrobium clamense
Stenotrophobium rhamnosiphilum,Stenotrophobium rhamnosiphilum
Aquibacillus sediminis,Aquibacillus_E sediminis
Lapillicoccus jejuensis,Lapillicoccus jejuensis
Phytoplasma prunorum,Phytoplasma prunorum
Paenibacillus castaneae,Pristimantibacillus castaneae
Kocuria gwangalliensis,Kocuria gwangalliensis
Streptococcus pseudoporcinus,Streptococcus pseudoporcinus
Streptomyces iconiensis,Streptomyces iconiensis
Moraxella atlantae,Moraxella_A atlantae
Pectobacterium odoriferum,Pectobacterium odoriferum
Jeotgalicoccus saudimassiliensis,Jeotgalicoccus saudimassiliensis
Marinomonas communis,Marinomonas communis
Mycolicibacterium baixiangningiae,Mycobacterium baixiangningiae
Williamsoniiplasma lucivorax,Williamsoniiplasma lucivorax
Fluviicola riflensis,Fluviicola riflensis
Bacillus hominis,Bacillus_A hominis
Primorskyibacter aestuariivivens,Marinovum aestuariivivens
Fastidiosipila sanguinis,Fastidiosipila sanguinis
Macrococcus brunensis,Macrococcus brunensis
Tsukamurella pseudospumae,Tsukamurella pseudospumae
Sinomonas terrae,Sinomonas terrae
Salinicoccus cyprini,Salinicoccus cyprini
Streptacidiphilus melanogenes,Streptacidiphilus melanogenes
Paenalcaligenes intestinipullorum,Paenalcaligenes intestinipullorum
Brevibacillus parabrevis,Brevibacillus parabrevis
Sporomusa aerivorans,Sporomusa aerivorans
Labrys neptuniae,Labrys neptuniae
Desulfohalovibrio reitneri,Desulfohalovibrio reitneri
Dysgonomonas macrotermitis,Dysgonomonas macrotermitis
Thiovulum karukerense,Thiovulum_B karukerense
Paenibacillus phytohabitans,Paenibacillus phytohabitans
Flavobacterium luteum,Flavobacterium luteum
Metamycoplasma alkalescens,Metamycoplasma alkalescens
Halopolyspora algeriensis,Haloactinomyces algeriensis
Loktanella salsilacus,Loktanella salsilacus
Flavobacterium plurextorum,Flavobacterium plurextorum
Brachybacterium subflavum,Brachybacterium subflavum
Winogradskyella thalassocola,Winogradskyella thalassocola
Duganella dendranthematis,Duganella dendranthematis
Limosilactobacillus balticus,Limosilactobacillus balticus
Pontibacter saemangeumensis,Pontibacter saemangeumensis
Pauljensenia hongkongensis,Pauljensenia hongkongensis
Fructobacillus broussonetiae,Fructobacillus broussonetiae
Reichenbachiella agariperforans,Reichenbachiella agariperforans
Galactobacillus timonensis,Bulleidia timonensis
Microbacterium arabinogalactanolyticum,Microbacterium arabinogalactanolyticum
Exercitatus varius,Exercitatus varius
Treponema caballi,RGIG1711 sp018066285
Merdivicinus intestinavium,Merdivicinus intestinavium
Neptunomonas concharum,Neptunomonas concharum
Lacticaseibacillus daqingensis,Lacticaseibacillus daqingensis
Simplicispira lacusdiani,Simplicispira lacusdiani
Mycoplasma haematolamae,Eperythrozoon_A haematolamae
Streptomyces hayashii,Streptomyces hayashii
Aneurinibacillus thermoaerophilus,Aneurinibacillus thermoaerophilus
Ruania rhizosphaerae,Ruania rhizosphaerae
Thorsellia anophelis,Thorsellia anophelis
Tumebacillus algifaecis,Tumebacillus_A algifaecis
Sulfurimonas marina,Sulfurimonas marina
Planctopirus limnophila,Planctopirus limnophila
Marihabitans asiaticum,Marihabitans asiaticum
Leptotrichia hongkongensis,Leptotrichia hongkongensis
Marixanthomonas ophiurae,Marixanthomonas ophiurae
Pseudomonas guguanensis,Pseudomonas_E guguanensis
Kitasatospora gansuensis,Kitasatospora gansuensis
Brevibacterium daeguense,Brevibacterium daeguense
Nocardia panacis,Nocardia panacis
Novosphingobium aerophilum,Novosphingobium aerophilum
bacterium HR39,HRBIN39 sp002898955
Glaesserella australis,Glaesserella australis
Erythrobacter colymbi,Erythrobacter colymbi
Marinobacterium weihaiense,Marinobacterium weihaiense
Paracoccus sediminis,Paracoccus sediminis
Pseudodonghicola sp.,Antarcticimicrobium sp033791545
Scatomorpha stercoravium,Scatomorpha stercoravium
Pseudomonas mucidolens,Pseudomonas_E mucidolens
Corallococcus interemptor,Corallococcus interemptor
Anaerosalibacter bizertensis,Anaerosalibacter bizertensis
Pseudorhodobacter ferrugineus,Pseudorhodobacter ferrugineus
Holtiella tumoricola,Holtiella tumoricola
Enterobacter intestinihominis,Enterobacter intestinihominis
Paenihalocynthiibacter styelae,Halocynthiibacter styelae
Merdibacter merdigallinarum,Merdibacter merdigallinarum
Salicibibacter cibarius,Salicibibacter cibarius
Paenibacillus xerothermodurans,Paenibacillus_S xerothermodurans
Salinicola lusitanus,Salinicola lusitanus
Helicobacter bizzozeronii,Helicobacter_E bizzozeronii
Streptococcus azizii,Streptococcus azizii
Nitrosomonas nitrosa,Nitrosomonas nitrosa
Rhodobacter kunshanensis,Gemmobacter_B kunshanensis
Acetobacterium bakii,Acetobacterium bakii
Neisseria leonii,Neisseria leonii
Asaccharospora irregularis,Asaccharospora irregularis
Actinobacillus suis,Actinobacillus suis
Acetobacterium fimetarium,Acetobacterium fimetarium
Moduliflexus flocculans,Moduliflexus flocculans
Nereida ignava,Nereida ignava
Arsenophonus triatominarum,Arsenophonus triatominarum
Jeongeupia naejangsanensis,Jeongeupia naejangsanensis
Azospirillum rugosum,Azospirillum rugosum
Kangiella shandongensis,Kangiella shandongensis
Pseudomaricurvus sp.,Pseudomaricurvus sp009857815
Methylophaga frappieri,Methylophaga frappieri
Borreliella andersonii,Borreliella andersonii
Herminiimonas contaminans,Herminiimonas contaminans
Streptomyces zaomyceticus,Streptomyces zaomyceticus
Weissella oryzae,Weissella oryzae
Midichloria mitochondrii,Midichloria mitochondrii
Mucilaginibacter glaciei,Mucilaginibacter glaciei
Dickeya poaceiphila,Dickeya poaceiphila
Bacteroides cutis,Bacteroides cutis
Chlamydia poikilotherma,Chlamydophila poikilotherma
Streptococcus moroccensis,Streptococcus moroccensis
Undibacterium macrobrachii,Undibacterium macrobrachii
Clostridium niameyense,Clostridium_F niameyense
Christiangramia fulva,Christiangramia fulva
Rheinheimera baltica,Rheinheimera baltica
Pseudomonas marvdashtae,Pseudomonas_E marvdashtae
Mucilaginibacter aurantiaciroseus,Mucilaginibacter aurantiaciroseus
Providencia burhodogranariea,Providencia burhodogranariea
Gilliamella bombicola,Gilliamella bombicola
Micrococcus terreus,Citricoccus terreus
Aquimarina longa,Aquimarina longa
Vitreoscilla stercoraria,Vitreoscilla stercoraria
Corynebacterium marambiense,Corynebacterium marambiense
Prosthecomicrobium pneumaticum,Prosthecomicrobium pneumaticum
Sneathia sanguinegens,Sneathia sanguinegens
Brackiella oedipodis,Brackiella oedipodis
Photorhabdus caribbeanensis,Photorhabdus caribbeanensis
Aureimonas frigidaquae,Aureimonas frigidaquae
Leptolinea tardivitalis,Leptolinea tardivitalis
Heyndrickxia acidiproducens,Weizmannia acidiproducens
Eggerthella sinensis,Eggerthella sinensis
Spiroplasma culicicola,Spiroplasma_A culicicola
Arsenophonus symbiont,Arsenophonus sp964026495
Aliiroseovarius halocynthiae,Aliiroseovarius halocynthiae
Elstera cyanobacteriorum,Elstera cyanobacteriorum
Pectobacterium araliae,Pectobacterium araliae
Sphingomonas prati,Sphingomonas_R prati
Pullulanibacillus pueri,Pullulanibacillus pueri
Streptomyces varsoviensis,Streptomyces varsoviensis
Cedecea davisae,Cedecea davisae
Campylobacter magnus,Campylobacter magnus
Virgibacillus ndiopensis,Virgibacillus_E ndiopensis
Paenibacillus terrigena,Paenibacillus_K terrigena
Nocardioides faecalis,Nocardioides faecalis
Limosilactobacillus pulli,Limosilactobacillus pulli
Vibrio barjaei,Vibrio barjaei
Macromonas bipunctata,Macromonas_A bipunctata
Gellertiella hungarica,Gellertiella hungarica
Myxococcus hansupus,Myxococcus hansupus
Sodalis praecaptivus,Sodalis_A praecaptivus
Tepidimonas alkaliphilus,Tepidimonas alkaliphila
Nocardia implantans,Nocardia implantans
Tatumella morbirosei,Tatumella morbirosei
Latilactobacillus graminis,Latilactobacillus graminis
Silvanigrella aquatica,Silvanigrella aquatica
Lentilactobacillus parakefiri,Lentilactobacillus parakefiri
Glycomyces luteolus,Glycomyces luteolus
Winogradskyella epiphytica,Winogradskyella epiphytica
Herpetosiphon gulosus,Herpetosiphon gulosus
Oryzomicrobium sp.,Oryzomicrobium sp021287045
Borkfalkia avicola,Borkfalkia avicola
Williamsia sterculiae,Williamsia_B sterculiae
Roseburia zhanii,Roseburia_B zhanii
Lysobacter lycopersici,Pseudoluteimonas lycopersici
Nocardia miyunensis,Nocardia miyunensis
Shouchella tritolerans,Shouchella tritolerans
Sulfurimonas sediminis,Sulfurimonas sediminis
Endozoicomonas acroporae,Endozoicomonas acroporae
Amycolatopsis lurida,Amycolatopsis lurida
Oceanobacillus piezotolerans,Oceanobacillus piezotolerans
Idiomarina seosinensis,Idiomarina seosinensis
Caldichromatium japonicum,Thermochromatium japonicum
Mycobacterium attenuatum,Mycobacterium attenuatum
Micromonospora pisi,Micromonospora_G pisi
Amedibacterium intestinale,Amedibacterium intestinale
Exiguobacterium qingdaonense,Exiguobacterium qingdaonense
Actinomyces faecalis,Actinomyces faecalis
Bacillus horti,Bacillus_CH horti
Capnocytophaga felis,Capnocytophaga felis
Shouchella rhizosphaerae,Shouchella rhizosphaerae
Lysobacter ruishenii,Aerolutibacter ruishenii
Glycomyces albidus,Glycomyces albidus
Haloactinospora alba,Haloactinospora alba
Halanaerobium salsuginis,Halanaerobium salsuginis
Helicobacter heilmannii,Helicobacter_E heilmannii
Rosenbergiella epipactidis,Rosenbergiella epipactidis
Grimontia indica,Enterovibrio indicus
Fusibacter ferrireducens,Fusibacter_A ferrireducens
Alcaligenes endophyticus,Alcaligenes endophyticus
Methylobacterium phyllosphaerae,Methylobacterium fujisawaense
Marinobacter xestospongiae,Marinobacter xestospongiae
Methylicorpusculum oleiharenae,Methylicorpusculum oleiharenae
Glycomyces artemisiae,Glycomyces artemisiae
Mycoplasma testudinis,Mycoplasmoides testudinis
Xenorhabdus lircayensis,Xenorhabdus lircayensis
Pseudoscardovia suis,Pseudoscardovia suis
Tepidimonas aquatica,Tepidimonas aquatica
Komarekiella atlantica,Komarekiella atlantica
Flexistipes sinusarabici,Flexistipes sinusarabici
Sporosarcina trichiuri,Sporosarcina trichiuri
Paractinoplanes atraurantiacus,Actinoplanes atraurantiacus
Faecalibacterium faecipullorum,Faecalibacterium faecipullorum
Listeria weihenstephanensis,Listeria_A weihenstephanensis
Bradyrhizobium aeschynomenes,Bradyrhizobium aeschynomenes
Stutzerimonas decontaminans,Stutzerimonas decontaminans
Mesorhizobium ephedrae,Mesorhizobium_D ephedrae
Xanthomonas cassavae,Xanthomonas cassavae
Andreprevotia lacus,Andreprevotia lacus
Haematobacter missouriensis,Haematobacter missouriensis
Isoalcanivorax pacificus,Isoalcanivorax pacificus
Pollutimonas thiosulfatoxidans,Pusillimonas_D thiosulfatoxidans
Maribacter polysaccharolyticus,Maribacter_A polysaccharolyticus
Aminicella lysinilytica,Aminicella lysinilytica
uncultured Macellibacteroides,Macellibacteroides sp018054455
Mogibacterium pumilum,Mogibacterium pumilum
Mycoplasma procyoni,Mesomycoplasma_A procyoni
Vibrio sagamiensis,Vibrio sagamiensis
Hymenobacter lapidiphilus,Hymenobacter lapidiphilus
Actinomadura formosensis,Spirillospora formosensis
Actibacterium naphthalenivorans,Actibacterium_A naphthalenivorans
Crinalium sp.,DATNPS01 sp036703095
Sphingomicrobium aestuariivivum,Sphingomicrobium aestuariivivum
Dactylosporangium siamense,Dactylosporangium siamense
Paracoccus xiamenensis,Paracoccus xiamenensis
Algibacter lectus,Algibacter lectus
Anoxybacillus gonensis,Anoxybacillus gonensis
Corynebacterium macginleyi,Corynebacterium macginleyi
Geobacter hydrogenophilus,Geobacter hydrogenophilus
Streptacidiphilus anmyonensis,Streptacidiphilus anmyonensis
Sphingomonas hankyongi,Sphingomicrobium hankyongi
Scandinavium hiltneri,Scandinavium hiltneri
Acidisoma silvae,Acidisoma silvae
Pantoea trifolii,Pantoea trifolii
Treponema excrementipullorum,Treponema_F excrementipullorum
Qipengyuania proteolytica,Qipengyuania proteolytica
Xanthomonas pisi,Xanthomonas pisi
Dyella silvae,Dyella silvae
Bacillus nakamurai,Bacillus nakamurai
Atopostipes suicloacalis,Atopostipes suicloacalis
Aphanizomenonaceae cyanobacterium,Dolichospermum flosaquae
Enterococcus dispar,Enterococcus_C dispar
Kribbella solani,Kribbella solani
Gilvimarinus polysaccharolyticus,Gilvimarinus polysaccharolyticus
Neiella marina,Neiella marina
Kineococcus aurantiacus,Kineococcus aurantiacus
Pseudocolwellia sp.,Pseudocolwellia sp030551755
Rhodothermus profundi,Rhodothermus profundi
Clostridium thermarum,Clostridium_AU thermarum
Tetragenococcus muriaticus,Tetragenococcus muriaticus
Acetobacter thailandicus,Acetobacter thailandicus
Parasphingopyxis marina,Parasphingopyxis marina
Streptacidiphilus rugosus,Streptacidiphilus rugosus
Rhodococcus gordoniae,Rhodococcus gordoniae
Ralstonia wenshanensis,Ralstonia wenshanensis
Calidithermus roseus,Calidithermus roseus
Flaviflexus ciconiae,Flaviflexus ciconiae
Gimesia benthica,Gimesia benthica
bacterium HR19,Calescibacterium sp002898315
Stella humosa,Stella humosa
Sphingosinicella ginsenosidimutans,Allosphingosinicella ginsenosidimutans
Bifidobacterium biavatii,Bifidobacterium biavatii
Balneola vulgaris,Balneola vulgaris
Gallimonas intestinigallinarum,Gallimonas intestinigallinarum
Paracoccus chinensis,Paracoccus chinensis
Achromobacter marplatensis,Achromobacter marplatensis
Caccopulliclostridium gallistercoris,Caccopulliclostridium gallistercoris
Blastococcus colisei,Blastococcus colisei
Cellulomonas composti,Cellulomonas composti
Stakelama flava,Sphingomonas flava_A
Thermorudis peleae,Thermorudis peleae
bacterium UBP3_UBA1439,UBA1439 sp002329605
uncultured Microscilla,Microscilla sp947493425
Lactobacillus amylolyticus,Lactobacillus amylolyticus
Gordonibacter massiliensis,Gordonibacter massiliensis
Yersinia aldovae,Yersinia aldovae
Mangrovibacterium diazotrophicum,Mangrovibacterium diazotrophicum
Anaerococcus nagyae,Anaerococcus nagyae
Dyella thiooxydans,Dyella_A thiooxydans
Paenibacillus oenotherae,Paenibacillus_Z oenotherae
Thalassospira aquimaris,Thalassospira aquimaris
Polynucleobacter finlandensis,Polynucleobacter finlandensis
Blastococcus massiliensis,Blastococcus massiliensis
Cryptobacteroides excrementipullorum,Cryptobacteroides excrementipullorum
Thioalkalivibrio versutus,Thioalkalivibrio versutus
Protofrankia californiensis,Protofrankia californiensis
Salinicola acroporae,Salinicola acroporae
Mycobacterium deserti,Mycobacterium deserti
Devosia marina,Devosia marina
Peribacillus castrilensis,Peribacillus frigoritolerans
Anaerobiospirillum pullistercoris,Anaerobiospirillum pullistercoris
Rubellicoccus peritrichatus,Rubellicoccus peritrichatus
Proteus cibi,Proteus cibi
Maribacter halichondriae,Maribacter_D halichondriae
Uliginosibacterium flavum,Dactylopiibacterium flavum
Hymenobacter psychrotolerans,Hymenobacter psychrotolerans
uncultured Rubellimicrobium,Rubellimicrobium sp902805995
Altericroceibacterium spongiae,Altericroceibacterium spongiae
Streptomyces anandii,Streptomyces anandii
Advenella alkanexedens,Advenella_A alkanexedens
bacterium NLAE-zl-H72,Clostridium_AQ innocuum
Chryseobacterium aquaeductus,Chryseobacterium aquaeductus
Nocardia caishijiensis,Nocardia caishijiensis
Sphingobacterium kitahiroshimense,Sphingobacterium kitahiroshimense
Frackibacter sp.,Frackibacter sp900114655
Luteimonas padinae,Luteimonas padinae
Peptoniphilus mikwangii,Anaerosphaera mikwangii
Phocicoccus schoeneichii,Phocicoccus schoeneichii
Litorirhabdus singularis,Litorirhabdus singularis
Dactylopiibacterium sp.,Dactylopiibacterium sp031119555
Alistipes merdipullorum,Alistipes merdipullorum
Haloechinothrix salitolerans,Haloechinothrix_A salitolerans
Jiangella muralis,Jiangella muralis
Pseudidiomarina terrestris,Pseudidiomarina terrestris
Paenibacillus senegalensis,Paenibacillus_L senegalensis
Paeniclostridium hominis,Paraclostridium hominis
Mangrovimonas aestuarii,Mangrovimonas_B aestuarii
Histidinibacterium lentulum,Oceanicola lentulus
bacterium TMED6,TMED6 sp002167465
Pseudothermotoga hypogea,Pseudothermotoga_A hypogea
Avirikenella pullistercoris,Avirikenella pullistercoris
Pararhodospirillum photometricum,Pararhodospirillum photometricum
Mediterraneibacter butyricigenes,Mediterraneibacter_A butyricigenes
Polynucleobacter duraquae,Polynucleobacter duraquae
Chloroflexus islandicus,Chloroflexus islandicus
uncultured Defluviicoccus,MPNO01 sp002239065
Psychrosphaera ytuae,Psychrosphaera ytuae
Blautia intestinihominis,Blautia_A intestinihominis
Chromohalobacter marismortui,Chromohalobacter marismortui
Thermodesulfobacterium thermophilum,Thermodesulfobacterium thermophilum
Heteroscillospira lomanii,Heteroscillospira lomanii
Vibrio ostreicida,Vibrio ostreicida
Corynebacterium spheniscorum,Corynebacterium spheniscorum
Porphyromonas macacae,Porphyromonas macacae
Alistipes provencensis,Alistipes provencensis
Desulfoarculaceae bacterium,UBA2270 sp019429465
Arenibaculum sp.,DASYHS01 sp035998295
Chryseobacterium binzhouense,Chryseobacterium binzhouense
Fundicoccus culcitae,Fundicoccus_A culcitae
Desulfosediminicola ganghwensis,Desulfopila ganghwensis
uncultured Pseudothermotoga,Pseudothermotoga_B sp937995655
Chryseobacterium koreense,Kaistella koreensis
Amycolatopsis magusensis,Amycolatopsis magusensis
Agrococcus pavilionensis,Agrococcus pavilionensis
Effusibacillus lacus,Effusibacillus lacus
Vibrio xiamenensis,Vibrio xiamenensis
Modicisalibacter ilicicola,Modicisalibacter ilicicola
Hippea alviniae,Hippea alviniae
Bacillus aquiflavi,Bacillus_BT aquiflavi
uncultured Telmatospirillum,DUZF01 sp903858635
Roseibaca ekhonensis,Roseinatronobacter ekhonensis
Mycolicibacterium madagascariense,Mycobacterium madagascariense
Clostridium grantii,Clostridium_AF grantii
Pseudohalioglobus lutimaris,Halioglobus lutimaris
Micromonospora polyrhachis,Micromonospora_H polyrhachis
Saccharomonospora xinjiangensis,Saccharomonospora xinjiangensis
Rhizobium dioscoreae,Rhizobium dioscoreae
Streptomyces speibonae,Streptomyces speibonae
Pedococcus cremeus,Pedococcus cremeus
Flavobacterium circumlabens,Flavobacterium circumlabens
Raineyella fluvialis,Raineyella fluvialis
Raoultella scottia,Klebsiella scottia
Billgrantia tianxiuensis,Billgrantia tianxiuensis
Streptomyces sp900105245,Streptomyces sp900105245
Nocardioides stalactiti,Nocardioides stalactiti
Cecembia rubra,Cecembia rubra
Cryptobacteroides avicola,Cryptobacteroides avicola
Thalassomonas viridans,Thalassomonas viridans
Ornithinibacillus gellani,Ornithinibacillus_A gellani
Paractinoplanes ferrugineus,Actinoplanes ferrugineus
Leptospira vanthielii,Leptospira_A vanthielii
Sporomusa ovata,Sporomusa ovata
Alectryocaccobium sp.,Alectryocaccobium sp900772685
Rahnella variigena,Rahnella variigena
Nocardia tengchongensis,Nocardia tengchongensis
Lactococcus ileimucosae,Lactococcus ileimucosae
Gottschalkiaceae bacterium,GPF-1 sp036323355
Ureibacillus terrenus,Ureibacillus terrenus
Streptomyces otsuchiensis,Streptomyces otsuchiensis
Xenorhabdus stockiae,Xenorhabdus stockiae
Suttonella ornithocola,Suttonella_A ornithocola
Clavibacter californiensis,Clavibacter californiensis
Stenotrophomonas tumulicola,Stenotrophomonas tumulicola
Endozoicomonas elysicola,Endozoicomonas elysicola
Cytobacillus eiseniae,Cytobacillus eiseniae
Alcanivorax nanhaiticus,Alcanivorax nanhaiticus
Baumannia cicadellinicola,Baumannia cicadellinicola_E
Banduia mediterranea,Banduia mediterranea
Chromobacterium sphagni,Chromobacterium sphagni
Streptomyces rugosispiralis,Streptomyces rugosispiralis
Hominisplanchenecus murintestinalis,Hominisplanchenecus_A murintestinalis
Bacteroides hominis,Bacteroides hominis
Gimesia maris,Gimesia maris
Thermomonas carbonis,Thermomonas carbonis
Fluviicoccus keumensis,Fluviicoccus keumensis
Hyphomonas sediminis,Hyphomonas sediminis
Pontibacterium granulatum,Pontibacterium granulatum
Streptomyces sedi,Streptomyces sedi
Altererythrobacter ishigakiensis,Erythrobacter ishigakiensis
Mycobacterium hubeiense,Mycobacterium hubeiense
Hymenobacter frigidus,Hymenobacter frigidus
Ursidibacter arcticus,Ursidibacter arcticus
Mycolicibacterium helvum,Mycobacterium helvum
Telluria aromaticivorans,Telluria aromaticivorans
Limosilactobacillus caviae,Limosilactobacillus caviae
Chromatium weissei,Chromatium weissei
Eisenbergiella pullistercoris,Eisenbergiella pullistercoris
Fulvivirga maritima,Fulvivirga maritima
Desulfococcus multivorans,Desulfococcus multivorans
Vreelandella gomseomensis,Vreelandella gomseomensis
Methylohalobius sp.,Methylohalobius sp026415315
bacterium C-53,C-53 sp003612525
Macrococcus armenti,Macrococcoides armenti
Nocardia brevicatena,Nocardia brevicatena
Anaerocolumna xylanovorans,Anaerocolumna xylanovorans
Vibrio gallicus,Vibrio gallicus
Amycolatopsis tolypomycina,Amycolatopsis tolypomycina
Sphaerochaeta halotolerans,Sphaerochaeta halotolerans
Belliella baltica,Belliella baltica
Streptomyces wedmorensis,Streptomyces wedmorensis
Cysteiniphilum marinum,Cysteiniphilum marinum
Litorilituus sp.,Colwellia sp030754235
uncultured Craurococcus,Belnapia sp902805545
Schaalia georgiae,Pauljensenia georgiae
Mycobacterium celatum,Mycobacterium celatum
Loigolactobacillus iwatensis,Loigolactobacillus iwatensis
Sediminibacillus albus,Sediminibacillus albus
Prauserella muralis,Prauserella_B muralis
Choladousia intestinavium,Choladousia intestinavium
Coprenecus avistercoris,Coprenecus avistercoris
Tidjanibacter faecipullorum,Tidjanibacter faecipullorum
Bradyrhizobium barranii,Bradyrhizobium barranii
Acetobacter sicerae,Acetobacter sicerae
Hydrocarboniphaga effusa,Hydrocarboniphaga effusa
Howiella intestinavium,Howiella intestinavium
Brachybacterium halotolerans,Brachybacterium halotolerans
uncultured Hormoscilla,Hormoscilla sp963921275
Mesorhizobium japonicum,Mesorhizobium japonicum
Marinobacterium profundum,Marinobacterium_A profundum
Brucella lupini,Brucella anthropi
uncultured Robbsia,Robbsia sp963922375
Mediterraneibacter cottocaccae,Mediterraneibacter cottocaccae
Bifidobacterium samirii,Bifidobacterium samirii
Bacillus massiliglaciei,Peribacillus massiliglaciei
Avimonas intestinalis,Avimonas intestinalis
Thermomonospora catenispora,Thermomonospora catenispora
Desulfonatronum thioautotrophicum,Desulfonatronum thioautotrophicum
Alkalibaculum sp.,Alkalibaculum bacchi_A
Blastomonas fulva,Blastomonas fulva
Kaistella faecalis,Kaistella faecalis
Fructobacillus evanidus,Fructobacillus evanidus
Paenibacillus glycinis,Paenibacillus_Z glycinis
Desulfobacter vibrioformis,Desulfobacter vibrioformis
Lentibacillus halodurans,Lentibacillus halodurans
Streptomyces coeruleofuscus,Streptomyces coeruleofuscus
Bacteroides merdigallinarum,Bacteroides merdigallinarum
Mycoplasma leonicaptivi,Mycoplasmopsis leonicaptivi
Corynebacterium doosanense,Corynebacterium doosanense
Lysobacter spongiae,Marilutibacter spongiae
Comamonas terrae,Comamonas terrae
Volucribacter amazonae,Volucribacter amazonae
Flagellimonas olearia,Flagellimonas olearia
Ramlibacter pinisoli,Ramlibacter pinisoli
Tenacibaculum aiptasiae,Tenacibaculum aiptasiae
Kaistia hirudinis,Kaistia hirudinis
Streptomyces zhaozhouensis,Streptomyces zhaozhouensis
bacterium HR21,HRBIN21 sp002898295
Oerskovia jenensis,Oerskovia jenensis
Bacteroides bouchesdurhonensis,Bacteroides bouchesdurhonensis
Diaminobutyricibacter sp.,Diaminobutyricibacter sp039613825
Pseudooceanicola onchidii,Pseudooceanicola onchidii
Thermus neutrinimicus,Thermus neutrinimicus
Flavobacterium hankyongi,Flavobacterium hankyongi
Niveispirillum lacus,Niveispirillum lacus
Nitratidesulfovibrio oxamicus,Cupidesulfovibrio oxamicus
Mesocricetibacter sp.,CAJPST01 sp041795785
Eisenbergiella intestinigallinarum,Eisenbergiella intestinigallinarum
Tannerella serpentiformis,Tannerella serpentiformis
Streptomyces yangpuensis,Streptomyces yangpuensis
Cellulomonas timonensis,Cellulomonas_A timonensis
Flavobacterium gyeonganense,Flavobacterium gyeonganense
Roseospira marina,Rhodospira marina
Bryocella sp.,Granulicella sp036273275
Blautia faecipullorum,Blautia_A faecipullorum
Proruminimicrobium quisquiliarum,Proruminimicrobium quisquiliarum
Lacunisphaera limnophila,Lacunisphaera limnophila
uncultured Acetobacteroides,Acetobacteroides sp963678165
Hymenobacter oligotrophus,Solirubrum oligotrophum
Gluconacetobacter entanii,Novacetimonas entanii
Streptomyces violaceochromogenes,Streptomyces collinus
Halomonas urumqiensis,Halomonas urumqiensis
Deferrisoma camini,Deferrisoma camini
Sphingomonas aerolata,Sphingomonas aerolata
Peptococcus sp.,JAJZPA01 sp020692355
Pseudolysobacter sp.,Pseudolysobacter sp025351985
Ezakiella coagulans,Ezakiella coagulans
Halanaerobium hydrogeniformans,Halanaerobium hydrogeniformans
Sneathiella litorea,Sneathiella litorea
Gordonia oryzae,Gordonia oryzae
Alteromonas flava,Alteromonas_E flava
Geodermatophilus saharensis,Geodermatophilus saharensis
Yonghaparkia sp.,Microcella sp001425665
Ktedonospora formicarum,Ktedonobacter formicarum
Dechloromonas agitata,Azonexus agitatus
Aquabacterium terrae,Aquabacterium_A terrae
Psychroflexus salarius,Psychroflexus salarius
Lactiplantibacillus daowaiensis,Lactiplantibacillus daowaiensis
Demequina litoralis,Demequina litoralis
Flavobacterium ginsenosidimutans,Flavobacterium ginsenosidimutans
Lentilactobacillus farraginis,Lentilactobacillus farraginis
Paraburkholderia sabiae,Paraburkholderia sabiae
Bipolaricaulis anaerobius,Bipolaricaulis anaerobius
Wolinella succinogenes,Wolinella succinogenes
Mcinerneyibacterium aminivorans,Mcinerneyibacterium aminivorans
Rhizobium beringeri,Rhizobium beringeri
Aeromicrobium senzhongii,Aeromicrobium senzhongii
Streptomyces melanogenes,Streptomyces melanogenes
Rhodoferax mekongensis,Rhodoferax_C mekongensis
Acetobacter orientalis,Acetobacter orientalis
Blautia pseudococcoides,Blautia pseudococcoides
Dendronalium phyllosphericum,Dendronalium phyllosphericum
Otoolea muris,Otoolea muris
Staphylococcus marylandisciuri,Staphylococcus marylandisciuri
Nicoletella semolina,Nicoletella semolina
Egibacter sp.,T1Sed10-49 sp003553795
uncultured Ventosimonas,Entomomonas sp945283395
Paucilactobacillus oligofermentans,Paucilactobacillus oligofermentans
Lysobacter yananisis,Lysobacter yananisis
Paraburkholderia silvatlantica,Paraburkholderia silvatlantica
Deinococcus cellulosilyticus,Deinococcus_C cellulosilyticus
uncultured Aminiphilus,DAIPKP01 sp963666395
Hymenobacter endophyticus,Hymenobacter endophyticus
Arenicella chitinivorans,Arenicella chitinivorans
Sodaliphilus fimicaballi,Sodaliphilus fimicaballi
Dinoroseobacter shibae,Dinoroseobacter shibae
Legionella drozanskii,Tatlockia drozanskii
Ureaplasma canigenitalium,Ureaplasma canigenitalium
Clostridium ragsdalei,Clostridium_B ragsdalei
Brevibacillus migulae,Brevibacillus_F migulae
uncultured Nitratiruptor,Nitrosophilus_A sp913056105
Desulfomicrobium baculatum,Desulfomicrobium baculatum
Azospirillum oleiclasticum,Azospirillum oleiclasticum
Urbifossiella limnaea,Urbifossiella limnaea
Streptomyces endophyticus,Streptomyces endophyticus
Psychroserpens burtonensis,Psychroserpens burtonensis
uncultured Hydrogenophilaceae,JAFZMK01 sp017444505
Vecturithrix granuli,Vecturithrix granuli
Antrihabitans sp.,Antrihabitans sp016481275
Achromobacter kerstersii,Achromobacter kerstersii
Gelidibacter japonicus,Gelidibacter japonicus
Paraburkholderia largidicola,Paraburkholderia largidicola
Mannheimia pernigra,Mannheimia pernigra
Litorilituus sediminis,Litorilituus sediminis
Leifsonia naganoensis,Leifsonia aquatica
Streptomyces laculatispora,Streptomyces laculatispora
Mesorhizobium dulcispinae,Mesorhizobium dulcispinae
uncultured Christiangramia,Christiangramia sp913046405
Waddlia sp.,Waddlia sp041738095
Pseudomonas typographi,Pseudomonas_E typographi
Larkinella knui,Larkinella knui
Paracoccus gahaiensis,Paracoccus gahaiensis
Flavobacterium album,Flavobacterium album
Thalassotalea marina,Thalassotalea_C marina
Pseudokineococcus marinus,Pseudokineococcus marinus
Companilactobacillus crustorum,Companilactobacillus crustorum
Microseira wollei,Microseira wollei
Acetoanaerobium sticklandii,Acetoanaerobium sticklandii
Yersinia vastinensis,Yersinia vastinensis
Phaeovulum vinaykumarii,Bieblia_A vinaykumarii
Streptoalloteichus tenebrarius,Streptoalloteichus tenebrarius
Peptoniphilus faecalis,Peptoniphilus_A faecalis
Salinarimonas ramus,Salinarimonas ramus
Mucilaginibacter gossypii,Mucilaginibacter gossypii
Aeromicrobium yanjiei,Aeromicrobium yanjiei
Flavobacterium fragile,Flavobacterium fragile
Methyloterricola oryzae,Methyloterricola oryzae
Marinomonas piezotolerans,Marinomonas piezotolerans
Bacillus renqingensis,Neobacillus renqingensis
Streptomyces hebeiensis,Streptomyces hebeiensis
Lawsonia intracellularis,Bilophila intracellularis
Hymenobacter cyanobacteriorum,Hymenobacter cyanobacteriorum
Palleronia rufa,Palleronia rufa
Bhargavaea ginsengi,Bhargavaea ginsengi
Merdibacter merdipullorum,Merdibacter merdipullorum
Flavobacterium indicum,Flavobacterium indicum
Leeia oryzae,Leeia oryzae
uncultured Aliiglaciecola,Aliiglaciecola sp007197995
Promicromonospora umidemergens,Promicromonospora umidemergens
Antiquaquibacter oligotrophicus,Rhodoglobus oligotrophicus
Stenotrophomonas humi,Stenotrophomonas humi
Chryseobacterium formosense,Chryseobacterium formosense
Flavobacterium alvei,Flavobacterium alvei
Roseiarcaceae bacterium,28-YEA-48 sp029222685
Vagococcus xieshaowenii,Vagococcus_A xieshaowenii
Marinomonas mediterranea,Marinomonas mediterranea
Methylobacterium persicinum,Methylobacterium persicinum
Aminobacter anthyllidis,Aminobacter anthyllidis
Methylomicrobium lacus,Methylomicrobium lacus
Mediterraneibacter gallistercoris,Mediterraneibacter gallistercoris
Apirhabdus apintestini,Apirhabdus apintestini
Jaaginema sp.,Jaaginema sp035968055
Adhaeribacter arboris,Adhaeribacter arboris
bacterium ADurb.Bin236,UBA6099 sp002069885
Fructilactobacillus cliffordii,Fructilactobacillus cliffordii
Paenibacillus paridis,Pristimantibacillus paridis
Nocardia acidivorans,Nocardia acidivorans
Metamycoplasma subdolum,Metamycoplasma subdolum
Brachybacterium merdigallinarum,Brachybacterium merdigallinarum
Paenactinomyces guangxiensis,Paenactinomyces guangxiensis
Streptomyces scopuliridis,Streptomyces scopuliridis
Nitrobacter vulgaris,Nitrobacter vulgaris
Algoriphagus antarcticus,Algoriphagus antarcticus
uncultured Desulfurobacterium,Desulfurobacterium sp913055135
Paenibacillus algorifonticola,Pristimantibacillus algorifonticola
Tellurirhabdus bombi,Tellurirhabdus bombi
Phocaeicola merdavium,Phocaeicola merdavium
Vibrio syngnathi,Vibrio syngnathi
Kribbella shirazensis,Kribbella shirazensis
Limisoma intestinavium,Limisoma intestinavium
Micromonospora foliorum,Micromonospora foliorum
Flexivirga meconopsidis,Flexivirga meconopsidis
Saccharopolyspora rectivirgula,Saccharopolyspora rectivirgula
Avibacterium gallinarum,Avibacterium gallinarum
Bacillus rubiinfantis,Neobacillus rubiinfantis
Streptomyces odonnellii,Streptomyces odonnellii
Fundicoccus ignavus,Fundicoccus ignavus
Radiobacillus deserti,Radiobacillus deserti
Leptospira koniambonensis,Leptospira_B koniambonensis
Psychroflexus planctonicus,Psychroflexus planctonicus
Varibaculum massiliense,Varibaculum massiliense
Flavobacterium aquaticum,Flavobacterium aquaticum
Variovorax gossypii,Variovorax gossypii
Moraxella nasicaprae,Moraxella nasicaprae
Mesorhizobium plurifarium,Mesorhizobium plurifarium
Williamsoniiplasma luminosum,Williamsoniiplasma luminosum
Legionella israelensis,Legionella_D israelensis
Pseudomonas solani,Metapseudomonas solani
Paenibacillus validus,Paenibacillus_G validus
Robbsia andropogonis,Robbsia andropogonis
Burkholderia guangdongensis,Burkholderia guangdongensis
Flectobacillus longus,Flectobacillus longus
Flavobacterium gelatinilyticum,Flavobacterium gelatinilyticum
Labedaea rhizosphaerae,Labedaea rhizosphaerae
Okeania hirsuta,Okeania hirsuta
Lentzea indica,Lentzea indica
Nocardia jinanensis,Nocardia jinanensis
Chlamydia buteonis,Chlamydophila buteonis
Methylobacterium dankookense,Methylobacterium dankookense
Clavibacter nebraskensis,Clavibacter nebraskensis
Iamia majanohamensis,Iamia majanohamensis
Tessaracoccus defluvii,Arachnia defluvii
Erysipelothrix piscisicarius,Erysipelothrix piscisicarius
Caccosoma sp.,CAKPXW01 sp934215405
Microbacterium galbinum,Microbacterium galbinum
Nonomuraea salmonea,Nonomuraea salmonea
Chlorobium antarcticum,Chlorobium antarcticum
Vibrio porteresiae,Vibrio porteresiae
Nitrospira inopinata,Nitrospira_D inopinata
Legionella lytica,Legionella lytica
Arthrobacter caoxuetaonis,Arthrobacter_B caoxuetaonis
Vibrio rhodolitus,Vibrio rhodolitus
Caenibacillus caldisaponilyticus,Caenibacillus caldisaponilyticus
Exiguobacterium alkaliphilum,Exiguobacterium alkaliphilum
Streptomyces fumanus,Streptomyces fumanus
Vibrio ichthyoenteri,Vibrio ichthyoenteri
Photorhabdus cinerea,Photorhabdus cinerea
Caminibacter pacificus,Caminibacter pacificus
Thiofilum sp.,Thiofilum sp016711335
Spirosoma telluris,Spirosoma telluris
Marinobacter flavimaris,Marinobacter flavimaris
Grimontia kaedaensis,Enterovibrio kaedaensis
Vreelandella sulfidaeris,Vreelandella sulfidaeris
Pseudomonas aromaticivorans,Geopseudomonas aromaticivorans
Legionella septentrionalis,Legionella_A septentrionalis
Nonlabens spongiae,Nonlabens spongiae
Seongchinamella marina,Halioglobus marinus
Paraglaciecola psychrophila,Paraglaciecola psychrophila
Allonocardiopsis opalescens,Allonocardiopsis opalescens
Pseudorhodobacter wandonensis,Pseudorhodobacter wandonensis
Cohaesibacter intestini,Cohaesibacter intestini
Croceimicrobium sp.,Croceimicrobium sp950073045
Olegusella massiliensis,Olegusella massiliensis
Billgrantia azerbaijanica,Billgrantia azerbaijanica
Streptomyces beijiangensis,Streptomyces beijiangensis
Brachybacterium vulturis,Brachybacterium vulturis
Pseudovibrio brasiliensis,Pseudovibrio brasiliensis
Electronema sp.,Electronema sp026645415
Phyllobacterium bourgognense,Phyllobacterium bourgognense
Geomicrobium sediminis,Geomicrobium_A sediminis
Abditibacterium utsteinense,Abditibacterium utsteinense
Rothia avistercoris,Rothia avistercoris
Clostridium taeniosporum,Clostridium taeniosporum
Polaromonas hydrogenivorans,Polaromonas hydrogenivorans
Flavobacterium arcticum,Flavobacterium arcticum
Vagococcus vulneris,Vagococcus vulneris
Ancrocorticia populi,Ancrocorticia populi
Deinococcus terrestris,Deinococcus terrestris
Selenomonas ruminis,Selenomonas_A ruminis
Enterovibrio luxaltus,Enterovibrio luxaltus
Domibacillus robiginosus,Domibacillus robiginosus
Hymenobacter fastidiosus,Hymenobacter fastidiosus
Nonomuraea basaltis,Nonomuraea basaltis
Mycobacterium parmense,Mycobacterium parmense
Paraburkholderia sprentiae,Paraburkholderia sprentiae
Pseudobacter sp.,Pseudobacter sp017849455
Pradoshia sp.,Pradoshia sp001685035
Sansalvadorimonas verongulae,Sansalvadorimonas verongulae
Villigracilis vicinus,Villigracilis vicinus
Oceanisphaera litoralis,Oceanimonas litoralis
Halobacillus alkaliphilus,Halobacillus alkaliphilus
Clostridium thermosuccinogenes,Pseudoclostridium thermosuccinogenes
Algoriphagus pacificus,Algoriphagus pacificus
Bacillus kexueae,Bacillus_BZ kexueae
uncultured Lacibacter,Lacibacter sp946479605
Novipirellula sp.,Novipirellula sp041583735
Coproplasma avistercoris,Coproplasma avistercoris
Cellulomonas carbonis,Actinotalea carbonis
Glaciecola pallidula,Glaciecola pallidula
Enteroscipio rubneri,Enteroscipio rubneri
Motilimonas sp.,Motilimonas sp021278025
Desulforamulus hydrothermalis,Desulfotomaculum hydrothermale
Roseateles terrae,Roseateles terrae
Sphingomonas ginsenosidimutans,Sphingomonas ginsenosidimutans
Paracoccus alkenifer,Paracoccus alkenifer
Francisella opportunistica,Francisella opportunistica
Aurantibacter crassamenti,Aurantibacter_A crassamenti
Aquiflexum balticum,Aquiflexum balticum
Casimicrobium huifangae,Casimicrobium huifangae
Salipaludibacillus neizhouensis,Salipaludibacillus neizhouensis
Marivirga sericea,Marivirga sericea
Cryptobacteroides faecipullorum,Cryptobacteroides faecipullorum
Brenneria nigrifluens,Brenneria nigrifluens
Paenochrobactrum glaciei,Paenochrobactrum glaciei
Flavobacterium zhairuonense,Flavobacterium zhairuonense
Pseudonocardia saturnea,Pseudonocardia autotrophica
Arthrobacter luteolus,Arthrobacter_B luteolus
Ligilactobacillus ceti,Ligilactobacillus ceti
Cricetibacter osteomyelitidis,Cricetibacter osteomyelitidis
Alistipes avistercoris,Alistipes avistercoris
Agathobaculum merdavium,Agathobaculum merdavium
Phaeodactylibacter xiamenensis,Phaeodactylibacter xiamenensis
Egerieousia equi,Egerieousia equi
Klebsiella electrica,Klebsiella electrica
Eubacterium minutum,Hornefia minuta
Neorhodopirellula pilleata,Rhodopirellula pilleata
Tautonia rosea,Tautonia rosea
Flagellatimonas centrodinii,Flagellatimonas centrodinii
Alcanivorax hongdengensis,Alcanivorax hongdengensis
Aliidiomarina sedimenti,Aliidiomarina sedimenti
Micrococcus endophyticus,Micrococcus endophyticus
Mobilicoccus massiliensis,Mobilicoccus massiliensis
Mycoplasma anseris,Metamycoplasma anseris
Hymenobacter aerophilus,Hymenobacter aerophilus
Hakubella thermalkaliphila,Hakubella thermalkaliphila
Mesonia algae,Mesonia algae
Eubacterium pyruvativorans,Eubacterium_T pyruvativorans
Flaviaesturariibacter amylovorans,Flaviaestuariibacter amylovorans
Methylomusa anaerophila,Methylomusa anaerophila
Sphingobacterium oryzagri,Sphingobacterium oryzagri
Sporolactobacillus kofuensis,Sporolactobacillus kofuensis
Aquimarina gracilis,Aquimarina gracilis
Euzebyella saccharophila,Euzebyella saccharophila
Waltera hominis,Acetatifactor hominis
Selenomonas flueggei,Centipeda flueggei
Kribbella monticola,Kribbella monticola
Corynebacterium hindlerae,Corynebacterium hindlerae
Sphingobium fuliginis,Sphingobium fuliginis
Bifidobacterium simiarum,Galliscardovia simiarum
Agrobacterium salinitolerans,Agrobacterium salinitolerans
Oceanospirillum maris,Oceanospirillum maris
Legionella fallonii,Legionella fallonii
Paenibacillus alkaliterrae,Pristimantibacillus alkaliterrae
uncultured Xanthomarina,Xanthomarina gelatinilytica
Brasilonema angustatum,Brasilonema angustatum
Mangrovibacterium sp.,Mangrovibacterium sp041596335
Leptospira harrisiae,Leptospira_A harrisiae
Methylocystis silviterrae,Methylocystis silviterrae
Fictibacillus enclensis,Fictibacillus_C enclensis
Piscinibacter lacus,Aquariibacter lacus
Weissella minor,Weissella minor
Caballeronia glathei,Caballeronia glathei
Aeromonas simiae,Aeromonas simiae
Mycoplasma parvum,Eperythrozoon_A parvum
Nonomuraea soli,Nonomuraea soli
Solirubrobacter taibaiensis,Solirubrobacter taibaiensis
Ornithinimicrobium cavernae,Ornithinicoccus cavernae
Vagococcus martis,Vagococcus martis
Paenibacillus nuruki,Paenibacillus_J nuruki
Metabacillus bambusae,Metabacillus bambusae
Croceicoccus estronivorus,Caenibius estronivorus
Pseudomonas sivasensis,Pseudomonas_E sivasensis
Sphingomonas hominis,Sphingomonas hominis
Lachnoclostridium stercoripullorum,Lachnoclostridium_A stercoripullorum
Mailhella merdavium,Mailhella merdavium
Hymenobacter aerilatus,Hymenobacter aerilatus
Actinoalloteichus caeruleus,Actinoalloteichus caeruleus
Hufsiella arboris,Hufsiella_A arboris
Winogradskyella immobilis,Winogradskyella immobilis
Arthrobacter jinronghuae,Arthrobacter_B jinronghuae
Muricauda lutisoli,Flagellimonas lutisoli
Weissella muntiaci,Weissella muntiaci
Liberibacter sp.,Liberibacter sp014048425
Thermoclostridium caenicola,Thermoclostridium_A caenicola
Planctomonas sp.,Humibacter sp012985205
Enterobacter pasteurii,Enterobacter pasteurii
Micromonospora yangpuensis,Micromonospora yangpuensis
Lutibacter oceani,Lutibacter oceani
Chryseobacterium caseinilyticum,Chryseobacterium caseinilyticum
Aeromicrobium tamlense,Aeromicrobium tamlense
Selenomonas felix,Centipeda felix
Croceicoccus sediminis,Croceicoccus sediminis
Ralstonia chuxiongensis,Ralstonia chuxiongensis
Phragmitibacter flavus,Phragmitibacter flavus
Rhabdonatronobacter sediminivivens,Rhabdonatronobacter sediminivivens
Merdivivens pullistercoris,Merdivivens pullistercoris
Spongiibacter marinus,Spongiibacter marinus
Streptacidiphilus jiangxiensis,Streptacidiphilus jiangxiensis
Flavobacterium hungaricum,Flavobacterium hungaricum
Cellulomonas iranensis,Cellulomonas iranensis
Streptomyces fructofermentans,Streptomyces fructofermentans
Thiospirochaeta perfilievii,Thiospirochaeta perfilievii
Neisseria brasiliensis,Neisseria brasiliensis
Phorcysia thermohydrogeniphila,Phorcysia thermohydrogeniphila
Mycolicibacterium fallax,Mycobacterium fallax
Excrementavichristensenella intestinipullorum,Excrementavichristensenella intestinipullorum
Acinetobacter tianfuensis,Acinetobacter tianfuensis
Arcicella lustrica,Arcicella lustrica
Acinetobacter courvalinii,Acinetobacter courvalinii
Acidithiobacillus marinus,Acidithiobacillus marinus
Faecousia intestinalis,Faecousia intestinalis
Streptococcus hongkongensis,Streptococcus uberis
Planktotalea arctica,Planktotalea arctica
Bacillus mesophilus,Bacillus_BS mesophilus
Pseudomonas oligotrophica,Stutzerimonas oligotrophica
Planobispora takensis,Planobispora takensis
Sphingomonas elodea,Sphingomonas elodea
Zafaria sp.,JAZDCJ01 sp036311985
Zhongshania borealis,Zhongshania borealis
Vreelandella massiliensis,Vreelandella massiliensis
Roseibacillus persicicus,Roseibacillus persicicus
Gilvimarinus xylanilyticus,Gilvimarinus xylanilyticus
Methylobacterium jeotgali,Methylobacterium jeotgali
Pedobacter hartonius,Pedobacter hartonius
Brenneria rubrifaciens,Brenneria rubrifaciens
Microlunatus kandeliicorticis,Microlunatus_A kandeliicorticis
Oceanisphaera marina,Oceanimonas marina
Actinocorallia libanotica,Actinocorallia libanotica
Accumulibacter conexus,Accumulibacter conexus
Bullifex porci,Bullifex porci
Geobacter pickeringii,Geobacter pickeringii
Riesia pediculicola,Riesia pediculicola
Plasticicumulans acidivorans,Plasticicumulans acidivorans
Colivivens caballi,Colivivens caballi
Muribaculum caecicola,Muribaculum caecicola
Salipiger marinus,Salipiger marinus
Micromonospora ureilytica,Micromonospora ureilytica
Aeromonas schubertii,Aeromonas schubertii
cf. Phormidesmis,Phormidesmis sp015207105
Shewanella maritima,Shewanella maritima
Pullichristensenella excrementipullorum,Pullichristensenella excrementipullorum
uncultured Kiritimatiellaceae,Pontiella sp964014015
Maliibacterium massiliense,Maliibacterium massiliense
Cryobacterium sandaracinum,Cryobacterium sandaracinum
Caballeronia arationis,Caballeronia arationis
Acinetobacter qingfengensis,Acinetobacter qingfengensis
Metabacillus fastidiosus,Metabacillus fastidiosus
Vibrio qinghaiensis,Vibrio ordalii
Brevundimonas kwangchunensis,Brevundimonas kwangchunensis
Christensenella hongkongensis,Christensenella hongkongensis
Iningainema tapete,Iningainema tapete
uncultured Ahrensia,Oricola sp002706335
Faecicola pullistercoris,Faecicola pullistercoris
Aliidiomarina soli,Aliidiomarina soli
Texas Phoenix,Phytoplasma sp005774685
Streptomyces gilvosporeus,Streptomyces gilvosporeus
Psychrobacter luti,Psychrobacter luti
Vibrio hangzhouensis,Vibrio hangzhouensis
Desulfosarcina ovata,Desulfosarcina ovata
Gluconacetobacter johannae,Gluconacetobacter johannae
Komagataeibacter nataicola,Komagataeibacter nataicola
Gemmobacter fulvus,Gemmobacter fulvus
Methylobacterium oryzihabitans,Methylobacterium oryzihabitans
Desulfatibia sp.,Desulfatibia_A sp036446775
Cyrtobacter comes,Cyrtobacter comes
Leptospira perolatii,Leptospira_B perolatii
Flavobacterium turcicum,Flavobacterium turcicum
uncultured Fibrobacterales,CAWVXU01 sp963934255
Magnetocorallium paracelense,Magnetocorallium paracelense
Pseudomonas phytovorans,Pseudomonas_E phytovorans
Leptotrichia massiliensis,Leptotrichia massiliensis
Kaistia granuli,Kaistia granuli
Cohnella kolymensis,Cohnella kolymensis
Paenibacillus rhizophilus,Paenibacillus rhizophilus
Patiriisocius marinus,Patiriisocius marinus
Azorhizobium oxalatiphilum,Azorhizobium oxalatiphilum
Erythrobacter oryzae,Erythrobacter oryzae
Marinomonas fungiae,Marinomonas fungiae
Psychroflexus tropicus,Psychroflexus tropicus
Humimicrobium sp.,Humimicrobium sp012837825
Ornithinimicrobium cerasi,Ornithinimicrobium cerasi
Sunxiuqinia dokdonensis,Sunxiuqinia dokdonensis
Eubacterium cellulosolvens,Bilifractor cellulosolvens
Streptococcus massiliensis,Streptococcus massiliensis
Nonlabens arenilitoris,Nonlabens arenilitoris
Bacteroides intestinipullorum,Bacteroides intestinipullorum
Dictyoglomus thermophilum,Dictyoglomus thermophilum
Psychroserpens ponticola,Psychroserpens ponticola
Levilactobacillus tangyuanensis,Levilactobacillus tangyuanensis
Weissella sagaensis,Weissella sagaensis
Methylobacterium brachythecii,Methylobacterium brachythecii
Gloeocapsopsis dulcis,Gloeocapsopsis dulcis
Bradyrhizobium huanghuaihaiense,Bradyrhizobium huanghuaihaiense
Chryseobacterium shandongense,Chryseobacterium shandongense
Falsiruegeria mediterranea,Falsiruegeria mediterranea
Listeria rustica,Listeria_A rustica
Faecousia intestinavium,Faecousia intestinavium
Sulfurimonas baltica,Sulfurimonas baltica
Microcella putealis,Microcella putealis
Haloechinothrix sp.,Haloechinothrix sp033042135
Slackia exigua,Slackia exigua
Cellvibrio fontiphilus,Cellvibrio fontiphilus
Exiguobacterium algae,Exiguobacterium algae
Bifidobacterium magnum,Bifidobacterium magnum
Flavobacterium silvaticum,Flavobacterium silvaticum
Acetivibrio mesophilus,Hungateiclostridium mesophilum
Aquabacterium fontiphilum,Aquabacterium fontiphilum
Methylophaga thalassica,Methylophaga thalassica
Nosocomiicoccus sp.,Nosocomiicoccus ampullae_A
Tractidigestivibacter sp.,Tractidigestivibacter sp004557505
Microcella pacifica,Microcella pacifica
uncultured Saccharophagus,Saccharophagus sp937920545
Flavobacterium macrobrachii,Flavobacterium macrobrachii
Limosilactobacillus walteri,Limosilactobacillus walteri
Aquaticitalea lipolytica,Aquaticitalea lipolytica
Lysobacter arenosi,Lysobacter_J arenosi
Lentilactobacillus curieae,Lentilactobacillus curieae
Choladousia intestinipullorum,Choladousia intestinipullorum
Ideonella alba,Ideonella alba
Gelidibacter algens,Gelidibacter algens
Halomonas huangheensis,Halomonas huangheensis
Brevibacterium picturae,Brevibacterium picturae
Streptomyces thermoviolaceus,Streptomyces thermoviolaceus
Polaribacter tangerinus,Polaribacter tangerinus
Ornithospirochaeta stercoripullorum,Ornithospirochaeta stercoripullorum
Limosilactobacillus merdigallinarum,Limosilactobacillus merdigallinarum
Ancylobacter pratisalsi,Ancylobacter pratisalsi
Tepidimonas taiwanensis,Tepidimonas taiwanensis
Devosia submarina,Devosia submarina
Psychrosphaera saromensis,Psychrosphaera saromensis
Chryseobacterium gallinarum,Chryseobacterium gallinarum
Flavobacterium cellulosilyticum,Flavobacterium cellulosilyticum
Xanthomonas indica,Xanthomonas_A indica
Thalassovita gelatinovora,Thalassobius gelatinovorus
Spirosoma endbachense,Spirosoma endbachense
Bacteroides luhongzhouii,Bacteroides luhongzhouii
Pseudomonas flexibilis,Serpens flexibilis
Croceibacterium xixiisoli,Croceibacterium xixiisoli
Cellulomonas gilvus,Cellulomonas gilvus
Granulicella cerasi,Granulicella cerasi
Aurantiacibacter spongiae,Aurantiacibacter_B spongiae
Pseudoramibacter alactolyticus,Pseudoramibacter alactolyticus
Vibrio pectenicida,Vibrio pectenicida
Curtanaerobium respiraculi,Curtanaerobium respiraculi
Kytococcus schroeteri,Kytococcus schroeteri
uncultured Giesbergeria,Simplicispira sp017987055
Spiroplasma poulsonii,Spiroplasma poulsonii
Labilibaculum antarcticum,Labilibaculum antarcticum
Sporosarcina cascadiensis,Sporosarcina cascadiensis
Jiangella gansuensis,Jiangella gansuensis
bacterium UBA1459,UBA1459 sp002325765
Brocadia fulgida,Brocadia fulgida
Rhodocytophaga rosea,Rhodocytophaga rosea
Streptomyces triticisoli,Streptomyces triticisoli
Nonomuraea rubra,Nonomuraea rubra
Flavobacterium tyrosinilyticum,Flavobacterium tyrosinilyticum
Nocardia amikacinitolerans,Nocardia amikacinitolerans
Roseovarius faecimaris,Roseovarius faecimaris
Pseudomonas adelgestsugas,Pseudomonas_E adelgestsugas
Roseibium salinum,Roseibium salinum
Kitasatospora fiedleri,Kitasatospora fiedleri
Terrimonas ginsenosidimutans,Terrimonas_A ginsenosidimutans
Thermus filiformis,Thermus_A filiformis
Mangrovimonas xylaniphaga,Mangrovimonas_A xylaniphaga
Wenyingzhuangia aestuarii,Wenyingzhuangia aestuarii
Thalassolituus alkanivorans,Venatoribacter alkanivorans
Nitrosymbiomonas proteolyticus,Nitrosymbiomonas proteolyticus
Nocardioides immobilis,Nocardioides immobilis
Acetobacter conturbans,Acetobacter conturbans
Sphingomonas mali,Sphingomonas mali
Sphingomonas formosensis,Sphingomonas_M formosensis
Egerieimonas intestinavium,Egerieimonas intestinavium
Blautia excrementigallinarum,Blautia_A excrementigallinarum
Duganella levis,Duganella levis
Trueperella abortisuis,Trueperella abortisuis
Paenibacillus radicibacter,Paenibacillus_AM radicibacter
Ohessyouella blattaphilus,Aequitasia blattaphilus_A
Microbacterium awajiense,Microbacterium awajiense
Salirhabdus salicampi,Salirhabdus_A salicampi
Nitrospirillum viridazoti,Nitrospirillum viridazoti
Mycoplasma buteonis,Mycoplasmopsis buteonis
Thalassobacillus cyri,Thalassobacillus cyri
Colwellia maritima,Colwellia maritima
Corynebacterium felinum,Corynebacterium felinum
Psychrilyobacter piezotolerans,Psychrilyobacter piezotolerans
Nonomuraea helvata,Nonomuraea helvata
Bartonella silvatica,Bartonella silvatica
Borkfalkia excrementavium,Borkfalkia excrementavium
Streptococcus gallinaceus,Streptococcus gallinaceus
Faecalibacterium longum,Faecalibacterium longum
Parapedobacter indicus,Parapedobacter indicus
Halodesulfovibrio marinisediminis,Halodesulfovibrio marinisediminis
Pseudomonas californiensis,Pseudomonas_E californiensis
Leptospira yanagawae,Leptospira_A yanagawae
Qiania dongpingensis,Lientehia dongpingensis
Enterococcus florum,Enterococcus_A florum
Bhargavaea beijingensis,Bhargavaea beijingensis
Pectobacterium fontis,Pectobacterium fontis
Pseudomonas subflava,Pseudomonas_E subflava
Devosia limi,Devosia limi
Nitratidesulfovibrio vulgaris,Nitratidesulfovibrio vulgaris
Neorhizobium tomejilense,Neorhizobium tomejilense
Paraliobacillus ryukyuensis,Paraliobacillus ryukyuensis
Paractinoplanes toevensis,Actinoplanes toevensis
Clostridium homopropionicum,Clostridium_H homopropionicum
Rodentibacter ratti,Rodentibacter ratti
Flemingiibacterium sp.,Flemingiibacterium sp900546315
Halomonas piscis,Vreelandella piscis
Laedolimicola ammoniilytica,Laedolimicola ammoniilytica
Jeotgalicoccus nanhaiensis,Jeotgalicoccus nanhaiensis
Sediminicola arcticus,YIK13 sp040566695
Nitrincola schmidtii,Nitrincola schmidtii
Shewanella gelidii,Shewanella gelidii
Cellulomonas wangleii,Cellulomonas wangleii
Gimibacter soli,Gimibacter soli
Ralstonia flaminis,Ralstonia flaminis
Leeuwenhoekiella marinoflava,Leeuwenhoekiella marinoflava
Stieleria sedimenti,Stieleria sedimenti
Sulfurovum indicum,Sulfurovum indicum
Myroides fluvii,Flavobacterium fluvii_A
Amycolatopsis regifaucium,Amycolatopsis regifaucium
Thermosipho atlanticus,Thermosipho_A atlanticus
Hyphobacterium indicum,Hyphobacterium indicum
Pedobacter albus,Pedobacter albus
Plastoroseomonas hellenica,Plastoroseomonas hellenica
Planktophila versatilis,Planktophila versatilis
Streptomyces pinistramenti,Streptomyces pinistramenti
Leuconostoc palmae,Leuconostoc palmae
Stercoripulliclostridium merdigallinarum,Stercoripulliclostridium_A merdigallinarum
Janthinobacterium rivuli,Janthinobacterium rivuli
Aromatoleum toluclasticum,Aromatoleum toluclasticum
Pseudonocardia oroxyli,Pseudonocardia oroxyli
Saccharothrix violaceirubra,Actinosynnema violaceirubrum
Chryseobacterium paridis,Chryseobacterium paridis
Extensimonas sp.,Extensimonas sp029211265
Vallotia sp.,Mycetohabitans sp020342435
Bipolaricaulis sibiricus,Bipolaricaulis sibiricus
Chitinophaga oryzae,Chitinophaga oryzae
Hydrogenovibrio halophilus,Hydrogenovibrio halophilus
Altererythrobacter lutimaris,Erythrobacter lutimaris_A
Paenibacillus turicensis,Fontibacillus turicensis
Pleomorphomonas koreensis,Pleomorphomonas koreensis
Nocardioides daphniae,Nocardioides daphniae
Gemmiger stercoravium,Gemmiger stercoravium
Paenisporosarcina antarctica,Paenisporosarcina antarctica
Spiroplasma litorale,Spiroplasma_A litorale
Algimonas ampicilliniresistens,Litorimonas ampicilliniresistens
Phyllobacterium leguminum,Paramesorhizobium leguminum
Francisella persica,Francisella persica
Aminithiophilus ramosus,Aminithiophilus ramosus
Methylobacterium currus,Methylobacterium currus
Maioricimonas sp.,Maioricimonas sp040717465
Phaeobacter marinintestinus,Phaeobacter_A marinintestinus
Litorimonas taeanensis,Litorimonas taeanensis
Citrobacter europaeus,Citrobacter europaeus
Corynebacterium bouchesdurhonense,Corynebacterium bouchesdurhonense
Oceanibium sediminis,Halovulum sediminis
Enterocloster lavalensis,Enterocloster lavalensis
Streptococcus downei,Streptococcus downei
Flavivirga amylovorans,Flavivirga amylovorans
Pseudoalteromonas donghaensis,Pseudoalteromonas lipolytica
Demequina globuliformis,Demequina globuliformis
Alkalimarinus sediminis,Alkalimarinus sediminis
Saccharibacter floricola,Saccharibacter floricola
Staphylococcus rostri,Staphylococcus rostri
Blautia liquoris,Novisyntrophococcus liquoris
Aedoeadaptatus pacaensis,Aedoeadaptatus pacaensis
Legionella birminghamensis,Legionella_C birminghamensis
Paucilactobacillus kaifaensis,Paucilactobacillus kaifaensis
Streptomyces antnestii,Streptomyces antnestii
Plantactinospora mayteni,Plantactinospora mayteni
Accumulibacter adiacens,Accumulibacter adiacens
Pullichristensenella stercoripullorum,Pullichristensenella stercoripullorum
Paenibacillus azoreducens,Paenibacillus azoreducens
Levilactobacillus mulengensis,Levilactobacillus mulengensis
Absicoccus intestinalis,Absicoccus intestinalis
Kribbibacterium absianum,Kribbibacterium absianum
Pseudomonas siliginis,Pseudomonas_E siliginis
Halopseudomonas oceani,Halopseudomonas oceani
Allgaiera indica,Acidimangrovimonas indica
Lachnoclostridium avicola,Lachnoclostridium_A avicola
Psychromonas antarctica,Psychromonas antarctica
Thermosipho melanesiensis,Thermosipho melanesiensis
Enterobacter lignolyticus,Enterobacter_B lignolyticus
Gluconobacter aidae,Gluconobacter aidae
Roseovarius litorisediminis,Roseovarius litorisediminis
Avidehalobacter sp.,Avidehalobacter sp022797295
Thermosynechococcus sichuanensis,Thermosynechococcus sichuanensis
Malacoplasma girerdii,Malacoplasma_A girerdii
Tunturibacter gelidoferens,Edaphobacter gelidoferens
Rubripirellula tenax,Rubripirellula tenax
Pseudoroseicyclus tamaricis,Pseudoroseicyclus_A tamaricis
Halopseudomonas pertucinogena,Halopseudomonas pertucinogena
Xiashengella succiniciproducens,Geofilum succiniciproducens
Fluviibacter sp.,Fluviibacter sp040262735
Mycoplasmoides genitalium,Mycoplasmoides genitalium
Sinobaca qinghaiensis,Sinobaca qinghaiensis
Peribacillus faecalis,Bacillus_AD faecalis
Marinifilum breve,Marinifilum breve
Clostridium polyendosporum,Clostridium_AR polyendosporum
Kryptobacter tengchongensis,Kryptonium tengchongense
Faecimorpha stercoravium,Faecimorpha stercoravium
Ornithocaccomicrobium faecavium,Alectryocaccomicrobium faecavium
Planktophila dulcis,Planktophila dulcis
Pelotomaculum propionicicum,Pelotomaculum_B propionicicum
Pseudomonas salmasensis,Pseudomonas_E salmasensis
Lolliginicoccus suaedae,Lolliginicoccus suaedae
Paenibacillus agaridevorans,Pristimantibacillus agaridevorans
Dickeya aquatica,Dickeya aquatica
Leptospira alexanderi,Leptospira alexanderi
Paenibacillus aceti,Fontibacillus aceti
Brucella pseudintermedia,Brucella pseudintermedia
Thalassospira mesophila,Thalassospira mesophila
Estrella lausannensis,Estrella lausannensis
Thermomonas paludicola,Thermomonas paludicola
Solimonas aquatica,Solimonas aquatica
Allochromatium vinosum,Thermochromatium vinosum
Microbacterium terricola,Microbacterium terricola
Guopingia tenuis,Guopingia tenuis
Chitinimonas taiwanensis,Chitinimonas taiwanensis
Sphingobacterium stercorigallinarum,Sphingobacterium stercorigallinarum
Micropelagos thuwalensis,Micropelagos thuwalensis
Mycobacterium europaeum,Mycobacterium europaeum
Nocardia tenerifensis,Nocardia tenerifensis
Thioclava dalianensis,Thioclava dalianensis
Massiliimalia timonensis,Massiliimalia timonensis
Saezia sanguinis,Saezia sanguinis
Pediococcus claussenii,Pediococcus claussenii
Flavobacterium tagetis,Flavobacterium tagetis
Roseomonas rubea,Neoroseomonas rubea
Globicatella sulfidifaciens,Globicatella sulfidifaciens
Chitinophaga solisilvae,Chitinophaga solisilvae
Maritimibacter alexandrii,Maritimibacter alkaliphilus
Galbibacter mesophilus,Galbibacter mesophilus
Paenibacillus pini,Paenibacillus pini
Paenibacillus tengchongensis,Paenibacillus tengchongensis
Subtercola frigoramans,Subtercola frigoramans
Flavonifractor avistercoris,Flavonifractor avistercoris
Suipraeoptans intestinalis,Suipraeoptans intestinalis
Spectribacter hydrogenooxidans,Spectribacter hydrogenooxidans
Syntrophobotulus glycolicus,Syntrophobotulus glycolicus
Bacillus niameyensis,Lederbergia niameyensis
Aureivirga sp.,Aureivirga sp015767245
Pseudoscardovia radai,Pseudoscardovia radai
Salipiger pentaromativorans,Salipiger pentaromativorans
Massilia soli,Telluria soli
Rothia amarae,Rothia amarae
Microaerobacter geothermalis,Microaerobacter geothermalis
Salimicrobium sp.,Salimicrobium sp036428785
Trichococcus pasteurii,Trichococcus pasteurii
Thermocrispum municipale,Thermocrispum municipale
Agromyces terreus,Agromyces terreus
Pandoraea pulmonicola,Pandoraea pulmonicola
Trueperella bialowiezensis,Trueperella bialowiezensis
Siccirubricoccus deserti,Siccirubricoccus deserti
Aedoeadaptatus acetigenes,Aedoeadaptatus acetigenes
Moorena bouillonii,Moorena bouillonii
Micromonospora vinacea,Micromonospora vinacea
Pontibacter akesuensis,Pontibacter akesuensis
Marivirga salinae,Marivirga salinae
Vibrio panuliri,Vibrio panuliri
Cytobacillus stercorigallinarum,Cytobacillus stercorigallinarum
Vibrio thalassae,Vibrio thalassae
Allofranklinella schreckenbergeri,Lampropedia schreckenbergeri
Exiguobacterium marinum,Exiguobacterium marinum
Algoriphagus aestuarii,Algoriphagus aestuarii
Thioclava nitratireducens,Thioclava nitratireducens
Anatilimnocola aggregata,Anatilimnocola aggregata
Noviherbaspirillum massiliense,Noviherbaspirillum massiliense
Bradyrhizobium oropedii,Bradyrhizobium oropedii
Evansella clarkii,Evansella clarkii
Phocaeicola oris,Phocaeicola oris
bacterium HR30,HRBIN30 sp002898795
Pseudohaliea sp.,Pseudohaliea sp040217025
Nannocystis poenicansa,Nannocystis poenicansa
Streptomyces pluripotens,Streptomyces pluripotens
Leptospira soteropolitanensis,Leptospira_A soteropolitanensis
Burkholderia catarinensis,Burkholderia catarinensis
Caballeronia zhejiangensis,Caballeronia zhejiangensis
Qipengyuania sphaerica,Qipengyuania sphaerica
Amycolatopsis ultiminotia,Amycolatopsis ultiminotia
Nostocoides vanveenii,Nostocoides_A vanveenii
Alistipes excrementigallinarum,Alistipes excrementigallinarum
uncultured Coraliomargarita,Merdousia sp000438015
Streptococcus pantholopis,Streptococcus pantholopis
Cohnella xylanilytica,Cohnella xylanilytica
Paenibacillus bouchesdurhonensis,Fontibacillus bouchesdurhonensis
Solincola daggyaiensis,Solincola_B daggyaiensis
Parvularcula bermudensis,Parvularcula bermudensis
Adhaeribacter terrigena,Adhaeribacter_A terrigena
Marinobacter mobilis,Marinobacter mobilis
Luteolibacter yonseiensis,Luteolibacter yonseiensis
Psychrobacillus psychrotolerans,Psychrobacillus psychrotolerans
Croceivirga lutea,Croceivirga_A lutea
Flavobacterium ranwuense,Flavobacterium ranwuense
Thermocrinis jamiesonii,Thermocrinis jamiesonii
Clostridiales genomosp.,UBA629 sp005465875
Diplocloster modestus,Diplocloster modestus
Tepidimonas fonticaldi,Tepidimonas fonticaldi
bacterium UBA7470,UBA2334 sp002479815
uncultured Planifilum,Planifilum sp021793745
Prevotella scopos,Prevotella scopos
Oricola thermophila,Oricola thermophila
Agromyces agglutinans,Agromyces agglutinans
Anaerofilum excrementigallinarum,Anaerofilum excrementigallinarum
Faecalibacter macacae,Faecalibacter macacae
Roseospira navarrensis,Rhodospira navarrensis
Algoriphagus iocasae,Algoriphagus iocasae
Olleya namhaensis,Olleya namhaensis
Anaplasma centrale,Anaplasma centrale
Kitasatospora viridis,Kitasatospora viridis
Mucispirillum faecigallinarum,Mucispirillum faecigallinarum
Isoptericola dokdonensis,Isoptericola dokdonensis
Kaistia terrae,Kaistia terrae
Flavobacterium hiemivividum,Flavobacterium hiemivividum
Mariprofundus ferrinatatus,Mariprofundus ferrinatatus
Pseudomonas ekonensis,Pseudomonas_E ekonensis
Alkalimonas cellulosilytica,Alkalimonas cellulosilytica
Andreprevotia chitinilytica,Andreprevotia chitinilytica
Polaribacter dokdonensis,Polaribacter dokdonensis
Paenibacillus cremeus,Paenibacillus_G cremeus
Hominimerdicola aceti,Hominimerdicola aceti
Legionella maioricensis,Legionella maioricensis
Bartonella machadoae,Bartonella machadoae
Pseudomonas hamedanensis,Pseudomonas_E hamedanensis
Streptococcus macacae,Streptococcus macacae
Anaerosolibacter carboniphilus,Anaerosolibacter carboniphilus
Aphodomorpha intestinavium,Aphodomorpha intestinavium
Microbacterium phycohabitans,Microbacterium phycohabitans
Kutzneria chonburiensis,Kutzneria chonburiensis
Crossiella cryophila,Crossiella cryophila
Psychrobacter lutiphocae,Psychrobacter lutiphocae
Vreelandella azerica,Vreelandella azerica
Nocardioides jensenii,Nocardioides jensenii
Alkaliphilus flagellatus,Alkaliphilus_B flagellatus
Methylophaga lonarensis,Methylophaga lonarensis
Micromonospora humi,Micromonospora humi
Tessaracoccus massiliensis,Arachnia massiliensis_A
Mesomycoplasma flocculare,Mesomycoplasma flocculare
Spirosoma endophyticum,Spirosoma endophyticum
Mycoplasma seminis,Mycoplasmopsis seminis
Psychrobacter pygoscelis,Psychrobacter pygoscelis
Tsukamurella pulmonis,Tsukamurella pulmonis
Enterococcus crotali,Enterococcus crotali
Mycolicibacterium xanthum,Mycobacterium xanthum
Thermobifida halotolerans,Thermobifida halotolerans
Pontibacter aquaedesilientis,Pontibacter aquaedesilientis
Staphylococcus caeli,Staphylococcus caeli
Clostridium malenominatum,Clostridium_AW malenominatum
Thioclava marina,Thioclava marina
Algimonas porphyrae,Litorimonas porphyrae
Aeromonas encheleia,Aeromonas encheleia
Streptomyces xiamenensis,Streptomyces xiamenensis
Flavobacterium filum,Flavobacterium filum
Flavobacterium glycines,Flavobacterium glycines
Pelobium manganitolerans,Pelobium manganitolerans
Peptostreptococcus canis,Peptostreptococcus canis
Enterousia scatequi,Enterousia scatequi
Agathobaculum intestinipullorum,Agathobaculum intestinipullorum
Xenorhabdus thuongxuanensis,Xenorhabdus thuongxuanensis
Lactiplantibacillus songbeiensis,Lactiplantibacillus songbeiensis
Agrobacterium rosae,Agrobacterium rosae
Mesobacillus harenae,Mesobacillus_A harenae
Bombiscardovia apis,Bombiscardovia apis
Sphingobium amiense,Sphingobium amiense
Mariluticola halotolerans,Mariluticola halotolerans
Chryseobacterium turcicum,Chryseobacterium turcicum
Zymobacter palmae,Zymobacter palmae
Cryobacterium roopkundense,Cryobacterium roopkundense
Muricomes intestini,Muricomes intestini
Stappia albiluteola,Hongsoonwoonella albiluteola
Syntrophothermus lipocalidus,Syntrophothermus lipocalidus
Roseivivax marinus,Roseivivax marinus
Nonomuraea rhodomycinica,Nonomuraea rhodomycinica
Pseudidiomarina marina,Pseudidiomarina marina
Macrococcus epidermidis,Macrococcoides epidermidis
Streptomyces iakyrus,Streptomyces iakyrus
Alcaligenes pakistanensis,Alcaligenes pakistanensis
Galligastranaerophilus intestinavium,Galligastranaerophilus intestinavium
Undibacterium cyanobacteriorum,Undibacterium cyanobacteriorum
Limosilactobacillus urinaemulieris,Limosilactobacillus urinaemulieris
Acinetobacter larvae,Acinetobacter larvae
Clostridium tetanomorphum,Clostridium_AO tetanomorphum
Oscillibacter pullicola,Oscillibacter pullicola
Geobacillus zalihae,Geobacillus zalihae
Geoalkalibacter subterraneus,Geoalkalibacter_A subterraneus
Paenochrobactrum gallinarii,Paenochrobactrum gallinarii
Gemmata palustris,Gemmata palustris
Anaerococcus murdochii,Anaerococcus murdochii
uncultured Tepidamorphus,Microbaculum sp905479765
Paracoccus jeotgali,Paracoccus jeotgali
Leptolyngbya foveolarum,Phormidesmis foveolarum
Caldicellulosiruptor acetigenus,Caldicellulosiruptor acetigenus
Amycolatopsis acididurans,Amycolatopsis acididurans
Ulvibacterium sp.,Ulvibacterium sp028285715
uncultured Absicoccus,Absicoccus sp000434355
uncultured Uliginosibacterium,Niveibacterium sp945957295
Cacconaster scatequi,Cacconaster scatequi
Gordonia prachuapensis,Gordonia prachuapensis
Haemophilus felis,Pasteurella felis
Xanthomonas hydrangeae,Xanthomonas hydrangeae
Vagococcus acidifermentans,Vagococcus_B acidifermentans
Hydrogenovibrio kuenenii,Hydrogenovibrio kuenenii
Scatomonas pullistercoris,Scatomonas pullistercoris
Baileyella intestinalis,Baileyella intestinalis
Marinobacter guineae,Marinobacter guineae
Sphingobium nicotianae,Sphingobium nicotianae
Bacteroidetes oral,F0058 sp000163695
Aquirhabdus parva,Aquirhabdus parva
Flexifilum breve,Flexifilum breve
uncultured Thermomicrobium,Thermomicrobium sp938028665
Cysteiniphilum halobium,Cysteiniphilum halobium
Actinoplanes subtropicus,Actinoplanes subtropicus
Motilimonas eburnea,Motilimonas eburnea
Magnetospirillum aberrantis,Magnetospirillum aberrantis
Phytomonospora endophytica,Phytomonospora endophytica
Aetokthonos hydrillicola,Aetokthonos hydrillicola
Rhodoplanes elegans,Rhodoplanes elegans
Absicoccus porci,Absicoccus porci
Streptomyces cylindrosporus,Streptomyces cylindrosporus
Elioraea tepidiphila,Elioraea tepidiphila
Nakamurella flavida,Nakamurella flavida
Sodalis glossinidius,Sodalis glossinidius
Chitinimonas prasina,Chitinimonas prasina
Actinomyces wuliandei,Actinomyces wuliandei
Chryseobacterium arachidis,Chryseobacterium arachidis
Phycicoccus avicenniae,Phycicoccus avicenniae
Aerococcus urinaehominis,Aerococcus urinaehominis
Helicobacter mustelae,Helicobacter_H mustelae
Eremococcus coleocola,Eremococcus coleocola
Desulfopertinax cowenii,Desulfopertinax cowenii
Limosilactobacillus intestinavium,Limosilactobacillus intestinavium
uncultured Bythopirellula,Bythopirellula sp963935315
Crassaminicella thermophila,Crassaminicella_A thermophila
Sphingomonas alpina,Sphingomonas alpina
Xenorhabdus mauleonii,Xenorhabdus mauleonii
Flavobacterium akiainvivens,Flavobacterium akiainvivens
Sphingobacterium paucimobilis,Sphingobacterium paucimobilis
Chryseobacterium muglaense,Chryseobacterium muglaense
Pseudomonas lactucae,Pseudomonas_E lactucae
Nanosynbacteraceae bacterium,JBHAEP01 sp041855665
Hydrogenibacillus schlegelii,Hydrogenibacillus schlegelii
Microsyncoccus archaeolyticus,Microsyncoccus archaeolyticus
Ventricola gallistercoris,Ventricola gallistercoris
Nonlabens marinus,Nonlabens marinus
Flavobacterium ammonificans,Flavobacterium ammonificans
Qipengyuania aestuarii,Qipengyuania aestuarii
Paraburkholderia atlantica,Paraburkholderia atlantica
uncultured Apibacter,Apibacter sp945280365
Pseudoxanthomonas composti,Pseudoxanthomonas_A composti
Bacillus benzoevorans,Bacillus_BD benzoevorans
Herbaspirillum chlorophenolicum,Herbaspirillum chlorophenolicum
Pseudarthrobacter polychromogenes,Arthrobacter polychromogenes
Winogradskya consettensis,Actinoplanes consettensis
Actinopolymorpha pittospori,Actinopolymorpha pittospori
Oceanobacter kriegii,Oceanobacter kriegii
Sneathiella limimaris,Sneathiella limimaris
Sinomonas humi,Sinomonas humi
Planococcus plakortidis,Planococcus plakortidis
Cottocaccamicrobium excrementipullorum,Caccovicinus excrementipullorum
Hopanoidivorans cymbastelae,Hopanoidiivorans cymbastelae
Roseofilum halophilum,Roseofilum halophilum
Dietzia psychralcaliphila,Dietzia psychralcaliphila
Nonomuraea lactucae,Nonomuraea lactucae
Bifidobacterium polysaccharolyticum,Bombiscardovia polysaccharolytica
Actinomadura meyerae,Spirillospora meyerae
Metabacillus sediminilitoris,Metabacillus sediminilitoris
Marinibacterium profundimaris,Marinibacterium profundimaris
Polynucleobacter brandtiae,Polynucleobacter brandtiae
Streptomyces gossypii,Streptomyces gossypii
Thermokryptus mobilis,Kryptonium mobile
Alkalicoccobacillus porphyridii,Alkalicoccobacillus porphyridii
Arsenophonus nilaparvatae,Arsenophonus nilaparvatae
Sunxiuqinia elliptica,Sunxiuqinia elliptica
Hallerella succinigenes,Hallerella succinigenes
Frankineae bacterium,MT45 sp900100325
Hydrogenophaga aromaticivorans,Hydrogenophaga aromaticivorans
Pannonibacter carbonis,Pannonibacter carbonis
Legionella micdadei,Tatlockia micdadei
Salinivibrio proteolyticus,Salinivibrio proteolyticus
Enterobacter wuhouensis,Enterobacter wuhouensis
Chlamydia avium,Chlamydophila avium
Minicystis rosea,Minicystis rosea
Desulfuromonas acetexigens,Trichloromonas acetexigens
Bacillus australimaris,Bacillus australimaris
Lapidilactobacillus luobeiensis,Lapidilactobacillus luobeiensis
Cytophaga aurantiaca,Cytophaga aurantiaca
Listeria grayi,Listeria grayi
Psychrobacter fozii,Psychrobacter fozii
Mucilaginibacter aquariorum,Mucilaginibacter aquariorum
Profundibacterium mesophilum,Profundibacterium mesophilum
Stenomitos rutilans,Stenomitos rutilans
Croceicoccus marinus,Croceicoccus marinus
Desulfoferula mesophila,Desulfoferula mesophila
Sporolactobacillus pectinivorans,Sporolactobacillus pectinivorans
Aquimarina spongiae,Aquimarina spongiae
Fortiea contorta,Fortiea contorta
uncultured Fusobacteriota,UBA816 sp002313635
uncultured Methylocucumis,Methylovulum sp963923905
Ornithinimicrobium cryptoxanthini,Ornithinicoccus cryptoxanthini
Rhodohalobacter mucosus,Rhodohalobacter mucosus
Tetzosporium hominis,Chryseomicrobium hominis
Selenomonas caprae,Selenomonas_A caprae
Manganitrophus sp.,Manganitrophus sp028865235
Moritella dasanensis,Moritella dasanensis
Hymenobacter ginsengisoli,Hymenobacter ginsengisoli
Mucilaginibacter mallensis,Mucilaginibacter mallensis
Polynucleobacter corsicus,Polynucleobacter corsicus
Lactobacillus rodentium,Lactobacillus rodentium
Streptococcus phocae,Streptococcus phocae
Rhizobium wuzhouense,Allorhizobium wuzhouense
Shewanella marisflavi,Shewanella marisflavi
Burkholderia verschuerenii,Caballeronia verschuerenii
Corynebacterium breve,Corynebacterium breve
Haploplasma axanthum,Haploplasma axanthum
Caldanaerobius polysaccharolyticus,Caldanaerobius polysaccharolyticus
Actinomadura craniellae,Actinomadura_D craniellae
Capnocytophaga catalasegens,Capnocytophaga catalasegens
Paracoccus aerodenitrificans,Paracoccus aerodenitrificans
Desulfovibrio gallistercoris,Desulfovibrio gallistercoris
Parabeggiatoa communis,Parabeggiatoa communis
Tessaracoccus caeni,Arachnia caeni
Diaminobutyricimonas aerilata,Diaminobutyricimonas aerilata
Amycolatopsis alba,Amycolatopsis alba
Bifidobacterium bombi,Bifidobacterium bombi
Fodinibius sediminis,Fodinibius sediminis
Weimeria bifida,Weimeria bifida
Hwangdonia lutea,Hwangdonia lutea
Euzebya rosea,Euzebya rosea
Roseivirga misakiensis,Roseivirga misakiensis
Riesia pediculischaeffi,Riesia pediculischaeffi
Streptomyces thermolilacinus,Streptomyces thermolilacinus
Shewanella decolorationis,Shewanella decolorationis
Nitrosococcus oceani,Nitrosococcus oceani
Azoarcus olearius,Azoarcus olearius
Aquirufa nivalisilvae,Aquirufa nivalisilvae
Paenarthrobacter histidinolovorans,Arthrobacter histidinolovorans
Methylobacterium crusticola,Methylobacterium crusticola
Marinobacter profundi,Marinobacter profundi
Bifidobacterium saguini,Bifidobacterium saguini
Agrococcus terreus,Agrococcus terreus
Hippea maritima,Hippea maritima
Anoxybacillus caldiproteolyticus,Anoxybacillus_C caldiproteolyticus
Marinobacter confluentis,Marinobacter confluentis
Roseibaca domitiana,Roseinatronobacter domitianus
Streptosporangium lutulentum,Streptosporangium lutulentum
Defluviimonas denitrificans,Albidovulum denitrificans
Cerasicoccus frondis,Cerasicoccus frondis
Fructilactobacillus ixorae,Fructilactobacillus ixorae
Saccharothrix obliqua,Actinosynnema obliqua
Fictibacillus terranigra,Fictibacillus_C terrinigri
Shewanella glacialimarina,Shewanella glacialimarina
Nostoc commune,Nostoc commune
uncultured Paracraurococcus,CAITYE01 sp903896535
Flectobacillus roseus,Flectobacillus roseus
Kiritimatiellaeota bacterium,UBA6053 sp029269125
Cytobacillus pseudoceanisediminis,Cytobacillus pseudoceanisediminis
Desulfacyla euxinica,Desulfacyla euxinica
Acinetobacter ihumii,Acinetobacter ihumii
Brotomerdimonas butyrica,Lentihominibacter butyricus
Pontibacter roseus,Pontibacter roseus
Pseudoroseomonas oryzae,Pseudoroseomonas oryzae
Leptospira ellisii,Leptospira ellisii
Marinobacter sediminicola,Marinobacter sediminicola
Flavobacterium psychraquaticum,Flavobacterium psychraquaticum
Clostridium zeae,Clostridium_AR zeae
Streptomyces alfalfae,Streptomyces alfalfae
Rahnella laticis,Rahnella laticis
Sulfurospirillum multivorans,Sulfurospirillum multivorans
Acetobacter lovaniensis,Acetobacter lovaniensis
Williamsia serinedens,Williamsia_A serinedens
Lactobacillus xujianguonis,Lactobacillus xujianguonis
Shewanella surugensis,Shewanella surugensis
Erysipelothrix tonsillarum,Erysipelothrix tonsillarum
Actinomadura keratinilytica,Spirillospora keratinilytica
Flavobacterium defluvii,Flavobacterium defluvii
Cellulosimicrobium marinum,Cellulosimicrobium marinum
Ventrousia excrementavium,Ventrousia excrementavium
Bacteroides zoogleoformans,Bacteroides zoogleoformans
Choladousia intestinigallinarum,Choladousia intestinigallinarum
Vibrio bathopelagicus,Vibrio bathopelagicus
Alistipes pullicola,Alistipes_A pullicola
Flavobacterium cyclinae,Flavobacterium cyclinae
Gillisia limnaea,Gillisia limnaea
Anaplasma capra,Anaplasma capra
Nocardia donostiensis,Nocardia donostiensis
Frondihabitans sucicola,Frondihabitans sucicola
Maricaulis alexandrii,Maricaulis alexandrii
Mycolicibacterium thermoresistibile,Mycobacterium thermoresistibile
Pseudonocardia kujensis,Pseudonocardia kujensis
Kingella pumchi,Kingella_D pumchi
Christiangramia forsetii,Christiangramia forsetii
Aveggerthella excrementigallinarum,Aveggerthella excrementigallinarum
Avamphibacillus intestinigallinarum,Avamphibacillus intestinigallinarum
Microbacterium telephonicum,Microbacterium telephonicum
Halanaerobium kushneri,Halanaerobium kushneri
Paeniglutamicibacter sulfureus,Paeniglutamicibacter sulfureus
Corynebacterium deserti,Corynebacterium deserti
Tenacibaculum tangerinum,Tenacibaculum tangerinum
Methylococcus geothermalis,Methylococcus geothermalis
Winogradskyella eximia,Winogradskyella eximia
Shewanella halotolerans,Shewanella halotolerans
Metamycoplasma spumans,Metamycoplasma spumans
Hephaestia sp.,Sphingomonas sp023806085
Devosia psychrophila,Devosia psychrophila
uncultured Methyloligella,HXMU1428-3 sp964022745
Corynebacterium avicola,Corynebacterium avicola
Calescibacterium nevadense,Calescibacterium nevadense
Paenibacillus albicereus,Paenibacillus_O albicereus
Echinicola marina,Echinicola marina
Streptomyces lasiicapitis,Streptomyces lasiicapitis
Salinisphaera hydrothermalis,Salinisphaera hydrothermalis
Croceifilum oryzae,Baia oryzae
Levilactobacillus suantsaii,Levilactobacillus suantsaii
Mycobacterium florentinum,Mycobacterium florentinum
Chitinophaga vietnamensis,Chitinophaga vietnamensis
Ideonella aquatica,Ideonella aquatica
Saccharomonospora cyanea,Saccharomonospora cyanea
Inhella gelatinilytica,Inhella gelatinilytica
Parendomicrobium reticulitermitis,Parendomicrobium reticulitermitis
Phocaeicola faecipullorum,Phocaeicola faecipullorum
Legionella busanensis,Legionella_C busanensis
Vreelandella nigrificans,Vreelandella nigrificans
Profundicola chukchiensis,Profundicola chukchiensis
Dietzia intestinigallinarum,Dietzia intestinigallinarum
Gallilactobacillus intestinavium,Gallilactobacillus intestinavium
Limosilactobacillus faecipullorum,Limosilactobacillus faecipullorum
Zobellia alginiliquefaciens,Zobellia alginiliquefaciens
Paracoccus seriniphilus,Paracoccus seriniphilus
Belliella kenyensis,Belliella kenyensis
Enterococcus plantarum,Enterococcus plantarum
Levilactobacillus lindianensis,Levilactobacillus lindianensis
Pseudonocardia acidicola,Pseudonocardia acidicola
Aurantiacibacter odishensis,Aurantiacibacter odishensis
Sanguibacter gelidistatuariae,Sanguibacter gelidistatuariae
Larkinella punicea,Larkinella punicea
Mesonia aestuariivivens,Mesonia aestuariivivens
Phytobacter palmae,Phytobacter palmae
Haloferula sargassicola,Haloferula sargassicola
Maribacter polysiphoniae,Maribacter_A polysiphoniae
Actinomyces glycerinitolerans,Actinomyces glycerinitolerans
Thiorhodovibrio frisius,Thiorhodovibrio frisius
Mycobacterium branderi,Mycobacterium branderi
Rhizobium redzepovicii,Rhizobium redzepovicii
Snodgrassella gandavensis,Snodgrassella gandavensis
Ruthia magnifica,Ruthia calyptogenae
Inediibacterium massiliense,Inediibacterium massiliense
Bifidobacterium simiiventris,Bifidobacterium simiiventris
Actinomycetospora straminea,Actinomycetospora straminea
uncultured Desulfarculaceae,JACRDC01 sp937908275
Sphaerisporangium cinnabarinum,Cellulosimicrobium cinnabarinum
Lactiplantibacillus plajomi,Lactiplantibacillus plajomi
Mesorhizobium vachelliae,Mesorhizobium vachelliae
Rosistilla oblonga,Rosistilla oblonga
Orrella daihaiensis,Algicoccus daihaiensis
Methylosinus trichosporium,Methylosinus trichosporium
Zavarzinia aquatilis,Zavarzinia aquatilis
Bradyrhizobium nanningense,Bradyrhizobium nanningense
Pseudopelagicola sp.,Shimia sp026195905
Devosia nanyangense,Devosia_A nanyangense
Gilliamella bombi,Gilliamella bombi
Chelativorans xinjiangense,Chelativorans xinjiangense
Amycolatopsis japonica,Amycolatopsis japonica
Alkaliflexus imshenetskii,Alkaliflexus imshenetskii
Enterobacillus tribolii,Enterobacillus tribolii
Ramlibacter cellulosilyticus,Ramlibacter cellulosilyticus
Agrobacterium arsenijevicii,Agrobacterium arsenijevicii
Litorihabitans aurantiacus,Litorihabitans aurantiacus
uncultured Rickettsiella,Aquirickettsiella sp947058615
Endobugula sertula,Endobugula sertula
Mycoplasma haematohominis,Eperythrozoon_B haematohominis
Stercoripulliclostridium merdipullorum,Stercoripulliclostridium merdipullorum
Streptomyces candidus,Streptomyces candidus
Peptoniphilus obesi,Peptoniphilus_E obesi
Phreatobacter aquaticus,Phreatobacter aquaticus
Lactiplantibacillus fabifermentans,Lactiplantibacillus fabifermentans
Rhizobium favelukesii,Rhizobium favelukesii
Gimesia panareensis,Gimesia panareensis
Frigoribacterium endophyticum,Frigoribacterium endophyticum
Polymorphobacter multimanifer,Sandarakinorhabdus multimanifer
Rhizobium populisoli,Neorhizobium populisoli
Pedobacter flavus,Pedobacter flavus
Paracidovorax valerianellae,Paracidovorax valerianellae
Acidovorax lacteus,Acidovorax_G lacteus
Corynebacterium resistens,Corynebacterium resistens
Thalassoroseus pseudoceratinae,Thalassoroseus pseudoceratinae
Salinimicrobium marinum,Salinimicrobium marinum
Sphingobium estronivorans,Sphingobium estronivorans
Helicobacter mehlei,Helicobacter_E mehlei
Mycobacterium spongiae,Mycobacterium spongiae
Evtepia faecigallinarum,Evtepia faecigallinarum
Clostridium mediterraneense,Sarcina mediterraneense
Roseicitreum antarcticum,Roseicitreum antarcticum
Jiella pelagia,Jiella pelagia
Duganella margarita,Duganella margarita
Flavobacterium sandaracinum,Flavobacterium sandaracinum
Thioalkalivibrio thiocyanoxidans,Thioalkalivibrio thiocyanoxidans
Limnohabitans parvus,Limnohabitans_A parvus
Collimonas rhizosphaerae,Collimonas rhizosphaerae
Agromyces luteolus,Agromyces luteolus
Micromonospora chaiyaphumensis,Micromonospora chaiyaphumensis
Croceicoccus esteveae,Croceicoccus esteveae
Desulfovulcanus ferrireducens,Desulfovulcanus ferrireducens
Pararhizobium antarcticum,Pararhizobium antarcticum
Clavibacter cf.,Clavibacter sp021919125
Vibrio alfacsensis,Vibrio alfacsensis
Cryptosporangium minutisporangium,Cryptosporangium minutisporangium
Aeromicrobium phragmitis,Aeromicrobium phragmitis
Sphingomonas edaphi,Sphingomicrobium edaphi
Arthrobacter psychrochitiniphilus,Specibacter psychrochitiniphilus
Ohtaekwangia koreensis,Ohtaekwangia koreensis
Lacipirellula parvula,Lacipirellula parvula
Fenollaria sporofastidiosus,Fenollaria sporofastidiosus
Dehalogenimonas etheniformans,Dehalogenimonas etheniformans
Clostridium polynesiense,Clostridium_AA polynesiense
Novosphingobium marinum,Novosphingobium marinum
Deinococcus apachensis,Deinococcus apachensis
Thermoanaerobacter uzonensis,Thermoanaerobacter uzonensis
Vibrio proteolyticus,Vibrio proteolyticus
Scatomorpha stercorigallinarum,Scatomorpha stercorigallinarum
Aliicoccus sp.,Aliicoccus sp041838435
Myroides oncorhynchi,Flavobacterium oncorhynchi_A
Sphingobacterium arenae,Sphingobacterium arenae
Paenibacillus baekrokdamisoli,Paenibacillus_Z baekrokdamisoli
Thermatribacter velox,Thermatribacter velox
Novosphingobium indicum,Novosphingobium indicum
Flavobacterium hercynium,Flavobacterium hercynium
Tamlana haliotis,Tamlana_A haliotis
Bartonella clarridgeiae,Bartonella clarridgeiae
Albibeggiatoa psychrophila,Albibeggiatoa psychrophila
Roseivirga ehrenbergii,Roseivirga ehrenbergii
Pseudoruegeria aquimaris,Pseudoruegeria aquimaris
Gloeomargaritaceae cyanobacterium,JACYLR01 sp015272465
Hyphomicrobium nitrativorans,Hyphomicrobium_C nitrativorans
Salegentibacter lacus,Salegentibacter lacus
Galbitalea soli,Galbitalea soli
Desulforamulus ferrireducens,Desulfotomaculum ferrireducens
Ornithinimicrobium avium,Ornithinimicrobium avium
Bradyrhizobium semiaridum,Bradyrhizobium semiaridum
Klenkia taihuensis,Klenkia taihuensis
Hymenobacter terrenus,Hymenobacter terrenus
Alloiococcus otitis,Alloiococcus otitis
Pseudomonas pergaminensis,Pseudomonas_E pergaminensis
Kangiella taiwanensis,Kangiella taiwanensis
Pectinatus frisingensis,Pectinatus frisingensis
Nocardiopsis chromatogenes,Nocardiopsis_A chromatogenes
Leptobacterium sp.,JBBEXE01 sp037645805
Clostridium diolis,Clostridium beijerinckii
Nocardia jejuensis,Nocardia jejuensis
Trichothermofontia sichuanensis,Trichothermofontia sichuanensis
Clostridium hydrogenum,Clostridium_S hydrogenum
uncultured Thalassospiraceae,UBA4479 sp040218645
Empedobacter haloabium,Pseudoduganella haloabia
Thiorhodospira sibirica,Thiorhodospira sibirica
Modestobacter muralis,Modestobacter muralis
Paractinoplanes aksuensis,Actinoplanes aksuensis
Shumkonia mesophila,Shumkonia mesophila
Halomonas eurihalina,Halomonas eurihalina
Dethiosulfovibrio salsuginis,Dethiosulfovibrio salsuginis
Umezawaea beigongshangensis,Umezawaea_A beigongshangensis
Rhodococcus coprophilus,Rhodococcus coprophilus
Shewanella metallivivens,Shewanella metallivivens
Roseibaca calidilacus,Roseinatronobacter calidilacus
Nocardioides marinisabuli,Nocardioides marinisabuli
Mucilaginibacter celer,Mucilaginibacter celer
Pseudodesulfovibrio portus,Pseudodesulfovibrio portus
Bifidobacterium mellis,Bombiscardovia mellis
Tsuneonella aeria,Tsuneonella aeria
Corynebacterium pilosum,Corynebacterium pilosum
Leeuwenhoekiella nanhaiensis,Leeuwenhoekiella nanhaiensis
Duganella zoogloeoides,Duganella zoogloeoides
Cytobacillus purgationiresistens,Cytobacillus purgationiresistens
Bavariicoccus seileri,Bavariicoccus seileri
Zavarzinia compransoris,Zavarzinia compransoris
Peptoclostridium litorale,Peptoclostridium litorale
Lysinibacillus yapensis,Ureibacillus yapensis
Nitrosophilus labii,Nitrosophilus_A labii
Bombiscardovia nodaiensis,Bombiscardovia nodaiensis
Kordia algicida,Kordia algicida
Marinobacter daqiaonensis,Marinobacter daqiaonensis
Azohydromonas australica,Azohydromonas australica
Moraxella cuniculi,Moraxella cuniculi
Neomicrococcus lactis,Neomicrococcus lactis
Micromonospora inositola,Micromonospora inositola
Amphibacillus marinus,Amphibacillus_D marinus
Acinetobacter geminorum,Acinetobacter geminorum
Catenovulum maritimum,Catenovulum maritimum
Actibacterium lipolyticum,Actibacterium_A lipolyticum
Sinosporangium siamense,Sinosporangium siamense
Pseudovibrio ascidiaceicola,Pseudovibrio ascidiaceicola
Marinihelvus fidelis,Marinihelvus fidelis
Maribacter antarcticus,Maribacter antarcticus
Aedoeadaptatus coxii,Aedoeadaptatus coxii
Desulfacinum infernum,Desulfacinum infernum
Litoribacter ruber,Litoribacter ruber
Thermosynergistes sp.,Thermosynergistes sp001508935
Methylobacterium pseudosasicola,Methylobacterium pseudosasicola
uncultured Chloroflexaceae,CAKZQX01 sp937141995
Avidehalobacter gallistercoris,Avidehalobacter gallistercoris
Hymenobacter nitidus,Hymenobacter nitidus
Sphingomonas pituitosa,Sphingomonas pituitosa
Actinoplanes italicus,Actinoplanes italicus
Actinomadura coerulea,Spirillospora coerulea
Prevotella dentasini,Prevotella dentasini
Sphingomonas qomolangmaensis,Sphingomonas qomolangmaensis
Flavobacterium crocinum,Flavobacterium crocinum
Thauera humireducens,Thauera humireducens
Arthrobacter bussei,Arthrobacter_D bussei
Altericroceibacterium indicum,Altericroceibacterium indicum
Hoyosella rhizosphaerae,Lolliginicoccus rhizosphaerae
Pseudoduganella violaceinigra,Pseudoduganella violaceinigra
Sporosarcina limicola,Sporosarcina limicola
Domibacillus iocasae,Domibacillus iocasae
Alcanivorax sediminis,Alcanivorax sediminis
Corynebacterium otitidis,Corynebacterium otitidis
Chlamydia sanziniae,Chlamydophila sanziniae
Geothrix oryzisoli,Geothrix oryzisoli
Corynebacterium kefirresidentii,Corynebacterium kefirresidentii
Arcicella aurantiaca,Arcicella aurantiaca
Prochloron didemni,Prochloron didemni
Enterenecus merdae,Enterenecus merdae
Rhodococcus antarcticus,Rhodococcus_D antarcticus
Stenotrophomonas pictorum,Stenotrophomonas pictorum
Polaribacter glomeratus,Polaribacter glomeratus
Alicycliphilus denitrificans,Alicycliphilus denitrificans
Lewinella cohaerens,Lewinella cohaerens
Anaerococcus ihuae,Anaerococcus ihuae
Chromohalobacter moromii,Chromohalobacter moromii
Polycyclovorans algicola,Polycyclovorans algicola
Megasphaera cerevisiae,Megasphaera cerevisiae
Selenomonas dianae,Centipeda dianae
Alkalihalobacillus pseudalcaliphilus,Alkalihalobacillus pseudalcaliphilus
Caccousia stercoris,Caccousia stercoris
Methylobacterium segetis,Methylobacterium segetis
Streptomyces violaceorubidus,Streptomyces violaceorubidus
Neobacillus citreus,Neobacillus citreus
Microbacterium gorillae,Microbacterium gorillae
Fiminaster equi,Fiminaster equi
Serratia inhibens,Serratia inhibens
Ligilactobacillus excrementavium,Ligilactobacillus excrementavium
Psychrosphaera algicola,Psychrosphaera algicola
Streptomyces siamensis,Streptomyces siamensis
uncultured Thermomicrobiaceae,Thermalbibacter sp938082375
Allobaculum stercoricanis,Allobaculum stercoricanis
Occultella gossypii,Occultella gossypii
Fragaria x,Phytoplasma sp018274325
Pseudomonas helvetica,Pseudomonas_E helvetica
Thermoclostridium stercorarium,Thermoclostridium stercorarium
Treponema medium,Treponema medium
Borreliella finlandensis,Borreliella finlandensis
Blautia ornithocaccae,Blautia ornithocaccae
Bacteroides sedimenti,Bacteroides sedimenti
Bifidobacterium apousia,Bombiscardovia apousia
Sphingomonas leidyi,Sphingomonas leidyi
Paraburkholderia gardini,Paraburkholderia gardini
Marinomonas rhodophyticola,Marinomonas rhodophyticola
Psychroflexus lacisalsi,Psychroflexus lacisalsi
Massilia agrisoli,Telluria agrisoli
Ameyamaea chiangmaiensis,Ameyamaea chiangmaiensis
Macrococcoides goetzii,Macrococcoides goetzii
Hoeflea poritis,Hoeflea_A poritis
Clostridium punense,Clostridium_J punense
Corynebacterium callunae,Corynebacterium callunae
Flavobacterium panacis,Flavobacterium panacis
Shimia marina,Shimia marina
Nocardioides abyssi,Nocardioides abyssi
Stakelama sediminis,Sphingomonas sediminis
Lactobacillus kalixensis,Lactobacillus kalixensis
Cryptobacteroides excrementavium,Cryptobacteroides excrementavium
Raoultibacter timonensis,Raoultibacter timonensis
Salibacter sp.,Salibacter sp031581065
Crocosphaera subtropica,Crocosphaera subtropica
Anaerococcus rubeinfantis,Anaerococcus rubeinfantis
Stomatohabitans albus,Stomatohabitans albus
Persicitalea sp.,Persicitalea sp041751555
Tepidimicrobium sp.,DUNJ01 sp012839395
Hepatoplasma scabrum,Hepatoplasma scabrum
Actinomyces howellii,Actinomyces howellii
Paenibacillus faecis,Fontibacillus faecis
Sellimonas caecigallum,Sellimonas caecigallum
Endomicrobiellum cryptotermitis,Endomicrobiellum cryptotermitis
Pontibacillus salipaludis,Pontibacillus salipaludis
Tepidibacter hydrothermalis,Tepidibacter_A hydrothermalis
Henriciella aquimarina,Henriciella aquimarina
Pseudomonas lalucatii,Pseudomonas_E lalucatii
Actinomyces oricola,Actinomyces oricola
Actinoallomurus purpureus,Actinoallomurus purpureus
Halobacillus massiliensis,Halobacillus_A massiliensis
Brevibacillus humidisoli,Brevibacillus_E humidisoli
Celeribacter ethanolicus,Celeribacter ethanolicus
Pectobacterium wasabiae,Pectobacterium wasabiae
Pseudomonas edaphica,Pseudomonas_E edaphica
Levilactobacillus spicheri,Levilactobacillus spicheri
Actinomadura parmotrematis,Spirillospora parmotrematis
Planococcus halotolerans,Planococcus halotolerans
Actinotalea subterranea,Actinotalea subterranea
Anaerocaecibacter muris,Anaerocaecibacter muris
Sphingobacterium olei,Sphingobacterium olei
Paraburkholderia domus,Paraburkholderia domus
Kineosphaera sp.,Kineosphaera sp039812485
Nocardia mangyaensis,Nocardia mangyaensis
Archangium primigenium,Melittangium primigenium
Alkalibaculum sporogenes,Alkalibaculum_A sporogenes
Streptomyces fumigatiscleroticus,Streptomyces fumigatiscleroticus
Sporolactobacillus vineae,Sporolactobacillus vineae
Anaerobutyricum avicola,Anaerobutyricum avicola
Cognatishimia coralii,Cognatishimia coralii
Mangrovicoccus algicola,Mangrovicoccus algicola
Sphingobium faniae,Sphingobium faniae
Rhodococcus olei,Rhodococcus_G olei
Burkholderia singularis,Burkholderia singularis
Cerasicoccus arenae,Cerasicoccus arenae
Shewanella canadensis,Shewanella canadensis
Thermomonas hydrothermalis,Thermomonas hydrothermalis
Cognatiyoonia koreensis,Cognatiyoonia koreensis
Brucella cytisi,Brucella cytisi
Streptomyces barringtoniae,Streptomyces barringtoniae
Spirosoma taeanense,Spirosoma taeanense
Asanoa siamensis,Asanoa siamensis
Borreliella turdi,Borreliella turdi
Rickettsia hoogstraalii,Rickettsia hoogstraalii
Pseudodesulfovibrio senegalensis,Pseudodesulfovibrio senegalensis
Cryobacterium mannosilyticum,Cryobacterium mannosilyticum
Aromatoleum petrolei,Aromatoleum petrolei
Geobacillus icigianus,Geobacillus icigianus
Halalkalibacter wakoensis,Halalkalibacter wakoensis
Botrimarina colliarenosi,Botrimarina colliarenosi
Bacillus thermotolerans,Quasibacillus thermotolerans
Legionella impletisoli,Legionella_A impletisoli
Desulfovibrio ferrophilus,Desulfovibrio_Q ferrophilus
Rheinheimera lutimaris,Rheinheimera lutimaris
Jejuia pallidilutea,Jejuia pallidilutea
Pseudomonas nabeulensis,Pseudomonas_E nabeulensis
Vreelandella zhaodongensis,Vreelandella zhaodongensis
Spartinivicinus ruber,Spartinivicinus ruber
Novosphingobium decolorationis,Novosphingobium decolorationis
Nitratiruptor tergarcus,Nitratiruptor tergarcus
Heliomicrobium gestii,Heliomicrobium gestii
Streptococcus himalayensis,Streptococcus himalayensis
Lentilactobacillus parafarraginis,Lentilactobacillus parafarraginis
Kordiimonas lacus,Kordiimonas lacus
Arenimonas maotaiensis,Arenimonas maotaiensis
Paenibacillus flagellatus,Paenibacillus_AB flagellatus
Billgrantia kenyensis,Billgrantia kenyensis
Thioalkalivibrio nitratireducens,Thioalkalivibrio nitratireducens
Paraburkholderia haematera,Paraburkholderia haematera
Lactococcus nasutitermitis,Lactococcus nasutitermitis
Pseudoduganella danionis,Duganella danionis
Salinimonas iocasae,Alteromonas iocasae
Paraglaciecola marina,Paraglaciecola marina
Treponema putidum,Treponema_B putidum
Streptomyces luteolifulvus,Streptomyces luteolifulvus
Leptospira andrefontaineae,Leptospira_B andrefontaineae
Streptosporangium pseudovulgare,Streptosporangium pseudovulgare
Roseivivax sediminis,Roseivivax sediminis
Enterousia avistercoris,Enterousia avistercoris
Mesorhizobium sangaii,Mesorhizobium sangaii
Albibacterium bauzanense,Albibacterium bauzanense
Clavibacter capsici,Clavibacter capsici
Thalassospira permensis,Thalassospira xiamenensis
Ornithinicoccus halotolerans,Ornithinicoccus_A halotolerans
Vibrio qingdaonensis,Vibrio qingdaonensis
Acinetobacter equi,Acinetobacter equi
Marinomonas ushuaiensis,Marinomonas ushuaiensis
Deinococcus humi,Deinococcus humi
Halobacillus karajensis,Halobacillus karajensis
Rubrobacter radiotolerans,Rubrobacter radiotolerans
Shewanella carassii,Shewanella carassii
Stutzerimonas nosocomialis,Stutzerimonas nosocomialis
Flavobacterium oncorhynchi,Flavobacterium oncorhynchi
Flavobacterium bizetiae,Flavobacterium bizetiae
Rhodomicrobium udaipurense,Rhodomicrobium udaipurense
Listeria rocourtiae,Listeria_A rocourtiae
Streptomyces hyaluromycini,Streptomyces hyaluromycini
Neomelitea salexigens,Spongiibacter marinus_A
Collinsella stercoripullorum,Collinsella stercoripullorum
Hydrogenispora sp.,Capillibacterium sp012837705
Mesorhizobium abyssinicae,Mesorhizobium abyssinicae
Thiomicrorhabdus marina,Thiomicrorhabdus marina
Dyella caseinilytica,Dyella_B caseinilytica
Allosphingosinicella vermicomposti,Allosphingosinicella vermicomposti
Pseudorhodoferax aquiterrae,Pseudorhodoferax aquiterrae
Sphingobium bisphenolivorans,Sphingobium bisphenolivorans
Epilithonimonas hungarica,Epilithonimonas hungarica
Bradyrhizobium glycinis,Bradyrhizobium glycinis
Mediterraneibacter faecavium,Mediterraneibacter faecavium
Clostridium asparagiforme,Enterocloster asparagiformis
Flavobacterium franklandianum,Flavobacterium franklandianum
Oxalobacter vibrioformis,Oxalobacter vibrioformis
Bacillus arachidis,Bacillus_A arachidis
Micrococcus flavus,Micrococcus flavus
Membranihabitans maritimus,Membranihabitans maritimus
Micromonospora violae,Micromonospora violae
Coprovicinus avistercoris,Coprovicinus avistercoris
Omnitrophus magneticus,Omnitrophus_A magneticus
Neolewinella agarilytica,Neolewinella agarilytica
Sphingomonas suaedae,Sphingomonas suaedae
Phragmitibacter sp.,JANYJH01 sp025361865
Accumulibacter contiguus,Accumulibacter contiguus
Plastoroseomonas arctica,Plastoroseomonas arctica
Microlunatus antarcticus,Friedmanniella antarctica
Aquicella lusitana,Aquicella lusitana
Paenibacillus wenxiniae,Paenibacillus_J wenxiniae
uncultured Hydrogenophilales,Thiobacillus sp001897705
Neisseria zalophi,Neisseria zalophi
Falsiroseomonas oryzae,Falsiroseomonas oryzae
Streptomyces kanamyceticus,Streptomyces kanamyceticus
Bianquea renquensis,Bianquea renquensis
Alkalibacterium olivapovliticus,Alkalibacterium olivapovliticum
Caloranaerobacter azorensis,Caloranaerobacter azorensis
Pinibacter soli,Pinibacter soli
Nocardiopsis flavescens,Nocardiopsis flavescens
Borreliella tanukii,Borreliella tanukii
Polynucleobacter parvulilacunae,Polynucleobacter parvulilacunae
Hypericibacter terrae,Hypericibacter terrae
Paracoccus lichenicola,Paracoccus lichenicola
Actinocrinis puniceicyclus,Actinocrinis puniceicyclus
Chromatocurvus sp.,Chromatocurvus sp041685155
Fulvimonas yonginensis,Frateuria_A yonginensis
Desulfatifera sulfidica,Desulfatifera sulfidica
Sphingomicrobium marinum,Sphingomicrobium marinum
Bacillus gaemokensis,Bacillus_A gaemokensis
Streptomyces synnematoformans,Streptomyces synnematoformans
Propionibacterium acidifaciens,Propionibacterium acidifaciens
Villigracilis adiacens,Villigracilis adiacens
Dehalobacterium formicoaceticum,Dehalobacterium formicoaceticum
Pontixanthobacter aestiaquae,Pontixanthobacter aestiaquae
Pseudomonas cerasi,Pseudomonas_E cerasi
Acididesulfobacillus acetoxydans,Acididesulfobacillus acetoxydans
Neptuniibacter caesariensis,Neptuniibacter caesariensis
Gaiella occulta,Gaiella occulta
Cupriavidus nantongensis,Cupriavidus nantongensis
Neisseria animalis,Neisseria animalis
Chimaeribacter coloradensis,Chimaeribacter coloradensis
Promicromonospora thailandica,Promicromonospora thailandica
Viridibacillus arvi,Viridibacillus arvi
Corynebacterium suedekumii,Corynebacterium suedekumii
Youngiibacter multivorans,Youngiibacter multivorans
Nitratireductor basaltis,Chelativorans basaltis
Erwinia pyri,Erwinia pyri
Pantoea astica,Pantoea astica
Oceanicella sp.,Paroceanicella sp003448965
Niabella drilacis,Niabella drilacis
Heyndrickxia camelliae,Margalitia camelliae
Vibrio sinus,Vibrio sinus
Pararobbsia alpina,Pararobbsia alpina
Sulfuriferula plumbiphila,Sulfuriferula plumbiphila
Raskinella chloraquaticus,Raskinella chloraquaticus
uncultured Lawsonella,Lawsonella sp018376445
Paraglaciecola polaris,Paraglaciecola polaris
Brevibacterium gallinarum,Brevibacterium gallinarum
Flintibacter faecis,Lawsonibacter faecis_A
Heritagella caecorum,Heritagella caecorum
Roseivirga thermotolerans,Roseivirga thermotolerans
Brevibacterium jeotgali,Brevibacterium jeotgali
Paracraurococcus ruber,Paracraurococcus ruber
Mobilicoccus caccae,Mobilicoccus caccae
Akkermansia intestinavium,Akkermansia intestinavium
uncultured Actinomycetospora,Actinomycetospora sp902805495
Chordicoccus furentiruminis,Chordicoccus furentiruminis
Oceanobacillus rekensis,Oceanobacillus rekensis
Flagellimonas meishanensis,Flagellimonas meishanensis
Castellaniella caeni,Castellaniella caeni
Candidimonas nitroreducens,Candidimonas nitroreducens
Micromonospora pattaloongensis,Micromonospora_I pattaloongensis
Bacillus fengqiuensis,Bacillus_BA fengqiuensis
Sphingomonas hylomeconis,Sphingomonas hylomeconis
Paracoccus halophilus,Paracoccus halophilus
Kitasatospora paracochleata,Kitasatospora paracochleata
Nitrosymbiomonas sp.,VGFA01 sp020724185
Coproplasma stercoripullorum,Coproplasma stercoripullorum
Desulfobulbus rimicarensis,Desulfobulbus_C rimicarensis
Tsuneonella litorea,Tsuneonella litorea
Fodinibius salicampi,Fodinibius salicampi
Craterilacuibacter sinensis,Craterilacuibacter sinensis
Planococcus salinarum,Planococcus salinarum
Photobacterium aquae,Photobacterium aquae
Microbulbifer flavimaris,Microbulbifer flavimaris
Merdimorpha stercoravium,Merdimorpha stercoravium
Scalindua brodae,Scalindua brodae
Frankia meridionalis,Protofrankia meridionalis
Syntrophomonas zehnderi,Syntrophomonas_B zehnderi
Thalassoglobus polymorphus,Thalassoglobus polymorphus
Cupriavidus respiraculi,Cupriavidus respiraculi
Poriferisocius aerobius,Poriferisocius aerobius
Pseudomonas profundi,Halopseudomonas profundi
Brocadia pituitae,Brocadia pituitae
Kordiimonas laminariae,Kordiimonas laminariae
Neobacillus sedimentimangrovi,Neobacillus thermocopriae
Salsuginibacillus halophilus,Salsuginibacillus halophilus
Endomicrobiellum africanum,Endomicrobiellum africanum
uncultured Aerococcus,Aerococcus sp001809535
Rifleibacterium amylolyticum,Rifleibacterium amylolyticum
Formivibrio citricus,Formivibrio citricus
Rhodococcoides kroppenstedtii,Rhodococcoides kroppenstedtii
Nisaea acidiphila,Nisaea acidiphila
Paenibacillus paeoniae,Pristimantibacillus paeoniae
Flavobacterium sufflavum,Flavobacterium sufflavum
Clostridium cellulovorans,Clostridium_K cellulovorans
Fulvimarina endophytica,Fulvimarina endophytica
Sphingomonas yunnanensis,Sphingomonas yunnanensis
Paracoccus sphaerophysae,Paracoccus sphaerophysae
Microbacterium phytovorans,Microbacterium phytovorans
Pseudomonas eucalypticola,Pseudomonas_E eucalypticola
Mediterraneibacter norwichensis,Mediterraneibacter norwichensis
Rhabdaerophilum calidifontis,Rhabdaerophilum calidifontis
Companilactobacillus kimchii,Companilactobacillus kimchii
Anoxybacillus calidus,Anoxybacillus_B calidus
Myxacorys californica,Myxacorys californica
Rhizobium tibeticum,Rhizobium tibeticum
Desulforhopalus singaporensis,Desulforhopalus singaporensis
Desulfamplus magnetovallimortis,Desulfamplus magnetovallimortis
Thiothrix caldifontis,Thiothrix caldifontis
Melaminivora suipulveris,Melaminivora suipulveris
Paraflavitalea devenefica,Paraflavitalea devenefica
Brevibacterium renqingii,Brevibacterium renqingii
Hennigella equi,Hennigella equi
Oceanobacillus jeddahense,Oceanobacillus jeddahense
Opitutus terrae,Opitutus terrae
Rodentibacter myodis,Rodentibacter myodis
Gloeomargaritales cyanobacterium,Gloeomargarita sp927797885
Hathewaya proteolytica,Hathewaya proteolytica
Desulfomicrobium orale,Desulfomicrobium orale
Flagellimonas hymeniacidonis,Flagellimonas hymeniacidonis
Malaciobacter pacificus,Malaciobacter_A pacificus
Limosilactobacillus merdavium,Limosilactobacillus merdavium
Microtetraspora malaysiensis,Microtetraspora malaysiensis
Rhizobium mesoamericanum,Rhizobium mesoamericanum
Galloscillospira stercoripullorum,Pseudoflavonifractor stercoripullorum
Macondimonas sp.,Macondimonas sp035325645
uncultured Scytonema,Rhizonema sp937873135
Malaciobacter mytili,Malaciobacter mytili
Flavobacterium lacustre,Flavobacterium lacustre
Confluentibacter sediminis,Confluentibacter sediminis
Lonsdalea iberica,Lonsdalea iberica
Humibacter albus,Humibacter albus
Burkholderia crenata,Caballeronia crenata
Lacticaseibacillus thailandensis,Lacticaseibacillus thailandensis
Pokkaliibacter sp.,Pokkaliibacter sp029846635
Streptosporangium carneum,Streptosporangium carneum
Alkalispirillum mobile,Alkalilimnicola mobilis
Adiutricaceae bacterium,Adiutrix sp031556115
uncultured Myroides,Flavobacterium sp913777665
Amycolatopsis camponoti,Amycolatopsis camponoti
Gluconacetobacter tumulisoli,Gluconacetobacter tumulisoli
Cumulibacter soli,Cumulibacter soli
Thalassotalea crassostreae,Thalassotalea_A crassostreae
Pseudomonas rhizosphaerae,Pseudomonas_E rhizosphaerae
Streptomyces atriruber,Streptomyces atriruber
Xenorhabdus khoisanae,Xenorhabdus khoisanae
Nocardioides deserti,Nocardioides deserti
Dyella subtropica,Dyella subtropica
Bowmanella denitrificans,Bowmanella denitrificans
Hydrogenophilus thermoluteolus,Hydrogenophilus thermoluteolus
Oleiagrimonas soli,Oleiagrimonas soli
Anaerococcus marasmi,Anaerococcus marasmi
Lichenibacterium dinghuense,Lichenihabitans dinghuense
Gemmiger excrementipullorum,Gemmiger excrementipullorum
Ciceribacter sichuanensis,Allorhizobium sichuanensis
Rathayibacter agropyri,Rathayibacter agropyri
Paenibacillus caseinilyticus,Paenibacillus_G caseinilyticus
Limiplasma merdipullorum,Limiplasma merdipullorum
Methylogaea oryzae,Methylogaea oryzae
Allopontixanthobacter sediminis,Allopontixanthobacter sediminis
Flavobacterium supellecticarium,Flavobacterium supellecticarium
Thermoflavimicrobium dichotomicum,Thermoflavimicrobium dichotomicum
Sphingomonas parapaucimobilis,Sphingomonas parapaucimobilis
Pseudomonas saudiphocaensis,Stutzerimonas saudiphocaensis
Arcticimaribacter forsetii,Arcticimaribacter forsetii
Phyllobacterium endophyticum,Phyllobacterium endophyticum
Coprousia avicola,Coprousia avicola
Acidiphilium acidophilum,Acidiphilium acidophilum
Kaistella polysaccharea,Kaistella polysaccharea
Arthrobacter pigmenti,Arthrobacter_D pigmenti
Flavobacterium limicola,Flavobacterium limicola
Salibacterium salarium,Salibacterium salarium
Alistipes excrementipullorum,Alistipes excrementipullorum
Flavisolibacter nicotianae,Flavisolibacter nicotianae
Sinorhizobium arboris,Sinorhizobium arboris
Roseomonas oleicola,Falsiroseomonas oleicola
Salinispora oceanensis,Micromonospora oceanensis
Mucilaginibacter gracilis,Mucilaginibacter gracilis
Galactobacter caseinivorans,Galactobacter caseinivorans
Alicyclobacillus shizuokensis,Alicyclobacillus_G shizuokensis
Flagellimonas taeanensis,Flagellimonas taeanensis
Bariatricus massiliensis,Bariatricus massiliensis
Brevundimonas viscosa,Brevundimonas viscosa
uncultured Brumimicrobium,Brumimicrobium sp947504225
uncultured Phycicoccus,Phycicoccus sp947495705
Aliarcobacter cibarius,Aliarcobacter cibarius
Mageeibacillus indolicus,Mageeibacillus indolicus
Roseovarius litoreus,Roseovarius litoreus
Peptoniphilus koenoeneniae,Peptoniphilus_B koenoeneniae
Allopusillimonas soli,Allopusillimonas soli
Termitidicoccus mucosus,Termitidicoccus mucosus
Clostridium carboxidivorans,Clostridium_AM carboxidivorans
Marinobacterium marinum,Marinobacterium marinum
Microbacterium salsuginis,Microbacterium salsuginis
Sediminibacterium goheungense,Sediminibacterium goheungense
Pseudoduganella ginsengisoli,Pseudoduganella ginsengisoli
Flagellimonas yonaguniensis,Flagellimonas yonaguniensis
Paralachnospira sangeri,Paralachnospira_A sangeri
Gordonia amarae,Gordonia amarae
Leucobacter exalbidus,Leucobacter exalbidus
Actinophytocola oryzae,Actinophytocola oryzae
Endozoicomonas atrinae,Endozoicomonas atrinae
Planobispora siamensis,Planobispora siamensis
Rufibacter hautae,Rufibacter hautae
Oscillibacter avistercoris,Oscillibacter avistercoris
Rosenbergiella sp.,Jejubacter sp036620675
Bacillus tuaregi,Bacillus_BD tuaregi
Rubrivirga litoralis,Rubrivirga litoralis
Massilibacterium senegalense,Massilibacterium senegalense
Paraclostridium dentum,Paraclostridium dentum
Mucisphaera calidilacus,Mucisphaera calidilacus
Spirosoma montaniterrae,Spirosoma montaniterrae
Schaedlerella arabinosiphila,Schaedlerella arabinosiphila
Paracoccus caeni,Paracoccus caeni
Kitasatospora kifunensis,Kitasatospora kifunensis
Neisseria dumasiana,Neisseria dumasiana
uncultured Marinosulfonomonas,Profundibacter sp947311455
Brevibacterium iodinum,Brevibacterium iodinum
Deinococcus piscis,Deinococcus piscis
Corynebacterium capitovis,Corynebacterium capitovis
Vibrio halioticoli,Vibrio halioticoli
Flavobacterium aquicola,Flavobacterium aquicola
Lutimaribacter saemankumensis,Lutimaribacter saemankumensis
Planobispora rosea,Planobispora rosea
Ancylobacter radicis,Ancylobacter radicis
Akkermansia intestinigallinarum,Akkermansia intestinigallinarum
Desulfurobacterium thermolithotrophum,Desulfurobacterium thermolithotrophum
Neiella litorisoli,Neiella litorisoli
Paenibacillus vulneris,Paenibacillus_S vulneris
Paraburkholderia bengalensis,Paraburkholderia bengalensis
Salinibacterium hongtaonis,Homoserinimonas hongtaonis
Sphingobium aquiterrae,Sphingobium aquiterrae
Spirosoma aerolatum,Spirosoma aerolatum
Orrella marina,Algicoccus marinus
Paenibacillus gorillae,Pristimantibacillus gorillae
Plantactinospora sonchi,Plantactinospora sonchi
Anabaena minutissima,Trichormus minutissimus
Holophaga foetida,Holophaga foetida
Bombella pluederhausensis,Bombella pluederhausensis
Pseudomonas petrae,Pseudomonas_E petrae
Cacconaster equifaecalis,Cacconaster equifaecalis
Mucilaginibacter aquaedulcis,Mucilaginibacter aquaedulcis
Nocardioides oceani,Nocardioides oceani
Novosphingopyxis baekryungensis,Novosphingopyxis baekryungensis
Pseudarthrobacter sp902506025,Arthrobacter sp902506025
Sphingomonas ginsenosidivorax,Sphingomonas ginsenosidivorax
Massilia frigida,Telluria frigida
Burkholderia savannae,Burkholderia savannae
Nocardioides ferulae,Nocardioides ferulae
Photorhabdus namnaonensis,Photorhabdus namnaonensis
Clostridium cagae,Clostridium cagae
Palleronia aestuarii,Palleronia aestuarii
Sinomonas notoginsengisoli,Sinomonas notoginsengisoli
Tenacibaculum ovolyticum,Tenacibaculum ovolyticum
Gracilibacillus suaedae,Gracilibacillus suaedae
Acetobacter cerevisiae,Acetobacter cerevisiae
Asanoa ishikariensis,Asanoa ishikariensis
Vagococcus humatus,Vagococcus_C humatus
Fonticella tunisiensis,Fonticella tunisiensis
Colicola equi,Colicola equi
Dyella humicola,Dyella humicola
Seonamhaeicola aphaedonensis,Seonamhaeicola aphaedonensis
Rhodoblastus alkanivorans,Rhodoblastus alkanivorans
Scytolyngbya sp.,Scytolyngbya sp019359045
Clostridium cellulosi,Ruminiclostridium_D cellulosi
Pseudomonas quebecensis,Pseudomonas_E quebecensis
Vibrio nereis,Vibrio nereis
Acidihalobacter yilgarnensis,Acidihalobacter yilgarnensis
Larsenimonas rhizosphaerae,Larsenimonas rhizosphaerae
Flavobacterium limnosediminis,Flavobacterium limnosediminis
Silvibacterium bohemicum,Silvibacterium bohemicum
Amycolatopsis arida,Yuhushiella arida
endosymbiont TC1,TC1 sp001584725
Paraliobacillus zengyii,Paraliobacillus_A zengyii
Tropicimonas omnivorans,Tropicimonas_B omnivorans
Lactococcus paracarnosus,Lactococcus_A paracarnosus
Sinomicrobium pectinilyticum,Sinomicrobium pectinilyticum
Xenorhabdus japonica,Xenorhabdus japonica
uncultured Desulfosoma,Desulfosoma sp937960435
Brevundimonas colombiensis,Brevundimonas colombiensis
Thioclava sediminum,Thioclava sediminum
Moraxella caviae,Moraxella caviae
Hyphomonas pacifica,Hyphomonas pacifica
Vreelandella subterranea,Vreelandella subterranea
Pectobacterium cacticida,Pectobacterium cacticida
Modestobacter lapidis,Modestobacter lapidis
Sphingobacterium zeae,Sphingobacterium zeae
Peribacillus cavernae,Peribacillus cavernae
Pseudomonas jinjuensis,Pseudomonas jinjuensis
Psychromicrobium lacuslunae,Renibacterium lacuslunae
Sodalinema gerasimenkoae,Sodalinema gerasimenkoae
Effusibacillus pohliae,Effusibacillus pohliae
Pannonibacter anstelovis,Pannonibacter anstelovis
Psychroflexus montanilacus,Psychroflexus montanilacus
Hymenobacter antarcticus,Hymenobacter antarcticus
Salegentibacter salinarum,Salegentibacter salinarum
Erythrobacter ramosus,Erythrobacter ramosus
Streptomyces nodosus,Streptomyces nodosus
Acerihabitans arboris,Acerihabitans arboris
Mycobacterium shinjukuense,Mycobacterium shinjukuense
Roseibium aquae,Roseibium aquae
Zymomonas sp.,Zymomonas sp020216885
Henriciella algicola,Henriciella algicola
Neisseria flava,Neisseria flava
Kingella bonacorsii,Kingella_B oralis
Actinomadura miaoliensis,Spirillospora miaoliensis
Lactobacillus nasalidis,Lactobacillus nasalidis
Rhodovulum visakhapatnamense,Rhodovulum visakhapatnamense
Alkanindiges hydrocarboniclasticus,Alkanindiges hydrocarboniclasticus
Caldalkalibacillus thermarum,Caldalkalibacillus thermarum
Chengkuizengella sediminis,Chengkuizengella sediminis
Waterburya sp.,DATNPV01 sp036703055
Desulfotomaculum nigrificans,Desulfotomaculum nigrificans
Wocania ichthyoenteri,Hwangdonia ichthyoenteri
Altericroceibacterium endophyticum,Altericroceibacterium endophyticum
Rhizobium cellulosilyticum,Neorhizobium cellulosilyticum
Aquimarina aggregata,Aquimarina aggregata
Bradyrhizobium murdochi,Bradyrhizobium murdochi
Novosphingobium umbonatum,Novosphingobium umbonatum
Competibacter denitrificans,Competibacter_A denitrificans
Avimicrobium faecavium,Avimicrobium faecavium
Agathobaculum desmolans,Agathobaculum desmolans
Leptospira paudalimensis,Leptospira_A paudalimensis
Novosphingobium terrae,Novosphingobium terrae
Bacillus xiamenensis,Bacillus xiamenensis
Hwanghaeella grinnelliae,Hwanghaeella grinnelliae
Amphibacillus cookii,Amphibacillus_C cookii
Heyndrickxia ginsengihumi,Weizmannia ginsengihumi
Pseudoroseomonas wenyumeiae,Pseudoroseomonas wenyumeiae
Natronogracilivirga saccharolytica,Natronogracilivirga saccharolytica
Tenggerimyces flavus,Tenggerimyces flavus
Tantalella remota,Tantalella remota
Photobacterium proteolyticum,Photobacterium proteolyticum
Butyricimonas hominis,Butyricimonas hominis
Limiplasma stercoravium,Limiplasma stercoravium
Corynebacterium senegalense,Corynebacterium senegalense
uncultured Aurantimonas,Aurantimonas sp947488615
Nocardioides acrostichi,Nocardioides acrostichi
Mycobacterium syngnathidarum,Mycobacterium syngnathidarum
Ancylobacter koreensis,Ancylobacter koreensis
Oceanobacter mangrovi,Oceanobacter mangrovi
Uliginosibacterium paludis,Dactylopiibacterium paludis
Neolewinella marina,Neolewinella marina
Deinococcus persicinus,Lysinibacillus fusiformis
bacterium UBA7758,Prevotella sp902496445
Glutamicibacter creatinolyticus,Glutamicibacter creatinolyticus
Zophobihabitans entericus,Zophobihabitans entericus
Streptomyces capoamus,Streptomyces capoamus
Lentilactobacillus raoultii,Lentilactobacillus raoultii
Streptomyces cremeus,Streptomyces cremeus
Aquariibacter albus,Aquariibacter albus
Actinacidiphila epipremni,Actinacidiphila epipremni
Roseburia porci,Roseburia_A porci
Luteipulveratus mongoliensis,Luteipulveratus mongoliensis
Tibeticola sediminis,Tibeticola sediminis
Methylomirabilis lanthanidiphila,Methylomirabilis lanthanidiphila
Pseudooceanicola pacificus,Pseudooceanicola pacificus
Algoriphagus confluentis,Algoriphagus confluentis
Corynebacterium poyangense,Corynebacterium poyangense
Methylobacterium trifolii,Methylobacterium trifolii
Streptomyces naganishii,Streptomyces naganishii
Oerskovia douganii,Oerskovia douganii
Planococcus glaciei,Planococcus glaciei
Streptomyces radiopugnans,Streptomyces radiopugnans
Defluviilinea proxima,Defluviilinea proxima
Gillisia mitskevichiae,Gillisia mitskevichiae
Jannaschia aquimarina,Jannaschia aquimarina
Nautilia profundicola,Nautilia profundicola
Chryseobacterium senegalense,Kaistella senegalense
Corynebacterium tuscaniense,Corynebacterium tuscaniense
Paracoccus subflavus,Paracoccus subflavus
Coprenecus stercoripullorum,Coprenecus stercoripullorum
Synoicihabitans lomoniglobus,Actomonas lomoniglobus
Salinispirillum sp.,Natronospirillum sp030643825
Endobacter medicaginis,Endobacter medicaginis
Luteimonas arsenica,Luteimonas arsenica
Flavonifractor hominis,Flavonifractor hominis
Paenibacillus monticola,Paenibacillus monticola
Paraburkholderia susongensis,Paraburkholderia susongensis
Companilactobacillus kimchiensis,Companilactobacillus kimchiensis
Thalassobaculum fulvum,Thalassobaculum_A fulvum
Tsukamurella ocularis,Tsukamurella ocularis
Actinocorallia longicatena,Actinocorallia longicatena
Hadersleviella danica,Hadersleviella danica
Crenobacter cavernae,Crenobacter cavernae
Chitiniphilus eburneus,Chitiniphilus eburneus
Kozakia baliensis,Kozakia baliensis
Streptomyces bicolor,Streptomyces bicolor
Polaribacter undariae,Polaribacter sejongensis
Pontibacter pudoricolor,Pontibacter pudoricolor
Thermoactinomyces daqus,Thermoactinomyces_A daqus
Ectothiorhodospira magna,Ectothiorhodospira magna
Zobellella iuensis,Oceanimonas iuensis
Propionibacterium cyclohexanicum,Propionibacterium cyclohexanicum
Desulfitibacter alkalitolerans,Desulfitibacter alkalitolerans
Salinivibrio siamensis,Salinivibrio siamensis
Acaricomes phytoseiuli,Renibacterium phytoseiuli
Chryseobacterium vrystaatense,Chryseobacterium vrystaatense
uncultured Oleiphilaceae,Alkalimarinus sp913060665
Prolixibacter bellariivorans,Prolixibacter bellariivorans
Pedobacter riviphilus,Pedobacter riviphilus
Sunxiuqinia indica,Sunxiuqinia indica
Marinomonas gallaica,Marinomonas gallaica
Funiculus sociatus,Funiculus sociatus
Thiothrix litoralis,Thiothrix litoralis
Paractinoplanes durhamensis,Actinoplanes durhamensis
Desulfogranum marinum,Desulfogranum marinum
Aquibaculum arenosum,Aquibaculum arenosum
Streptomyces cinereospinus,Streptomyces cinereospinus
Fusicatenibacter merdavium,Fusicatenibacter merdavium
Rhodocyclus tenuis,Rhodocyclus tenuis
Micromonospora coxensis,Micromonospora coxensis
Algoriphagus kandeliae,Algoriphagus kandeliae
Thermosyntropha lipolytica,Thermosyntropha lipolytica
Actinoplanes teichomyceticus,Actinoplanes teichomyceticus
Blastococcus carthaginiensis,Blastococcus carthaginiensis
Sphingomonas panni,Sphingomonas panni
Plesiocystis pacifica,Plesiocystis pacifica
Gallimonas intestinavium,Gallimonas intestinavium
Paenisporosarcina cavernae,Paenisporosarcina cavernae
Thermosipho africanus,Thermosipho africanus
Thermotoga neapolitana,Thermotoga neapolitana
Prauserella rugosa,Prauserella rugosa
Marinobacter nanhaiticus,Marinobacter_A nanhaiticus
Metamycoplasma orale,Metamycoplasma orale
Phytoactinopolyspora alkaliphila,Phytoactinopolyspora alkaliphila
Arthrobacter nitrophenolicus,Arthrobacter nitrophenolicus
Hominisplanchenecus faecis,Hominisplanchenecus faecis
Rhizobium paranaense,Rhizobium paranaense
Thermochromatium tepidum,Thermochromatium tepidum
Nonomuraea rosea,Nonomuraea rosea
Pontibacter vulgaris,Pontibacter vulgaris
Halomonas getboli,Halomonas getboli
Brevibacillus gelatini,Brevibacillus gelatini
Desertibacillus haloalkaliphilus,Desertibacillus haloalkaliphilus
Palauibacter ramosifaciens,Palauibacter ramosifaciens
Pullilachnospira stercoravium,Pullilachnospira stercoravium
Sphingomonas phytovorans,Sphingomonas phytovorans
Undibacterium luofuense,Undibacterium luofuense
Mycetocola lacteus,Mycetocola lacteus
Nocardioides jishulii,Nocardioides jishulii
Allokutzneria multivorans,Allokutzneria multivorans
Arcicella rigui,Arcicella rigui
Eisenbergiella stercoravium,Eisenbergiella stercoravium
Paenibacillus herberti,Paenibacillus_O herberti
Nocardioides caricicola,Nocardioides caricicola
Mycoplasmopsis alligatoris,Mycoplasmopsis alligatoris
Gallimonas faecavium,Gallimonas faecavium
Rothia halotolerans,Rothia halotolerans
Paenibacillus antarcticus,Paenibacillus antarcticus
Pasteurella oralis,Pasteurella oralis
Coprocola pullicola,Coprocola pullicola
Pukyongia salina,Pukyongia salina
Lentilactobacillus dabitei,Lentilactobacillus dabitei
Asticcacaulis biprosthecium,Asticcacaulis biprosthecius
Pulveribacter suum,Melaminivora suum
Octadecabacter antarcticus,Octadecabacter antarcticus
Kaistella carnis,Kaistella carnis
Herbaspirillum hiltneri,Herbaspirillum hiltneri
Rhodococcus xishaensis,Prescottella xishaensis
Fructilactobacillus hinvesii,Fructilactobacillus hinvesii
Microbacterium luteolum,Microbacterium luteolum
Thermoanaerobacterium aotearoense,Thermoanaerobacterium aotearoense
Pseudoclavibacter terrae,Pseudoclavibacter terrae
Psittacicella gerlachiana,Psittacicella gerlachiana
Flavobacterium eburneipallidum,Flavobacterium eburneipallidum
Cellulomonas chitinilytica,Cellulomonas chitinilytica
Actinokineospora spheciospongiae,Actinokineospora spheciospongiae
Sutcliffiella cohnii,Sutcliffiella cohnii
Nocardiaceae bacterium,Smaragdicoccus sp021372355
Mobiluncus porci,Mobiluncus porci
Limihabitans stercoravium,Limihabitans stercoravium
Microbacterium dextranolyticum,Microbacterium dextranolyticum
Streptomyces xantholiticus,Streptomyces xantholiticus
Virgisporangium aliadipatigenens,Virgisporangium aliadipatigenens
Vulcanibacillus modesticaldus,Vulcanibacillus modesticaldus
Nocardioides daedukensis,Nocardioides daedukensis
Filibacter tadaridae,Sporosarcina tadaridae
Campylobacter blaseri,Campylobacter_B blaseri
Streptomyces chiangmaiensis,Streptomyces chiangmaiensis
Lacticaseibacillus saniviri,Lacticaseibacillus saniviri
Lentilactobacillus kisonensis,Lentilactobacillus kisonensis
Mesorhizobium composti,Mesorhizobium composti
Sediminicoccus sp.,Roseococcus sp023243115
bacterium TMED144,TMED144 sp002170005
Cerasicoccus sp.,Cerasicoccus sp027257155
Pectinatus haikarae,Pectinatus haikarae
Aestuariivivens sediminicola,Aestuariivivens sediminicola
Anatilimnocola floriformis,Anatilimnocola floriformis
Pseudomonas khavaziana,Pseudomonas_E khavaziana
Tenacibaculum aquimarinum,Tenacibaculum_A aquimarinum
Marinobacter bryozoorum,Marinobacter bryozoorum
Chitinivibrio alkaliphilus,Chitinivibrio alkaliphilus
Fimenecus stercoravium,Fimenecus stercoravium
Haloactinopolyspora sp.,Haloactinopolyspora sp021793295
Eubacterium avistercoris,Brotonthovivens avistercoris
Pseudomonas lalkuanensis,Metapseudomonas lalkuanensis
Nitrosomonas aestuarii,Nitrosomonas aestuarii
Streptomyces alboflavus,Streptomyces alboflavus
Lacihabitans soyangensis,Leadbetterella soyangensis
Cyclobacterium salsum,Cyclobacterium salsum
Alishewanella agri,Alishewanella agri
Bacteroides reticulotermitis,Bacteroides reticulotermitis
Conexibacter arvalis,Conexibacter arvalis
Yaniella excrementavium,Yaniella excrementavium
Eikenella halliae,Eikenella halliae
Paenibacillus antri,Paenibacillus_AE antri
Nocardioides limicola,Nocardioides limicola
Parabacteroides hominis,Parabacteroides hominis
Ectothiorhodosinus mongolicus,Ectothiorhodosinus mongolicus
Thermodesulfitimonas autotrophica,Thermodesulfitimonas autotrophica
Phaeovulum veldkampii,Phaeovulum veldkampii
Bradyrhizobium niftali,Bradyrhizobium niftali
Calidifonticultor daggyaiensis,Calidifonticultor daggyaiensis
Gallibacter sp.,Gallibacter sp028872475
Aestuariicella albida,Pseudomaricurvus albidus
Ochrobactrum gambitense,Brucella gambitense
Amycolatopsis decaplanina,Amycolatopsis decaplanina
Sulfurirhabdus autotrophica,Sulfurirhabdus autotrophica
Moranella endobia,Moranella endobia
Planktophila sulfonica,Planktophila sulfonica
Sporosarcina saromensis,Sporosarcina saromensis
Actinomyces haliotis,Actinomyces haliotis
Micromonospora andamanensis,Micromonospora andamanensis
uncultured Desulfobacca,Desulfobacca sp937958145
bacterium M3-1,UBA1876 sp003446665
Cryptobacterium curtum,Cryptobacterium curtum
Streptomyces specialis,Streptomyces specialis
Christiangramia portivictoriae,Christiangramia portivictoriae
Caballeronia cordobensis,Caballeronia cordobensis
Aeromonas bivalvium,Aeromonas bivalvium
Pseudomonas hygromyciniae,Pseudomonas_E hygromyciniae
Nocardia sienata,Nocardia sienata
Paenibacillus hodogayensis,Paenibacillus_AB hodogayensis
Altibacter lentus,Altibacter lentus
Paenibacillus silagei,Paenibacillus silagei
Sediminispirochaeta smaragdinae,Sediminispirochaeta smaragdinae
Gluconobacter kondonii,Gluconobacter kondonii
Brevibacillus halotolerans,Brevibacillus_B halotolerans
Kiritimatiella glycovorans,Kiritimatiella glycovorans
Sphingomonas rhizophila,Sphingomicrobium rhizophilum
Brevundimonas faecalis,Brevundimonas faecalis
Xanthocytophaga flavus,Xanthocytophaga flavus
Polaromonas jejuensis,Polaromonas jejuensis
Hymenobacter psychrophilus,Hymenobacter psychrophilus
Runella aurantiaca,Runella aurantiaca
Mycoplasmopsis columboralis,Mycoplasmopsis columboralis
Acinetobacter wuhouensis,Acinetobacter wuhouensis
Teredinibacter waterburyi,Teredinibacter waterburyi
Azotobacter salinestris,Azotobacter salinestris
Turicibacter faecis,Turicibacter faecis
Paenibacillus assamensis,Paenibacillus_B assamensis
Bacillus norwichensis,Siminovitchia norwichensis
Polymorphobacter fuscus,Sandarakinorhabdus fuscus
Tractidigestivibacter scatoligenes,Tractidigestivibacter scatoligenes
Bodocaedibacter vickermanii,Bodonicaedibacter vickermanii
Pseudomonas boreopolis,Pseudomonas_S boreopolis
Tectiglobus diatomicola,Tectiglobus diatomicola
Streptococcus hohhotensis,Streptococcus hohhotensis
Fusibacillus kribbianus,Lientehia kribbianus
Streptomyces caniferus,Streptomyces caniferus
Corynebacterium testudinoris,Corynebacterium testudinoris
Enterococcus canis,Enterococcus_H canis
Qipengyuania pelagi,Qipengyuania pelagi
Dysgonomonas gadei,Dysgonomonas gadei
Mediterraneibacter stercorigallinarum,Mediterraneibacter stercorigallinarum
Neisseria weixii,Neisseria weixii
Gordonia hankookensis,Gordonia hankookensis
Rosettibacter primus,Rosettibacter primus
Exiguobacterium antarcticum,Exiguobacterium_A antarcticum
Actinokineospora diospyrosa,Actinokineospora diospyrosa
Amycolatopsis cihanbeyliensis,Amycolatopsis cihanbeyliensis
Cystobacter sp.,Cystobacter sp040509095
Gordonia defluvii,Gordonia defluvii
Catenulispora pinistramenti,Catenulispora pinistramenti
Mesorhizobium muleiense,Mesorhizobium muleiense
Nocardioides pocheonensis,Marmoricola pocheonensis
Amycolatopsis circi,Amycolatopsis circi
Methyloferula stellata,Methyloferula stellata
Aquamicrobium terrae,Mesorhizobium terrae_A
Mergibacter septicus,Mergibacter septicus
Macrococcoides canis,Macrococcoides canis
Arenimonas donghaensis,Arenimonas donghaensis
Sedimentibacter hydroxybenzoicus,Sedimentibacter hydroxybenzoicus
Pseudoflavitalea rhizosphaerae,Pseudobacter rhizosphaerae
Microvirga flocculans,Microvirga flocculans
uncultured Quadrisphaera,CADCUY01 sp902806005
Flavobacterium hibernum,Flavobacterium hibernum
Corynebacterium pilbarense,Corynebacterium pilbarense
Enterococcus spodopteracolus,Enterococcus_B spodopteracolus
Agarivorans litoreus,Agarivorans litoreus
Vibrio sinensis,Vibrio sinensis
Lentibacillus lipolyticus,Lentibacillus lipolyticus
Prosthecodimorpha staleyi,Prosthecodimorpha staleyi
Leminorella grimontii,Leminorella grimontii
Mailhella merdigallinarum,Mailhella merdigallinarum
Pectobacterium peruviense,Pectobacterium peruviense
Tsukamurella asaccharolytica,Tsukamurella asaccharolytica
Elainella saxicola,Elainella saxicola
Sororendozoicomonas aggregata,Sororendozoicomonas aggregata
Blautia merdipullorum,Blautia merdipullorum
Corynebacterium uberis,Corynebacterium uberis
Serinicoccus kebangsaanensis,Serinicoccus kebangsaanensis
Egibacter rhizosphaerae,Egibacter rhizosphaerae
Cohnella thailandensis,Cohnella thailandensis
Pseudomonas huaxiensis,Pseudomonas_E huaxiensis
Enterococcus hermanniensis,Enterococcus_A hermanniensis
Petrotoga olearia,Petrotoga olearia
Azospirillum picis,Azospirillum picis
Yanshouia hominis,Fimivivens hominis
Marinagarivorans cellulosilyticus,Marinagarivorans cellulosilyticus
uncultured Syntrophus,Syntrophus sp963665935
Melghirimyces thermohalophilus,Melghirimyces thermohalophilus
Marinomonas alcarazii,Marinomonas alcarazii
Endonucleobacter sp.,Sororendozoicomonas sp030674875
uncultured Gelidibacter,Gelidibacter sp947500795
Psychrobacter submarinus,Psychrobacter submarinus
Streptomyces klenkii,Streptomyces klenkii
Nakamurella flava,Nakamurella flava
Neoflavobacterium equi,Flavobacterium equi
Glycocaulis alkaliphilus,Glycocaulis alkaliphilus
Polaribacter reichenbachii,Polaribacter reichenbachii
Legionella nautarum,Tatlockia nautarum
Aquisalinus flavus,Aquisalinus flavus
Amnibacterium setariae,Amnibacterium setariae
Pseudodonghicola flavimaris,Pseudodonghicola flavimaris
Mycobacterium lentiflavum,Mycobacterium lentiflavum
Lyngbya confervoides,Lyngbya confervoides
Flavobacterium cauense,Flavobacterium cauense
Amycolatopsis albispora,Amycolatopsis albispora
Hamadaea flava,Hamadaea flava
Shinella sedimenti,Shinella sedimenti
Bradyrhizobium quebecense,Bradyrhizobium quebecense
Planktotalea frisia,Planktotalea frisia
Alkalihalobacillus trypoxylicola,Alkalihalobacillus trypoxylicola
Youngiibacter fragilis,Youngiibacter fragilis
Snuella lapsa,Snuella lapsa
Pseudoscillospira faecavium,Pseudoscillospira faecavium
Amycolatopsis lexingtonensis,Amycolatopsis lexingtonensis
Micromonospora krabiensis,Micromonospora krabiensis
Mycolicibacterium alkanivorans,Mycobacterium alkanivorans
Paraliobacillus quinghaiensis,Paraliobacillus_A quinghaiensis
Idiomarina xiamenensis,Idiomarina xiamenensis
Gemelliphila asaccharolytica,Gemelliphila asaccharolytica
Runella defluvii,Runella defluvii
Streptomyces hyderabadensis,Streptomyces hyderabadensis
Leptofilum proximum,Leptofilum proximum
Mycolicibacterium rutilum,Mycobacterium rutilum
Gluconacetobacter diazotrophicus,Gluconacetobacter diazotrophicus
Pedobacter sandarakinus,Pedobacter sandarakinus
Paraburkholderia solitsugae,Paraburkholderia solitsugae
Secundilactobacillus silagei,Secundilactobacillus silagei
Anaerocolumna chitinilytica,Anaerocolumna chitinilytica
Streptomyces dengpaensis,Streptomyces dengpaensis
Mycobacterium bohemicum,Mycobacterium bohemicum
Bradyrhizobium campsiandrae,Bradyrhizobium campsiandrae
Aquimarina algicola,Aquimarina algicola
Paracoccus zeaxanthinifaciens,Paracoccus zeaxanthinifaciens
Corynebacterium mendelii,Corynebacterium mendelii
Paracoccus salipaludis,Paracoccus salipaludis
Ancillula trichonymphae,Ancillula trichonymphae
Clostridium algifaecis,Clostridium_B algifaecis
uncultured Gillisia,Gillisia sp002364325
Fictibacillus fluitans,Fictibacillus_C fluitans
Desulfogranum mediterraneum,Desulfogranum mediterraneum
Methylobacterium isbiliense,Methylobacterium isbiliense
Croceibacterium ferulae,Croceibacterium ferulae
uncultured Paenochrobactrum,Paenochrobactrum sp947627865
Borkfalkia stercoripullorum,Borkfalkia stercoripullorum
uncultured Ruaniaceae,CALKWS01 sp938004115
Methylophaga marina,Methylophaga marina
Labilibaculum filiforme,Labilibaculum filiforme
uncultured Lamprocystis,Lamprocystis sp903933125
Arthrobacter gengyunqii,Arthrobacter_B gengyunqii
Paucibacter sediminis,Paucibacter_B sediminis
Serpens gallinarum,Serpens gallinarum
Neisseria wadsworthii,Neisseria wadsworthii
Cryobacterium cheniae,Cryobacterium cheniae
Tabaqchalia intestinavium,Tabaqchalia intestinavium
Lichenibacterium minor,Lichenihabitans minor
Pseudomonas psychrotolerans,Pseudomonas_B oryzihabitans
Streptomyces stramineus,Streptomyces stramineus
Shimwellia pseudoproteus,Shimwellia pseudoproteus
Aequorivita echinoideorum,Aequorivita echinoideorum
Microterricola pindariensis,Microterricola pindariensis
Streptomyces monomycini,Streptomyces monomycini
Legionella steelei,Legionella steelei
Beutenbergia cavernae,Beutenbergia cavernae
Ishikawaella capsulata,Ishikawella capsulata
Formosa sediminum,Formosa sediminum
Anaeropeptidivorans aminofermentans,Anaeropeptidivorans aminofermentans
Streptomyces bathyalis,Streptomyces bathyalis
Mucilaginibacter sabulilitoris,Mucilaginibacter sabulilitoris
Pontibacter diazotrophicus,Pontibacter diazotrophicus
Pseudomonas alliivorans,Pseudomonas_E alliivorans
Francisella cf.,Francisella tularensis
Faecalibacterium intestinavium,Faecalibacterium intestinavium
Tunturibacter empetritectus,Edaphobacter empetritectus
Pseudonocardia humida,Pseudonocardia humida
Sphingomonas chungangi,Sphingomonas_N chungangi
Mediterraneibacter excrementavium,Mediterraneibacter excrementavium
Cerasibacillus terrae,Cerasibacillus terrae
Streptomyces kunmingensis,Streptomyces kunmingensis
Arachnia rubra,Arachnia rubra
Saccharothrix carnea,Actinosynnema carneum
Modicisalibacter muralis,Modicisalibacter muralis
Sphingomonas cannabina,Sphingomonas cannabina
Nocardioides aquaticus,Nocardioides aquaticus
Microbulbifer donghaiensis,Microbulbifer donghaiensis
Bacillus swezeyi,Bacillus swezeyi
uncultured Allorhizobium,Allorhizobium sp958439205
Dethiosulfovibrio faecalis,Dethiosulfovibrio faecalis
Imperialibacter roseus,Imperialibacter roseus
Streptomyces luteosporeus,Streptomyces luteosporeus
Chromobacterium sinusclupearum,Chromobacterium sinusclupearum
Brevibacillus fortis,Brevibacillus fortis
Anaplasma platys,Anaplasma platys
Gracilibacillus dipsosauri,Gracilibacillus dipsosauri
Legionella drancourtii,Legionella drancourtii
Oxalicibacterium faecigallinarum,Oxalicibacterium faecigallinarum
Loigolactobacillus rennini,Loigolactobacillus rennini
Sphingomonas jejuensis,Sphingomonas_K jejuensis
Pectinatus sottacetonis,Pectinatus sottacetonis
Ponticaulis koreensis,Ponticaulis koreensis
Alteribacter natronophilus,Alteribacter natronophilus
Vaginella massiliensis,Vaginella massiliensis
Akkermansia glycaniphila,Akkermansia glycaniphila
Nanopelagicus abundans,Nanopelagicus abundans
Amaricoccus solimangrovi,Amaricoccus solimangrovi
Coprococcus aceti,Coprococcus aceti
Streptomyces phaeofaciens,Streptomyces phaeofaciens
Brachybacterium merdavium,Brachybacterium merdavium
Pandoraea communis,Pandoraea communis
Paludibacterium paludis,Paludibacterium paludis
Brachyspira catarrhinii,Brachyspira catarrhinii
Trinickia fusca,Trinickia fusca
Patiriisocius marinistellae,Patiriisocius marinistellae
Helicobacter kayseriensis,Helicobacter_G kayseriensis
Mastigocoleus sp.,Mastigocoleus sp030065675
Limosilactobacillus excrementigallinarum,Limosilactobacillus excrementigallinarum
Comamonas avium,Comamonas avium
Paracoccus limosus,Paracoccus limosus
Constantimarinum furrinae,Constantimarinum furrinae
Mycoplasma nasistruthionis,Mycoplasmopsis nasistruthionis
Parafilimonas terrae,Parafilimonas terrae
Streptomyces salinarius,Streptomyces salinarius
Sphaerisporangium perillae,Sphaerisporangium perillae
Rhodobium orientis,Rhodobium orientis
Bacillus andreraoultii,Caldifermentibacillus andreraoultii
Sandaracinobacteroides hominis,Sandaracinobacteroides hominis
Marinomonas polaris,Marinomonas polaris
Parasphingorhabdus litoris,Parasphingorhabdus litoris
Fournierella merdipullorum,Fournierella merdipullorum
Hydrogenothermus sp.,Hydrogenothermus sp003978675
Vibrio tritonius,Vibrio tritonius
Streptomyces marispadix,Streptomyces marispadix
Dyadobacter arcticus,Dyadobacter arcticus
Brevinematia bacterium,SKYB106 sp039630355
Romboutsia sedimentorum,Romboutsia_D sedimentorum
Duganella sacchari,Duganella sacchari
Sphingobacterium griseoflavum,Sphingobacterium griseoflavum
Chrysiogenes arsenatis,Chrysiogenes arsenatis
Paenibacillus ehimensis,Paenibacillus_G ehimensis
Bradyrhizobium guangzhouense,Bradyrhizobium guangzhouense
Geodermatophilus aquaeductus,Geodermatophilus aquaeductus
Microbacterium amylolyticum,Microbacterium amylolyticum
bacterium TMED161,TMED161 sp002171125
Capillibacterium thermochitinicola,Capillibacterium thermochitinicola
Zobellia nedashkovskayae,Zobellia nedashkovskayae
Kouleothrix aurantiaca,Kouleothrix aurantiaca
Micromonospora profundi,Micromonospora profundi
Desulforamulus aeronauticus,Desulfotomaculum aeronauticum
Aphodousia faecipullorum,Aphodousia faecipullorum
Nanopelagicus hibericus,Nanopelagicus hibericus
Myxococcus dinghuensis,Myxococcus dinghuensis
Clostridium viride,Evtepia viridis
Mucilaginibacter phyllosphaerae,Mucilaginibacter phyllosphaerae
Streptomyces venetus,Streptomyces venetus
Arachidicoccus ginsenosidivorans,Arachidicoccus ginsenosidivorans
Bradyrhizobium sacchari,Bradyrhizobium sacchari
Igneacidithiobacillus copahuensis,Igneacidithiobacillus copahuensis
bacterium ADurb.Bin212,MWCM01 sp002070055
Comamonas sediminis,Comamonas sediminis
Geothrix fuzhouensis,Geothrix fuzhouensis
Halarcobacter bivalviorum,Halarcobacter bivalviorum
Solirubrum puertoriconensis,Solirubrum puertoriconensis
Psychrobacter glaciei,Psychrobacter glaciei
Rugamonas brunnea,Rugamonas_A brunnea
Aquitalea pelogenes,Aquitalea pelogenes
Paenibacillus faecalis,Paenibacillus faecalis
Desulfarcum epimagneticum,Desulfarcum epimagneticum
Psychrobacter cryohalolentis,Psychrobacter cryohalolentis
Alkalibacterium subtropicum,Alkalibacterium subtropicum
Kaistia colombiensis,Kaistia colombiensis
Pseudochrobactrum kiredjianiae,Pseudochrobactrum kiredjianiae
Billgrantia ethanolica,Billgrantia ethanolica
Palauibacter irciniicola,Palauibacter irciniicola
Ligilactobacillus hayakitensis,Ligilactobacillus hayakitensis
Terrabacter aeriphilus,Terrabacter aeriphilus
Vulcanimicrobium alpinum,Vulcanimicrobium alpinum
Chryseobacterium oleae,Chryseobacterium oleae
Lederbergia ruris,Lederbergia ruris
Eikenella longinqua,Eikenella longinqua
Alicyclobacillus dauci,Alicyclobacillus dauci
Paenibacillus rhizovicinus,Paenibacillus_Z rhizovicinus
Solidesulfovibrio alcoholivorans,Solidesulfovibrio alcoholivorans
Mediterraneibacter guildfordensis,Mediterraneibacter guildfordensis
Kineosporia corallincola,Kineosporia corallincola
Acetobacter papayae,Acetobacter papayae
Mongoliitalea lutea,Mongoliitalea lutea
Pseudomonas nicosulfuronedens,Pseudomonas nicosulfuronedens
Tigheibacillus jepli,Tigheibacillus jepli
Roseovarius tolerans,Roseovarius tolerans
Umezawaea tangerina,Umezawaea tangerina
Patiriisocius sp.,Patiriisocius sp905182755
Saccharothrix espanaensis,Actinosynnema espanaense
Streptomyces philanthi,Streptomyces philanthi
Aromatoleum anaerobium,Aromatoleum anaerobium
Basilea psittacipulmonis,Basilea psittacipulmonis
Leuconostoc miyukkimchii,Leuconostoc miyukkimchii
Amycolatopsis iheyensis,Amycolatopsis iheyensis
Hyphomicrobium zavarzinii,Hyphomicrobium_C zavarzinii
Mesomycoplasma conjunctivae,Mesomycoplasma conjunctivae
Galbibacter pacificus,Galbibacter pacificus
Mucilaginibacter pallidiroseus,Mucilaginibacter pallidiroseus
Bizionia algoritergicola,Algorimicrobium algoritergicola
Promicromonospora panici,Promicromonospora panici
Streptomyces graminis,Streptomyces albus
Tildeniella nuda,Stenomitos nudus
Ruthia endofausta,Ruthia endofausta
Mycolicibacterium phocaicum,Mycobacterium phocaicum
Corynebacterium efficiens,Corynebacterium efficiens
Mycolicibacter longobardus,Mycobacterium longobardum
Streptomyces ureilyticus,Streptomyces ureilyticus
Halobacillus campisalis,Halobacillus_A campisalis
Flavobacterium gilvum,Flavobacterium gilvum
Pseudomonas piscis,Pseudomonas_E piscis
Thalassospira marina,Thalassospira marina
Comamonas guangdongensis,Comamonas guangdongensis
Ornithinibacillus caprae,Paucisalibacillus caprae
Allocoleopsis franciscana,Allocoleopsis franciscana
Maridesulfovibrio frigidus,Maridesulfovibrio frigidus
Brochothrix campestris,Brochothrix campestris
Lumbricidophila sp.,Agromyces sp035764905
Halomonas gemina,Halomonas gemina
Nibrella viscosa,Nibrella viscosa
Sphingomonas rubra,Sphingomonas rubra
Streptomyces lactacystinicus,Kitasatospora lactacystinicus
Methylophaga pinxianii,Methylophaga pinxianii
Spiribacter salilacus,Spiribacter salilacus
Pustulibacterium marinum,Pustulibacterium marinum
Corynebacterium jeddahense,Corynebacterium jeddahense
Rhizobium straminoryzae,Neorhizobium straminoryzae
Rhodalgimonas zhirmunskyi,Rhodalgimonas zhirmunskyi
Fusobacterium russii,Fusobacterium russii
Phaeobacter porticola,Phaeobacter porticola
Streptomyces roseofulvus,Streptomyces roseofulvus
Streptomyces cynarae,Streptomyces cynarae
Streptomyces echinatus,Streptomyces echinatus
Endomicrobiellum pyrsonymphae,Endomicrobiellum pyrsonymphae
Malikia spinosa,Malikia spinosa
Subtercola lobariae,Subtercola lobariae
Aquiflexum gelatinilyticum,Cognataquiflexum gelatinilyticum
Lactococcus insecticola,Lactococcus_A insecticola
Marinobacterium mangrovicola,Marinobacterium_D mangrovicola
Algoriphagus algorifonticola,Algoriphagus algorifonticola
Micromonospora halophytica,Micromonospora halophytica
Marinomonas phaeophyticola,Marinomonas phaeophyticola
Mycoplasmoides pirum,Mycoplasmoides pirum
Maribacter litopenaei,Maribacter litopenaei
Clostridium aestuarii,Clostridium_H aestuarii
Rhodococcus phenolicus,Rhodococcus phenolicus
Mycobacterium saskatchewanense,Mycobacterium saskatchewanense
Polaribacter aquimarinus,Polaribacter aquimarinus
Ructibacterium gallinarum,Ructibacterium gallinarum
Marinimicrococcus flavescens,Marinimicrococcus flavescens
Jeotgalibacillus marinus,Jeotgalibacillus marinus
Formosa algae,Formosa algae
Mycolicibacterium agri,Mycobacterium agri
uncultured Geopsychrobacter,Hyphomicrobium_A sp024230315
Floccifex porci,Floccifex porci
Alcaligenes parafaecalis,Alcaligenes parafaecalis
Achromobacter aloeverae,Bordetella_C aloeverae
Chryseobacterium limigenitum,Chryseobacterium limigenitum
Herbidospora galbida,Herbidospora galbida
Eikenella exigua,Eikenella exigua
Streptomyces humicola,Streptantibioticus humicola
Amycolatopsis jejuensis,Amycolatopsis jejuensis
Agromyces bauzanensis,Agromyces bauzanensis
Clostridium bovifaecis,Clostridium_H bovifaecis
Christiangramia flava,Christiangramia flava
Sodalis endolongispinus,Sodalis_B endolongispinus
Lutimonas zeaxanthinifaciens,Lutimonas zeaxanthinifaciens
Cryobacterium zongtaii,Cryobacterium zongtaii
Paralcaligenes ureilyticus,Paralcaligenes ureilyticus
Billgrantia pellis,Billgrantia pellis
Leeuwenhoekiella polynyae,Leeuwenhoekiella polynyae
Clostridium putrefaciens,Clostridium_L putrefaciens
Faecousia excrementigallinarum,Faecousia excrementigallinarum
Bifidobacterium lemurum,Bifidobacterium lemurum
Propionibacterium australiense,Propionibacterium australiense
Acetobacter sacchari,Acetobacter sacchari
Caulobacter mirabilis,Caulobacter mirabilis
Sinorhizobium alkalisoli,Sinorhizobium alkalisoli
Niastella caeni,Niastella caeni
Neopusillimonas maritima,Neopusillimonas maritima
Jeotgalicoccus coquinae,Jeotgalicoccus coquinae
Blautia avistercoris,Blautia_A avistercoris
Acidocella aquatica,Acidocella aquatica
Cryptobacteroides intestinipullorum,Cryptobacteroides intestinipullorum
Pseudidiomarina planktonica,Pseudidiomarina planktonica
Methylocapsa palsarum,Methylocapsa palsarum
Streptococcus xiaochunlingii,Streptococcus xiaochunlingii
Pseudoxanthomonas yeongjuensis,Pseudoxanthomonas_A yeongjuensis
Pseudomonas parakoreensis,Pseudomonas_E parakoreensis
Paracholeplasma morum,Paracholeplasma morum
Sodaliphilus limicaballi,Sodaliphilus limicaballi
uncultured Pyrinomonas,Pyrinomonas sp937135995
Xenorhabdus beddingii,Xenorhabdus beddingii
Streptococcus raffinosi,Streptococcus raffinosi
Adhaeribacter aquaticus,Adhaeribacter aquaticus
Halarsenatibacter silvermanii,Halarsenatibacter silvermanii
Limosilactobacillus intestinipullorum,Limosilactobacillus intestinipullorum
Massilia putida,Telluria putida
Porphyromonas pogonae,Porphyromonas pogonae
Qingrenia yutianensis,Qingrenia yutianensis
Paenibacillus albidus,Paenibacillus albidus
Porticoccus litoralis,Porticoccus litoralis
Winogradskyella marina,Winogradskyella marina
Filimonas zeae,Filimonas zeae
Streptomyces ambofaciens,Streptomyces ambofaciens
Omnitrophus fodinae,Omnitrophus fodinae
Nesterenkonia populi,Nesterenkonia populi
Hallella mizrahii,Prevotella mizrahii
Actinocatenispora rupis,Actinocatenispora rupis
Longispora sp.,Longispora sp040681875
Cellulomonas endophytica,Cellulomonas endophytica
Lihuaxuella thermophila,Lihuaxuella thermophila
Cerasibacillus quisquiliarum,Cerasibacillus quisquiliarum
Sinorhizobium mexicanum,Sinorhizobium mexicanum
Megalodesulfovibrio gigas,Megalodesulfovibrio gigas
Proteiniborus ethanoligenes,Proteiniborus ethanoligenes
Arthrobacter rhizosphaerae,Arthrobacter rhizosphaerae
Corynebacterium antarcticum,Corynebacterium antarcticum
Ureibacillus thermosphaericus,Ureibacillus thermosphaericus
Streptococcus hyovaginalis,Streptococcus hyovaginalis
Litoreibacter janthinus,Litoreibacter janthinus
Ventrimonas merdavium,Brotaphodocola merdavium
Flavivirga aquimarina,Flavivirga aquimarina
Borreliella lusitaniae,Borreliella lusitaniae
Winogradskyella wichelsiae,Winogradskyella wichelsiae
Allochromatium tepidum,Thermochromatium tepidum_A
Flavobacterium aquariorum,Flavobacterium aquariorum
Mesonia ostreae,Mesonia ostreae
Fuscibacter oryzae,Fuscibacter oryzae
Qipengyuania oceanensis,Qipengyuania_C oceanensis
Chitinophaga terrae,Chitinophaga terrae
Alloalcanivorax profundimaris,Alloalcanivorax profundimaris
Neoehrlichia lotoris,Neoehrlichia lotoris
Luteimonas cellulosilyticus,Luteimonas cellulosilyticus
Lentzea miocenica,Lentzea miocenica
Paenibacillus vini,Fontibacillus vini
Anaeromicropila populeti,Clostridium_AI populeti
Flavobacterium tructae,Flavobacterium tructae
Marinobacter gudaonensis,Marinobacter gudaonensis
Pseudidiomarina mangrovi,Pseudidiomarina mangrovi
Microbacterium luticocti,Microbacterium luticocti
Sacchlamyda saccharinae,Sacchariniichlamydia saccharinae
Paracoccus solventivorans,Paracoccus solventivorans
Corynebacterium heidelbergense,Corynebacterium heidelbergense
Oleidesulfovibrio alaskensis,Oleidesulfovibrio alaskensis
Pontibacter qinzhouensis,Pontibacter qinzhouensis
Hyphobacterium lacteum,Hyphobacterium lacteum
Methylobacterium haplocladii,Methylobacterium haplocladii
Paenibacillus mesophilus,Paenibacillus_AB mesophilus
Thalassotalea hakodatensis,Thalassotalea_C hakodatensis
Chitinimonas arctica,Chitinimonas arctica
Macrococcus hajekii,Macrococcus hajekii
Raoultibacter massiliensis,Raoultibacter massiliensis
Pararhizobium mangrovi,Pararhizobium_B mangrovi
Nonomuraea ceibae,Nonomuraea ceibae
Zeaxanthinibacter enoshimensis,Zeaxanthinibacter enoshimensis
Microbacterium terrisoli,Microbacterium terrisoli
Altererythrobacter litoralis,Erythrobacter litoralis_A
Ferrimonas sediminicola,Ferrimonas sediminicola
Angustibacter luteus,Angustibacter luteus
Empedobacter stercoris,Empedobacter stercoris
Glycomyces niveus,Glycomyces niveus
Frondihabitans australicus,Frondihabitans australicus
Actinopolyspora xinjiangensis,Actinopolyspora xinjiangensis
Oscillibacter hominis,Oscillibacter hominis
Marinitoga lauensis,Marinitoga lauensis
Flavimaricola marinus,Flavimaricola marinus
Ferrigenium straubiae,Gallionella straubiae
Lacticaseibacillus sharpeae,Lacticaseibacillus sharpeae
Bacteroides merdavium,Bacteroides merdavium
Myroides albus,Flavobacterium album_A
Dermatobacter hominis,Dermatobacter hominis
Marinimicrobium agarilyticum,Marinimicrobium agarilyticum
Enterococcus phoeniculicola,Enterococcus_B phoeniculicola
Actinoplanes rectilineatus,Actinoplanes rectilineatus
Flavobacterium agrisoli,Flavobacterium agrisoli
Paenibacillus senegalimassiliensis,Fontibacillus senegalimassiliensis
Rosistilla carotiformis,Rosistilla carotiformis
Allobaculum fili,Allobaculum fili
Paraburkholderia ribeironis,Paraburkholderia ribeironis
Arcobacter suis,Aliarcobacter suis
Pseudorhizobium tarimense,Neorhizobium tarimense
Garciella nitratireducens,Garciella nitratireducens
Nocardioides daeguensis,Nocardioides daeguensis
Rhizobium viscosum,Rhizobium viscosum
Alicyclobacillus suci,Alicyclobacillus suci
Olsenella avicola,Thermophilibacter avicola
Ruegeria conchae,Ruegeria conchae
Urinicoccus timonensis,Urinicoccus timonensis
Hyalangium gracile,Hyalangium gracile
Hebobacterum abditum,Hebobacterum abditum
Gloeobacter violaceus,Gloeobacter violaceus
Helcococcus massiliensis,Helcococcus massiliensis
Moorella sulfitireducens,Moorella sulfitireducens
Aromatoleum tolulyticum,Aromatoleum tolulyticum
Maribellus comscasis,Draconibacterium comscasis
Cognaticolwellia mytili,Cognaticolwellia mytili
Gelidibacter mesophilus,Gelidibacter mesophilus
Vulcanococcus limneticus,Vulcanococcus limneticus
Aeromonas aquatica,Aeromonas aquatica
Hyphomonas chukchiensis,Hyphomonas chukchiensis
Catenovulum adriaticum,Catenovulum adriaticum
Achromobacter seleniivolatilans,Achromobacter seleniivolatilans
Kordiimonas aquimaris,Kordiimonas aquimaris
Verminephrobacter aporrectodeae,Acidovorax aporrectodeae
Oceanobacillus damuensis,Oceanobacillus damuensis
Methylacidimicrobium cyclopophantes,Methylacidimicrobium cyclopophantes
Mannheimia varigena,Mannheimia varigena
Salipiger thiooxidans,Salipiger thiooxidans
uncultured Lelliottia,Lelliottia nimipressuralis
Mechercharimyces sp.,Mechercharimyces sp024753565
Acidocella aminolytica,Acidocella aminolytica
Aquamicrobium lusatiense,Mesorhizobium lusatiense
Marinobacter zhanjiangensis,Marinobacter zhanjiangensis
Phocaeicola faecicola,Phocaeicola faecicola
Mycobacterium zoologicum,Mycobacterium zoologicum
Actinacidiphila cocklensis,Actinacidiphila cocklensis
Pseudoxanthomonas wuyuanensis,Pseudoxanthomonas_A wuyuanensis
Burkholderia reimsis,Burkholderia cepacia
Amycolatopsis rifamycinica,Amycolatopsis rifamycinica
Nocardioides aurantiacus,Marmoricola aurantiacus
Aurantiacibacter marinus,Aurantiacibacter marinus
Paenibacillus uliginis,Paenibacillus uliginis
Corynebacterium confusum,Corynebacterium confusum
Gilvimarinus algae,Gilvimarinus algae
Mesorhizobium albiziae,Mesorhizobium_F albiziae
Demequina gelatinilytica,Demequina gelatinilytica
Flagellimonas beolgyonensis,Flagellimonas beolgyonensis
Palauibacter poriticola,Palauibacter poriticola
Bifidobacterium psychraerophilum,Bombiscardovia psychraerophila
Pseudomonas beijingensis,Pseudomonas_E beijingensis
Faecalispora jeddahensis,Faecalispora jeddahensis
Obesumbacterium proteus,Hafnia protea
Metamycoplasma salivarium,Metamycoplasma salivarium
Caballeronia megalochromosomata,Caballeronia megalochromosomata
Alloscardovia macacae,Alloscardovia macacae
Roseivirga spongicola,Roseivirga spongicola
Aliidiomarina maris,Aliidiomarina maris
Devosia symbiotica,Devosia symbiotica
Rhodococcus spelaei,Rhodococcus_G spelaei
Acinetobacter terrae,Acinetobacter terrae
Nitrosomonas halophila,Nitrosomonas halophila
Pseudalkalibacillus spartinae,Anaerobacillus_A spartinae
Marinobacter iranensis,Marinobacter iranensis
Sphingomonas zeae,Sphingomonas zeae
Ferviditalea candida,Ferviditalea candida
Chryseobacterium vaccae,Chryseobacterium vaccae
Methylacidiphilum kamchatkense,Methylacidiphilum kamchatkense
Brucella daejeonensis,Brucella daejeonensis
Oceanimonas doudoroffii,Oceanimonas doudoroffii
Cystobacter ferrugineus,Cystobacter ferrugineus
Zunongwangia profunda,Zunongwangia profunda
uncultured Rhodoplanes,Z2-YC6860 sp936924235
Egicoccus halophilus,Egicoccus halophilus
Mycolicibacterium pulveris,Mycobacterium pulveris
Aurantibacillus circumpalustris,Aurantibacillus circumpalustris
Clostridium psychrophilum,Clostridium_AD psychrophilum
Flavobacterium rivuli,Flavobacterium rivuli
Enterococcus silesiacus,Enterococcus silesiacus
Anaerococcus degeneri,Anaerococcus degeneri
Mesorhizobium shonense,Mesorhizobium shonense
Faeciplasma pullistercoris,Faeciplasma pullistercoris
Actinomyces slackii,Actinomyces slackii
Anaerosalibacter sp.,FUHM01 sp900155565
Corallococcus caeni,Corallococcus caeni
Streptomyces spiralis,Streptomyces spiralis
Caviibacterium pharyngocola,Caviibacterium pharyngocola
Carnobacterium inhibens,Carnobacterium_A inhibens
Prauserella aidingensis,Prauserella aidingensis
Xanthomonas hawaiiensis,Xanthomonas_A sacchari
Clavibacter sepedonicus,Clavibacter sepedonicus
Deinococcus soli,Deinococcus soli
Streptomyces sulphureus,Streptomyces sulphureus
Flavobacterium okayamense,Flavobacterium okayamense
Asticcacaulis aquaticus,Asticcacaulis aquaticus
Cupriavidus neocaledonicus,Cupriavidus neocaledonicus
Paenibacillus etheri,Paenibacillus etheri
Pseudomonas kielensis,Pseudomonas_E kielensis
Alcaligenes aquatilis,Alcaligenes aquatilis
Rickettsiella grylli,Aquirickettsiella grylli
Leptospira sanjuanensis,Leptospira sanjuanensis
Paenibacillus urinalis,Paenibacillus urinalis
Croceicoccus mobilis,Croceicoccus mobilis
Shimia isoporae,Shimia isoporae
Salinimicrobium nanhaiense,Salinimicrobium nanhaiense
Gluconacetobacter takamatsuzukensis,Gluconacetobacter takamatsuzukensis
Longirhabdus pacifica,Longirhabdus pacifica
Roseivirga seohaensis,Roseivirga seohaensis
Agromyces salentinus,Agromyces salentinus
Rhodanobacter fulvus,Rhodanobacter fulvus
Deefgea salmonis,Deefgea salmonis
Advenella faeciporci,Advenella_A faeciporci
Secundilactobacillus angelensis,Secundilactobacillus angelensis
Chthonobacter albigriseus,Chthonobacter albigriseus
Paraburkholderia podalyriae,Paraburkholderia podalyriae
Mycobacterium uberis,Mycobacterium uberis
Thalassospira povalilytica,Thalassospira povalilytica
Dichotomicrobium thermohalophilum,Dichotomicrobium thermohalophilum
Nioella sediminis,Nioella sediminis
Ancylobacter defluvii,Ancylobacter defluvii
Cellulomonas denverensis,Cellulomonas denverensis
Xanthomonas massiliensis,Xanthomonas_B massiliensis
Tangfeifania sp.,Tangfeifania sp035269145
Methylobacterium phyllostachyos,Methylobacterium phyllostachyos
Amycolatopsis taiwanensis,Amycolatopsis taiwanensis
Acinetobacter marinus,Acinetobacter marinus
Aquimarina macrocephali,Aquimarina macrocephali
Kutchimonas denitrificans,Kutchimonas denitrificans
Nautiliales bacterium,JAUUDM01 sp030826765
Cesiribacteraceae bacterium,Nafulsella sp017948555
Marinobacter zhejiangensis,Marinobacter zhejiangensis
Nocardia rhizosphaerihabitans,Nocardia rhizosphaerihabitans
Amnibacterium kyonggiense,Amnibacterium kyonggiense
Shewanella algicola,Shewanella algicola
Thetidibacter halocola,Thetidibacter halocola
Sulfurirhabdus sp.,JAJZUU01 sp021848325
Chryseobacterium colombiense,Chryseobacterium colombiense
Lamprobacter sp.,Lamprobacter sp034860625
Hartmannibacter diazotrophicus,Hartmannibacter diazotrophicus
Avanaerovorax faecigallinarum,Avanaerovorax faecigallinarum
Halomonas alkalisoli,Billgrantia alkalisoli
Leptospira adleri,Leptospira adleri
Anaeromonas gelatinilytica,Anaeromonas gelatinilytica
Aphodousia faecavium,Aphodousia faecavium
Trichlorobacter ammonificans,Trichlorobacter ammonificans
Tenacibaculum holothuriorum,Tenacibaculum holothuriorum
Desulfoluna spongiiphila,Desulfoluna spongiiphila
bacterium BMS3Abin04,BMS3ABIN04 sp002898175
Phreatobacter oligotrophus,Phreatobacter oligotrophus
Haloferula luteola,Haloferula luteola
Chitinasiproducens palmae,Chitinasiproducens palmae
Mucilaginibacter frigoritolerans,Mucilaginibacter frigoritolerans
Chlorobaculum tepidum,Chlorobaculum tepidum
Corynebacterium epidermidicanis,Corynebacterium epidermidicanis
Kroppenstedtia pulmonis,Kroppenstedtia_A pulmonis
Cephaloticoccus primus,Cephaloticoccus primus
Rhodohalobacter barkolensis,Rhodohalobacter barkolensis
Blastococcus litoris,Blastococcus litoris
uncultured Simkaniaceae,CALTSX01 sp943908465
Peteryoungia desertarenae,Allorhizobium desertarenae
Anthocerotibacter panamensis,Anthocerotibacter panamensis
Pseudomonas costantinii,Pseudomonas_E costantinii
uncultured Nevskia,Nevskia sp903885465
Agrobacterium bohemicum,Agrobacterium bohemicum
Pasteurella dagmatis,Pasteurella dagmatis
Futiania mangrovi,Futiania mangrovi
Risungbinella massiliensis,Risungbinella massiliensis
Anaerotignum neopropionicum,Chakrabartyella neopropionicum
Nitrosotenuis sp.,Hyphomonas atlantica
Chryseobacterium taeanense,Chryseobacterium taeanense
Flavobacterium rakeshii,Flavobacterium rakeshii
Pedobacter aquae,Pelobium aquae
Allorhizobium terrae,Allorhizobium terrae
Methylomirabilis limnetica,Methylomirabilis limnetica
Gangjinia marincola,Gangjinia marincola
Arthrobacter silvisoli,Arthrobacter silvisoli
Pedobacter ginsengiterrae,Pedobacter ginsengiterrae
uncultured Plantibacter,Plantibacter flavus_A
Liquorilactobacillus aquaticus,Liquorilactobacillus aquaticus
Ignatzschineria ureiclastica,Ignatzschineria ureiclastica
Lutimaribacter pacificus,Lutimaribacter pacificus
Blastococcus atacamensis,Blastococcus atacamensis
Porphyromonas bennonis,Porphyromonas_A bennonis
Flagellimonas lutaonensis,Flagellimonas_A lutaonensis
Pseudoduganella lutea,Pseudoduganella lutea
Erythrobacter alti,Aurantiacibacter alti
Cryosericum odellii,Cryosericum odellii
Sphingomonas xanthus,Sphingomicrobium xanthum
Streptobacillus canis,Streptobacillus canis
Clostridium oryzae,Clostridium_AE oryzae
Corynebacterium pygosceleis,Corynebacterium pygosceleis
Longibaculum muris,Longibaculum muris
Thermus aquaticus,Thermus aquaticus
Jiangella mangrovi,Jiangella mangrovi
Pseudomonas svalbardensis,Pseudomonas_E svalbardensis
Bradyrhizobium septentrionale,Bradyrhizobium septentrionale
Tatumella citrea,Tatumella citrea
Agathobaculum pullicola,Agathobaculum pullicola
uncultured Rivularia,Rivularia sp963665115
Hoeflea olei,Hoeflea olei
Sphingobium boeckii,Sphingobium_A boeckii
Treponema merdequi,Treponema_D merdequi
Corynebacterium massiliense,Corynebacterium massiliense
Moorella glycerini,Moorella glycerini
Sinisalibacter aestuarii,Sinisalibacter aestuarii
Nonomuraea typhae,Nonomuraea typhae
Pseudonocardia yunnanensis,Pseudonocardia yunnanensis
Thioflexithrix psekupsensis,Thioflexithrix psekupsensis
bacterium BMS3Abin01,BMS3ABIN01 sp002897715
Polynucleobacter alcilacus,Polynucleobacter alcilacus
Lysinibacillus piscis,Lysinibacillus piscis
Flavobacterium lipolyticum,Flavobacterium lipolyticum
Chromohalobacter sarecensis,Chromohalobacter sarecensis
Pseudomonas cuatrocienegasensis,Pseudomonas_E cuatrocienegasensis
Caccovivens faecavium,Caccovivens faecavium
Flavobacterium keumense,Flavobacterium keumense
Carnobacterium viridans,Carnobacterium_A viridans
Arthrospiribacter ruber,Arthrospiribacter ruber
Desulforamulus profundi,Desulfotomaculum profundi
Methyloradius sp.,Methyloradius sp035460505
Bifidobacterium imperatoris,Bifidobacterium imperatoris
Enterenecus avicola,Enterenecus avicola
Spongiactinospora sp.,Spongiactinospora sp029382225
Alkalihalobacterium elongatum,Alkalihalobacterium elongatum
Selenomonas massiliensis,Centipeda massiliensis
Lunatimonas salinarum,Lunatimonas salinarum
Shewanella psychromarinicola,Shewanella psychromarinicola
Bombilactobacillus apium,Bombilactobacillus apium
Lacticaseibacillus manihotivorans,Lacticaseibacillus manihotivorans
Cupriavidus pinatubonensis,Cupriavidus pinatubonensis
Phocaeicola excrementigallinarum,Phocaeicola excrementigallinarum
Corynebacterium hansenii,Corynebacterium hansenii
Aestuariicoccus sp.,JAWHTD01 sp032586235
Alteriqipengyuania flavescens,Alteriqipengyuania_B flavescens
Falsirhodobacter algicola,Falsirhodobacter algicola
Cohaesibacter marisflavi,Cohaesibacter marisflavi
Naasia lichenicola,Naasia lichenicola
Canibacter oris,Canibacter oris
Pasteurella canis,Pasteurella canis
Pelagimonas phthalicica,Pelagimonas phthalicica
Agromyces rhizosphaerae,Agromyces rhizosphaerae
Flavivirga eckloniae,Flavivirga eckloniae
Caloramator mitchellensis,Caloramator mitchellensis
Cetobacterium ceti,Cetobacterium ceti
Roseovarius bejariae,Roseovarius bejariae
Ichthyobacterium seriolicida,Ichthyobacterium seriolicida
Bifidobacterium oedipodis,Bifidobacterium oedipodis
Caloramator quimbayensis,Caloramator_B quimbayensis
Corynebacterium zhongnanshanii,Corynebacterium zhongnanshanii
Onthenecus intestinigallinarum,Beduinella intestinigallinarum
Caenarcanum sp.,DYOT01 sp020720345
Cellulomonas uda,Cellulomonas uda
Pseudarthrobacter scleromae,Arthrobacter scleromae
Saccharospirillum mangrovi,Saccharospirillum mangrovi
Streptococcus timonensis,Streptococcus timonensis
Undibacterium fentianense,Undibacterium fentianense
Saccharibacillus kuerlensis,Saccharibacillus kuerlensis
Garicola koreensis,Nesterenkonia koreensis
Streptomyces malachitofuscus,Streptomyces malachitofuscus
Cohaesibacter celericrescens,Cohaesibacter celericrescens
Subteraquimicrobium carltonvillense,Subteraquimicrobium carltonvillense
Anaerococcus tetradius,Anaerococcus tetradius
Streptomyces alkaliphilus,Streptomyces alkaliphilus
Aequorivita antarctica,Aequorivita antarctica
Streptomyces roseoverticillatus,Streptomyces roseoverticillatus
Leucobacter musarum,Leucobacter musarum
Microcella frigidaquae,Microcella frigidaquae
Lyngbya aestuarii,Limnoraphis aestuarii
Pantoea bathycoeliae,Pantoea bathycoeliae
Moraxella canis,Moraxella canis
Cryptobacteroides faecigallinarum,Cryptobacteroides faecigallinarum
Sphingopyxis granuli,Sphingopyxis granuli
Sphingopyxis alaskensis,Sphingopyxis alaskensis
Larkinella arboricola,Larkinella arboricola
Stappia taiwanensis,Stappia taiwanensis
Secundilactobacillus pentosiphilus,Secundilactobacillus pentosiphilus
Rufibacter sediminis,Rufibacter sediminis
Leminorella richardii,Leminorella richardii
Jiangella sp.,Jiangella sp900105175
Profundibacter amoris,Profundibacter amoris
Clostridium folliculivorans,Clostridium_AR folliculivorans
Borkfalkia faecigallinarum,Borkfalkia faecigallinarum
Sulfurivirga sp.,Sulfurivirga sp015490265
Xenophilus azovorans,Xenophilus azovorans
uncultured Chlamydiales,Neochlamydia sp001897225
Streptomyces endophytica,Streptomyces endophytica
Alectryocaccomicrobium excrementavium,Alectryocaccomicrobium excrementavium
Streptococcus toyakuensis,Streptococcus toyakuensis
Meiothermus taiwanensis,Meiothermus taiwanensis
Qipengyuania soli,Qipengyuania soli
Neobacillus endophyticus,Neobacillus endophyticus
Mameliella sediminis,Antarctobacter sediminis
Nocardioides albertanoniae,Nocardioides albertanoniae
Flavobacterium omnivorum,Flavobacterium omnivorum
Ruthenibacterium intestinale,Ruthenibacterium intestinale
Desulfosalsimonadaceae bacterium,M55B175 sp035312245
Pelagibacterium lacus,Pelagibacterium lacus
Aeromicrobium terrae,Aeromicrobium terrae
Corynebacterium stercoris,Corynebacterium stercoris
Hatepunaea meridiana,Hatepunaea meridiana
Massilia endophytica,Pseudoduganella endophytica
Improbicoccus pseudotrichonymphae,Improbicoccus pseudotrichonymphae
Corynebacterium riegelii,Corynebacterium riegelii
Tunturibacter psychrotolerans,Edaphobacter psychrotolerans
Hymenobacter caeli,Hymenobacter caeli
Desulfaltia bathyphila,Desulfaltia bathyphila
Pseudomonas paralcaligenes,Pseudomonas_E paralcaligenes
Anaerosalibacter massiliensis,Anaerosalibacter massiliensis
Pseudomonas guryensis,Pseudomonas_E guryensis
Mycoplasmopsis meleagridis,Mycoplasmopsis meleagridis
Mariniflexile litorale,Mariniflexile litorale
Halalkalibacter okhensis,Halalkalibacter okhensis
Paenibacillus agricola,Paenibacillus_S agricola
Mycoplasma gypis,Metamycoplasma gypis
Nocardioides gansuensis,Nocardioides gansuensis
Cohnella candidum,Cohnella candidum
Roseomonas acroporae,Roseomonas_E acroporae
Acinetobacter entericus,Acinetobacter bouvetii
Cryptobacteroides merdigallinarum,Cryptobacteroides merdigallinarum
Deinococcus yavapaiensis,Deinococcus_A yavapaiensis
Acuticoccus kalidii,Acuticoccus kalidii
Amycolatopsis acidicola,Amycolatopsis acidicola
Nocardioides nitrophenolicus,Nocardioides nitrophenolicus
Psychroserpens mesophilus,Psychroserpens mesophilus
Nitrosomonas cryotolerans,Nitrosomonas cryotolerans
Paenibacillus methanolicus,Paenibacillus_Z methanolicus
Streptomyces indicus,Streptomyces indicus
uncultured Clavibacter,MAG-120802 sp937883945
Tianweitania populi,Tianweitania populi
Kaistia dalseonensis,Kaistia dalseonensis
Methylobacterium tardum,Methylobacterium tardum
Bifidobacterium callimiconis,Galliscardovia callimiconis
Nocardioides panacihumi,Nocardioides panacihumi
Atribacter sp.,Atribacter sp002069605
Mycobacterium fragae,Mycobacterium fragae
Bartonella raoultii,Bartonella raoultii
Chelatococcus composti,Chelatococcus_A composti
Dictyobacter vulcani,Dictyobacter vulcani
Agromyces atrinae,Agromyces atrinae
Endomicrobium procryptotermitis,Endomicrobium procryptotermitis
Eremiobacterales bacterium,IMCC26207 sp009700815
Rhodoferax lithotrophicus,Rhodoferax lithotrophicus
Lacticaseibacillus kribbianus,Lacticaseibacillus kribbianus
Flavivirga jejuensis,Flavivirga jejuensis
Micromonospora echinaurantiaca,Micromonospora echinaurantiaca
Draconibacterium halophilum,Draconibacterium halophilum
Echinicola strongylocentroti,Echinicola strongylocentroti
Mediterraneibacter hominis,Mediterraneibacter hominis
Lutibacter citreus,Lutibacter citreus
Paenirhodobacter enshiensis,Paenirhodobacter enshiensis
Ensifer aridi,Sinorhizobium aridi
Limimorpha avicola,Limimorpha avicola
Arthrobacter glacialis,Specibacter glacialis
Megasphaera lornae,Megasphaera_C lornae
Chryseobacterium piscium,Chryseobacterium piscium
Desulfoluna butyratoxydans,Desulfoluna butyratoxydans
Fodinicurvata fenggangensis,Fodinicurvata fenggangensis
Paenacidovorax caeni,Paenacidovorax caeni
Alteromonas alba,Alteromonas alba
Corynebacterium kalinowskii,Corynebacterium kalinowskii
Salipiger profundus,Salipiger profundus
Streptomyces gobiensis,Streptomyces gobiensis
Sphingomonas naphthae,Sphingomonas_Q naphthae
Putridiphycobacter roseus,Putridiphycobacter roseus
Schaalia dentiphila,Pauljensenia dentiphila
Chryseobacterium profundimaris,Chryseobacterium profundimaris
Methylospira mobilis,Methylospira mobilis
Oceanobacillus bengalensis,Oceanobacillus bengalensis
Desulfopila inferna,Desulfopila_A inferna
Rhodopirellula europaea,Rhodopirellula europaea
Legionella clemsonensis,Tatlockia clemsonensis
Chengkuizengella marina,Chengkuizengella marina
Mesoplasma melaleucae,Mesoplasma melaleucae
Nocardia grenadensis,Nocardia grenadensis
Pseudobacter ginsenosidimutans,Pseudobacter ginsenosidimutans
Mediterraneibacter excrementipullorum,Mediterraneibacter excrementipullorum
Phytoplasma bonamiae,Phytoplasma bonamiae
Companilactobacillus formosensis,Companilactobacillus formosensis
Luteimonas wenzhouensis,Luteimonas wenzhouensis
Streptacidiphilus fuscans,Streptacidiphilus fuscans
Streptomyces flavochromogenes,Streptomyces flavochromogenes
Alteromonas lipotrueiana,Alteromonas lipotrueiana
Thalassolituus marinus,Venatoribacter marinus
Bacillus solimangrovi,Bacillus_AV solimangrovi
Criblamydia sequanensis,Criblamydia sequanensis
Pandoraea morbifera,Pandoraea morbifera
Lysobacter solisilvae,Agrilutibacter solisilvae
Saccharibacillus endophyticus,Saccharibacillus endophyticus
Sedimentitalea nanhaiensis,Sedimentitalea nanhaiensis
Ramlibacter alkalitolerans,Ramlibacter alkalitolerans
Modicisalibacter luteus,Modicisalibacter luteus
Brevibacterium intestinavium,Brevibacterium intestinavium
Lepagella muris,Lepagella muris
Jiangella alkaliphila,Jiangella alkaliphila
Microvirga puerhi,Microvirga puerhi
Tenacibaculum gallaicum,Tenacibaculum gallaicum
Halalkalibacillus sediminis,Halalkalibacillus_A sediminis
Portibacter marinus,Portibacter marinus
Gallitreponema excrementavium,Gallitreponema excrementavium
Botrimarina sp.,Botrimarina sp040219535
Halochromatium sp.,Lamprobacter sp010912705
uncultured Chthonomonadales,CALLMM01 sp938005745
Formosimonas limnophila,Formosimonas limnophila
Helicobacter labacensis,Helicobacter_E labacensis
Nocardioides terrigena,Nocardioides terrigena
Pseudooctadecabacter jejudonensis,Pseudooctadecabacter jejudonensis
Cytomitobacter indipagum,Cytomitobacter indipagum
Devosia oryziradicis,Devosia oryziradicis
Tildeniella torsiva,Nodosilinea torsiva
Dyadobacter jiangsuensis,Dyadobacter jiangsuensis
Cellulomonas palmilytica,Cellulomonas palmilytica
Cupriavidus pampae,Cupriavidus pampae
Parabacteroides intestinipullorum,Parabacteroides intestinipullorum
Corynebacterium wankanglinii,Corynebacterium wankanglinii
Mycoplasma testudineum,Mycoplasmopsis_B testudinea
Devosia subaequoris,Devosia subaequoris
Salibacterium qingdaonense,Salibacterium qingdaonense
Mycobacterium neumannii,Mycobacterium neumannii
Trichococcus collinsii,Trichococcus collinsii
Chlamydia crocodili,Chlamydophila crocodili
uncultured Sanguibacteroides,Gabonibacter sp900543425
Erythrobacter insulae,Erythrobacter insulae
Peptoniphilus asaccharolyticus,Peptoniphilus asaccharolyticus
Pollutibacter soli,Pollutibacter soli
Asticcacaulis solisilvae,Asticcacaulis solisilvae
Sinomicrobium kalidii,Sinomicrobium kalidii
Legionella bozemanae,Legionella bozemanae
Nocardia africana,Nocardia africana
Halomonas llamarensis,Vreelandella llamarensis
Massilia forsythiae,Telluria forsythiae
Ignatzschineria larvae,Ignatzschineria larvae
Leptospira noumeaensis,Leptospira_A noumeaensis
Lacticaseibacillus nasuensis,Lacticaseibacillus nasuensis
Branchiibius hedensis,Branchiibius hedensis
Pseudodesulfovibrio aespoeensis,Pseudodesulfovibrio aespoeensis
Legionella gratiana,Legionella gratiana
Microbacterium keratanolyticum,Microbacterium keratanolyticum
Gordonia lacunae,Gordonia lacunae
Streptomyces cupreus,Streptomyces cupreus
Brevibacterium atlanticum,Brevibacterium atlanticum
Rubellimicrobium rubrum,Rubellimicrobium rubrum
Fertoeibacter niger,Fertoeibacter niger
Caccousia avicola,Caccousia avicola
Paenarthrobacter ilicis,Arthrobacter ilicis
Halomonas colorata,Vreelandella colorata
Parathalassolituus penaei,Oceanobacter penaei
Desulfovibrio intestinigallinarum,Desulfovibrio intestinigallinarum
Okibacterium fritillariae,Okibacterium fritillariae
Paenimyroides aquimaris,Flavobacterium marinum
Roseomonas rosulenta,Neoroseomonas rosulenta
Pollutimonas nitritireducens,Pollutimonas nitritireducens
Ruminococcus gallistercoris,Hominenteromicrobium gallistercoris
Bordetella bronchialis,Bordetella_C bronchialis
Phnomibacter ginsenosidimutans,Phnomibacter ginsenosidimutans
Aestuariibaculum marinum,Aestuariibaculum marinum
Alicyclobacillus kakegawensis,Alicyclobacillus_G kakegawensis
Pinisolibacter sp.,CALBKH01 sp937892955
Enterococcus rivorum,Enterococcus rivorum
Shewanella saliphila,Shewanella saliphila
Mycolicibacterium holsaticum,Mycobacterium holsaticum
Geomesophilobacter sediminis,Geomesophilobacter sediminis
Niastella yeongjuensis,Niastella yeongjuensis
Helicobacter colisuis,Helicobacter_D colisuis
Gordonia sinesedis,Gordonia sinesedis
Trinickia acidisoli,Trinickia acidisoli
Pseudidiomarina fusca,Pseudidiomarina fusca
Lysinibacillus endophyticus,Ureibacillus endophyticus
uncultured Azohydromonas,Azohydromonas sp937926365
Lacinutrix venerupis,Lacinutrix venerupis
Lactiplantibacillus carotarum,Lactiplantibacillus carotarum
Agromyces aureus,Agromyces aureus
Nesterenkonia jeotgali,Nesterenkonia sandarakina
Caldisalinibacter kiritimatiensis,Caldisalinibacter kiritimatiensis
Kaistella flava,Kaistella flava
uncultured Elstera,CAIZEE01 sp903931835
Actinomadura algeriensis,Spirillospora algeriensis
Xylanivirga thermophila,Xylanivirga thermophila
Planococcus liqunii,Planococcus liqunii
Alkalibacterium gilvum,Alkalibacterium gilvum
Gleimia coleocanis,Gleimia coleocanis
Novosphingobium aquimarinum,Novosphingobium aquimarinum
Streptomyces acidipaludis,Actinacidiphila acidipaludis
Streptomyces azureus,Streptomyces azureus
Arthrobacter hankyongi,Arthrobacter_F hankyongi
Endomicrobiellum meruensis,Endomicrobiellum meruensis
Actinomyces gaoshouyii,Actinomyces gaoshouyii
Hymenobacter terrestris,Hymenobacter terrestris
Xanthomonas populi,Xanthomonas populi
Brevibacillus fluminis,Brevibacillus_D fluminis
Haloechinothrix alba,Haloechinothrix alba
Streptomyces armeniacus,Streptomyces armeniacus
Shewanella avicenniae,Shewanella avicenniae
Actinomadura mexicana,Spirillospora mexicana
Xenorhabdus indica,Xenorhabdus indica
Alkaliphilus pronyensis,Alkaliphilus_C pronyensis
Maribellus maritimus,Draconibacterium maritimum
Brevundimonas fontaquae,Brevundimonas fontaquae
Loigolactobacillus jiayinensis,Loigolactobacillus jiayinensis
Enterococcus haemoperoxidus,Enterococcus haemoperoxidus
Desulfobaculum xiamenense,Desulfobaculum xiamenense
Roseimaritima sp.,Roseimaritima sp007124075
Fusicatenibacter faecihominis,Limivivens faecihominis
Adhaeribacter soli,Adhaeribacter_A soli
Pegethrix bostrychoides,Elainella bostrychoides
Ornithomonoglobus merdipullorum,Ornithomonoglobus merdipullorum
Dictyoglomus turgidum,Dictyoglomus turgidum
Niabella beijingensis,Niabella beijingensis
Pontiella agarivorans,Pontiella agarivorans
Enterococcus ureilyticus,Enterococcus ureilyticus
Nocardia coubleae,Nocardia coubleae
Streptococcus hominis,Streptococcus hominis
Protoclostridium stercorigallinarum,Protoclostridium stercorigallinarum
Pseudomonas deceptionensis,Pseudomonas_E deceptionensis
Adhaeribacter pallidiroseus,Adhaeribacter pallidiroseus
Palleronia marisminoris,Palleronia marisminoris
Belliella calami,Belliella calami
Cryptobacteroides aphodequi,Cryptobacteroides aphodequi
Fodinibius salinus,Fodinibius salinus
Amphiplicatus metriothermophilus,Amphiplicatus metriothermophilus
Moraxella lincolnii,Moraxella_C lincolnii
Fuchsiella alkaliacetigena,Fuchsiella alkaliacetigena
Kocuria salina,Kocuria rosea
Jeotgalibacillus proteolyticus,Jeotgalibacillus proteolyticus
Desulfocurvibacter africanus,Desulfocurvibacter africanus
Neolewinella aquimaris,Neolewinella aquimaris
Nocardioides salarius,Nocardioides salarius
Coraliomargarita algicola,UBA7441 sp033878955
Flavobacterium ovatum,Flavobacterium ovatum
Flavobacterium sasangense,Flavobacterium sasangense
Coraliomargarita parva,Coraliomargarita_A parva
Actinobacillus ureae,Actinobacillus ureae
Desulfovibrio inopinatus,Alteridesulfovibrio inopinatus
bacterium 19GA11TI05,Morganella morganii
Streptomyces solincola,Streptomyces solincola
Propioniciclava tarda,Propioniciclava tarda
Stackebrandtia albiflava,Stackebrandtia albiflava
Arabiibacter massiliensis,Arabiibacter massiliensis
Lysinibacillus macroides,Lysinibacillus macroides
Alteribacillus bidgolensis,Alteribacillus bidgolensis
uncultured Lichenicoccus,Lichenicoccus sp963693035
Cryobacterium lyxosi,Cryobacterium lyxosi
Syntrophopropionicum ammoniitolerans,Syntrophopropionicum ammoniitolerans
Deinococcus psychrotolerans,Deinococcus psychrotolerans
Halomonas beimenensis,Halomonas beimenensis
Agromyces cavernae,Agromyces cavernae
Flavobacterium endoglycinae,Flavobacterium endoglycinae
Camelimonas fluminis,Camelimonas fluminis
Nocardioides lijunqiniae,Nocardioides lijunqiniae
Lichenifustis flavocetrariae,Lichenihabitans flavocetrariae
Paenibacillus eucommiae,Paenibacillus_AI eucommiae
Leeuwenhoekiella aestuarii,Leeuwenhoekiella aestuarii
Limosilactobacillus agrestis,Limosilactobacillus agrestis
Anaeroglobus geminatus,Anaeroglobus geminatus
Pseudopontixanthobacter vadosimaris,Pseudopontixanthobacter vadosimaris
Formosa haliotis,Formosa haliotis
Limosilactobacillus alvi,Limosilactobacillus alvi
Paenibacillus silvestris,Paenibacillus_E silvestris
Halarcobacter mediterraneus,Halarcobacter mediterraneus
Mycobacterium lacus,Mycobacterium lacus
Streptomyces marincola,Streptomyces marincola
Paenibacillus solani,Paenibacillus solani
Mucilaginibacter ginkgonis,Mucilaginibacter ginkgonis
Chlamydia felis,Chlamydophila felis
Leptothoe kymatousa,Leptothoe kymatousa
Streptomyces puniciscabiei,Streptomyces puniciscabiei
Umboniibacter marinipuniceus,Umboniibacter marinipuniceus
Microcystis elabens,Cyanobium elabens
Temperatibacter marinus,Temperatibacter marinus
Nitratireductor alexandrii,Nitratireductor_D alexandrii
Mucilaginibacter gotjawali,Mucilaginibacter gotjawali
Kuenenia hertensis,Kuenenia hertensis
Nostoc sphaeroides,Nostoc sphaeroides
Methylocella tundrae,Methylocapsa tundrae
Acetobacter ascendens,Acetobacter ascendens
Paracidovorax cattleyae,Paracidovorax cattleyae
Atopobium deltae,Atopobium deltae
Algoriphagus boritolerans,Algoriphagus boritolerans
Hymenobacter sediminicola,Hymenobacter sediminicola
Enterobacter chinensis,Enterobacter chinensis
Tenuibacillus multivorans,Tenuibacillus multivorans
Klenkia marina,Klenkia marina
Aphodomonas sp.,Aphodomonas sp004557805
Dichloromethanomonas elyunquensis,Dichloromethanomonas elyunquensis
bacterium UBP6_UBA1196,UBA1177 sp002310035
Suicoccus acidiformans,Suicoccus acidiformans
Bifidobacterium felsineum,Bifidobacterium felsineum
Phocaeicola faecalis,Phocaeicola faecalis
Salinarimonas soli,Salinarimonas_A soli
Limnohabitans radicicola,Limnohabitans_A radicicola
Parafannyhessea sp.,Parafannyhessea sp003862195
Crenobacter oryzisoli,Crenobacter_A oryzisoli
Christensenella timonensis,Christensenella timonensis
bacterium UBP7_UBA7824,UBA6624 sp002501535
Onthovivens merdipullorum,Onthovivens merdipullorum
Hymenobacter sedentarius,Hymenobacter sedentarius
Arcobacter acticola,Aliarcobacter acticola
Nioella ostreopsis,Nioella ostreopsis
Shimia litoralis,Shimia_E litoralis
Streptomyces flavotricini,Streptomyces flavotricini
Sphingomonas corticis,Sphingomonas corticis
Brevibacterium ammoniilyticum,Brevibacterium ammoniilyticum
Agromyces humatus,Agromyces humatus
Salegentibacter holothuriorum,Salegentibacter holothuriorum
Chlamydia serpentis,Chlamydophila serpentis
Streptomyces aculeolatus,Streptomyces aculeolatus
Nanoarchaeota archaeon,JAUYPG01 sp030695805
Corynebacterium qintianiae,Corynebacterium qintianiae
Flavicella marina,Flavicella marina
Rubritalea profundi,Rubritalea profundi
Ornithospirochaeta stercoravium,Ornithospirochaeta stercoravium
Foetidibacter luteolus,Foetidibacter luteolus
Azospirillum soli,Azospirillum soli
Sphingobacterium corticibacter,Sphingobacterium corticibacter
Acinetobacter puyangensis,Acinetobacter puyangensis
Segatella cerevisiae,Prevotella cerevisiae
Chryseobacterium candidae,Chryseobacterium candidae
Polymorphobacter glacialis,Sandarakinorhabdus glacialis
Luteococcus peritonei,Luteococcus peritonei
Amphrikana amoebophyrae,Amphritriteisimkania amoebophyrae
Vibrio plantisponsor,Vibrio plantisponsor
Acholeplasma granularum,Acholeplasma granularum
Micromonospora solifontis,Micromonospora solifontis
Chromatocurvus halotolerans,Chromatocurvus halotolerans
Ectorhizobium quercum,Ectorhizobium quercum
Bradyrhizobium algeriense,Bradyrhizobium algeriense
Lampropedia puyangensis,Lampropedia puyangensis
Liquorilactobacillus capillatus,Liquorilactobacillus capillatus
Caldicoprobacter guelmensis,Caldicoprobacter guelmensis
Helicobacter avistercoris,Helicobacter_G avistercoris
Pseudovibrio flavus,Pseudovibrio flavus
Dyella psychrodurans,Dyella_B psychrodurans
Halobeggiatoa sp.,DRQV01 sp030378105
Ruania alkalisoli,Ruania alkalisoli
Marinitoga hydrogenitolerans,Marinitoga hydrogenitolerans
Nocardiopsis mwathae,Nocardiopsis_C mwathae
Algibacter agarivorans,Algibacter_G agarivorans
Similichlamydia laticola,Similichlamydia laticola
Flavobacterium muglaense,Flavobacterium muglaense
Nonomuraea rhizosphaerae,Nonomuraea rhizosphaerae
Levilactobacillus koreensis,Levilactobacillus koreensis
Microlunatus flavus,Friedmanniella flava
Dissulfuribacterales bacterium,JAQVIJ01 sp041287365
Mixta intestinalis,Mixta intestinalis
Dyadobacter chenhuakuii,Dyadobacter chenhuakuii
Phenylobacterium koreense,Phenylobacterium koreense
Ureaplasma miroungigenitalium,Ureaplasma miroungigenitalium
Mesorhizobium sanjuanii,Mesorhizobium sanjuanii
Anoxybacillus kestanbolensis,Anoxybacillus kestanbolensis
Saccharomonospora piscinae,Saccharomonospora piscinae
Metamycoplasma phocicerebrale,Metamycoplasma phocicerebrale
Marivita lacus,Marivita lacus
Lysobacter xinjiangensis,Cognatilysobacter xinjiangensis
Deinococcus misasensis,Deinococcus_C misasensis
Streptomyces colonosanans,Streptomyces colonosanans
Rhizorhabdus histidinilytica,Rhizorhabdus histidinilytica
Auraticoccus monumenti,Auraticoccus monumenti
Dehalobacterium sp.,Dehalobacterium sp040766325
Desulfothermus okinawensis,Desulfothermus okinawensis
Raymondbacteria bacterium,XYB2-FULL-49-35 sp001789205
Pseudokineococcus basanitobsidens,Pseudokineococcus basanitobsidens
Lacticaseibacillus jixianensis,Lacticaseibacillus jixianensis
Novosphingobium naphthalenivorans,Novosphingobium naphthalenivorans
Euphemobacter frigidus,Euphemobacter frigidus
Colimorpha pelethequi,Colimorpha pelethequi
Oceanimonas smirnovii,Oceanimonas smirnovii
Ramlibacter montanisoli,Ramlibacter montanisoli
Marinomonas aquimarina,Marinomonas aquimarina
Bifidobacterium margollesii,Galliscardovia margollesii
Nocardia camponoti,Nocardia camponoti
Methylophaga nitratireducenticrescens,Methylophaga nitratireducenticrescens
Methylobrevis albus,Methylobrevis_A albus
Amycolatopsis thermoflava,Amycolatopsis thermoflava
Deinococcus roseus,Deinococcus_C roseus
Lutibaculum baratangense,Lutibaculum baratangense
Peribacillus glennii,Peribacillus glennii
Roseovarius gaetbuli,Roseovarius gaetbuli
Parabacteroides faecis,Parabacteroides faecis
Fibrimonas sp.,Fibrimonas sp031273195
Streptococcus ovuberis,Streptococcus ovuberis
Streptomyces akebiae,Streptomyces akebiae
Aminivibrio pyruvatiphilus,Aminivibrio pyruvatiphilus
Nostoc spongiaeforme,Nostoc_B spongiaeforme
Nonomuraea longicatena,Nonomuraea longicatena
Haemophilus massiliensis,Necropsobacter massiliensis_B
Paramicrobacterium chengjingii,Paramicrobacterium chengjingii
Zobellella taiwanensis,Oceanimonas taiwanensis
Blastococcus capsensis,Blastococcus capsensis
Janibacter merdipullorum,Janibacter merdipullorum
Gallimonas faecium,Gallimonas faecium
Siccibacter colletis,Siccibacter colletis
Fibrella aestuarina,Fibrella aestuarina
Allorhizobium pseudoryzae,Neorhizobium pseudoryzae
Geofilum rhodophaeum,Geofilum rhodophaeum
Mycobacterium noviomagense,Mycobacterium noviomagense
Microvirga aerophila,Microvirga aerophila
Blastopirellula sediminis,Blastopirellula sediminis
Coprenecus merdigallinarum,Coprenecus merdigallinarum
Nitrincola lacisaponensis,Nitrincola lacisaponensis
Terasakiispira papahanaumokuakeensis,Terasakiispira papahanaumokuakeensis
Kribbia dieselivorans,Kribbia dieselivorans
Chitinispirillum alkaliphilum,Chitinispirillum alkaliphilum
uncultured Alkaliphilus,Alkaliphilus sp938074565
Alistipes merdigallinarum,Alistipes_A merdigallinarum
Paraphotobacterium marinum,Paraphotobacterium marinum
Paenibacillus tianjinensis,Paenibacillus tianjinensis
Sphingomonas insulae,Sphingomonas insulae
Heliobacterium chlorum,Heliobacterium chlorum
Pseudodesulfovibrio indicus,Pseudodesulfovibrio indicus
Rhodovulum strictum,Rhodovulum strictum
Pseudodonghicola xiamenensis,Pseudodonghicola xiamenensis
Allomuricauda ruestringensis,Flagellimonas ruestringensis
Symbiobacter mobilis,Symbiobacter mobilis
Francisella frigiditurris,Pseudofrancisella frigiditurris
Cupriavidus malaysiensis,Cupriavidus malaysiensis
Saccharopolyspora shandongensis,Saccharopolyspora shandongensis
Mucilaginibacter ginsenosidivorax,Mucilaginibacter ginsenosidivorax
Jeotgalibacillus soli,Jeotgalibacillus soli
Veillonella denticariosi,Veillonella denticariosi
Peptostreptococcus faecalis,Peptostreptococcus faecalis
Teredinibacter franksiae,Teredinibacter franksiae
Aureimonas fodinaquatilis,Aureimonas fodinaquatilis
Desulfotignum balticum,Desulfotignum balticum
Enterenecus stercoripullorum,Enterenecus stercoripullorum
Polynucleobacter campilacus,Polynucleobacter campilacus
Salirhabdus sp.,OEQK01 sp900240405
Lujinxingia litoralis,Lujinxingia litoralis
Actinacidiphila rubida,Actinacidiphila rubida
Brevundimonas aveniformis,Brevundimonas aveniformis
Salinimicrobium sediminilitoris,Salinimicrobium sediminilitoris
Pseudaeromonas paramecii,Pseudaeromonas paramecii
Flavobacterium seoulense,Flavobacterium seoulense
Parafrankia discariae,Parafrankia discariae
Phenylobacterium soli,Phenylobacterium soli
Heyndrickxia acidicola,Bacillus_AE acidicola
Mycobacterium parascrofulaceum,Mycobacterium parascrofulaceum
Gallipaludibacter merdavium,Gallipaludibacter merdavium
Formimonas warabiya,Formimonas warabiya
Streptomyces boluensis,Streptomyces boluensis
Mucilaginibacter auburnensis,Mucilaginibacter auburnensis
Brevibacillus fulvus,Brevibacillus_G fulvus
Nonomuraea aridisoli,Nonomuraea aridisoli
Fusobacterium hwasookii,Fusobacterium hwasookii
Chitinophaga jiangningensis,Chitinophaga jiangningensis
Eudoraea adriatica,Eudoraea adriatica
Phototrophicus methaneseepsis,Phototrophicus methaneseepsis
Flavimobilis marinus,Flavimobilis marinus
Labedella gwakjiensis,Labedella gwakjiensis
Luteipulveratus halotolerans,Luteipulveratus halotolerans
Microbacterium bovistercoris,Microbacterium bovistercoris
Vibrio albus,Vibrio albus
Mycolicibacterium duvalii,Mycobacterium duvalii
Vibrio gigantis,Vibrio gigantis
Paracoccus liaowanqingii,Paracoccus liaowanqingii
Actinotalea lenta,Actinotalea lenta
Domibacillus tundrae,Domibacillus tundrae
Corallococcus soli,Corallococcus soli
Sphingopyxis chilensis,Sphingopyxis chilensis
Pollutimonas subterranea,Pollutimonas subterranea
Nocardioides exalbidus,Nocardioides exalbidus
Thermosediminibacterales bacterium,JARRCM01 sp029982205
Pandoraea terrae,Pandoraea terrae
uncultured Ktedonobacteraceae,UBA11361 sp955652655
Polyangium mundeleinium,Polyangium mundeleinium
Thalassoglobus sp.,Thalassoglobus sp040717535
Draconibacterium mangrovi,Draconibacterium mangrovi
Defluviibacterium haderslevense,Vicinibacter haderslevensis
Arthrobacter antioxidans,Arthrobacter_D antioxidans
Tamilnaduibacter salinus,Tamilnaduibacter salinus
Deinococcus alpinitundrae,Deinococcus alpinitundrae
Lysobacter maris,Marilutibacter maris
Scubalenecus merdavium,Scybalenecus merdavium
Gordonibacillus kamchatkensis,Gordoniibacillus kamchatkensis
Bacillus aerolatus,Pseudobacillus aerolatus
Mycolicibacterium arenosum,Mycobacterium arenosum
Parasphingopyxis lamellibrachiae,Parasphingopyxis lamellibrachiae
Aeromicrobium wangtongii,Aeromicrobium wangtongii
Ephemeroptericola cinctiostellae,Hydromonas cinctiostellae
Saccharothrix xinjiangensis,Actinosynnema xinjiangensis
Alteromonas antoniana,Alteromonas antoniana
Metabacillus dongyingensis,Bacillus_P dongyingensis
Streptacidiphilus carbonis,Streptacidiphilus carbonis
Tokpelaia hoelldoblerii,Tokpelaia hoelldobleri
Pantoea deserta,Pantoea deserta
Mycobacterium bourgelatii,Mycobacterium bourgelatii
Gallimonas merdae,Gallimonas merdae
Conchiformibius steedae,Conchiformibius steedae
Kribbella italica,Kribbella italica
Granulicella sibirica,Edaphobacter sibiricus
Luteococcus japonicus,Luteococcus japonicus
Nocardioides conyzicola,Nocardioides conyzicola
Streptomyces albofaciens,Streptomyces albofaciens
Marinirhabdus gelatinilytica,Marinirhabdus gelatinilytica
Leucobacter chinensis,Leucobacter_A chinensis
Chryseobacterium angstadtii,Chryseobacterium angstadtii
Winslowiella arboricola,Winslowiella arboricola
Paenibacillus solanacearum,Paenibacillus_G solanacearum
Paracandidimonas lactea,Allopusillimonas lactea
Aeromonas rivuli,Aeromonas rivuli
Nakamurella panacisegetis,Nakamurella panacisegetis
Sphingobium cupriresistens,Sphingobium cupriresistens
Herbaspirillum robiniae,Herbaspirillum robiniae
Modicisalibacter xianhensis,Modicisalibacter xianhensis
Pseudonocardia aurantiaca,Pseudonocardia aurantiaca
Helcococcus sueciensis,Helcococcus sueciensis
Desulforadius tongensis,Desulforadius tongensis
Gallintestinimicrobium propionicum,Gallintestinimicrobium propionicum
Sphingomonas desiccabilis,Sphingomonas desiccabilis
Gracilibacillus massiliensis,Gracilibacillus massiliensis
Solidesulfovibrio carbinoliphilus,Solidesulfovibrio carbinoliphilus
Nitrohelix vancouverensis,Nitrohelix vancouverensis
Leptospira bourretii,Leptospira_A bourretii
Marivirga tractuosa,Marivirga tractuosa
Phytoactinopolyspora halophila,Phytoactinopolyspora halophila
Aliidiomarina halalkaliphila,Aliidiomarina halalkaliphila
uncultured Kluyvera,Kluyvera ascorbata
Mycobacterium innocens,Mycobacterium innocens
Hyella patelloides,Hyella patelloides
Cryobacterium psychrotolerans,Cryobacterium psychrotolerans
Sphingomonas asaccharolytica,Sphingomonas asaccharolytica
uncultured Thermodesulfovibrio,Thermodesulfovibrio sp937998865
Paenibacillus turpanensis,Paenibacillus_AK turpanensis
Kosakonia pseudosacchari,Kosakonia pseudosacchari
Smaragdicoccus niigatensis,Smaragdicoccus niigatensis
Microbacterium galbum,Microbacterium galbum
Desulfonatronum thiodismutans,Desulfonatronum thiodismutans
Sphingomonas populi,Sphingomonas populi
uncultured Morganella,Morganella morganii_B
Neisseria macacae,Neisseria macacae
Oceanobacillus indicireducens,Oceanobacillus indicireducens
Thalassoglobus neptunius,Thalassoglobus neptunius
Psychrobacillus psychrodurans,Psychrobacillus psychrodurans
Aquamicrobium zhengzhouense,Aquamicrobium_A zhengzhouense
Streptomyces zhihengii,Streptomyces zhihengii
Pontibaca methylaminivorans,Pontibaca methylaminivorans
Spiribacter vilamensis,Spiribacter vilamensis
Streptomyces spinosisporus,Streptomyces spinosisporus
Marivirga lumbricoides,Marivirga lumbricoides
Parvularcula maris,Parvularcula maris
Shouchella patagoniensis,Shouchella patagoniensis
Deinococcus rubellus,Deinococcus rubellus
Kordiimonas sediminis,Kordiimonas_A sediminis
Rhizobium deserti,Neorhizobium deserti
Lysobacter hankyongensis,Lysobacter_I hankyongensis
Trinickia terrae,Trinickia terrae
Dyadobacter diqingensis,Dyadobacter diqingensis
Alteromonas confluentis,Alteromonas confluentis
Cytobacillus solani,Cytobacillus solani
Caulobacter radicis,Caulobacter radicis
Paenibacillus tuaregi,Fontibacillus tuaregi
Venatoribacter cucullus,Venatoribacter cucullus
Streptococcus pacificus,Streptococcus pacificus
Thiovulum stygium,Thiovulum_C stygium
Rhizobium leucaenae,Rhizobium leucaenae
Alistipes megaguti,Alistipes megaguti
Teredinibacter sp.,G032773895 sp032773895
Henriciella litoralis,Henriciella litoralis
Streptomyces plumbiresistens,Streptomyces plumbiresistens
Salinispora mooreana,Micromonospora mooreana
Novosphingobium taihuense,Novosphingobium taihuense
Mojavia pulchra,Mojavia pulchra
Nocardia pseudobrasiliensis,Nocardia pseudobrasiliensis
Demequina capsici,Demequina capsici
Brachybacterium kimchii,Brachybacterium kimchii
Clavibacter zhangzhiyongii,Clavibacter zhangzhiyongii
Streptomyces apocyni,Streptomyces apocyni
Sinorhizobium terangae,Sinorhizobium terangae
Mycolicibacterium aubagnense,Mycobacterium aubagnense
Bradyrhizobium valentinum,Bradyrhizobium valentinum
Parasphingorhabdus flavimaris,Parasphingorhabdus flavimaris
Geothrix rubra,Geothrix rubra
Saccharopolyspora rosea,Saccharopolyspora rosea
Vreelandella salicampi,Vreelandella salicampi
Symbiobacter sp.,JASGCR01 sp030054015
Hallella bergensis,Prevotella bergensis
Protaetiibacter mangrovi,Homoserinibacter mangrovi
Microbacterium karelineae,Microbacterium karelineae
Anaerococcus vaginimassiliensis,Anaerococcus vaginimassiliensis
Acutalibacter stercoravium,Acutalibacter stercoravium
Streptomyces phytohabitans,Streptomyces phytohabitans
Nonomuraea aurantiaca,Nonomuraea aurantiaca
Chitinophaga lutea,Chitinophaga lutea
uncultured Chromatium,Chromatium sp903897335
Citrobacter telavivensis,Citrobacter_A telavivensis
Sphingomonas laterariae,Sphingomonas_E laterariae
Streptomyces sanyensis,Streptomyces sanyensis
Achromatium sp.,WMS2 sp001276605
Lysobacter soli,Lysobacter_J soli
uncultured Gellertiella,Gellertiella sp963457605
Azoamicus ciliaticola,Azoamicus ciliaticola
Ihuprevotella massiliensis,Alloprevotella massiliensis
Roseicella sp.,Paracraurococcus sp013112485
Aquimarina aquimarini,Aquimarina aquimarini
Onthocola stercorigallinarum,Onthocola_B stercorigallinarum
Enterocloster excrementipullorum,Enterocloster excrementipullorum
Symmachiella dynata,Symmachiella dynata
Erythrobacter mangrovi,Qipengyuania mangrovi
Nocardioides marmotae,Nocardioides marmotae
Rubneribacter badeniensis,Rubneribacter badeniensis
Ginsengibacter hankyongi,Ginsengibacter hankyongi
Endomicrobiellum neotermitis,Endomicrobiellum neotermitis
Microbacterium helvum,Microbacterium helvum
Microlunatus endophyticus,Microlunatus_A endophyticus
Marinifaba aquimaris,Marinifaba aquimaris
Ancylobacter amanitiformis,Ancylobacter amanitiformis
Shinella curvata,Shinella curvata
Lederbergia citrea,Lederbergia_B citrea
Collimonas humicola,Collimonas humicola
Shimia gijangensis,Shimia gijangensis
Alistipes muris,Alistipes muris
Aliamphritea ceti,Amphritea ceti
Corynebacterium atrinae,Corynebacterium atrinae
Hymenobacter duratus,Hymenobacter duratus
Chryseobacterium pennipullorum,Chryseobacterium pennipullorum
Extensimonas vulgaris,Extensimonas vulgaris
Arenibacter palladensis,Arenibacter palladensis
Neptuniibacter halophilus,Neptuniibacter halophilus
Alsobacter metallidurans,Alsobacter metallidurans
Helicobacter fennelliae,Helicobacter_B fennelliae
Microbacterium pseudoresistens,Microbacterium pseudoresistens
Oryzibacter oryziterrae,Pleomorphomonas oryziterrae
Parabacteroides acidifaciens,Parabacteroides acidifaciens
Leeia speluncae,Leeia speluncae
Nardonella dryophthoridicola,Nardonella dryophthoridicola
Caballeronia fortuita,Caballeronia fortuita
Enorma burkinafasonensis,Enorma burkinafasonensis
Streptomyces reniochalinae,Streptomyces reniochalinae
Vibrio aestivus,Vibrio aestivus
Mahella australiensis,Mahella australiensis
Mesorhizobium delmotii,Mesorhizobium delmotii
Stigmatella ashevillena,Stigmatella ashevillena
Nocardia vaccinii,Nocardia vaccinii
Defluviimonas sediminis,Albidovulum sediminis
Jeotgalibacillus alimentarius,Jeotgalibacillus alimentarius
Erythrobacter aurantius,Erythrobacter aurantius
Caulifigura coniformis,Caulifigura coniformis
Modicisalibacter tunisiensis,Modicisalibacter tunisiensis
Dactylopiibacterium carminicum,Dactylopiibacterium carminicum
Cytobacillus dafuensis,Cytobacillus dafuensis
Chryseobacterium gotjawalense,Kaistella gotjawalense
Pseudomonas sputi,Pseudomonas_E sputi
Deinococcus reticulitermitis,Deinococcus reticulitermitis
Ruminiclostridium herbifermentans,Ruminiclostridium herbifermentans
Moraxella equi,Moraxella equi
uncultured Intrasporangium,CALMNV01 sp937873285
Fusibacter tunisiensis,Fusibacter_C tunisiensis
Moraxella nasibovis,Moraxella nasibovis
Pantoea deleyi,Pantoea deleyi
Hymenobacter properus,Hymenobacter properus
Anabaena subtropica,Trichormus subtropicus
Paenibacillus foliorum,Paenibacillus_S foliorum
Sulfuritortus calidifontis,Sulfuritortus calidifontis
Weissella coleopterorum,Weissella coleopterorum
Stakelama pacifica,Sphingomonas pacifica
Marinomonas atlantica,Marinomonas atlantica
Erwinia endophytica,Erwinia endophytica
Mediterraneibacter agrestimuris,Schaedlerella agrestimuris
Stakelama marina,Sphingomonas marina
Dinghuibacter silviterrae,Dinghuibacter silviterrae
Neptunitalea sp.,Neptunitalea sp027924185
Sinomonas susongensis,Sinomonas susongensis
Geotalea toluenoxydans,Geotalea toluenoxydans
Xenorhabdus cabanillasii,Xenorhabdus cabanillasii
Prevotella avicola,Prevotella avicola
Sulfuriferula nivalis,Sulfuriferula_A nivalis
Methylobacillus glycogenes,Methylobacillus glycogenes
Actinomadura macra,Spirillospora macra
Aeromonas diversa,Aeromonas diversa
Alistipes faecavium,Alistipes faecavium
Pseudoduganella lurida,Pseudoduganella lurida
Massilia hydrophila,Telluria hydrophila
Pseudomonas farris,Pseudomonas_E farris
Rheinheimera muenzenbergensis,Rheinheimera muenzenbergensis
Mycolicibacterium alvei,Mycobacterium alvei
Paenibacillus thalictri,Paenibacillus_AF thalictri
Streptomyces litmocidini,Streptomyces litmocidini
Ornatilinea sp.,SM3-B121 sp018433975
Blautia intestinavium,Blautia_A intestinavium
Aurantimonas marianensis,Aurantimonas marianensis
Tranquillimonas rosea,Tranquillimonas rosea
Limadaptatus stercorigallinarum,Limadaptatus stercorigallinarum
Azospira oryzae,Azospira oryzae
Eubacterium faecipullorum,Eubacterium_R faecipullorum
Flagellimonas zhangzhouensis,Flagellimonas zhangzhouensis
Paractinoplanes brasiliensis,Actinoplanes brasiliensis
Planobacterium oryzisoli,Planobacterium_A oryzisoli
Microbulbifer bruguierae,Microbulbifer bruguierae
Fibrimonas termitidis,Fibrimonas termitidis
Flavivirga sp.,Flavivirga sp028736925
Ligilactobacillus araffinosus,Ligilactobacillus araffinosus
bacterium 210820-DFI.6.37,Hominibacterium sp020558355
Avrilella dinanensis,Flavobacterium dinanensis
bacterium UBP18_UBA7526,UBA7526 sp002478245
Shewanella mangrovi,Shewanella mangrovi
Fluviicola chungangensis,Fluviicola chungangensis
Eggerthella timonensis,Eggerthella timonensis
Octadecabacter temperatus,Octadecabacter temperatus
Erythrobacter ani,Erythrobacter ani
Anaerovibrio slackiae,Anaerovibrio slackiae
Pseudoduganella aquatica,Pseudoduganella aquatica
Vibrio mexicanus,Vibrio mexicanus
Marinobacter maroccanus,Marinobacter maroccanus
Candidimonas humi,Candidimonas humi
Litoreibacter arenae,Litoreibacter arenae
Streptomyces rhizosphaerihabitans,Streptomyces rhizosphaerihabitans
Sulfuricystis multivorans,Sulfuricystis multivorans
Alkalimonas amylolytica,Alkalimonas amylolytica
Streptomyces lanatus,Streptomyces lanatus
Rubrobacter marinus,Rubrobacter_F marinus
Cellulomonas terrae,Cellulomonas terrae
Aristophania vespae,Aristophania vespae
Desulforamulus putei,Desulfotomaculum putei
Pinisolibacter aquiterrae,Pinisolibacter aquiterrae
Bacillus wudalianchiensis,Pseudobacillus wudalianchiensis
Secundilactobacillus folii,Secundilactobacillus folii
Falsochrobactrum shanghaiense,Brucella shanghaiense
Pedobacter ureilyticus,Pedobacter ureilyticus
Varunaivibrio sulfuroxidans,Varunaivibrio sulfuroxidans
Epilithonimonas caeni,Epilithonimonas caeni
Agromyces mariniharenae,Agromyces mariniharenae
Mucilaginibacter panaciglaebae,Mucilaginibacter panaciglaebae
Longimycelium tulufanense,Longimycelium tulufanense
Coprosoma sp.,Coprosoma sp963928595
Acetitomaculum ruminis,Acetitomaculum ruminis
Microbulbifer echini,Microbulbifer echini
Alcanivorax quisquiliarum,Isoalcanivorax quisquiliarum
Myxococcus vastator,Myxococcus vastator
Albimonas sp.,Albimonas sp029223255
Arthrobacter pullicola,Arthrobacter_B pullicola
Pseudarthrobacter albicanus,Arthrobacter albicanus
Corynebacterium yonathiae,Corynebacterium yonathiae
Gulosibacter molinativorax,Gulosibacter molinativorax
Maribacter litoralis,Maribacter litoralis
Caulobacter rhizosphaerae,Caulobacter rhizosphaerae
Duganella violaceipulchra,Duganella violaceipulchra
Mycolicibacterium lutetiense,Mycobacterium lutetiense
Cryptobacteroides intestinigallinarum,Cryptobacteroides intestinigallinarum
Nonlabens ponticola,Nonlabens ponticola
Sediminibacterium roseum,Sediminibacterium roseum
Leeuwenhoekiella parthenopeia,Leeuwenhoekiella parthenopeia
Pseudoneobacillus rhizosphaerae,Pseudoneobacillus rhizosphaerae
Pleomorphomonadaceae bacterium,DASTEQ01 sp035514415
Nitrosophilus alvini,Nitrosophilus alvini
Brumicola blandensis,Glaciecola blandensis
Leptospira fainei,Leptospira_B fainei
Brevibacillus thermoruber,Brevibacillus thermoruber
Thermosporothrix hazakensis,Thermosporothrix hazakensis
Colwellia marinimaniae,Colwellia marinimaniae
Alkalibacter saccharofermentans,Alkalibacter saccharofermentans
Paraburkholderia hayleyella,Paraburkholderia hayleyella
Marnyiella aurantia,Marnyiella aurantia
Hyphomonas johnsonii,Hyphomonas johnsonii
Brevibacterium salitolerans,Brevibacterium salitolerans
Spirosoma utsteinense,Spirosoma utsteinense
Limnobacter litoralis,Limnobacter litoralis
Phytoplasma mali,Phytoplasma mali
Actinomadura alba,Actinomadura_C alba
Pseudomonas rubra,Pseudomonas_E rubra
Neolewinella antarctica,Neolewinella antarctica
Multivorans thiocomprendens,Multivorans thiocomprendens
bacterium MnTg02,MnTg02 sp008974985
Microbacterium timonense,Microbacterium timonense
uncultured Cedecea,JGM124 sp947498825
Polynucleobacter cosmopolitanus,Polynucleobacter cosmopolitanus
Magnetospirillum moscoviense,Magnetospirillum moscoviense
Nocardioides pinisoli,Nocardioides pinisoli
Phycobacter sp.,Phycobacter sp038148855
Allokutzneria albata,Allokutzneria albata
Geothermocultor quzhuomuensis,Geothermocultor quzhuomuensis
Streptomyces nymphaeiformis,Streptomyces nymphaeiformis
Aedoeadaptatus ivorii,Aedoeadaptatus ivorii
Paramagnetospirillum magneticum,Paramagnetospirillum magneticum
Afifella aestuarii,Afifella aestuarii
Acetobacterium tundrae,Acetobacterium tundrae
Scybalocola fimicaballi,UBA1723 sp018066165
Thermosyntropha sp.,Thermosyntropha sp017656155
Pontibacter ramchanderi,Pontibacter ramchanderi
Chlamydiifrater volucris,Chlamydiifrater volucris
Fictibacillus solisalsi,Fictibacillus_C solisalsi
Mogibacterium kristiansenii,Mogibacterium_A kristiansenii
uncultured Petrimonas,Petrimonas sp934621705
uncultured Filomicrobium,Filomicrobium sp963669235
Mariniphaga anaerophila,Mariniphaga anaerophila
Alkalicaulis satelles,Oceanicaulis satelles
Corynebacterium macclintockiae,Corynebacterium macclintockiae
Ventrimonas faecis,Brotaphodocola faecis
Aquirufa ecclesiirivi,Aquirufa ecclesiirivi
Acidovorax kalamii,Acidovorax kalamii
Roseateles agri,KK5 sp034043675
Chryseobacterium fluminis,Chryseobacterium fluminis
Pelomicrobium methylotrophicum,Pelomicrobium methylotrophicum
Alkalicoccus daliensis,Alkalicoccus daliensis
Sandaracinomonas limnophila,Sandaracinomonas limnophila
Gemmobacter serpentinus,Gemmobacter serpentinus
Legionella erythra,Legionella_C erythra
Sulfurimonas hongkongensis,Sulfurimonas hongkongensis
Myxococcus guangdongensis,Myxococcus guangdongensis
Sphingobacterium cavernae,Sphingobacterium cavernae
Qingshengfaniella alkalisoli,Qingshengfaniella alkalisoli
Streptomyces capuensis,Streptomyces rimosus
Rubripirellula amarantea,Rubripirellula amarantea
Massilia solisilvae,Telluria solisilvae
Mangrovimicrobium sediminis,Halioglobus sp004745945
Acididesulfobacter diazotrophicus,Acididesulfobacter diazotrophicus
Helicobacter magdeburgensis,Helicobacter_C magdeburgensis
Methylocystis suflitae,Methylocystis suflitae
Metabacillus schmidteae,Metabacillus schmidteae
Mesobacterium pallidum,Mesobacterium pallidum
Ligilactobacillus excrementigallinarum,Ligilactobacillus excrementigallinarum
uncultured Thiomonas,Thiomonas sp937927695
Paracidovorax oryzae,Paracidovorax oryzae
Pseudomonas karstica,Pseudomonas_E karstica
Thermicanus aegyptius,Thermicanus aegyptius
Streptomyces albidus,Streptomyces albidus
Olleya marilimosa,Olleya marilimosa
Marinicella pacifica,Marinicella pacifica
Mycobacterium triplex,Mycobacterium triplex
Rhodovulum marinum,Rhodovulum marinum
Ktedonosporobacter rubrisoli,Ktedonosporobacter rubrisoli
Acetobacter oryzifermentans,Acetobacter oryzifermentans
Maribacter algicola,Maribacter algicola
Streptomyces toyocaensis,Streptomyces toyocaensis
Planktosalinus lacus,Planktosalinus lacus
Enteractinococcus coprophilus,Yaniella coprophila
Cyclobacterium jeungdonense,Cyclobacterium jeungdonense
Scytonema hyalinum,Tolypothrix_B hyalinum
Microbacterium thalli,Microbacterium thalli
Thermaurantiacus tibetensis,Thermaurantiacus tibetensis
Marixanthomonas spongiae,Marixanthomonas spongiae
Neomicrococcus aestuarii,Neomicrococcus aestuarii
Latilactobacillus sp.,Latilactobacillus sakei
Streptomyces fodineus,Streptomyces fodineus
Bifidobacterium aerophilum,Bifidobacterium aerophilum
Legionella worsleiensis,Legionella worsleiensis
Amphritea pacifica,Amphritea pacifica
Actinokineospora bangkokensis,Actinokineospora bangkokensis
Lysobacter tolerans,Solilutibacter tolerans
Emticicia fluvialis,Emticicia fluvialis
Edaphobacter dinghuensis,Edaphobacter dinghuensis
Apilactobacillus ozensis,Apilactobacillus ozensis
Pelagibacterium lentulum,Pelagibacterium lentulum
Levilactobacillus humaensis,Levilactobacillus humaensis
Halomonas ramblicola,Halomonas ramblicola
Bifidobacterium mizhiense,Bombiscardovia mizhiensis
Chitinophaga japonensis,Chitinophaga japonensis
Pelagibaculum spongiae,Pelagibaculum spongiae
Halomonas socia,Franzmannia socia
Liberibacter africanus,Liberibacter africanus
Paucilactobacillus suebicus,Paucilactobacillus suebicus
Methylibium petroleiphilum,Methylibium petroleiphilum
Scatovicinus merdipullorum,Scatavimonas merdipullorum
Streptomyces sannanensis,Streptomyces sannanensis
Helicobacter valdiviensis,Helicobacter_D valdiviensis
Flavobacterium palustre,Flavobacterium palustre
Salipiger pallidus,Salipiger pallidus
Rugamonas apoptosis,Rugamonas_A apoptosis
Immundisolibacter cernigliae,Immundisolibacter cernigliae
Rhizobium aouanii,Rhizobium aouanii
Croceicoccus ponticola,Croceicoccus ponticola
Streptomyces nogalater,Streptomyces nogalater
Macrococcus carouselicus,Macrococcus carouselicus
Actinorugispora endophytica,Actinorugispora endophytica
Saccharomonospora amisosensis,Saccharomonospora_A amisosensis
Pseudidiomarina homiensis,Pseudidiomarina homiensis
Lapidilactobacillus dextrinicus,Lapidilactobacillus dextrinicus
Corynebacterium incognita,Corynebacterium incognitum
Streptomyces laurentii,Streptomyces laurentii
Leifsonia virtsii,Leifsonia virtsii
Limnobaculum zhutongyuii,Limnobaculum zhutongyuii
Paenibacillus mellifer,Fontibacillus mellifer
Robertmurraya yapensis,Robertmurraya yapensis
Microbulbifer harenosus,Microbulbifer harenosus
Marimicrobium litorale,Marimicrobium litorale
Ornithoclostridium faecigallinarum,Ornithoclostridium faecigallinarum
Microbacterium rhizosphaerae,Microbacterium rhizosphaerae
Staphylococcus taiwanensis,Staphylococcus taiwanensis
Shewanella algidipiscicola,Shewanella algidipiscicola
Anaerosporomusa subterranea,Anaerosporomusa subterranea
Enterococcus pallens,Enterococcus_A pallens
Scatomorpha merdavium,Scatomorpha merdavium
Aminiphilus circumscriptus,Aminiphilus circumscriptus
Chlorobaculum thiosulfatiphilum,Chlorobaculum thiosulfatiphilum
Cytobacillus praedii,Cytobacillus praedii
Microcella humidisoli,Microcella humidisoli
Collimonas pratensis,Collimonas pratensis
Chelativorans composti,Chelativorans composti
Mesorhizobium neociceri,Mesorhizobium neociceri
Marinifilum flexuosum,Marinifilum flexuosum
Bacillus mediterraneensis,Bacillus_AZ mediterraneensis
Streptomyces toxytricini,Streptomyces toxytricini
Lachnoclostridium stercorigallinarum,Lachnoclostridium_A stercorigallinarum
Pedobacter mucosus,Pedobacter mucosus
Clostridium merdae,Faecalispora merdae
Borreliella japonica,Borreliella japonica
Arthrobacter roseus,Arthrobacter_J roseus
Endobacterium cereale,Neorhizobium cereale
Desulfosporosinus acididurans,Desulfosporosinus acididurans
Pseudovibrio stylochi,Pseudovibrio stylochi
Jilunia laotingensis,Bacteroides laotingensis
Actinomyces radicidentis,Actinomyces radicidentis
Roseinatronobacter monicus,Roseinatronobacter monicus
Lederbergia galactosidilytica,Lederbergia galactosidilytica
Paraburkholderia lacunae,Paraburkholderia lacunae
Streptomyces solaniscabiei,Streptomyces flaveolus
Brevibacillus ruminantium,Brevibacillus ruminantium
Nocardia stercoris,Nocardia stercoris
Ramlibacter pallidus,Ramlibacter pallidus
Pseudomonas paralactis,Pseudomonas_E paralactis
Palauibacter polyketidifaciens,Palauibacter polyketidifaciens
Kaistella beijingensis,Kaistella beijingensis
Roseibium suaedae,Roseibium suaedae
Calothrix brevissima,Aulosira brevissima
Alishewanella maricola,Alishewanella maricola
Virgibacillus halophilus,Tigheibacillus halophilus
Aliagarivorans taiwanensis,Aliagarivorans taiwanensis
Paenibacillus mucilaginosus,Paenibacillus_G mucilaginosus
Bizionia paragorgiae,Bizionia paragorgiae
Spirosoma radiotolerans,Spirosoma radiotolerans
Saccharomonospora viridis,Saccharomonospora viridis
Moraxella boevrei,Moraxella_A boevrei
Chryseobacterium carnipullorum,Chryseobacterium carnipullorum
Skermanella aerolata,Skermanella aerolata
Halomonas halocynthiae,Halomonas halocynthiae
Cellulomonas citrea,Cellulomonas citrea
Azospirillum canadense,Azospirillum canadense
Jiella sonneratiae,Jiella sonneratiae
Bacillus alveayuensis,Bacillus_CB alveayuensis
Lactobacillus leichmannii,Lactobacillus delbrueckii
Leucobacter allii,Leucobacter allii
Donghicola eburneus,Donghicola eburneus
Glaciimonas soli,Glaciimonas soli
Streptomonospora mangrovi,Streptomonospora mangrovi
Actinoplanes regularis,Actinoplanes regularis
bacterium HR11,HRBIN11 sp002898535
Ammonifex degensii,Ammonifex degensii
Mycoplasma miroungirhinis,Metamycoplasma miroungirhinis
Bartonella phoceensis,Bartonella phoceensis
Catenibacillus scindens,Catenibacillus scindens
Thermodesulfatator indicus,Thermodesulfatator indicus
Roseimaritima multifibrata,Roseimaritima multifibrata
Flavobacterium lacisediminis,Flavobacterium lacisediminis
Microbulbifer sediminum,Microbulbifer sediminum
Flavobacterium chilense,Flavobacterium chilense
Bifidobacterium canis,Bifidobacterium canis
Streptococcus zalophi,Streptococcus zalophi
Glycomyces paridis,Glycomyces paridis
uncultured Dongia,Dongia sp936916975
Bipolaricaulaceae bacterium,DTER01 sp025060415
Lysobacter soyae,Solilutibacter soyae
Nostoc carneum,Aulosira carnea
Desulfoglaeba alkanexedens,Desulfoglaeba alkanexedens
Mesorhizobium helmanticense,Mesorhizobium helmanticense
Tsuneonella dongtanensis,Tsuneonella dongtanensis
Algoriphagus ornithinivorans,Algoriphagus ornithinivorans
Mobilitalea sibirica,Mobilitalea sibirica
Autumnicola lenta,Autumnicola lenta
Helicobacter vulpis,Helicobacter_E vulpis
uncultured Thiocystis,Chromatium sp903866365
Ktedonosporobacter sp.,DASRHT01 sp035293765
Faeciplasma avium,Faeciplasma avium
Zeimonas arvi,Zeimonas arvi
Mycobacterium simulans,Mycobacterium simulans
Desulfatibacillum alkenivorans,Desulfatibacillum alkenivorans
Sphingomonas gei,Sphingomonas gei
Colinaster equi,Colinaster equi
Aadella gelida,Aadella gelida
Rectinema subterraneum,Rectinema subterraneum
Gemmobacter aquarius,Gemmobacter_B aquarius
Saccharothrix mutabilis,Actinosynnema mutabilis
Cryptobacteroides gallistercoris,Cryptobacteroides gallistercoris
Lysobacter alkalisoli,Marilutibacter alkalisoli
Corynebacterium evansiae,Corynebacterium evansiae
Litchfieldia salsa,Litchfieldia salsa
Streptomyces nitrosporeus,Streptomyces nitrosporeus
Halalkalibacter alkalisediminis,Halalkalibacter alkalisediminis
Variovorax robiniae,Variovorax robiniae
Veillonella seminalis,Veillonella_A seminalis
Pedobacter psychrotolerans,Pedobacter psychrotolerans
Pelorhabdus rhamnosifermentans,Pelorhabdus rhamnosifermentans
Flavobacterium antarcticum,Flavobacterium antarcticum
Actinokineospora fastidiosa,Actinokineospora fastidiosa
Limihaloglobus sulfuriphilus,Limihaloglobus sulfuriphilus
Agarilytica rhodophyticola,Agarilytica rhodophyticola
Capsulimonas corticalis,Capsulimonas corticalis
Citroniella saccharovorans,Citroniella saccharovorans
Anaerobacillus arseniciselenatis,Anaerobacillus arseniciselenatis
Halopseudomonas maritima,Halopseudomonas maritima
Thiomicrorhabdus xiamenensis,Thiomicrorhabdus xiamenensis
Nonomuraea maritima,Nonomuraea maritima
Kaistia algarum,Kaistia algarum
Serpentinimonas raichei,Serpentinimonas raichei
Frankia tisae,Frankia tisai
Geminocystis herdmanii,Geminocystis herdmanii
Sulfurovum riftiae,Sulfurovum riftiae
Hymenobacter lapidarius,Hymenobacter lapidarius
Fusobacterium canifelinum,Fusobacterium canifelinum
Novosphingobium kaempferiae,Novosphingobium kaempferiae
Actibacterium mucosum,Actibacterium mucosum
Sulfurihydrogenibium subterraneum,Sulfurihydrogenibium subterraneum
Methylophilus aquaticus,Methylophilus aquaticus
Tabrizicola oligotrophica,Tabrizicola_A oligotrophica
Enterovibrio calviensis,Enterovibrio calviensis
Paracoccus zhejiangensis,Paracoccus zhejiangensis
Methylomonas rhizoryzae,Methylomonas rhizoryzae
Pseudofrankia saprophytica,Pseudofrankia saprophytica
Pacificimonas sp.,Pacificimonas sp036351775
Thalassotalea algicola,Thalassotalea_F algicola
Paenibacillus arenilitoris,Pristimantibacillus arenilitoris
Legionella tunisiensis,Tatlockia tunisiensis
Flintibacter muris,Lawsonibacter muris
Parapedobacter soli,Parapedobacter soli
Trichodesmium erythraeum,Trichodesmium erythraeum
Flagellimonas profundi,Flagellimonas profundi
Paenibacillus plantarum,Paenibacillus_E plantarum
Gynuella sp.,JANQHX01 sp028282465
Chitinibacter fontanus,Chitinibacter fontanus
Massilia cavernae,Telluria cavernae
Harenicola maris,Harenicola maris
Trinickia dabaoshanensis,Trinickia dabaoshanensis
Vibrio astriarenae,Vibrio astriarenae
Thiothrix lacustris,Thiothrix lacustris
Flavobacterium terrigena,Flavobacterium terrigena
Cohnella hashimotonis,Cohnella hashimotonis
Brevibacterium rongguiense,Brevibacterium rongguiense
Ancylobacter sonchi,Ancylobacter sonchi
Thalassolituus hydrocarboniclasticus,Venatoribacter hydrocarboniclasticus
Pseudoclavibacter chungangensis,Pseudoclavibacter chungangensis
Winogradskyella flava,Winogradskyella flava
uncultured Dictyoglomus,Dictyoglomus sp938039765
Thiodubiliella endoseptemdiera,Thiodubiliella endoseptemdiera
Mumia flava,Mumia flava
Ralstonia thomasii,Ralstonia thomasii
Bacillus shivajii,Bacillus_CA shivajii
Adonisia turfae,Leptothoe turfae
Solincola tengchongensis,Solincola_A tengchongensis
Onthomonas avicola,Onthomonas avicola
Grimontia marina,Enterovibrio marinus
Tistrella bauzanensis,Tistrella bauzanensis
Enterococcus nangangensis,Enterococcus_J nangangensis
Facklamia languida,Facklamia languida
Streptomyces kurssanovii,Streptomyces kurssanovii
Actinopolyspora mzabensis,Actinopolyspora mzabensis
Novosphingobium ovatum,Novosphingobium ovatum
Rhizobium ecuadorense,Rhizobium ecuadorense
bacterium HR14,LDYB01 sp001442985
Porphyromonadaceae sp.,MVYY01 sp012517575
Mycoplasmopsis caviae,Mycoplasmopsis caviae
Hymenobacter rubripertinctus,Hymenobacter rubripertinctus
Halovulum dunhuangense,Halovulum dunhuangense
Gluconobacter potus,Gluconobacter potus
Paraconexibacter antarcticus,Paraconexibacter antarcticus
Anaerobranca gottschalkii,Anaerobranca gottschalkii
Reyranella humidisoli,Reyranella humidisoli
Arboricoccus pini,Arboricoccus pini
Catonella morbi,Catonella morbi
Flexivirga oryzae,Flexivirga oryzae
Streptomyces hiroshimensis,Streptomyces hiroshimensis
Pelistega indica,Pelistega indica
Asticcacaulis endophyticus,Asticcacaulis endophyticus
Robiginitalea marina,Robiginitalea marina
Lactobacillus juensis,Lactobacillus juensis
Magnetaquicoccus inordinatus,Magnetaquicoccus inordinatus
Simplicispira metamorpha,Simplicispira metamorpha
Sphingopyxis panaciterrae,Sphingopyxis panaciterrae
Dyella tabacisoli,Dyella_C tabacisoli
Carboxylicivirga sediminis,Carboxylicivirga sediminis
Flavobacterium degerlachei,Flavobacterium degerlachei
Desulfonatronovibrio magnus,Desulfonatronovibrio magnus
Thermithiobacillus tepidarius,Thermithiobacillus tepidarius
Sphingobacterium athyrii,Sphingobacterium athyrii
Cryobacterium frigoriphilum,Cryobacterium frigoriphilum
Psittacicella melopsittaci,Psittacicella melopsittaci
Vondammii sp.,Vondammii sp022530855
Rhizobium oryzicola,Neorhizobium oryzicola
Panacibacter microcysteis,Panacibacter microcysteis
Jezberella montanilacus,Jezberella montanilacus
Planosporangium flavigriseum,Planosporangium flavigriseum
Mycoplasmopsis opalescens,Mycoplasmopsis opalescens
Pseudomonas silensiensis,Pseudomonas_E mandelii
Tenacibaculum pelagium,Tenacibaculum pelagium
Ozemobacter sp.,DYKG01 sp030446435
Cupriavidus plantarum,Cupriavidus plantarum
Nocardia colli,Nocardia colli
Enterovibrio baiacu,Enterovibrio baiacui
Pigmentiphaga daeguensis,Pigmentiphaga daeguensis
Pseudomonas cavernae,Pseudomonas_E cavernae
Kordia aestuariivivens,Kordia aestuariivivens
Marinobacter caseinilyticus,Marinobacter caseinilyticus
Peribacillus acanthi,Bacillus_BN acanthi
Microsaccharimonas sossegonensis,Microsaccharimonas sossegonensis
Sphingomonas glaciei,Sphingomicrobium glaciei
Siminovitchia fordii,Siminovitchia fordii
Microlunatus aurantiacus,Microlunatus aurantiacus
Eubacterium album,Eubacterium_U album
Paenibacillus naphthalenovorans,Paenibacillus_G naphthalenovorans
Niabella pedocola,Niabella pedocola
Arenibacterium halophilum,Arenibacterium halophilum
Devosia pacifica,Devosia pacifica
Roseinatronobacter thiooxidans,Roseinatronobacter thiooxidans
Spiroplasma helicoides,Spiroplasma_A helicoides
Paraburkholderia xenovorans,Paraburkholderia xenovorans
Paenibacillus polygoni,Paenibacillus polygoni
Halopseudomonas salegens,Halopseudomonas salegens
Sphingomonas colombiensis,Sphingomonas colombiensis
Levilactobacillus faecigallinarum,Levilactobacillus faecigallinarum
Catenulisporales bacterium,Catenulispora sp019510485
Flectobacillus rivi,Flectobacillus rivi
Brachybacterium aquaticum,Brachybacterium aquaticum
Pseudoruminococcus sp.,Pseudoruminococcus sp902765855
Alkalilacustris brevis,Alkalilacustris brevis
Limosilactobacillus kribbianus,Limosilactobacillus kribbianus
Actinobacillus capsulatus,Actinobacillus capsulatus
Paracholeplasma manati,Paracholeplasma manati
Hathewaya massiliensis,Hathewaya massiliensis
Planctomonas psychrotolerans,Planctomonas psychrotolerans
Paraliomyxa miuraensis,Paraliomyxa miuraensis
Apopatocola equi,Apopatocola equi
Atribacter laminatus,Atribacter laminatus
Litoribacterium kuwaitense,Litoribacterium kuwaitense
Hippea jasoniae,Hippea jasoniae
Nocardioides kribbensis,Nocardioides kribbensis
Brucella oryzae,Brucella oryzae
Heteroclostridium caecigallinarum,Heteroclostridium caecigallinarum
Nocardia altamirensis,Nocardia altamirensis
Stieleria varia,Stieleria varia
Undibacterium squillarum,Undibacterium squillarum
Enterococcus alcedinis,Enterococcus_I alcedinis
Rhodococcus tukisamuensis,Rhodococcus_G tukisamuensis
Flavobacterium faecale,Flavobacterium faecale
Scardovia inopinata,Scardovia inopinata
Rickettsiella viridis,Rickettsiella_B viridis
Inconstantimicrobium porci,Inconstantimicrobium porci
bacterium OL-1,Tractidigestivibacter sp000752675
Rummeliibacillus pycnus,Rummeliibacillus pycnus
Propionicicella sp.,JBDHZK01 sp039811865
Thermaurantimonas aggregans,Thermaurantimonas aggregans
Lottiidibacillus patelloidae,Lottiidibacillus patelloidae
Bifidobacterium panos,Bifidobacterium panos
Acinetobacter seohaensis,Acinetobacter towneri
Blastococcus haudaquaticus,Blastococcus haudaquaticus
uncultured Clostridiales,QAKD01 sp003343965
Gallaecimonas mangrovi,Gallaecimonas mangrovi
Microchaete diplosiphon,Aulosira diplosiphon
Dyella kyungheensis,Dyella kyungheensis
Propionispora hippei,Propionispora hippei
Myroides gitamensis,Flavobacterium odoratum
Prosthecochloris ethylica,Prosthecochloris ethylica
uncultured Pseudosulfitobacter,Pseudosulfitobacter sp963976325
Brevirhabdus sp.,JAHEAO01 sp024637315
Luteibacter anthropi,Luteibacter anthropi
Methylorubrum podarium,Methylobacterium podarium
Pseudidiomarina woesei,Pseudidiomarina woesei
Peredibacter starrii,Peredibacter starrii
Mesorhizobium tianshanense,Mesorhizobium tianshanense
Pseudomonas excrementavium,Halopseudomonas excrementavium
Bacillus manliponensis,Bacillus_A manliponensis
Paenibacillus ottowii,Paenibacillus ottowii
Marinobacterium sedimentorum,Marinobacterium_A sedimentorum
Heritagella gallinarum,Heritagella gallinarum
Novosphingobium olei,Novosphingobium olei
Brucepastera parasyntrophica,Brucepastera parasyntrophica
Rhizobium daejeonense,Allorhizobium daejeonense
Fusibacter paucivorans,Fusibacter paucivorans
Pseudomonas khazarica,Pseudomonas_E khazarica
Anaeromyxobacter oryzisoli,Anaeromyxobacter oryzisoli
Alteromonas hispanica,Alteromonas hispanica
Streptococcus hillyeri,Streptococcus hillyeri
Oceanimonas pelagia,Oceanimonas pelagia
Paeniroseomonas aquatica,Belnapia aquatica
Microbulbifer rhizosphaerae,Microbulbifer rhizosphaerae
Glutamicibacter uratoxydans,Glutamicibacter uratoxydans
Geomonas propionica,Geomonas propionica
Sphaerisporangium melleum,Sphaerisporangium melleum
Psychrobacter aestuarii,Psychrobacter aestuarii
Stackebrandtia endophytica,Stackebrandtia endophytica
Amarobacillus elongatus,Amarobacillus elongatus
Scatavimonas sp.,Scatavimonas sp900540275
Pseudomonas nunensis,Pseudomonas_E nunensis
Aeolococcus gillhamiae,Aeolococcus gillhamiae
Paenibacillus hemerocallicola,Paenibacillus_AB hemerocallicola
Desulfuromonas acetoxidans,Desulfuromonas acetoxidans
Liquorilactobacillus vini,Liquorilactobacillus vini
Kurthia intestinigallinarum,Kurthia intestinigallinarum
Pistricoccus aurantiacus,Pistricoccus aurantiacus
Caminicella sporogenes,Caminicella sporogenes
Chryseobacterium echinoideorum,Chryseobacterium echinoideorum
Microbacterium cremeum,Microbacterium cremeum
Haloimpatiens sp.,Haloimpatiens sp041861885
Herpetosiphon giganteus,Herpetosiphon giganteus
Romboutsia faecis,Romboutsia_E faecis
Staphylococcus lutrae,Staphylococcus lutrae
Cellulomonas algicola,Cellulomonas algicola
Variovorax humicola,Variovorax humicola
bacterium HR36,HRBIN36 sp002898995
Enterococcus dongliensis,Enterococcus_A dongliensis
Paenalcaligenes faecalis,Paenalcaligenes faecalis
Marinomonas flavescens,Marinomonas flavescens
Anaerobiospirillum pullicola,Anaerobiospirillum pullicola
Acidithiobacillus sulfuriphilus,Acidithiobacillus_B sulfuriphilus
Apibacter raozihei,Apibacter raozihei
Serratia montpellierensis,Serratia montpellierensis
Haoranjiania flava,Haoranjiania flava
Arenimonas caeni,Arenimonas caeni
Paraburkholderia guartelaensis,Paraburkholderia guartelaensis
Saccharibacillus qingshengii,Saccharibacillus qingshengii
Deinococcus aquiradiocola,Deinococcus aquiradiocola
Clostridium lacusfryxellense,Clostridium_AD lacusfryxellense
Geothermincola secundus,Geothermincola_A secundus
Deinococcus proteolyticus,Deinococcus proteolyticus
Azorhizobium caulinodans,Azorhizobium caulinodans
Nocardioides jejuensis,Nocardioides jejuensis
Sessilibacter corallicola,Sessilibacter corallicola
Planomonospora alba,Planomonospora alba
Saccharopolyspora ipomoeae,Saccharopolyspora ipomoeae
Shimwellia blattae,Shimwellia blattae
Ponticoccus alexandrii,Ponticoccus alexandrii
Pseudomonas quercus,Pseudomonas_E quercus
uncultured Thermanaerothrix,Thermanaerothrix sp938028735
Dolichospermum heterosporum,Dolichospermum heterosporum
Electrothrix communis,Electrothrix communis
Enterococcus caccae,Enterococcus caccae
Pontibacter cellulosilyticus,Pontibacter cellulosilyticus
Aquicoccus porphyridii,Aquicoccus porphyridii
Streptococcus downii,Streptococcus downii
Halomonas aestuarii,Halomonas aestuarii
Paenibacillus agilis,Paenibacillus_B agilis
Vibrio palustris,Vibrio palustris
Actinomadura rubrisoli,Spirillospora rubrisoli
Aerococcus suis,Aerococcus suis
Fervidibacter sacchari,Fervidibacter sacchari
Pantoea conspicua,Pantoea conspicua
Photobacterium marinum,Photobacterium marinum
Roseivivax isoporae,Roseivivax isoporae
Avidesulfovibrio excrementigallinarum,Avidesulfovibrio excrementigallinarum
Bradyrhizobium retamae,Bradyrhizobium retamae
Segatella mututuai,Prevotella mututuai
uncultured Thalassobacter,CAWUJT01 sp963922715
Kineococcus radiotolerans,Kineococcus radiotolerans
Labilibacter marinus,Saccharicrinis marinus
Myxococcus llanfairpwllgwyngyllgogerychwyrndrobwllllantysiliogogogochensis,Myxococcus llanfairpwllgwyngyllgogerychwyrndrobwllllantysiliogogogochensis
Competibacter phosphatis,Competibacter phosphatis
Catenisphaera adipataccumulans,Catenisphaera adipataccumulans
Xanthomonas bromi,Xanthomonas bromi
Arthrobacter silviterrae,Specibacter silviterrae
Phytohabitans rumicis,Phytohabitans rumicis
Viridibacillus arenosi,Viridibacillus arenosi
Croceitalea vernalis,Croceitalea vernalis
Bifidobacterium vespertilionis,Bifidobacterium vespertilionis
Pullilachnospira gallistercoris,Pullilachnospira_A gallistercoris
Proteiniphilum propionicum,Proteiniphilum propionicum
Kushneria phosphatilytica,Kushneria phosphatilytica
Dryocola sp.,Dryocola sp041504365
Flammeovirga pacifica,Flammeovirga pacifica
Streptosporangium becharense,Streptosporangium becharense
Erythrobacter crassostrea,Erythrobacter crassostrea
Roseomonas ponticola,Falsiroseomonas ponticola
Pseudonocardia acaciae,Pseudonocardia acaciae
Pseudaestuariivita sp.,Pseudaestuariivita sp020629995
uncultured Ethanoligenens,Ethanoligenens sp963545875
Profftia tarda,Profftia tarda
Alkalimonas delamerensis,Alkalimonas delamerensis
Tianweitania sediminis,Tianweitania sediminis
Pseudomonas rustica,Pseudomonas_E rustica
Devosia rhodophyticola,Devosia rhodophyticola
Haploplasma modicum,Haploplasma modicum
Neoroseomonas alkaliterrae,Neoroseomonas alkaliterrae
Christiangramia salexigens,Christiangramia salexigens
Actinacidiphila sp.,Actinacidiphila sp035825295
Thermocrinis minervae,Thermocrinis_A minervae
Anabaena sphaerica,RDYJ01 sp014696825
Tsuneonella troitsensis,Tsuneonella troitsensis
uncultured Moheibacter,Moheibacter sp937875605
Avigastranaerophilus faecigallinarum,Avigastranaerophilus faecigallinarum
uncultured Wocania,Hwangdonia sp964021735
uncultured Garciella,Garciella sp900555725
Agrobacterium cucumeris,Agrobacterium cucumeris
Ningiella ruwaisensis,Glaciecola ruwaisensis
Ilumatobacter nonamiensis,Ilumatobacter_A nonamiensis
Lacticigenium naphthae,Lacticigenium naphthae
Jejuia sp.,Jejuia sp002428965
Liberimonas magnetica,Liberimonas magnetica
Chelatococcus albus,Chelatococcus_A albus
Planotetraspora mira,Planotetraspora mira
Terrilactibacillus laevilacticus,Terrilactibacillus laevilacticus
Thiomicrorhabdus cannonii,Thiomicrorhabdus cannonii
Georhizobium profundi,Georhizobium profundi
Streptomyces tailanensis,Streptomyces tailanensis
Pullichristensenella avicola,Pullichristensenella avicola
Streptomyces antioxidans,Streptomyces antioxidans
Gelidibacter pelagius,Gelidibacter pelagius
Desulfosporosinus lacus,Desulfosporosinus lacus
Francisella endociliophora,Francisella endociliophora
Pseudooceanicola algae,Pseudooceanicola algae
Anaerobiospirillum thomasii,Anaerobiospirillum_A thomasii
Natroniella acetigena,Natroniella acetigena
Pusillimonas caeni,Pusillimonas caeni
Hydrogenivirga caldilitoris,Hydrogenivirga caldilitoris
Carnimonas nigrificans,Carnimonas nigrificans
Epilithonimonas tenax,Epilithonimonas tenax
Marinomonas transparens,Marinomonas transparens
Changchengzhania lutea,Changchengzhania lutea
Chryseolinea lacunae,Chryseolinea lacunae
Litoribacter populi,Litoribacter populi
Paenibacillus periandrae,Paenibacillus_S periandrae
Tetragenococcus solitarius,Tetragenococcus solitarius
Mycolicibacterium psychrotolerans,Mycobacterium psychrotolerans
Paracoccus shandongensis,Paracoccus shandongensis
Corynebacterium liangguodongii,Corynebacterium liangguodongii
Kribbella jejuensis,Kribbella jejuensis
Iodobacter ciconiae,Iodobacter ciconiae
Vibrio neocaledonicus,Vibrio alginolyticus
Bifidobacterium apri,Bifidobacterium apri
Roseofilum capinflatum,Roseofilum capinflatum
Hydrocarboniclastica marina,Hydrocarboniclastica marina
Telluria mixta,Telluria mixta
Pseudomonas grandcourensis,Pseudomonas_E grandcourensis
Niallia endozanthoxylica,Bacillus_BD endozanthoxylica
Tepidiforma thermophila,Tepidiforma thermophila
Leucothrix pacifica,Leucothrix pacifica
Weissella uvarum,Weissella uvarum
Permianibacter aggregans,Permianibacter aggregans
Rickettsia bellii,Rickettsia bellii
Leisingera methylohalidivorans,Leisingera methylohalidivorans
Chromobacterium fluminis,Chromobacterium fluminis
Nocardioides dongxiaopingii,Nocardioides dongxiaopingii
Furfurilactobacillus siliginis,Furfurilactobacillus siliginis
Psychrobacter maritimus,Psychrobacter maritimus
Leucobacter insecticola,Leucobacter insecticola
Lichenibacterium ramalinae,Lichenihabitans ramalinae
Kaistella palustris,Kaistella palustris
Nesterenkonia lacusekhoensis,Nesterenkonia lacusekhoensis
Aquirufa lenticrescens,Aquirufa lenticrescens
Dawidia cretensis,Ohtaekwangia cretensis
Chryseobacterium oryctis,Chryseobacterium oryctis
Scatomorpha merdipullorum,Scatomorpha merdipullorum
Arthrobacter jiangjiafuii,Arthrobacter_B jiangjiafuii
Pontibacter virosus,Pontibacter virosus
Vibrio fluminensis,Vibrio fluminensis
Pelobacter seleniigenes,Seleniibacterium seleniigenes
Sphingobacterium kyonggiense,Sphingobacterium kyonggiense
Sphingopyxis solisilvae,Sphingopyxis solisilvae
Mycoplasma putrefaciens,Mycoplasma putrefaciens
Thiocapsa roseopersicina,Thiocapsa roseopersicina
Baltobacterales bacterium,40CM-4-65-16 sp035533335
Flexifilum affinis,Flexifilum affine
Vagococcus teuberi,Vagococcus teuberi
Glycomyces endophyticus,Glycomyces endophyticus
Sedimentitalea todarodis,Sedimentitalea todarodis
Bartonella acomydis,Bartonella acomydis
Mycoplasma simbae,Mycoplasmopsis simbae
Desulfolutivibrio sulfodismutans,Desulfolutivibrio sulfodismutans
Chitinophaga agri,Chitinophaga agri
Flavobacterium paronense,Flavobacterium paronense
Scalindua arabica,Scalindua arabica
Termititenax sp.,DYQY01 sp020719045
Mucilaginibacter limnophilus,Mucilaginibacter limnophilus
Uabimicrobium amorphum,Uabimicrobium amorphum
Tenacibaculum pacificus,Tenacibaculum pacificus
bacterium 3DAC,JAADFF01 sp013153035
Pseudoxanthomonas gei,Pseudoxanthomonas_A gei
Anaerotignaceae bacterium,Metalachnospira sp900553995
Granulosicoccus antarcticus,Granulosicoccus antarcticus
Mangrovibacter yixingensis,Mangrovibacter yixingensis
Sagittula marina,Sagittula marina
Cryptobacteroides avistercoris,Cryptobacteroides avistercoris
Hyalangium minutum,Hyalangium minutum
Devosia oryzisoli,Devosia oryzisoli
Corynebacterium maris,Corynebacterium maris
Avibacteroides faecavium,Avibacteroides faecavium
Hansschlegelia beijingensis,Hansschlegelia beijingensis
Rhodocyclus gracilis,Rhodocyclus gracilis
Algoriphagus litoralis,Algoriphagus litoralis
Brachybacterium phenoliresistens,Brachybacterium phenoliresistens
Arthrobacter methylotrophus,Arthrobacter methylotrophus
Paenibacillus yonginensis,Fontibacillus yonginensis
Neptunomonas marina,Neptunomonas marina
Vibrio comitans,Vibrio comitans
Kangiella japonica,Kangiella japonica
Exiguobacterium flavidum,Exiguobacterium_A flavidum
Clostridium muellerianum,Clostridium_AM muellerianum
Schneewindia gallinarum,Schneewindia gallinarum
Caccousia avistercoris,Caccousia avistercoris
Microbacterium atlanticum,Microbacterium atlanticum
Lysobacter gilvus,Noviluteimonas gilva
Weissella tructae,Weissella tructae
Caldicellulosiruptor kronotskyensis,Caldicellulosiruptor kronotskyensis
Xanthomarina spongicola,Xanthomarina spongicola
Chitinophaga oryziterrae,Chitinophaga oryziterrae
Microvirga aerilata,Microvirga aerilata
Mycoplasmopsis sturni,Mycoplasmopsis sturni
Synoicihabitans palmerolidicus,Actomonas palmerolidica
Solicola gregarius,Solicola gregarius
Luteibacter flocculans,Luteibacter flocculans
Geothrix limicola,Geothrix limicola
Kapaibacterium thiocyanatum,Kapaibacterium thiocyanatum
Desulfomicrobium apsheronum,Desulfomicrobium apsheronum
Sulfuriflexus mobilis,Sulfuriflexus mobilis
Caldovatus sediminis,Caldovatus sediminis
Pseudanabaena yagii,Pseudanabaena yagii
Cellulosimicrobium composti,Cellulosimicrobium composti
Velamenicoccus archaeovorus,Velamenicoccus archaeovorus
Sphingobacterium faecale,Sphingobacterium faecale
Bradyrhizobium symbiodeficiens,Bradyrhizobium symbiodeficiens
Comamonas faecalis,Comamonas_C faecalis
Arcobacter venerupis,Aliarcobacter venerupis
Devosia enhydra,Devosia_A enhydra
Pseudomonas panipatensis,Pseudomonas panipatensis
Haematobacter massiliensis,Haematobacter massiliensis
Pseudomonas anatoliensis,Pseudomonas_E anatoliensis
Knoellia remsis,Knoellia remsis
Bisbaumannia pacifica,Bisbaumannia pacifica
uncultured Kushneria,Kushneria sp947497025
Accumulibacter similis,Accumulibacter similis
Limosilactobacillus equigenerosi,Limosilactobacillus equigenerosi
Sphingobium vermicomposti,Sphingobium vermicomposti
Comamonas endophytica,Comamonas endophytica
Paraoceanicella sp.,Paroceanicella sp031399375
Meinhardsimonia xiamenensis,Meinhardsimonia xiamenensis
Immundisolibacterales bacterium,JAJDXW01 sp026712715
Novipirellula artificiosorum,Novipirellula artificiosorum
Methylobacterium iners,Methylobacterium iners
Flavobacterium phycosphaerae,Flavobacterium phycosphaerae
Bacillus mesophilum,Cytobacillus mesophilum
Dyella silvatica,Dyella_C silvatica
Staphylococcus caledonicus,Staphylococcus caledonicus
Aestuariibius insulae,Aestuariibius insulae
Prosthecochloris marina,Chlorobium_A marina
Aphanothece cf.,Cyanobium minutissimum
Jeotgalicoccus huakuii,Jeotgalicoccus marinus
uncultured Nannocystaceae,JAAZXR01 sp938084085
Tardibacter chloracetimidivorans,Tardibacter chloracetimidivorans
Amorphoplanes auranticolor,Actinoplanes auranticolor
Chloroflexus aurantiacus,Chloroflexus aurantiacus
Mycalebacterium zealandia,Mycalebacterium zealandia
Geodermatophilus ruber,Geodermatophilus ruber
Arenimonas terrae,Arenimonas terrae
Flaviaesturariibacter flavus,Flaviaestuariibacter flavus
Jatrophihabitans cynanchi,Jatrophihabitans_B cynanchi
Lentzea alba,Lentzea alba
Gordonia zhaorongruii,Gordonia zhaorongruii
Seongchinamella sediminis,Halioglobus sediminis
Pseudomonas aegrilactucae,Pseudomonas_E aegrilactucae
Prevotella vespertina,Prevotella vespertina
Nibribacter ruber,Nibribacter ruber
Nocardia elegans,Nocardia nova
Oceanimonas baumannii,Oceanimonas baumannii
Ewingella sp.,Ewingella sp040419245
Pseudomonas khorasanensis,Pseudomonas_E khorasanensis
Accumulibacter aalborgensis,Accumulibacter aalborgensis
Leptospira idonii,Leptospira_A idonii
Alloalcanivorax mobilis,Alloalcanivorax mobilis
Modestobacter caceresii,Modestobacter caceresii
Nonomuraea monospora,Nonomuraea monospora
Sphaerochaeta pleomorpha,Sphaerochaeta pleomorpha
Streptomyces inhibens,Streptomyces inhibens
Pseudooceanicola antarcticus,Pseudooceanicola antarcticus
Nocardiopsis suaedae,Nocardiopsis_A suaedae
Pseudomonas pharyngis,Pseudomonas_E pharyngis
Piscibacillus halophilus,Piscibacillus halophilus
Pseudomonas paeninsulae,Pseudomonas_E paeninsulae
Lactococcus fujiensis,Lactococcus fujiensis
Stieleria tagensis,Stieleria tagensis
Endomicrobiellum devescovinae,Endomicrobiellum devescovinae
Avisuccinivibrio stercorigallinarum,Avisuccinivibrio stercorigallinarum
Staphylococcus canis,Staphylococcus canis
Corynebacterium lizhenjunii,Corynebacterium lizhenjunii
Gromoviella agglomerans,Gromoviella agglomerans
Comamonas badia,Comamonas_C badia
Frigidibacter albus,Frigidibacter albus
Saccharothrix australiensis,Actinosynnema australiense
Ectobacillus antri,Ectobacillus antri
Ectothiorhodospira lacustris,Ectothiorhodospira lacustris
Dyella acidisoli,Dyella_B acidisoli
Shewanella pealeana,Shewanella pealeana
Actinomadura nitritigenes,Spirillospora nitritigenes
Pseudohongiella nitratireducens,Pseudohongiella nitratireducens
Stanieria sp.,Stanieria sp002355455
Microbacterium mitrae,Microbacterium mitrae
Neobacillus terrae,Neobacillus_A terrae
Sphaerobacter thermophilus,Sphaerobacter thermophilus
Nocardia concava,Nocardia concava
Janibacter corallicola,Janibacter corallicola
Geminicoccus harenae,Geminicoccus harenae
Mesoplasma entomophilum,Mesoplasma entomophilum
Conchiformibius kuhniae,Conchiformibius kuhniae
Niabella ginsengisoli,Niabella ginsengisoli
Enterococcus xiangfangensis,Enterococcus_A xiangfangensis
Desulfosalsimonas propionicica,Desulfosalsimonas propionicica
Cryptobacteroides caccocaballi,Cryptobacteroides caccocaballi
Cacconaster stercorequi,Vescimonas stercorequi
Prevotella marseillensis,Prevotella rara
Mycoplasmopsis cricetuli,Mycoplasmopsis cricetuli
Companilactobacillus pabuli,Companilactobacillus pabuli
Microlunatus ginsengisoli,Microlunatus ginsengisoli
Streptomyces telluris,Streptomyces telluris
Corynebacterium fournieri,Corynebacterium fournieri
Acidihalobacter prosperus,Acidihalobacter prosperus
Streptomyces spongiicola,Streptomyces spongiicola
Limadaptatus stercoripullorum,Limadaptatus stercoripullorum
Mangrovibacillus cuniculi,Mangrovibacillus cuniculi
Agromyces archimandritae,Agromyces archimandritae
Vagococcus bubulae,Vagococcus bubulae
Listeria grandensis,Listeria_A grandensis
Ensifer oleiphilus,Ensifer oleiphilus
Zhongshania marina,Zhongshania marina
Paracoccus marinus,Paracoccus marinus
Gordonia hirsuta,Gordonia hirsuta
Desulfobacter curvatus,Desulfobacter curvatus
Faecisoma merdavium,Faecisoma merdavium
Mediterraneibacter intestinipullorum,Mediterraneibacter intestinipullorum
Chryseobacterium soli,Chryseobacterium soli
Streptosporangium canum,Streptosporangium canum
Hespellia stercorisuis,Hespellia stercorisuis
Clostridium aquiflavi,Clostridium aquiflavi
uncultured Kiritimatiellae,JAAXQD01 sp012974475
Luteibacter pinisoli,Luteibacter pinisoli
Dyadobacter sediminis,Dyadobacter sediminis
Albimonas pacifica,Albimonas pacifica
Imtechella halotolerans,Imtechella halotolerans
Bernardetia litoralis,Bernardetia litoralis
Psychrobacillus soli,Psychrobacillus soli
Lutibacter oricola,Lutibacter oricola
Allorhizobium sonneratiae,Allorhizobium sonneratiae
Desulfitibacter sp.,Desulfitibacter sp001515945
Parvibaculum lavamentivorans,Parvibaculum lavamentivorans
Ornithinimicrobium ciconiae,Ornithinicoccus ciconiae
Vesicomyosocius okutanii,Ruthia okutanii
Desulforhabdus amnigena,Desulforhabdus amnigena
Latescibacter sp.,JAUYCD01 sp030692375
Euzebya pacifica,Euzebya pacifica
Streptosporangium saharense,Streptosporangium saharense
Limosilactobacillus albertensis,Limosilactobacillus albertensis
Volucribacter psittacicida,Volucribacter psittacicida
Pseudomonas capsici,Pseudomonas_E capsici
Tamlana sedimentorum,Tamlana_B sedimentorum
Glycomyces tenuis,Glycomyces tenuis
Nocardiopsis umidischolae,Nocardiopsis umidischolae
Nitrosacidococcus tergens,Nitrosacidococcus tergens
Sphingomonas soli,Sphingomonas soli
Rhizobium vallis,Rhizobium vallis
Sphingomonas crocodyli,Rhizorhabdus crocodyli
Nonomuraea antimicrobica,Nonomuraea antimicrobica
Kistimonas asteriae,Kistimonas asteriae
Pseudoduganella umbonata,Pseudoduganella umbonata
Crenotrichaceae bacterium,DRLZ01 sp011322755
Robbsia sp.,Robbsia sp039852015
Amphritea balenae,Amphritea balenae
Sphingosinicella flava,Allosphingosinicella flava
Deinococcus irradiatisoli,Deinococcus irradiatisoli
Camelimonas lactis,Camelimonas lactis
Perlucidibaca piscinae,Perlucidibaca piscinae
Pseudomonas peradeniyensis,Pseudomonas_E peradeniyensis
Hydrogenophaga crocea,Hydrogenophaga crocea
Rubrivirga marina,Rubrivirga marina
Pusillimonas minor,Neopusillimonas minor
Carideicomes alvinocaridis,Carideicomes alvinocaridis
Pseudomonas mangiferae,Pseudomonas_T mangiferae
Hymenobacter radiodurans,Hymenobacter radiodurans
Amycolatopsis azurea,Amycolatopsis azurea
Gryllotalpicola kribbensis,Gryllotalpicola kribbensis
Xinfangfangia pollutisoli,Xinfangfangia pollutisoli
Mediannikoviicoccus vaginalis,Mediannikoviicoccus vaginalis
Endomicrobiellum glyptotermitis,Endomicrobiellum glyptotermitis
Gilliamella mensalis,Gilliamella mensalis
Actinomadura rubteroloni,Spirillospora rubteroloni
Arcobacter caeni,Aliarcobacter caeni
Kordia jejudonensis,Kordia jejudonensis
Desulfolucanica intricata,Desulfolucanica intricata
Peribacillus kribbensis,Bacillus_AI kribbensis
Paenimyroides aestuarii,Flavobacterium aestuarii
Pseudomonas songnenensis,Stutzerimonas songnenensis
Marinomonas hwangdonensis,Marinomonas hwangdonensis
Streptomyces luteireticuli,Streptomyces luteireticuli
Sporolactobacillus terrae,Sporolactobacillus terrae
Arthrobacter psychrolactophilus,Specibacter psychrolactophilus
Methyloceanibacter methanicus,Methyloceanibacter methanicus
Sheuella amnicola,Sheuella amnicola
Blautia faecicola,Oliverpabstia faecicola
Methylocaldum marinum,Methylocaldum marinum
Sphingobium subterraneum,Sphingobium subterraneum
Avimonas narfae,Avimonas_A narfae
Demequina muriae,Demequina muriae
Propionispira raffinosivorans,Propionispira raffinosivorans
Olavius sp.,JAFDCJ01 sp902749685
Eisenbergiella merdipullorum,Eisenbergiella merdipullorum
Flavobacterium cheniae,Flavobacterium cheniae
Salegentibacter flavus,Salegentibacter flavus
Actinacidiphila guanduensis,Actinacidiphila guanduensis
Oxalicibacterium solurbis,Oxalicibacterium solurbis
Vibrio brasiliensis,Vibrio brasiliensis
Pantoea borealis,Pantoea borealis
Dendrosporobacter quercicolus,Dendrosporobacter quercicolus
Mycoplasma phocimorsus,Mycoplasma_H phocimorsus
Halomonas nitroreducens,Halomonas nitroreducens
Erwinia tasmaniensis,Erwinia tasmaniensis
Microvirga lotononidis,Microvirga lotononidis
Oceaniglobus indicus,Oceaniglobus indicus
Psychroserpens algicola,Psychroserpens algicola
Roseicyclus mahoneyensis,Roseicyclus mahoneyensis
Mycolicibacterium houstonense,Mycobacterium houstonense
Thermomonas haemolytica,Thermomonas haemolytica
Pseudoduganella armeniaca,Pseudoduganella armeniaca
uncultured Chthonomonadaceae,JADFMN01 sp946479035
Legionella santicrucis,Legionella santicrucis
Aquabacter spiritensis,Aquabacter spiritensis
Buttiauxella ferragutiae,Buttiauxella ferragutiae
Galligastranaerophilus faecipullorum,Galligastranaerophilus faecipullorum
Siccirubricoccus sp.,G192 sp019084075
Levilactobacillus parabrevis,Levilactobacillus parabrevis
Pseudobacillus sp.,Pseudobacillus sp003600835
Shikimatogenerans silvanidophilus,Shikimatogenerans silvanidophilus
Carthagonibacter metallireducens,Carthagonibacter metallireducens
Stagnihabitans tardus,Stagnihabitans tardus
Gemmobacter lanyuensis,Gemmobacter lanyuensis
Sphingomonas morindae,Sphingomonas_N morindae
Bacillus luti,Bacillus_A luti
Drouetiella hepatica,Drouetiella hepatica
Cellulomonas fulva,Cellulomonas fulva
Winogradskyella echinorum,Winogradskyella echinorum
Luteibaculaceae bacterium,DASUEB01 sp036275295
Roseomonas rosea,Roseomonas rosea
Vogesella aquatica,Vogesella aquatica
Pseudarthrobacter niigatensis,Arthrobacter niigatensis
Hymenobacter mucosus,Hymenobacter mucosus
Atopobium fossor,Atopobium fossor
Kocuria subflava,Kocuria subflava
Desulfonatronovibrio hydrogenovorans,Desulfonatronovibrio hydrogenovorans
Flavobacterium amnicola,Flavobacterium amnicola
Mycolicibacillus koreensis,Mycobacterium koreense
Dorea acetigenes,Claveliimonas acetigenes
Tropicimonas isoalkanivorans,Tropicimonas isoalkanivorans
Deinococci bacterium,JASBRS01 sp030149325
Marinicella marina,Marinicella marina
Desulfovibrio oxyclinae,Pseudodesulfovibrio oxyclinae
Actinoallomurus bryophytorum,Actinoallomurus bryophytorum
Roseicella aerolata,Paracraurococcus aerolatus
Faecalibacterium intestinale,Faecalibacterium intestinale
Anaerobacterium chartisolvens,Anaerobacterium chartisolvens
Pelagimonas varians,Pelagimonas varians
Streptococcus cuniculipharyngis,Streptococcus cuniculipharyngis
Tenacibaculum mesophilum,Tenacibaculum mesophilum
Pseudoxanthomonas dokdonensis,Pseudoxanthomonas_A dokdonensis
Oceanitalea stevensii,Oceanitalea stevensii
Mucilaginibacter polytrichastri,Mucilaginibacter polytrichastri
Neisseria yangbaofengii,Neisseria yangbaofengii
Caenimonas sedimenti,Ramlibacter sedimenti
Enterousia intestinigallinarum,Enterousia intestinigallinarum
Mesoplasma lactucae,Edwardiiplasma lactucae
Roseinatronobacter bogoriensis,Roseinatronobacter bogoriensis
Streptomyces roseolilacinus,Streptomyces roseolilacinus
Actinomadura darangshiensis,Spirillospora darangshiensis
Mangrovimonas spongiae,Mangrovimonas spongiae
Sphingomonas swuensis,Sphingomicrobium swuensis
Clostridium amylolyticum,Clostridium_AA amylolyticum
Heliorestis convoluta,Heliorestis convoluta
Polaribacter filamentus,Polaribacter filamentus
Facklamia hominis,Facklamia hominis
Streptomyces rameus,Streptomyces rameus
Bosea minatitlanensis,Bosea minatitlanensis
Avelusimicrobium excrementipullorum,Avelusimicrobium excrementipullorum
Thiolinea disciformis,Thiolinea disciformis
Mycolicibacterium aromaticivorans,Mycobacterium aromaticivorans
Donghicola mangrovi,Donghicola mangrovi
Desulfotruncus arcticus,Desulfotruncus arcticus
Cytophaga hutchinsonii,Cytophaga hutchinsonii
Bacillus marasmi,Bacillus_BU marasmi
Sphingobacterium lactis,Sphingobacterium lactis
Leptospira inadai,Leptospira_B inadai
Clostridium frigidicarnis,Clostridium_Z frigidicarnis
Mycolicibacterium gadium,Mycobacterium gadium
Nocardia alni,Nocardia alni
Sphingobacterium bovisgrunnientis,Sphingobacterium bovisgrunnientis
Vibrio mangrovi,Vibrio mangrovi
Paraburkholderia agricolaris,Paraburkholderia agricolaris
Legionella quateirensis,Legionella quateirensis
Anoxymicrobium japonicum,Anoxymicrobium japonicum
Pseudomonas saliphila,Halopseudomonas saliphila
Vigna little,Phytoplasma sp032884955
Streptomyces hokutonensis,Streptomyces hokutonensis
Alteracholeplasma palmae,Alteracholeplasma palmae
Echinicola rosea,Echinicola rosea
Pseudemcibacter aquimaris,Pseudemcibacter aquimaris
Glacieibacterium frigidum,Glacieibacterium frigidum
Trichococcus paludicola,Trichococcus paludicola
Hymenobacter segetis,Hymenobacter segetis
Neiella holothuriorum,Neiella holothuriorum
Algoriphagus limi,Algoriphagus limi
Duganella callida,Duganella callida
Simplicispira psychrophila,Simplicispira psychrophila
Methylibium rhizosphaerae,Pseudorivibacter rhizosphaerae
Corallibacter vietnamensis,Corallibacter vietnamensis
Deinococcus aetherius,Deinococcus aetherius
Streptomyces abyssalis,Streptomyces abyssalis
Rubripirellula reticaptiva,Rubripirellula reticaptiva
Thermodesulfobacterium hydrogeniphilum,Thermodesulfobacterium hydrogeniphilum
Aeromicrobium flavum,Aeromicrobium flavum
Sinirhodobacter huangdaonensis,Paenirhodobacter huangdaonensis
Arenibacter catalasegens,Arenibacter catalasegens
Nucleicultrix amoebiphila,Nucleicultrix amoebiphila
Cedecea colo,Dryocola colo
Heritagella intestinalis,Heritagella intestinalis
Solidesulfovibrio fructosivorans,Solidesulfovibrio fructosivorans
Comamonas composti,Comamonas composti
Negativibacillus massiliensis,Negativibacillus massiliensis
Chryseobacterium tagetis,Chryseobacterium tagetis
Streptomyces roseoviridis,Streptomyces roseoviridis
uncultured Aurantimicrobium,Aurantimicrobium sp936931525
Salinicola tamaricis,Salinicola tamaricis
Fervidobacterium thailandense,Fervidobacterium_A thailandense
Sporosarcina globispora,Cytobacillus globisporus
Erythrobacter dokdonensis,Erythrobacter dokdonensis
Mycoplasma todarodis,Mycoplasma_K todarodis
Gordonia rhizosphera,Gordonia rhizosphera
Shewanella basaltis,Shewanella basaltis
Neorhizobium petrolearium,Neorhizobium petrolearium
Hanamia caeni,Ginsengibacter caeni
Veillonella magna,Veillonella_A magna
Sphingobium cloacae,Sphingobium cloacae
Marinobacter halotolerans,Marinobacter halotolerans
Subtercola vilae,Subtercola vilae
Tritonobacter lacicola,Tritonobacter lacicola
Flavobacterium croceum,Flavobacterium croceum
Methylovorus glucosotrophus,Methylovorus glucosotrophus
Nocardioides bizhenqiangii,Nocardioides bizhenqiangii
Avipropionibacterium avicola,Avipropionibacterium avicola
Lysinibacillus mangiferihumi,Lysinibacillus mangiferihumi
Pelagihabitans pacificus,Pelagihabitans pacificus
Flavobacterium xanthum,Flavobacterium xanthum
Kushneria aurantia,Kushneria aurantia
Jeotgalibaca caeni,Jeotgalibaca caeni
Mesorhizobium caraganae,Mesorhizobium caraganae
Nonomuraea maheshkhaliensis,Nonomuraea maheshkhaliensis
Cryobacterium serini,Cryobacterium serini
Nitrosovibrio tenuis,Nitrosospira tenuis
Parasphingorhabdus marina,Parasphingorhabdus marina
Herpetosiphon aurantiacus,Herpetosiphon aurantiacus
Cryptobacteroides pullicola,Cryptobacteroides pullicola
uncultured Agitococcus,Agitococcus sp937920075
Duganella alba,Duganella alba
Inhella inkyongensis,Inhella inkyongensis
Sinisalibacter lacisalsi,Sinisalibacter lacisalsi
Hymenobacter metallicola,Hymenobacter metallicola
Acidipropionibacterium sp.,Acidipropionibacterium sp022647765
Shewanella phaeophyticola,Shewanella phaeophyticola
Orrella dioscoreae,Orrella dioscoreae
Aquitalea aquatilis,Aquitalea aquatilis
Mucilaginibacter terrae,Mucilaginibacter terrae
Cribrihabitans marinus,Cribrihabitans marinus
Arenimonas malthae,Arenimonas malthae
Bacillus alkalisoli,Bacillus_CD alkalisoli
Sutcliffiella halmapala,Sutcliffiella_A halmapala
Desulforhopalus vacuolatus,Desulforhopalus vacuolatus
Zhihengliuella salsuginis,Zhihengliuella salsuginis
Rhodovulum imhoffii,Rhodovulum imhoffii
Protochlamydia phocaeensis,Protochlamydia_A phocaeensis
Aeromicrobium piscarium,Aeromicrobium piscarium
Mesorhizobium humile,Mesorhizobium humile
Tindallia californiensis,Tindallia californiensis
Vibrio zhugei,Vibrio zhugei
Gracilibacillus oryzae,Gracilibacillus oryzae
Meridianibacter frigidus,Meridianibacter frigidus
Prevotella intestinigallinarum,Prevotella intestinigallinarum
Aeromonas lusitana,Aeromonas lusitana
Joostella sp.,Galbibacter sp038433465
Chlamydiifrater phoenicopteri,Chlamydiifrater phoenicopteri
Clostridium transplantifaecale,Otoolea transplantifaecalis
Arthrobacter ginsengisoli,Arthrobacter ginsengisoli
Streptodolium elevatio,Yinghuangia elevatio
Mangrovimonas yunxiaonensis,Mangrovimonas yunxiaonensis
Oceaniovalibus guishaninsula,Palleronia guishaninsula
Actinomycetospora callitridis,Actinomycetospora callitridis
Chryseobacterium taichungense,Chryseobacterium taichungense
Streptomyces tateyamensis,Kitasatospora tateyamensis
Flavobacterium aquatile,Flavobacterium aquatile
Carbobacillus altaicus,Carbobacillus altaicus
Edaphocola aurantiacus,Edaphocola aurantiacus
Alishewanella aestuarii,Alishewanella aestuarii
Pigmentiphaga soli,Pigmentiphaga soli
Darwinimomas equi,Darwinimomas equi
Piscinibacter aquaticus,Piscinibacter aquaticus
Guanabacterium sedimentis,Guanabaribacterium sedimenti
Craterilacuibacter sp.,Craterilacuibacter sp023502145
Lusitaniella coriacea,Lusitaniella coriacea
Moraxella porci,Moraxella porci
Murdochiella vaginalis,Murdochiella vaginalis
Paracoccus isoporae,Paracoccus isoporae
Yersinia entomophaga,Yersinia entomophaga
Ramlibacter henchirensis,Ramlibacter henchirensis
Pelethenecus faecipullorum,Pelethenecus faecipullorum
Actinokineospora iranica,Actinokineospora iranica
Paramixta manurensis,Paramixta manurensis
Zhihengliuella alba,Zhihengliuella alba
Pseudomonas punonensis,Pseudomonas_E punonensis
Emticicia soli,Emticicia soli
Paenibacillus glacialis,Paenibacillus glacialis
Micromonospora arida,Micromonospora arida
Desulfobaccia bacterium,0-14-0-80-60-11 sp041481325
Metarhizobium album,Metarhizobium album
Ramlibacter albus,Ramlibacter albus
Roseobacter insulae,Roseobacter insulae
Robiginitalea aestuariiviva,Robiginitalea aestuariiviva
Piscinibacter defluvii,Piscinibacter defluvii
Weissella diestrammenae,Weissella diestrammenae
Ferirhizobium litorale,Ferirhizobium litorale
Leptospira dzoumogneensis,Leptospira_B dzoumogneensis
Halalkalibacter nanhaiisediminis,Halalkalibacter nanhaiisediminis
Halovibrio variabilis,Vreelandella variabilis
Insolitispirillum peregrinum,Insolitispirillum peregrinum
Alistipes stercoravium,Alistipes stercoravium
Anaeromusa sp.,Anaeromusa sp009929485
Pseudomonas uvaldensis,Pseudomonas_E uvaldensis
Mycolicibacterium chlorophenolicum,Mycobacterium chlorophenolicum
Defluviimonas aquaemixtae,Albidovulum aquaemixtae
Alteribacillus iranensis,Alteribacillus_A iranensis
Lacisediminimonas profundi,Lacisediminimonas profundi
Flavobacterium branchiarum,Flavobacterium branchiarum
Ornithinibacillus californiensis,Paucisalibacillus californiensis
Thermomonas aquatica,Thermomonas aquatica
Splendidivirga corallicola,Splendidivirga corallicola
Parvularcula lutaonensis,Parvularcula lutaonensis
Mycoplasmopsis gallopavonis,Mycoplasmopsis gallopavonis
Perlabentimonas sp.,Perlabentimonas sp041685855
Paenibacillus dakarensis,Paenibacillus dakarensis
Pseudonocardia xinjiangensis,Pseudonocardia xinjiangensis
Tateyamaria pelophila,Tateyamaria pelophila
Galbibacter orientalis,Galbibacter orientalis
Desulfovibrio litoralis,Frigididesulfovibrio_A litoralis
Acinetobacter stercoris,Acinetobacter stercoris
Phytohalomonas tamaricis,Phytohalomonas tamaricis
Pleomorphomonas diazotrophica,Pleomorphomonas diazotrophica
Hyphomonas beringensis,Hyphomonas beringensis
Marinomonas posidonica,Marinomonas posidonica
Dokdonia pacifica,Dokdonia pacifica
Muribaculum gordoncarteri,Muribaculum gordoncarteri
Thermostichus lividus,Thermosynechococcus lividus
Phycosocius bacilliformis,Aquidulcibacter bacilliformis
Thermoleptolyngbya sichuanensis,Thermoleptolyngbya sichuanensis
Cyclonatronum proteinivorum,Cyclonatronum proteinivorum
Oceanisphaera arctica,Oceanimonas arctica
Lysobacter spongiicola,Novilysobacter spongiicola
Copranaerobaculum intestinale,Copranaerobaculum intestinale
Simonsiella muelleri,Simonsiella muelleri
Phytoplasma planchoniae,Phytoplasma planchoniae
Pseudomonas segetis,Pseudomonas_E segetis
Campylobacter geochelonis,Campylobacter_B geochelonis
Paraburkholderia panacisoli,Paraburkholderia panacisoli
Agaribacillus aureus,Agaribacillus aureus
Oceanobacillus polygoni,Oceanobacillus polygoni
Mesenet longicola,Mesenet longicola
Clostridium chromiireducens,Clostridium chromiireducens
Fimicola merdigallinarum,Fimicola merdigallinarum
Oceanobacillus senegalensis,Oceanobacillus senegalensis
Cellulomonas taurus,Cellulomonas taurus
Luteimonas mephitis,Luteimonas mephitis
uncultured Oligoflexales,G958296095 sp958296095
Rugamonas fusca,Rugamonas_A fusca
Polycladomyces subterraneus,Polycladomyces subterraneus
Domibacillus aminovorans,Domibacillus aminovorans
Kineococcus rubinsiae,Kineococcus rubinsiae
Campylobacter porcelli,Campylobacter porcelli
Nocardioides coralli,Nocardioides coralli
Aquimarina atlantica,Aquimarina atlantica
Streptomonospora litoralis,Streptomonospora litoralis
Latilactobacillus fragifolii,Latilactobacillus fragifolii
Lentzea nigeriaca,Lentzea nigeriaca
Olivibacter sitiensis,Olivibacter sitiensis
Azospirillum fermentarium,Azospirillum fermentarium
Helcococcus ovis,Helcococcus ovis
Roseovarius pelagicus,Roseovarius pelagicus
Acuticoccus sediminis,Acuticoccus sediminis
Ornithinimicrobium sediminis,Ornithinimicrobium_A sediminis
Ureibacillus chungkukjangi,Ureibacillus chungkukjangi
Blautia intestinalis,Blautia_A intestinalis
Thermus caldilimi,Thermus caldilimi
Limicola stercorigallinarum,Limicola stercorigallinarum
Nosocomiicoccus stercorigallinarum,Nosocomiicoccus stercorigallinarum
bacterium UBA1790,Sodaliphilus sp002314465
Trichococcus patagoniensis,Trichococcus patagoniensis
Limivivens merdigallinarum,Limivivens merdigallinarum
Massilia litorea,Telluria litorea
Pseudomonas vancouverensis,Pseudomonas_E vancouverensis
Muribacter muris,Muribacter muris
Shewanella oncorhynchi,Shewanella oncorhynchi
Neoanaerotignum galli,Neoanaerotignum galli
Penaeicola halotolerans,Penaeicola halotolerans
Marixanthotalea marina,Marixanthotalea marina
Actinopolyspora halophila,Actinopolyspora halophila
Shewanella hanedai,Shewanella hanedai
Croceibacterium selenioxidans,Croceibacterium selenioxidans
Mycoplasma iguanae,Mycoplasma_M iguanae
Streptomyces davaonensis,Streptomyces davaonensis
Excrementavichristensenella sp.,Excrementavichristensenella sp012520375
Mastigocladopsis repens,Mastigocladopsis repens
Agromyces larvae,Agromyces larvae
Acinetobacter kanungonis,Acinetobacter kanungonis
Paradevosia shaoguanensis,Paradevosia shaoguanensis
Acetobacterium paludosum,Acetobacterium paludosum
Streptomyces griseicoloratus,Streptomyces griseicoloratus
Streptomyces zingiberis,Streptomyces zingiberis
uncultured Harryflintia,Harryflintia sp949743955
Natranaerofaba carboxydovora,Natranaerofaba carboxydovora
Pseudidiomarina aestuarii,Pseudidiomarina aestuarii
Bacillus suaedaesalsae,Bacillus_BS suaedaesalsae
uncultured Dermabacter,Helcobacillus sp947252755
uncultured Salinicoccus,Salinicoccus sp947494965
Rodentibacter haemolyticus,Rodentibacter haemolyticus
Planifilum fulgidum,Planifilum fulgidum
Microbulbifer epialgicus,Microbulbifer epialgicus
Sphingomonas changbaiensis,Sphingomonas_B changbaiensis
Oscillibacter excrementavium,Oscillibacter excrementavium
bacterium UBA2214,Residuimicrobium suncorense
Permianibacter fluminis,Permianibacter fluminis
Pontibacter actiniarum,Pontibacter actiniarum
Azospirillum halopraeferens,Azospirillum halopraeferens
Bowmanella pacifica,Bowmanella pacifica
uncultured Labedella,Labedella sp934636065
Terrabacter ginsenosidimutans,Terrabacter ginsenosidimutans
Aeromonas cavernicola,Aeromonas cavernicola
Kallipyga gabonensis,Kallipyga gabonensis
Actinopolymorpha rutila,Actinopolymorpha rutila
Rhodovulum tesquicola,Rhodovulum tesquicola
Methylotetracoccus sp.,Methylotetracoccus sp025458755
Psychromonas aquatilis,Psychromonas aquatilis
bacterium YEK0313,Phreatobacter sp000751295
Nocardioides agariphilus,Nocardioides agariphilus
Darwinibacteriaceae bacterium,DTU010 sp002391385
Clostridium aceticum,Anaerovirgula acetica
Cognatishimia maritima,Cognatishimia maritima
Brumimicrobium glaciale,Brumimicrobium glaciale
Sagittula salina,Sagittula salina
Tautonia sociabilis,Tautonia sociabilis
Nocardioides panzhihuensis,Nocardioides panzhihuensis
Fredericiella danica,Fredericiella danica
Gemmobacter caeruleus,Gemmobacter caeruleus
Janibacter terrae,Janibacter terrae
Shewanella abyssi,Shewanella abyssi
Pediococcus argentinicus,Pediococcus argentinicus
Brumimicrobium salinarum,Brumimicrobium salinarum
Streptomyces spiramyceticus,Streptomyces spiramyceticus
Thermincola potens,Thermincola ferriacetica
Pseudomonas saponiphila,Pseudomonas_E saponiphila
Aurantiacibacter sediminis,Aurantiacibacter sediminis
Specibacter cremeus,Specibacter cremeus
Levilactobacillus fujinensis,Levilactobacillus fujinensis
Bifidobacterium choerinum,Bifidobacterium choerinum
Flavobacterium praedii,Flavobacterium praedii
Pseudomonas promysalinigenes,Pseudomonas_E promysalinigenes
Anaerotalea alkaliphila,Anaerotalea alkaliphila
Sandarakinorhabdus oryzae,Sandarakinorhabdus oryzae
Streptomyces griseochromogenes,Streptomyces griseochromogenes
Massilia rhizosphaerae,Telluria rhizosphaerae
Nodularia harveyana,Nodularia harveyana
Zooshikella harenae,Zooshikella harenae
Limnobacter alexandrii,Limnobacter alexandrii
Aquipuribacter sp.,Aquipuribacter sp037153975
Chitinophaga qingshengii,Chitinophaga qingshengii
Paramaledivibacter caminithermalis,Paramaledivibacter caminithermalis
Pseudidiomarina taiwanensis,Pseudidiomarina taiwanensis
Saccharomonospora halophila,Saccharomonospora halophila
Rufibacter latericius,Rufibacter latericius
Colinaster scatohippi,Colinaster scatohippi
Zhaonella formicivorans,Zhaonella formicivorans
Brasilonema bromeliae,Brasilonema bromeliae
Marinobacter xiaoshiensis,Marinobacter xiaoshiensis
Bifidobacterium moraviense,Bifidobacterium moraviense
Ruegeria intermedia,Ruegeria intermedia
Catellatospora methionotrophica,Catellatospora methionotrophica
Dictyobacter kobayashii,Dictyobacter kobayashii
Marinobacter denitrificans,Marinobacter denitrificans
Nocardioides sambongensis,Nocardioides sambongensis
Aeoliella straminimaris,Aeoliella straminimaris
Alistipes intestinigallinarum,Alistipes intestinigallinarum
Arthrobacter polaris,Specibacter polaris
Arsenicibacter rosenii,Arsenicibacter rosenii
uncultured Allosphingosinicella,Allosphingosinicella sp934539295
uncultured Gleimia,Gleimia europaea
Fundidesulfovibrio magnetotacticus,Fundidesulfovibrio magnetotacticus
Stenotrophomonas koreensis,Stenotrophomonas koreensis
Alloalcanivorax xenomutans,Alloalcanivorax xenomutans
Govania unica,Govania unica
Roseibium algicola,Roseibium algicola
Salinicola peritrichatus,Salinicola peritrichatus
Parasutterella gallistercoris,Parasutterella gallistercoris
Mesorhizobium waimense,Mesorhizobium waimense
Sinorhizobium chiapasense,Sinorhizobium chiapasense
Pediococcus cellicola,Pediococcus cellicola
Thiothrix sulfatifontis,Thiothrix sulfatifontis
Flavobacterium coralii,Flavobacterium coralii
uncultured Desulfuromusa,Desulfuromusa sp963675815
Canicola haemoglobinophilus,Canicola haemoglobinophilus
Massilia polaris,Telluria polaris
Sphingopyxis lindanitolerans,Sphingopyxis lindanitolerans
Microbacterium hydrothermale,Microbacterium hydrothermale
Demequina mangrovi,Demequina mangrovi
Rufibacter glacialis,Rufibacter glacialis
Amycolatopsis roodepoortensis,Amycolatopsis roodepoortensis
Novipirellula galeiformis,Novipirellula galeiformis
Pseudalkalibacillus sedimenti,Anaerobacillus_A sedimenti
Barnesiella propionica,Barnesiella propionica
Bremerella volcania,Bremerella volcania
Aquaspirillum serpens,Aquaspirillum serpens
Lactobacillus selangorensis,Paralactobacillus selangorensis
Thiomonas delicata,Thiomonas_A delicata
Paenibacillus cisolokensis,Paenibacillus_AH cisolokensis
Desulfacinum hydrothermale,Desulfacinum hydrothermale
Nostoc favosum,Nostoc favosum
Endomicrobium proavitum,Endomicrobium proavitum
Cognatiyoonia sediminum,Cognatiyoonia sediminum
Endomicrobiellum dinenymphae,Endomicrobiellum dinenymphae
Desulfitobacterium metallireducens,Desulfitobacterium_A metallireducens
Streptomyces iranensis,Streptomyces iranensis
Microvirga terrestris,Microvirga terrestris
Streptomyces spororaveus,Streptomyces spororaveus
Hymenobacter roseosalivarius,Hymenobacter roseosalivarius
Paracoccus aerius,Paracoccus aerius
Albidovulum inexpectatum,Albidovulum inexpectatum
Phormidium yuhuli,Sodalinema yuhuli
Levilactobacillus huananensis,Levilactobacillus huananensis
Plectonema radiosum,Hassallia radiosum_A
Acinetobacter kookii,Acinetobacter kookii
Rhizohabitans arisaemae,Rhizohabitans arisaemae
Wenzhouxiangella marina,Wenzhouxiangella marina
Cyclobacterium plantarum,Cyclobacterium plantarum
Vibrio salinus,Vibrio salinus
Kribbella hippodromi,Kribbella hippodromi
Sediminibacterium soli,Sediminibacterium soli
Simiaoa sunii,Acetatifactor intestinalis
Streptomyces liliifuscus,Streptomyces liliifuscus
Leptospira barantonii,Leptospira barantonii
Galloscillospira excrementipullorum,Galloscillospira_B excrementipullorum
Natronincola sp.,DUPA01 sp012838515
Clostridium pascui,Clostridium_AK pascui
Egerieisoma faecipullorum,Egerieisoma faecipullorum
Streptomyces fulvorobeus,Streptomyces fulvorobeus
Holzapfeliella floricola,Holzapfeliella floricola
Terriglobus aquaticus,Terriglobus aquaticus
Lapidilactobacillus gannanensis,Lapidilactobacillus gannanensis
Desulfobulbus alkaliphilus,Desulfobulbus alkaliphilus
Chitinophaga tropicalis,Chitinophaga tropicalis
Woronichinia naegeliana,Woronichinia naegeliana
Streptococcus thoraltensis,Streptococcus thoraltensis
Shackletoniella antarctica,Nodosilinea antarctica
Paceibacterales bacterium,JBAMLS01 sp039793445
Microlunatus capsulatus,Friedmanniella capsulata
Qipengyuania nanhaisediminis,Qipengyuania nanhaisediminis
Mycolicibacterium chitae,Mycobacterium chitae
Vibrio ruber,Vibrio ruber
Maribellus luteus,Draconibacterium luteum
Proximibacter danicus,Proximibacter danicus
Paraburkholderia sejongensis,Paraburkholderia sejongensis
Nocardia fusca,Nocardia fusca
Colousia faecequi,Aphodosoma faecequi
Polynucleobacter difficilis,Polynucleobacter difficilis
Mucilaginibacter flavidus,Mucilaginibacter flavidus
Costertonia aggregata,Costertonia aggregata
Gordonia desulfuricans,Gordonia desulfuricans
Janibacter hoylei,Janibacter hoylei
Nocardioides euryhalodurans,Nocardioides euryhalodurans
Roseibium algae,Roseibium algae
Terasakiella brassicae,Terasakiella brassicae
Nonomuraea gerenzanensis,Nonomuraea gerenzanensis
Microbacterium ginsengiterrae,Microbacterium ginsengiterrae
Pengzhenrongella sicca,Pengzhenrongella sicca
Nanoperiomorbus periodonticus,Nanoperiomorbus periodonticus
Anaerophilus nitritogenes,Inediibacterium nitritogenes
Oerskovia turbata,Oerskovia turbata
Streptomyces sp900129855,Streptomyces sp900129855
Paenibacillus rhizolycopersici,Fontibacillus rhizolycopersici
Sodalis ligni,Acerihabitans ligni
Paracoccus albus,Paracoccus albus
Sphingomonas carotinifaciens,Sphingomonas carotinifaciens
Corynebacterium choanae,Corynebacterium choanae
Termititenax persephonae,Termititenax persephonae
Caldicellulosiruptor owensensis,Caldicellulosiruptor owensensis
Komagataeibacter diospyri,Komagataeibacter diospyri
Alteromonas halophila,Alteromonas halophila
Flagellimonas lutimaris,Flagellimonas lutimaris
Pseudomonas wuhanensis,Pseudomonas_E wuhanensis
Mongoliimonas terrestris,Chthonobacter terrestris
Gordonia neofelifaecis,Gordonia neofelifaecis
Alkalibacterium kapii,Alkalibacterium kapii
Thermocaproicibacter melissae,Thermocaproicibacter melissae
Desulfovibrio mangrovi,Halodesulfovibrio mangrovi
Aliishimia ponticola,Aliishimia ponticola
Anaeromicrobium sp.,Anaeromicrobium sp025210435
Jeongeupia chitinilytica,Jeongeupia chitinilytica
Legionella fairfieldensis,Tatlockia fairfieldensis
Eisenbergiella stercorigallinarum,Eisenbergiella stercorigallinarum
Nitrospira nitrosa,Nitrospira_D nitrosa
Corynebacterium uterequi,Corynebacterium uterequi
Secundilactobacillus malefermentans,Secundilactobacillus malefermentans
Actinoplanes octamycinicus,Actinoplanes octamycinicus
Marispirochaeta associata,Marispirochaeta associata
Pseudomonas cyclaminis,Pseudomonas_E cyclaminis
Leekyejoonella antrihumi,Leekyejoonella antrihumi
Streptomyces benahoarensis,Streptomyces benahoarensis
Thermophilibacter mediterraneus,Thermophilibacter mediterraneus
Jettenia ecosi,Jettenia ecosi
Physcousia equi,Physcousia equi
Electronema halotolerans,Electronema halotolerans
Malonomonas sp.,Malonomonas sp036526255
Bradyrhizobium altum,Bradyrhizobium altum
Bradyrhizobium mercantei,Bradyrhizobium mercantei
Kouleothrix ribensis,Kouleothrix ribensis
Egerieicola pullicola,Egerieicola pullicola
Salinimicrobium xinjiangense,Salinimicrobium xinjiangense
Meiothermus granaticius,Meiothermus granaticius
Microbacterium pumilum,Microbacterium pumilum
Paracoccus aurantiacus,Paracoccus aurantiacus
Desulfocucumis palustris,Desulfocucumis palustris
Staphylococcus pasteuri_A,Staphylococcus pasteuri
Actinomadura meridiana,Spirillospora meridiana
bacterium D16-29,Lawsonibacter sp947383275
Meridianimarinicoccus roseus,Meridianimarinicoccus roseus
Streptococcus shenyangsis,Streptococcus shenyangsis
Psychroserpens luteolus,Psychroserpens luteolus
Tolumonas lignilytica,Tolumonas lignilytica
Pedobacter psychrophilus,Pelobium psychrophilum
Pseudonocardia alaniniphila,Pseudonocardia alaniniphila
Dyadobacter pollutisoli,Dyadobacter pollutisoli
Leptospira alstonii,Leptospira alstonii
Lactiplantibacillus daoliensis,Lactiplantibacillus daoliensis
Chryseobacterium endalhagicum,Chryseobacterium endalhagicum
Kitasatospora nipponensis,Kitasatospora nipponensis
Gemmata algarum,Gemmata algarum
Hymenobacter telluris,Hymenobacter telluris
Ralstonia soli,Ralstonia soli
Dasania marina,Dasania marina
Spyradenecus faecavium,Spyradenecus faecavium
Actinoplanes ianthinogenes,Actinoplanes ianthinogenes
Bifidobacterium anseris,Bifidobacterium anseris
Salicola sp.,Halospina sp040196175
Streptomyces lucensis,Streptomyces lucensis
Geomonas oryzae,Geomonas oryzae
Protoclostridium gallicola,Protoclostridium gallicola
Ribeiella danica,Ribeiella danica
Lactobacillus colini,Lactobacillus colini
Beduini massiliensis,Beduini massiliensis
Thiomicrorhabdus arctica,Thiomicrorhabdus arctica
Changshengia sp.,UBA8260 sp003134115
Legionella wadsworthii,Legionella wadsworthii
Cupriavidus yeoncheonensis,Cupriavidus yeoncheonensis
Dyadobacter psychrophilus,Dyadobacter psychrophilus
Minthosoma caballi,Minthosoma caballi
Actinomyces bovis,Actinomyces bovis
Solimonas variicoloris,Solimonas variicoloris
Pelethocola excrementipullorum,Novisyntrophococcus excrementipullorum
Pseudooceanicola sediminis,Pseudooceanicola sediminis
Orenia marismortui,Orenia marismortui
Symbiobacterium terraclitae,Symbiobacterium terraclitae
Modestobacter roseus,Modestobacter roseus
Phormidium pseudopriestleyi,Laspinema pseudopriestleyi
Curtobacterium caseinilyticum,Curtobacterium caseinilyticum
Cellulosilyticum pullistercoris,Cellulosilyticum pullistercoris
Acinetobacter chengduensis,Acinetobacter chengduensis
Niastella vici,Niastella vici
Mycobacterium wuenschmannii,Mycobacterium wuenschmannii
Paracoccus aestuarii,Paracoccus aestuarii
Aureitalea marina,Aureitalea marina
Veillonella rodentium,Veillonella rodentium
Desulfurobacterium atlanticum,Desulfurobacterium_A atlanticum
Qipengyuania algicida,Qipengyuania algicida
Hanstruepera marina,Hanstruepera marina
Corynebacterium yudongzhengii,Corynebacterium yudongzhengii
Corallococcus carmarthensis,Corallococcus carmarthensis
Vibrio azureus,Vibrio azureus
Aestuariivivens sediminis,Aestuariivivens sediminis
Pontibacter aydingkolensis,Pontibacter aydingkolensis
Mesorhizobium onobrychidis,Mesorhizobium onobrychidis
Pristimantibacillus lignocellulolyticus,Pristimantibacillus lignocellulolyticus
Lysobacter sedimenti,Cognatiluteimonas sedimenti
Thaumasiovibrio occultus,Thaumasiovibrio occultus
Desulfuribacillus alkaliarsenatis,Desulfuribacillus alkaliarsenatis
Protochlamydia amoebophila,Protochlamydia amoebophila
Agromyces fucosus,Agromyces fucosus
Streptomyces qaidamensis,Streptomyces qaidamensis
Aquimarina acroporae,Aquimarina acroporae
Aequorivita sediminis,Aequorivita sediminis
Aequorivita sinensis,Aequorivita sinensis
Mycoplasma suis,Eperythrozoon_A suis
Actinomycetospora succinea,Actinomycetospora succinea
Pseudonocardia lacus,Pseudonocardia lacus
Paraburkholderia bonniea,Paraburkholderia bonniea
Bradyrhizobium forestalis,Bradyrhizobium forestalis
Nocardioides humilatus,Nocardioides humilatus
Litoreibacter ascidiaceicola,Litoreibacter ascidiaceicola
Acinetobacter baretiae,Acinetobacter baretiae
Pantoea rara,Pantoea rara
Reichenbachiella carrageenanivorans,Reichenbachiella carrageenanivorans
Vogesella oryzae,Vogesella oryzae
bacterium 0218,Krumholzibacterium sp003369535
Arachidicoccus terrestris,Arachidicoccus terrestris
Halomonas alkalicola,Halomonas alkalicola
Anaerosoma tenue,Anaerosoma tenue
Hymenobacter perfusus,Hymenobacter perfusus
Bartonella jaculi,Bartonella jaculi
Flavobacterium panici,Flavobacterium panici
Tsuneonella mangrovi,Tsuneonella mangrovi
Companilactobacillus zhachilii,Companilactobacillus zhachilii
Bowmanella yangjiangensis,Bowmanella yangjiangensis
Streptococcus chenjunshii,Streptococcus chenjunshii
Nesterenkonia alkaliphila,Nesterenkonia alkaliphila
bacterium NLAE-zl-P430,Phocaeicola vulgatus
Copromonas avistercoris,Copromonas avistercoris
Deinococcus aquatilis,Deinococcus aquatilis
Sphingomonas aurantiaca,Sphingomonas aurantiaca
Pseudomonas arcuscaelestis,Pseudomonas_E arcuscaelestis
uncultured Blastomonas,Blastomonas delafieldii_A
Stygibacter frigidus,Stygibacter frigidus
Paenibacillus lactis,Paenibacillus lactis
bacterium (candidate,Guanabaribacterium sp005223145
Denitratimonas sp.,Denitratimonas sp037478135
Entomohabitans teleogrylli,Entomohabitans teleogrylli
Streptomyces rectiviolaceus,Streptomyces rectiviolaceus
Bartonella fuyuanensis,Bartonella fuyuanensis
Photorhabdus noenieputensis,Photorhabdus noenieputensis
Prescottella subtropica,Prescottella subtropica
Psychrobacter namhaensis,Psychrobacter namhaensis
Glycomyces harbinensis,Glycomyces harbinensis
Undibacterium amnicola,Undibacterium amnicola
uncultured Methylovirgula,Methylovirgula sp021780015
Nocardiopsis kunsanensis,Nocardiopsis kunsanensis
Janthinobacterium violaceinigrum,Janthinobacterium violaceinigrum
Azospirillum thermophilum,Azospirillum thermophilum
Urmitella timonensis,Varibaculum timonense_A
Psychrobacillus lasiicapitis,Psychrobacillus lasiicapitis
Mycetocola manganoxydans,Mycetocola_A manganoxydans
Nitronauta litoralis,Nitronauta litoralis
Sphingomonas yantingensis,Sphingomonas yantingensis
Conservatibacter flavescens,Conservatibacter flavescens
Petrotoga sibirica,Petrotoga sibirica
Citrobacter gillenii,Citrobacter gillenii
Sphingorhabdus lacus,Sphingorhabdus_B lacus
Sulfitobacter maritimus,Sulfitobacter maritimus
Nodularia sphaerocarpa,Nodularia sphaerocarpa
Brevibacterium mcbrellneri,Brevibacterium mcbrellneri
Sulfurisoma sediminicola,Sulfurisoma sediminicola
Curtobacterium citri,Curtobacterium citri
Mediterraneibacter faecipullorum,Mediterraneibacter faecipullorum
Liberibacter americanus,Liberibacter americanus
Minthenecus merdequi,Aphodosoma merdequi
Pseudanabaena galeata,Pseudanabaena galeata
Cryosericum hinesii,Cryosericum hinesii
Marinobacterium jannaschii,Marinobacterium_B jannaschii
Dactylosporangium aurantiacum,Dactylosporangium aurantiacum
Pseudactinotalea terrae,Pseudactinotalea terrae
Acidicapsa ligni,Acidicapsa ligni
Deinococcus aerius,Deinococcus aerius
Streptomyces bungoensis,Streptomyces bungoensis
Leptolyngbya ohadii,Leptolyngbya_A ohadii
Helicovermis profundi,Helicovermis profundi
Oceanisphaera pacifica,Oceanimonas pacifica
Allocoprobacillus halotolerans,Allocoprobacillus halotolerans
Wolbachia massiliensis,Wolbachia massiliensis
Nanopelagicus limnes,Nanopelagicus limnes
Neorickettsia helminthoeca,Neorickettsia helminthoeca
Raoultella lignicola,Klebsiella lignicola
Microbacterium sulfonylureivorans,Microbacterium sulfonylureivorans
Devosia litorisediminis,Devosia litorisediminis
Nonlabens xiamenensis,Nonlabens xiamenensis
Prescottella soli,Prescottella soli
Mycobacterium cookii,Mycobacterium cookii
Teretinema zuelzerae,Teretinema zuelzerae
Vibrio paucivorans,Vibrio paucivorans
Arthrobacter zhaoxinii,Arthrobacter_B zhaoxinii
Paraburkholderia ginsengisoli,Paraburkholderia ginsengisoli
Nocardioides iriomotensis,Nocardioides_B iriomotensis
Oligella ureolytica,Oligella ureolytica
Isachenkonia alkalipeptolytica,Isachenkonia alkalipeptolytica
Natranaerobius thermophilus,Natranaerobius thermophilus
Roseiconus lacunae,Stieleria lacunae
Aestuariibaculum suncheonense,Aestuariibaculum suncheonense
Faecousia gallistercoris,Faecousia gallistercoris
Pandoraea aquatica,Pandoraea aquatica
Atlantibacter subterranea,Atlantibacter subterranea
Granulicella pectinivorans,Edaphobacter pectinivorans
Clostridium aerotolerans,Lacrimispora aerotolerans
Demequina subtropica,Demequina subtropica
Actinocorallia aurantiaca,Actinocorallia aurantiaca
Pseudenterobacter timonensis,Pseudenterobacter timonensis
Roseburia yibonii,Roseburia_D yibonii
Photobacterium chitinilyticum,Photobacterium chitinilyticum
Spiroplasma clarkii,Spiroplasma_A clarkii
Subsaximicrobium wynnwilliamsii,Psychroserpens wynnwilliamsii
Photobacterium obscurum,Photobacterium obscurum
Pseudomonas rhizoryzae,Pseudomonas_B rhizoryzae
Lactobacillus ultunensis,Lactobacillus ultunensis
Streptosporangium subroseum,Streptosporangium subroseum
Evtepia faecavium,Evtepia faecavium
Mesoterricola silvestris,Mesoterricola silvestris
Geomonas azotofigens,Geomonas azotofigens
Pinirhizobacter soli,Pinirhizobacter soli
Williamwhitmania taraxaci,Williamwhitmania taraxaci
Desulfotalea sp.,Desulforhopalus sp002733995
Lysobacter avium,Novilysobacter avium
Mucilaginibacter aquatilis,Mucilaginibacter aquatilis
Streptomyces acidicola,Streptomyces acidicola
Idiomarina fontislapidosi,Idiomarina fontislapidosi
Shewanella cutis,Shewanella cutis
Nocardioides massiliensis,Nocardioides_A massiliensis
Aquimarina intermedia,Aquimarina intermedia
Pedobacter yulinensis,Pedobacter yulinensis
Marinicella rhabdoformis,Marinicella rhabdoformis
Poseidonocella sedimentorum,Poseidonocella sedimentorum
Gracilibacillus boraciitolerans,Gracilibacillus boraciitolerans
Ancylobacter oerskovii,Ancylobacter oerskovii
Colwellia chukchiensis,Cognaticolwellia chukchiensis
uncultured Colidextribacter,Lawsonibacter sp022799835
Bartonella senegalensis,Bartonella senegalensis
Gottschalkia acidurici,Gottschalkia acidurici
Agromyces laixinhei,Agromyces laixinhei
Paenibacillus roseus,Paenibacillus_D roseus
Paraclostridium benzoelyticum,Paraclostridium benzoelyticum
Winogradskyella luteola,Winogradskyella luteola
Rarobacter incanus,Rarobacter incanus
Halanaerobium praevalens,Halanaerobium praevalens
Marinibacterium anthonyi,Marinibacterium anthonyi
Varibaculum prostatecancerukia,Varibaculum prostatecancerukia
Timaviella obliquedivisa,Timaviella obliquedivisa
Heritagella sp.,Heritagella sp022767925
Thalassolituus haligoni,Oceanobacter haligoni
Ferrimonas futtsuensis,Ferrimonas futtsuensis
Mesorhizobium camelthorni,Pseudaminobacter camelthorni
Devosia indica,Devosia indica
Hyalangium versicolor,Hyalangium versicolor
Ruania gallistercoris,Ruania gallistercoris
Blautia merdigallinarum,Blautia merdigallinarum
Hyphomonas polymorpha,Hyphomonas polymorpha
bacterium NLAE-zl-H437,Phocaeicola dorei
Pyrinomonas methylaliphatogenes,Pyrinomonas methylaliphatogenes
Pontibacterium sinense,Pontibacterium sinense
Halioglobus maricola,Halioglobus maricola
Mesohalobacter halotolerans,Psychroflexus halotolerans
Apilactobacillus bombintestini,Apilactobacillus bombintestini
Leptospira chreensis,Leptospira_A chreensis
Marinomonas vulgaris,Marinomonas vulgaris
Thalassobius vesicularis,Thalassobius vesicularis
Kibdelosporangium phytohabitans,Kibdelosporangium phytohabitans
Accumulibacter appositus,Accumulibacter sp000585055
Sphingomonas gilva,Sphingomonas gilva
Croceicoccus hydrothermalis,Croceicoccus hydrothermalis
Promineofilum glycogenicum,Promineifilum glycogenicum
Isobaculum melis,Isobaculum melis
Flavobacterium rhamnosiphilum,Flavobacterium rhamnosiphilum
Competibacterales bacterium,JBFGYN01 sp041587415
Psychrosphaera aestuarii,Psychrosphaera aestuarii
Pseudoxanthomonas broegbernensis,Pseudoxanthomonas broegbernensis
Kinetoplastibacterium blastocrithidii,Kinetoplastibacterium blastocrithidii
Flectobacillus major,Flectobacillus major
Psychrobacter okhotskensis,Psychrobacter okhotskensis
Achromobacter agilis,Achromobacter agilis
Labrys monachus,Labrys monacha
Fodinibius roseus,Fodinibius roseus
Actinokineospora globicatena,Actinokineospora globicatena
Pedobacter yonginense,Pedobacter yonginense
Lachnoclostridium pullistercoris,Lachnoclostridium_A pullistercoris
Helicobacter jaachi,Helicobacter_C jaachi
Marasmitruncus massiliensis,Anaerotruncus massiliensis_A
Lipingzhangella rawalii,Lipingzhangella_A rawalii
Glaciecola nitratireducens,Glaciecola nitratireducens
Paracoccus laeviglucosivorans,Paracoccus laeviglucosivorans
Bartonella refiksaydamii,Bartonella refiksaydamii
Rickettsia akari,Rickettsia akari
Tetragenococcus osmophilus,Tetragenococcus osmophilus
Schaalia vaccimaxillae,Pauljensenia vaccimaxillae
Scopulibacillus darangshiensis,Scopulibacillus darangshiensis
uncultured Chelatococcus,Pseudochelatococcus sp937863995
Actinomyces vulturis,Actinomyces vulturis
Streptomyces albicerus,Streptomyces albicerus
Lysobacter changpingensis,Lysobacter_J changpingensis
Methylobacterium radiodurans,Methylobacterium radiodurans
Rehaibacterium sp.,Rehaibacterium sp041640375
Frankia canadensis,Frankia canadensis
Hymenobacter gummosus,Solirubrum gummosum
Paracoccus thiocyanatus,Paracoccus thiocyanatus
Equihabitans merdae,Chordicoccus merdae
Burkholderia paludis,Burkholderia paludis
Mycoplasmopsis columbina,Mycoplasmopsis columbina
Halolactibacillus halophilus,Halolactibacillus halophilus
Calidifontibacter indicus,Yimella indica
Eubacterium faecale,Eubacterium_R faecale
Cacconaster equi,Cacconaster equi
Acidocella aromatica,Acidocella aromatica
Paenibacillus lycopersici,Paenibacillus_Z lycopersici
Tropicimonas sediminicola,Tropicimonas sediminicola
Vitiosangium sp.,Archangium sp003044305
Demequina phytophila,Demequina phytophila
Ancaeobacter aquaticus,Ancaeobacter aquaticus
Sphaerotilus sulfidivorans,Sphaerotilus sulfidivorans
Clostridium frigoris,Clostridium_AD frigoris
Notoacmeibacter ruber,Notoacmeibacter ruber
Okibacterium sp.,Mycetocola_A sp024171565
Cryptobacteroides faecavium,Cryptobacteroides faecavium
uncultured Limimonas,CAJXKW01 sp913055855
Flavobacterium azooxidireducens,Flavobacterium azooxidireducens
Rhinopithecimicrobium faecis,Sphingobacterium faecis
Spiroplasma eriocheiris,Spiroplasma eriocheiris
Mesorhizobium intechi,Mesorhizobium intechi
Caenimonas soli,Ramlibacter soli
Amycolatopsis rhabdoformis,Amycolatopsis rhabdoformis
Hypericibacter adhaerens,Hypericibacter adhaerens
Companilactobacillus baiquanensis,Companilactobacillus baiquanensis
Collinsella acetigenes,Collinsella acetigenes
Nonomuraea endophytica,Nonomuraea endophytica
Ilumatobacter fluminis,Ilumatobacter fluminis
Microbacterium protaetiae,Microbacterium protaetiae
Bacteroides propionicifaciens,Bacteroides_E propionicifaciens
Chryseolinea serpens,Chryseolinea serpens
Catonella massiliensis,Catonella massiliensis
Klebsiella spallanzanii,Klebsiella spallanzanii
Legionella massiliensis,Tatlockia massiliensis
Leptospira limi,Leptospira_A limi
Alteromonas salexigens,Alteromonas salexigens
Haliovirga abyssi,Haliovirga abyssi
Calothrix parasitica,Rivularia parasitica
Pseudactinotalea sp.,HY158 sp009660225
Algibacter mikhailovii,Algibacter_E mikhailovii
Bartonella melophagi,Bartonella melophagi
Listeria riparia,Listeria_A riparia
Blastomonas marina,Alteriqipengyuania_A marina
Microlunatus panaciterrae,Microlunatus_C panaciterrae
Solimonas marina,Solimonas marina
Anaeromyxobacter terrae,Anaeromyxobacter terrae
Flavobacterium sharifuzzamanii,Flavobacterium sharifuzzamanii
Paraflavitalea speifideaquila,Paraflavitalea speifideaquila
Methylobacterium tarhaniae,Methylobacterium tarhaniae
Aliihoeflea aestuarii,Aliihoeflea aestuarii
Crossiella equi,Crossiella equi
Halomonas binhaiensis,Halomonas binhaiensis
Alienimonas californiensis,Alienimonas californiensis
Qipengyuania qiaonensis,Qipengyuania qiaonensis
Propionivibrio aalborgensis,Propionivibrio aalborgensis
Nocardiopsis salina,Nocardiopsis salina
Geoalkalibacter ferrihydriticus,Geoalkalibacter ferrihydriticus
Alectryocaccobium stercorigallinarum,Alectryocaccobium stercorigallinarum
Streptococcus varani,Streptococcus varani
Luteimonas fraxinea,Luteimonas fraxinea
Thioglobus perditus,Thioglobus_B perditus
Winogradskyella ouciana,Winogradskyella ouciana
Micromonospora zingiberis,Micromonospora zingiberis
Kineosporia aurantiaca,Kineosporia aurantiaca
Clostridium prolinivorans,Clostridium_AT prolinivorans
Faecalibacter bovis,Faecalibacter bovis
Caribbeanibacter nitroreducens,Caribbeanibacter nitroreducens
bacterium BMS3Bbin07,BMS3Bbin07 sp002898135
Dorea gallistercoris,Massilistercora gallistercoris
Accumulibacter delftensis,Accumulibacter phosphatis_G
Sinomonas cellulolyticus,Sinomonas cellulolyticus
Dissulfurirhabdus thermomarina,Dissulfurirhabdus thermomarina
Argonema galeatum,Argonema galeatum
Rhabdothermincola sediminis,Rhabdothermincola sediminis
Spiroplasma corruscae,Spiroplasma_A corruscae
Streptomyces liangshanensis,Streptomyces liangshanensis
Pelagibacterium montanilacus,Pelagibacterium montanilacus
Pasteurella testudinis,Chelonobacter testudinis
Aquabacterium soli,Aquabacterium soli
Alkalibacter rhizosphaerae,Alkalibacter rhizosphaerae
Borkfalkia faecavium,Borkfalkia faecavium
Corticimicrobacter sp.,Corticimicrobacter sp040137905
Acidithrix ferrooxidans,Acidithrix ferrooxidans
Roseovarius dicentrarchi,Roseovarius dicentrarchi
Novosphingobium huizhouense,Novosphingobium huizhouense
Terrihalobacillus insolitus,Terrihalobacillus insolitus
Neobacillus massiliamazoniensis,Neobacillus massiliamazoniensis
Prochlorotrichaceae cyanobacterium,JBEAPM01 sp031971595
Holdemanella hominis,Holdemanella hominis
Amycolatopsis bullii,Amycolatopsis bullii
Mucilaginibacter psychrotolerans,Mucilaginibacter psychrotolerans
Alectryobacillus merdavium,Alectryobacillus merdavium
Pseudomonas crudilactis,Pseudomonas_E crudilactis
Paraferrimonas sedimenticola,Paraferrimonas sedimenticola
Caedimonadaceae bacterium,Paracaedimonas acanthamoebae_A
Brevundimonas pishanensis,Brevundimonas pishanensis
Nocardia xishanensis,Nocardia xishanensis
Deinococcus metalli,Deinococcus metalli
Selenomonas montiformis,Selenomonas_A montiformis
Vibrio marinisediminis,Vibrio marinisediminis
Pararcticibacter amylolyticus,Pararcticibacter amylolyticus
Arcanobacterium urinimassiliense,Arcanobacterium_A urinimassiliense
Belnapia moabensis,Belnapia moabensis
Aerococcus kribbianus,Aerococcus kribbianus
Acetobacter suratthaniensis,Acetobacter suratthaniensis
Cryobacterium levicorallinum,Cryobacterium levicorallinum
Allocopromorpha excrementipullorum,Lentihominibacter excrementipullorum
Hydrogenophaga electricum,Hydrogenophaga electricum
Pseudonocardia bannensis,Pseudonocardia bannensis
Pseudooceanicola spongiae,Pseudooceanicola spongiae
Antarcticimicrobium sp.,Antarcticimicrobium sp029212575
Miltoncostaea marina,Miltoncostaea marina
Paracoccus aminophilus,Paracoccus aminophilus
Rhodobacter xanthinilyticus,Sedimentimonas xanthinilyticus
Thermopolyspora sp.,Thermopolyspora sp040678635
Chitinophaga sedimenti,Chitinophaga sedimenti
Wohlfahrtiimonas populi,Wohlfahrtiimonas populi
Falsochrobactrum ovis,Brucella ovis_A
Rhizobium altiplani,Rhizobium altiplani
Vibrio hannami,Vibrio hannami
Neoclostridium roslinense,Neoclostridium roslinense
uncultured Thermomonosporaceae,CALAED01 sp937891035
uncultured Terrimonas,Agriterribacter sp003075435
Legionella rubrilucens,Legionella_C rubrilucens
Brevundimonas alba,Brevundimonas alba
Pleomorphomonas carboxyditropha,Pleomorphomonas carboxyditropha
Flavobacterium aquiphilum,Flavobacterium aquiphilum
Deefgea tanakiae,Deefgea tanakiae
Cucumibacter marinus,Cucumibacter marinus
Leucobacter muris,Leucobacter muris
uncultured Frankineae,SCTD01 sp902805775
Eleftheria terrae,Caldimonas terrae
Maritalea myrionectae,Maritalea myrionectae
Microterricola gilva,Microterricola gilva
Balneicella halophila,Balneicella halophila
Testudinibacter aquarius,Chelonobacter aquarius
Jiulongibacter sp.,JAHEBN01 sp024645245
Otariodibacter oris,Otariodibacter oris
Nocardiopsis composta,Nocardiopsis_A composta
Solimicrobium silvestre,Solimicrobium silvestre
Clostridium isatidis,Clostridium isatidis
Novosphingobium endophyticum,Novosphingobium endophyticum
Oscillibacter acetigenes,Oscillibacter welbionis
Microthrix subdominans,Microthrix subdominans
Desulfolutivibrio sulfoxidireducens,Desulfolutivibrio sulfoxidireducens
Helicobacter enhydrae,Helicobacter_G enhydrae
Yersinia artesiana,Yersinia artesiana
Ramlibacter ginsenosidimutans,Ramlibacter ginsenosidimutans
Superficieibacter electus,Superficieibacter electus
Caenimonas aquaedulcis,Ramlibacter aquaedulcis
Pseudoxanthomonas koreensis,Pseudoxanthomonas koreensis
Sphingomonas panacis,Sphingomonas panacis
Oceaniglobus trochenteri,Oceaniglobus trochenteri
Stenotrophomonas nematodicola,Stenotrophomonas nematodicola
Pseudochelatococcus lubricantis,Pseudochelatococcus lubricantis
Nocardioides imazamoxiresistens,Nocardioides imazamoxiresistens
Belliella filtrata,Belliella filtrata
Desulfobacter hydrogenophilus,Desulfobacter hydrogenophilus
Segeticoccus rhizosphaerae,Segeticoccus rhizosphaerae
Sphingomonas lenta,Sphingomonas lenta
Sphingomonas folli,Sphingomonas folii
Yoonia tamlensis,Yoonia tamlensis
Aliikangiella marina,Aliikangiella marina
Thermosulfuriphilus ammonigenes,Thermosulfuriphilus ammonigenes
Microvirga rosea,Microvirga rosea
Desulfovibrio intestinavium,Desulfovibrio intestinavium
Shewanella psychrophila,Shewanella psychrophila
Ectobacillus ponti,Ectobacillus ponti
Krasilnikovia cinnamomea,Actinoplanes cinnamomeus
Marivita geojedonensis,Marivita geojedonensis
Kitasatospora cheerisanensis,Kitasatospora cheerisanensis
Proteiniphilum saccharofermentans,Proteiniphilum saccharofermentans
Novosphingobium percolationis,Novosphingobium percolationis
Oscillibacter excrementigallinarum,Oscillibacter excrementigallinarum
Sphingomonas gellani,Sphingomonas gellani
Budvicia diplopodorum,Budvicia diplopodorum
Marininema mesophilum,Marininema mesophilum
Streptomyces polyasparticus,Streptomyces polyasparticus
Nakamurella alba,Nakamurella alba
Enterococcus montenegrensis,Enterococcus_C montenegrensis
Pseudaminobacter soli,Mesorhizobium_D soli
Marinobacter orientalis,Marinobacter orientalis
Oceanospirillum linum,Oceanospirillum linum
Streptomyces camponoticapitis,Streptomyces camponoticapitis
Microbacterium hatanonis,Microbacterium hatanonis
Blattabacterium clevelandi,Blattabacterium clevelandi
Staphylococcus piscifermentans,Staphylococcus piscifermentans
Salirhabdus euzebyi,Salirhabdus euzebyi
Catellatospora sichuanensis,Catellatospora sichuanensis
Flagellimonas crocea,Flagellimonas crocea
Balneatrix alpica,Balneatrix alpica
Melissococcus sp.,Vagococcus sp003462485
Ferruginibacter lapsinanis,Ferruginibacter lapsinanis
Mesorhizobium tamadayense,Mesorhizobium tamadayense
Mucilaginibacter achroorhodeus,Mucilaginibacter achroorhodeus
Levilactobacillus enshiensis,Levilactobacillus enshiensis
Hydrotalea sandarakina,Hydrotalea sandarakina
Saccharopolyspora indica,Saccharopolyspora indica
Oceanobacillus neutriphilus,Oceanobacillus neutriphilus
Roseofilum casamattae,Roseofilum casamattae
uncultured Sedimenticola,BM503 sp002869585
Aquabacterium excrementipullorum,Aquabacterium excrementipullorum
Tsuneonella sp.,JAWKXU01 sp035581365
Flagellimonas meridianipacifica,Flagellimonas meridianipacifica
Micromonospora inaquosa,Micromonospora inaquosa
Bariatricus faecipullorum,Bariatricus faecipullorum
Acetivibrionales bacterium,JAEWSN01 sp038249175
Lysinibacillus alkalisoli,Metalysinibacillus alkalisoli
Janibacter massiliensis,Janibacter_A massiliensis
Aphodoplasma excrementigallinarum,Aphodoplasma excrementigallinarum
Pygmaiobacter sp.,Pygmaiobacter sp028689835
Rudaeicoccus suwonensis,Rudaeicoccus suwonensis
Nocardia pulmonis,Nocardia pulmonis
Pseudomonas kitaguniensis,Pseudomonas_E kitaguniensis
Kitasatospora indigofera,Kitasatospora indigofera
Brachybacterium rhamnosum,Brachybacterium rhamnosum
Lacinutrix jangbogonensis,Lacinutrix jangbogonensis
Salinibacillus kushneri,Salinibacillus kushneri
Calidithermus timidus,Calidithermus timidus
Deinococcus carri,Deinococcus carri
uncultured Fimbriimonas,Fimbriimonas sp945952345
Neobacillus jeddahensis,Neobacillus jeddahensis
Nocardioides dubius,Nocardioides dubius
Psychrobacter piechaudii,Psychrobacter piechaudii
Companilactobacillus heilongjiangensis,Companilactobacillus heilongjiangensis
Enterococcus larvae,Enterococcus larvae
Streptomyces bauhiniae,Streptomyces seoulensis
uncultured Midichloriaceae,Aquirickettsia sp905479795
Pajaroellobacter abortibovis,Pajaroellobacter abortibovis
Gluconobacter morbifer,Gluconobacter_C morbifer
Brevundimonas vitisensis,Brevundimonas vitisensis
Saccharopolyspora mangrovi,Saccharopolyspora mangrovi
Fulvivirga lutea,Fulvivirga lutea
Acinetobacter chinensis,Acinetobacter chinensis
Lactiplantibacillus brownii,Lactiplantibacillus brownii
Kaistella gelatinilytica,Kaistella gelatinilytica
Thermogemmata fonticola,Thermogemmata fonticola
Hahella chejuensis,Hahella chejuensis
Bartonella florencae,Bartonella florencae
Amycolatopsis echigonensis,Amycolatopsis echigonensis
Fimimonas merdipullorum,Fimimonas merdipullorum
Demequina aurantiaca,Demequina aurantiaca
Eikenella glucosivorans,Eikenella glucosivorans
Fusobacterium necrogenes,Fusobacterium_A necrogenes
Magnetobacteriaceae bacterium,JADFXP01 sp015233465
Nitricoxidireducens bremensis,Nitricoxidireducens bremensis
Dissulfurimicrobium hydrothermale,Dissulfurimicrobium hydrothermale
Arthrobacter zhaoguopingii,Arthrobacter_D zhaoguopingii
Acetivibrio alkalicellulosi,Herbivorax alkalicellulosi
Nocardioides ganghwensis,Nocardioides ganghwensis
Limnobacter thiooxidans,Limnobacter thiooxidans
Kurthia equi,Kurthia equi
Zunongwangia pacifica,Zunongwangia pacifica
Abyssibacter profundi,Abyssibacter profundi
Lactobacillus laiwuensis,Lactobacillus laiwuensis
Algoriphagus jejuensis,Algoriphagus jejuensis
Polynucleobacter aenigmaticus,Polynucleobacter aenigmaticus
Prevotella stercoripullorum,Prevotella stercoripullorum
Asanoa iriomotensis,Asanoa iriomotensis
Psychroflexus halocasei,Psychroflexus halocasei
Niabella aurantiaca,Niabella aurantiaca
Chania multitudinisentens,Chania multitudinisentens
Marinifilum fragile,Marinifilum fragile
Saccharospirillum impatiens,Saccharospirillum impatiens
Ketogulonicigenium robustum,Ketogulonicigenium robustum
Staphylococcus debuckii,Staphylococcus debuckii
Type-B symbiont,Pantoea sp001485295
Hornefia sp.,Hornefia sp945830395
Spirilliplanes yamanashiensis,Spirilliplanes yamanashiensis
Undibacter mobilis,Pseudolabrys mobilis
Flagellimonas nanhaiensis,Flagellimonas nanhaiensis
Pantoea gossypiicola,Pantoea gossypiicola
Bacterioplanes sp.,Kmv21 sp014859445
Flaviflexus salsibiostraticola,Flaviflexus salsibiostraticola
Ignatzschineria rhizosphaerae,Ignatzschineria rhizosphaerae
Oceanobacillus zhaokaii,Oceanobacillus zhaokaii
Acinetobacter pecorum,Acinetobacter pecorum
Jiulongibacter sediminis,Jiulongibacter sediminis
Hungatella hominis,Hungatella effluvii
Agarivorans albus,Agarivorans albus
Micromonospora terminaliae,Micromonospora terminaliae
Arthrobacter saudimassiliensis,Arthrobacter_B saudimassiliensis
Barnesiella excrementipullorum,Barnesiella excrementipullorum
Mesoterricola sediminis,Mesoterricola sediminis
Methylolobus aquaticus,Methylotetracoccus aquaticus
Brevibacterium pigmentatum,Brevibacterium pigmentatum
Amycolatopsis saalfeldensis,Amycolatopsis saalfeldensis
Streptacidiphilus neutrinimicus,Streptacidiphilus neutrinimicus
Gluconobacter cadivus,Gluconobacter cadivus
Sphingobium phenoxybenzoativorans,Sphingobium phenoxybenzoativorans
Aequorivita sublithincola,Aequorivita sublithincola
Georgenia subflava,Georgenia subflava
Undibacterium nitidum,Undibacterium nitidum
Robertmurraya andreesenii,Robertmurraya andreesenii
Bifidobacterium dolichotidis,Bifidobacterium dolichotidis
Haloplasmatales bacterium,NSKI01 sp003586005
Asaia prunellae,Asaia prunellae
Alpinimonas psychrophila,Alpinimonas psychrophila
Phocaeicola acetigenes,Phocaeicola acetigenes
Thermobifida cellulosilytica,Thermobifida cellulosilytica
Maridesulfovibrio bastinii,Maridesulfovibrio bastinii
Luteibacter mycovicinus,Luteibacter mycovicinus
Chryseomicrobium sp.,Chryseomicrobium sp038595005
Flavilitoribacter sp.,JACJYC01 sp937873655
Anaeromyxobacter oryzae,Anaeromyxobacter oryzae
Limnobaculum xujianqingii,Limnobaculum xujianqingii
Nitrobium versatile,Nitrobium versatile
bacterium UBA7760,Prevotella sp900318855
Carboxydothermus islandicus,Carboxydothermus islandicus
Arthrobacter halodurans,Arthrobacter_N halodurans
Gordonia hongkongensis,Gordonia hongkongensis
Kurthia huakuii,Kurthia huakuii
Psychromonas hadalis,Psychromonas hadalis
Sphingobium chlorophenolicum,Sphingobium chlorophenolicum
Hugonella massiliensis,Hugonella massiliensis
Sinobacterium norvegicum,Sinobacterium norvegicum
Microbacterium plantarum,Microbacterium plantarum
Phycicoccus endophyticus,Phycicoccus endophyticus
Aminomonas paucivorans,Aminomonas paucivorans
Saliterribacillus persicus,Saliterribacillus persicus
Methylobacterium longum,Methylobacterium longum
Onthovicinus excrementipullorum,Onthovicinus excrementipullorum
Virgibacillus phasianinus,Virgibacillus_F phasianinus
bacterium CG2_30_40_12,CG2-30-40-12 sp002770755
Promicromonospora citrea,Promicromonospora citrea
Kitasatospora paranensis,Kitasatospora paranensis
Paenibacillus montanisoli,Paenibacillus_Z montanisoli
Brachybacterium fresconis,Brachybacterium fresconis
Ancylobacter crimeensis,Ancylobacter crimeensis
Thiohalocapsa marina,Thiohalocapsa marina
Kurthia zopfii,Kurthia zopfii
Neofamilia massiliensis,Neofamilia massiliensis
Halopseudomonas litoralis,Halopseudomonas litoralis
Salisediminibacterium beveridgei,Salisediminibacterium beveridgei
Paraglaciecola aquimarina,Paraglaciecola aquimarina
Propionivibrio limicola,Propionivibrio limicola
Pseudomonas iridis,Pseudomonas_E iridis
Desulfoplanes formicivorans,Desulfoplanes formicivorans
Octadecabacter arcticus,Octadecabacter arcticus
Flavobacterium flevense,Flavobacterium flevense
Ensifer sesbaniae,Ensifer sesbaniae
Schleiferia thermophila,Schleiferia thermophila
Paenibacillus ginsengihumi,Paenibacillus_G ginsengihumi
Borkfalkia faecipullorum,Borkfalkia faecipullorum
Enterousia avicola,Enterousia avicola
Streptomyces phaeolivaceus,Streptomyces phaeolivaceus
Thiohalospira halophila,Thiohalospira halophila
Nonomuraea africana,Nonomuraea africana
Aliiroseovarius subalbicans,Aliiroseovarius_A subalbicans
Paenibacillus thermotolerans,Paenibacillus_AE thermotolerans
Noviherbaspirillum suwonense,Noviherbaspirillum_A suwonense
Ottowia oryzae,Ottowia oryzae
Paludibacterium yongneupense,Paludibacterium yongneupense
Croceibacterium soli,Croceibacterium soli
Pseudothioclava arenosa,Pseudothioclava arenosa
Fructobacillus papyriferae,Fructobacillus papyriferae
Amycolatopsis nivea,Amycolatopsis nivea
Brevundimonas olei,Brevundimonas olei
Fimimonas gallinarum,Fimimonas gallinarum
uncultured Methylophilus,Methylophilus sp936943315
Streptomyces spectabilis,Streptomyces spectabilis
Aromatoleum buckelii,Aromatoleum buckelii
Paraburkholderia edwinii,Paraburkholderia edwinii
Vreelandella vilamensis,Vreelandella vilamensis
Simplicispira hankyongi,Simplicispira hankyongi
Granulosicoccaceae sp.,UBA7957 sp030546905
Roseovarius nitratireducens,Roseovarius nitratireducens
Pseudomonas xionganensis,Pseudomonas_E xionganensis
Cellulophaga omnivescoria,Cellulophaga omnivescoria
Palauibacter scopulicola,Palauibacter scopulicola
Tessaracoccus aquimaris,Arachnia aquimaris
Actinomycetospora soli,Actinomycetospora soli
Acrocarpospora corrugata,Acrocarpospora corrugata
Pandoraea nosoerga,Pandoraea nosoerga
Aphodousia gallistercoris,Aphodousia gallistercoris
Aurantiacibacter atlanticus,Aurantiacibacter atlanticus
Zongyangia hominis,Zongyangia hominis
Pelethousia gallinarum,Pelethousia gallinarum
Halobacillus naozhouensis,Halobacillus_A naozhouensis
Xenorhabdus poinarii,Xenorhabdus poinarii
Methylophilus rhizosphaerae,Methylophilus rhizosphaerae
Nitratireductor arenosus,Nitratireductor_D arenosus
Vibrio aphrogenes,Vibrio aphrogenes
Ornithinicoccus hortensis,Ornithinicoccus hortensis
Zobellella maritima,Oceanimonas maritima
Microbacterium flavum,Microbacterium flavum
Nocardia bovistercoris,Nocardia bovistercoris
Pseudofrankia inefficax,Pseudofrankia inefficax
Dactylosporangium roseum,Dactylosporangium roseum
Evansella halocellulosilytica,Bacillus_CA halocellulosilytica
Chryseobacterium taihuense,Chryseobacterium taihuense
Mesobacillus zeae,Bacillus_AZ zeae
Agromyces indicus,Agromyces indicus
Paraburkholderia humisilvae,Paraburkholderia humisilvae
Abyssogena phaseoliformis,Ruthia sp016592595
Acinetobacter shaoyimingii,Acinetobacter shaoyimingii
Leucobacter celer,Leucobacter celer
Klenkia sesuvii,Klenkia sesuvii
Nocardioides turkmenicus,Nocardioides turkmenicus
Streptococcus catagoni,Streptococcus catagoni
Georgfuchsia toluolica,Georgfuchsia toluolica
Fibrisoma limi,Fibrisoma limi
Tenacibaculum larymnensis,Tenacibaculum larymnensis
Microbacterium profundi,Microbacterium profundi
Amycolatopsis viridis,Amycolatopsis viridis
Mycobacterium stomatepiae,Mycobacterium stomatepiae
Comamonas fluminis,Comamonas fluminis
Hoeflea marina,Hoeflea marina
Alkalithermobacter thermoalcaliphilus,Alkalithermobacter thermoalcaliphilus
Pseudohoeflea suaedae,Pseudohoeflea suaedae
Shewanella psychropiezotolerans,Shewanella psychropiezotolerans
Mycetocola zhadangensis,Mycetocola_A zhadangensis
Salipaludibacillus keqinensis,Salipaludibacillus keqinensis
Pelagicoccus albus,Pelagicoccus albus
Neoroseomonas soli,Neoroseomonas soli
Paenibacillus agri,Paenibacillus agri
Lacrimispora xylanolytica,Lacrimispora xylanolytica
Odoribacter faecigallinarum,Odoribacter faecigallinarum
Phytohabitans flavus,Phytohabitans flavus
Megasphaera hominis,Caecibacter hominis
Cyclobacterium xiamenense,Cyclobacterium xiamenense
uncultured Rhodoblastus,Rhodoblastus sp903903185
uncultured Brooklawnia,Brooklawnia sp938036835
Metasolibacillus meyeri,Metasolibacillus meyeri
Pseudoclavibacter helvolus,Pseudoclavibacter helvolus
Methylobacterium variabile,Methylobacterium variabile
Spiroplasma platyhelix,Spiroplasma_D platyhelix
Luteimonas excrementigallinarum,Luteimonas excrementigallinarum
Denitromonas ohlonensis,Nitrogeniibacter ohlonensis
Flavisolibacter ginsenosidimutans,Flavisolibacter ginsenosidimutans
Martelella mangrovi,Martelella mangrovi
Collimonas antrihumi,Collimonas antrihumi
Corallococcus coralloides,Corallococcus coralloides
Streptobacillus ratti,Streptobacillus ratti
Flavobacterium piscisymbiosum,Flavobacterium piscisymbiosum
Mucilaginibacter segetis,Mucilaginibacter segetis
Streptomyces bohaiensis,Streptomyces bohaiensis
Vineibacter terrae,Vineibacter terrae
Anoxynatronum sibiricum,Anoxynatronum sibiricum
Williamsia deligens,Williamsia_A deligens
Staphylococcus lloydii,Staphylococcus lloydii
Pseudosporangium ferrugineum,Actinoplanes ferrugineus_A
Pelagerythrobacter aerophilus,Pelagerythrobacter aerophilus
Bradyrhizobium cytisi,Bradyrhizobium cytisi
Streptococcus humanilactis,Streptococcus humanilactis
Streptomyces poriferorum,Streptomyces poriferorum
Limiplasma pullistercoris,Limiplasma pullistercoris
Nocardioides jiangxiensis,Nocardioides jiangxiensis
Sphaerisporangium fuscum,Sphaerisporangium fuscum
Thermosipho affectus,Thermosipho affectus
Beggiatoa leptomitoformis,Beggiatoa leptomitoformis
Bifidobacterium miconisargentati,Bifidobacterium miconisargentati
Vibrio orientalis,Vibrio orientalis
Mobilisporobacter sp.,JAVBPB01 sp031549965
Gryllotalpicola protaetiae,Gryllotalpicola protaetiae
Bacillus testis,Bacillus_AD testis
Actinokineospora inagensis,Actinokineospora inagensis
Magnetococcus marinus,Magnetococcus marinus
Siccirubricoccus phaeus,Siccirubricoccus phaeus
Chlorobium ferrooxidans,Chlorobium ferrooxidans
Xenorhabdus ehlersii,Xenorhabdus ehlersii
Polaromonas eurypsychrophila,Polaromonas eurypsychrophila
Secundilactobacillus odoratitofui,Secundilactobacillus odoratitofui
Deinococcus taeanensis,Deinococcus taeanensis
Marinospirillum perlucidum,Marinospirillum perlucidum
Caproicibacterium sp.,Caproicibacterium sp026314295
Aminobacter niigataensis,Aminobacter niigataensis
Flagellimonas oceanensis,Flagellimonas oceanensis
Scybalomonas excrementigallinarum,Scybalomonas excrementigallinarum
Chryseobacterium fistulae,Chryseobacterium fistulae
Chakrabartia godavariana,Aquisediminimonas godavariana
Limimaricola hongkongensis,Limimaricola hongkongensis
Insulibacter thermoxylanivorax,Insulibacter thermoxylanivorax
Trinickia diaoshuihuensis,Trinickia diaoshuihuensis
Sphingosinicella humi,Allosphingosinicella humi
Streptomyces jeddahensis,Streptomyces jeddahensis
Enterococcus devriesei,Enterococcus_A devriesei
Serratia myotis,Serratia proteamaculans
Nioella nitratireducens,Nioella nitratireducens
Paraburkholderia fynbosensis,Paraburkholderia fynbosensis
Polaribacter pectinis,Polaribacter pectinis
Pseudomonas haemolytica,Pseudomonas_E haemolytica
Winogradskyella ursingii,Winogradskyella ursingii
Planomicrobium okeanokoites,Planococcus okeanokoites
Geodermatophilus pulveris,Geodermatophilus pulveris
bacterium Scap17,Cobetia sp013376735
Flavonifractor merdavium,Flavonifractor merdavium
bacterium OM1,Bin76 sp002238785
Bifidobacterium saguinibicoloris,Bifidobacterium saguinibicoloris
Tranquillimonas alkanivorans,Tranquillimonas alkanivorans
Lutimonas halocynthiae,Lutimonas halocynthiae
Streptomyces cavernae,Streptomyces cavernae
Deferrimicrobium borealis,Deferrimicrobium borealis
Propionicicella superfundia,Propionicicella superfundia
Parashewanella spongiae,Parashewanella spongiae
Aliiruegeria haliotis,Tropicimonas haliotis
Kitasatospora atroaurantiaca,Kitasatospora atroaurantiaca
Legionella gresilensis,Legionella_C gresilensis
Sporosalibacterium faouarense,Sporosalibacterium faouarense
Dyadobacter subterraneus,Dyadobacter subterraneus
Pseudoalteromonas porphyrae,Pseudoalteromonas neustonica
Microbacterium allomyrinae,Microbacterium allomyrinae
Luteimonas endophytica,Luteimonas endophytica
Salinibacterium xinjiangense,Rhodoglobus xinjiangensis
Enterocola intestinipullorum,Enterocola intestinipullorum
Streptomyces capillispiralis,Streptomyces capillispiralis
Murdochiella massiliensis,Murdochiella massiliensis
Apibacter muscae,Apibacter muscae
bacterium HR08,HR10 sp002898775
Micromonospora tarensis,Micromonospora tarensis
Lysobacter lacus,Cognatilysobacter lacus
Larkinella humicola,Larkinella humicola
Cognataquiflexum rubidum,Cognataquiflexum rubidum
Rickettsiella isopodorum,Aquirickettsiella isopodorum
Scytonema tolypothrichoides,Brasilonema tolypothrichoides
Thermocrinis albus,Thermocrinis albus
Ruegeria haliotis,Ruegeria haliotis
Liberibacter europaeus,Liberibacter europaeus
Subtercola endophyticus,Subtercola endophyticus
Methylomarinovum caldicuralii,Methylohalobius caldicuralii
Moritella marina,Moritella marina
Bacteroides faecichinchillae,Bacteroides faecichinchillae
Stappia sediminis,Hongsoonwoonella sediminis
Scatosoma pullistercoris,Scatosoma pullistercoris
Maribrevibacterium harenarium,Marinomonas harenarium
Methylobacterium thuringiense,Methylobacterium thuringiense
Methylobacterium aerolatum,Methylobacterium aerolatum
Bergeriella denitrificans,Neisseria denitrificans
Qipengyuania polymorpha,Qipengyuania polymorpha
Deinococcus xinjiangensis,Deinococcus xinjiangensis
SAR11 cluster,PRT-SC02 sp001321855
Nitritalea halalkaliphila,Nitritalea halalkaliphila
Metallumcola ferriviriculae,Metallumcola ferriviriculae
Acinetobacter kyonggiensis,Acinetobacter kyonggiensis
Luteibaculum oceani,Luteibaculum oceani
Streptomyces mexicanus,Streptomyces mexicanus
Mediterraneibacter excrementigallinarum,Mediterraneibacter excrementigallinarum
Castellaniella denitrificans,Castellaniella denitrificans
Acrocarpospora pleiomorpha,Acrocarpospora pleiomorpha
Nocardioides houyundeii,Nocardioides houyundeii
Mikella endobia,Mikella endobia
Arcobacter roscoffensis,Arcobacter_B roscoffensis
Caballeronia jiangsuensis,Caballeronia jiangsuensis
Novipirellula rosea,Novipirellula rosea
Pseudomaricurvus alcaniphilus,Pseudomaricurvus alcaniphilus
Mycetocola zhujimingii,Mycetocola_A zhujimingii
Rufibacter roseus,Rufibacter roseus
Blastococcus mobilis,Blastococcus mobilis
Inmirania thermothiophila,Inmirania thermothiophila
Alicyclobacillus ferrooxydans,Alicyclobacillus_B ferrooxydans
Clostridium massiliodielmoense,Clostridium_H massiliodielmoense
Hanstruepera ponticola,Hanstruepera ponticola
Geomonas anaerohicana,Geomonas anaerohicana
Streptomyces lonarensis,Streptomyces lonarensis
Pedobacter quisquiliarum,Pedobacter quisquiliarum
Geohydrothermomicrobium daggyaiense,Geohydrothermomicrobium daggyaiense
Amycolatopsis thermophila,Amycolatopsis thermophila
Aeromicrobium chenweiae,Aeromicrobium chenweiae
Aeromicrobium camelliae,Aeromicrobium camelliae
Hymenobacter gelipurpurascens,Hymenobacter gelipurpurascens
Actinoplanes sichuanensis,Actinoplanes sichuanensis
Virgibacillus alimentarius,Virgibacillus_B alimentarius
Euzebya tangerina,Euzebya tangerina
Rahnella sikkimica,Rahnella sikkimica
Caldimonas brevitalea,Caldimonas brevitalea
Paraburkholderia ultramafica,Paraburkholderia ultramafica
Gilliamella intestini,Gilliamella intestini
Arcobacter ellisii,Aliarcobacter ellisii
Hymenobacter qilianensis,Hymenobacter qilianensis
Paludisphaera rhizosphaerae,Paludisphaera rhizosphaerae
Neopusillimonas aromaticivorans,Neopusillimonas aromaticivorans
Bdellovibrio svalbardensis,Bdellovibrio svalbardensis
Amycolatopsis solani,Amycolatopsis solani
Herbinix luporum,Mobilitalea luporum
Collinsella provencensis,Collinsella provencensis
Jeotgalibacillus malaysiensis,Jeotgalibacillus malaysiensis
Polynucleobacter antarcticus,Polynucleobacter antarcticus
Phenylobacterium montanum,Phenylobacterium_A montanum
Sporosarcina quadrami,Sporosarcina quadrami
Pseudomonas maioricensis,Pseudomonas_E maioricensis
Fructobacillus durionis,Fructobacillus durionis
Tepidisphaera sp.,RI-211 sp016124375
Polymorphospora rubra,Polymorphospora rubra
Pleionea litopenaei,Pleionea litopenaei
Brevundimonas terrae,Brevundimonas terrae
Flavobacterium olei,Flavobacterium olei
Flavobacterium davisii,Flavobacterium davisii
Hamiltonella endosymbiont,Hamiltonella defensa
Endomicrobiellum incisitermitis,Endomicrobiellum incisitermitis
bacterium HR27,Thermomicrobium sp002898975
Flavobacterium reichenbachii,Flavobacterium reichenbachii
Rubripirellula obstinata,Rubripirellula obstinata
Geodermatophilus nigrescens,Geodermatophilus nigrescens
Marinomonas profundimaris,Marinomonas profundimaris
Crickella equi,Crickella equi
Halopseudomonas laoshanensis,Halopseudomonas laoshanensis
Sphingomonas cavernae,Sphingobium_A cavernae
Gottschalkia purinilytica,Gottschalkia_A purinilytica
Photobacterium pectinilyticum,Photobacterium pectinilyticum
Enterovibrio paralichthyis,Enterovibrio paralichthyis
bacterium ADurb.Bin243,UBA9980 sp002069765
Neoroseomonas terrae,Neoroseomonas terrae
Fodinibius halophilus,Fodinibius halophilus
Erysipelothrix inopinata,Erysipelothrix inopinata
Rahnella rivi,Rahnella rivi
Microbaculum marinisediminis,Microbaculum marinisediminis
Arenibacter certesii,Arenibacter certesii
Faecivivens sp.,Faecivivens sp022770625
Tistlia consotensis,Tistlia consotensis
Mycobacterium palustre,Mycobacterium palustre
Edaphobacter modestus,Edaphobacter modestus
Flavobacterium pokkalii,Flavobacterium pokkalii
Salinispora tropica,Micromonospora tropica
Corallococcus aberystwythensis,Corallococcus aberystwythensis
Acetivibrio saccincola,Herbivorax saccincola
Chitinophaga barathri,Chitinophaga barathri
Dokdonia sinensis,Dokdonia sinensis
uncultured Luteibacter,Luteibacter sp913774655
Devosia sediminis,Devosia sediminis
Pareuzebyella sediminis,Pareuzebyella sediminis
Alicyclobacillus fructus,Alicyclobacillus fructus
Streptomyces roseus,Streptomyces roseus
Lampropedia hyalina,Lampropedia hyalina
Nakamurella leprariae,Nakamurella leprariae
Maribacter zhoushanensis,Maribacter zhoushanensis
Alkalibacillus silvisoli,Alkalibacillus silvisoli
Rhodophyticola porphyridii,Rhodophyticola porphyridii
Sphingopyxis bauzanensis,Sphingopyxis bauzanensis
Cutibacterium porci,Cutibacterium porci
Algisphaera agarilytica,Algisphaera agarilytica
Ehrlichia minasensis,Ehrlichia minasensis
Thermovibrio ammonificans,Thermovibrio ammonificans
Ligilactobacillus apodemi,Ligilactobacillus apodemi
Nonomuraea montanisoli,Nonomuraea montanisoli
Bacteroides cellulolyticus,Phocaeicola cellulolyticus
Extibacter sp.,Extibacter sp017566055
Dyadobacter jejuensis,Dyadobacter jejuensis
Olivibacter jilunii,Olivibacter jilunii
Reichenbachiella ulvae,Reichenbachiella ulvae
Vallicoccus soli,Vallicoccus soli
Massilia psychrophila,Telluria psychrophila
Rubellimicrobium mesophilum,Rubellimicrobium mesophilum
Paraburkholderia rhynchosiae,Paraburkholderia rhynchosiae
Alteraurantiacibacter buctensis,Alteraurantiacibacter_A buctensis
Schumannella soli,Schumannella soli
Octadecabacter ascidiaceicola,Octadecabacter ascidiaceicola
endosymbiont DhMRE,CGIF01 sp002888635
Flavobacterium buctense,Flavobacterium buctense
Periweissella cryptocerci,Periweissella cryptocerci
Clavichlamydia salmonicola,Clavichlamydia salmonicola
Actinophytocola gossypii,Actinophytocola gossypii
Actinomadura geliboluensis,Spirillospora geliboluensis
Sphaerotilus hippei,Sphaerotilus hippei
Membranihabitans sp.,Membranihabitans sp937876435
Pelagisphaera phototrophica,Pelagisphaera phototrophica
Bradyrhizobium zhengyangense,Bradyrhizobium zhengyangense
Psychrobacter fjordensis,Psychrobacter fjordensis
Salipiger mucosus,Salipiger mucosus
Magnetospirillum molischianum,Paramagnetospirillum molischianum
Herbiconiux oxytropis,Herbiconiux oxytropis
Streptomyces apricus,Streptomyces apricus
Thermus caldifontis,Thermus caldifontis
Peribacillus psychrosaccharolyticus,Peribacillus psychrosaccharolyticus
Solibacillus cecembensis,Solibacillus cecembensis
Agaribacterium haliotis,Agaribacterium haliotis
Methylobacter marinus,Methylobacter marinus
Pelagibacterium sediminicola,Pelagibacterium sediminicola
uncultured Georgenia,Oceanitalea sp937958535
Comamonas piscis,Comamonas piscis
Hujiaoplasma nucleasis,Hujiaoplasma nucleasis
Paenibacillus oceani,Paenibacillus_AB oceani
Nocardioides koreensis,Nocardioides koreensis
Caryophanon latum,Caryophanon latum
Pigmentibacter ruber,Silvanigrella rubra
Calditerricola satsumensis,Calditerricola satsumensis
Methylorubrum thiocyanatum,Methylobacterium thiocyanatum
Crenalkalicoccus sp.,DASQVL01 sp035640795
Pyxidicoccus parkwaysis,Myxococcus parkwaysis
Methylomarinovum tepidoasis,Methylohalobius tepidoasis
Ostreiculturibacter nitratireducens,Ostreiculturibacter nitratireducens
Agromyces aurantiacus,Agromyces aurantiacus
Pseudomonas thermotolerans,Pseudomonas_E thermotolerans
Paroceanicella profunda,Paroceanicella profunda
Ilyobacter sp.,Ilyobacter sp963663915
Longimicrobium terrae,Longimicrobium terrae
Clostridium algoriphilum,Clostridium_AD algoriphilum
Bartonella pachyuromydis,Bartonella pachyuromydis
Sphingomonas lycopersici,Sphingomonas lycopersici
Marinilactibacillus kalidii,Marinilactibacillus kalidii
Solitalea canadensis,Solitalea canadensis
Sulfuritortus sp.,Sulfuritortus sp021848725
Salinibacteraceae bacterium,Tc-Br11-B2g6-7 sp007124945
Nocardia aurantiaca,Nocardia aurantiaca
Mannheimia cairinae,Mannheimia cairinae
Agromyces binzhouensis,Agromyces binzhouensis
Frigidibacter oleivorans,Frigidibacter oleivorans
Merdivicinus intestinigallinarum,Merdivicinus intestinigallinarum
Faecimonas intestinavium,Faecimonas intestinavium
Desmospora profundinema,Desmospora profundinema
Rhodothermota bacterium,VFKU01 sp009885415
Streptomyces xanthii,Streptomyces xanthii
Actinopolymorpha cephalotaxi,Actinopolymorpha cephalotaxi
Chitinivorax tropicus,Chitinivorax tropicus
Winogradskyella pacifica,Winogradskyella pacifica
Flavobacterium daemonense,Flavobacterium daemonense
Bellilinea caldifistulae,Bellilinea caldifistulae
Actinomyces bouchesdurhonensis,Pauljensenia bouchesdurhonensis
Ravibacter arvi,Ravibacter arvi
Ornithinicoccus sp.,Ornithinicoccus sp035303365
Streptomyces curacoi,Streptomyces curacoi
Maridesulfovibrio hydrothermalis,Maridesulfovibrio hydrothermalis
Didemnitutus mandela,Didemnitutus mandela
Pelotomaculum schinkii,Pelotomaculum_C schinkii
Kineosporia mesophila,Kineosporia mesophila
Thiohalorhabdus denitrificans,Thiohalorhabdus denitrificans
Brevibacillus massiliensis,Brevibacillus_C massiliensis
actinobacterium acMicro-4,Pontimonas sp000754445
Sodalis pierantonius,Sodalis_C pierantonius
Nostoc piscinale,Nostoc_B piscinale
Lentibacillus sediminis,Virgibacillus sediminis_A
Chrysosporum bergii,Umezakia bergii
Nocardia callitridis,Nocardia callitridis
Flavobacterium litorale,Flavobacterium litorale
Rasiella rasia,Marinirhabdus rasia
Caedimonas varicaedens,Caedimonas varicaedens
Bifidobacterium olomucense,Bifidobacterium olomucense
Arthrobacter ginkgonis,Zafaria ginkgonis
Salipaludibacillus aurantiacus,Salipaludibacillus aurantiacus
Streptomyces xylophagus,Streptomyces xylophagus
Peptoniphilus catoniae,Peptoniphilus_E catoniae
Saccharopolyspora taberi,Saccharopolyspora_D taberi
Acetobacter ghanensis,Acetobacter ghanensis
Rhodocaloribacter litoris,Rhodocaloribacter litoris
Alcaligenes ammonioxydans,Alcaligenes ammonioxydans
Nocardiopsis prasina,Nocardiopsis prasina
Urechidicola vernalis,Urechidicola vernalis
Pseudidiomarina sediminum,Pseudidiomarina sediminum
Algoriphagus faecimaris,Algoriphagus faecimaris
Ferruginibacter paludis,Ferruginibacter paludis
Acididesulfobacter guangdongensis,Acididesulfobacter guangdongensis
Legionella cardiaca,Tatlockia cardiaca
Aphanocapsa lilacina,Gloeobacter lilacinus
Capsulimonadales bacterium,JANRLW01 sp033762295
Shimazuella soli,Shimazuella soli
uncultured Odyssella,SBBV01 sp016792765
uncultured Rhodothermaceae,Longimonas sp913056335
Paenibacillus tianmuensis,Paenibacillus_G tianmuensis
Rheinheimera mesophila,Pararheinheimera mesophila
Streptomyces actinomycinicus,Streptomyces actinomycinicus
Alteripontixanthobacter muriae,Pseudopontixanthobacter muriae
Chitinimonas koreensis,Chitinimonas koreensis
Pectobacterium zantedeschiae,Pectobacterium zantedeschiae
Desulfofundulus luciae,Desulfofundulus luciae
Levilactobacillus bambusae,Levilactobacillus bambusae
Cryobacterium luteum,Cryobacterium luteum
Streptomyces geranii,Streptomyces geranii
Mycetocola saprophilus,Mycetocola saprophilus
Nostoc parmelioides,Trichormus parmelioides
Gayadomonas joobiniege,Catenovulum joobiniege
Palleniella muris,Prevotella muris_A
Pullilachnospira intestinigallinarum,Pullilachnospira intestinigallinarum
Crickella caballi,Crickella caballi
Lacinutrix neustonica,Lacinutrix neustonica
Psychroflexus sediminis,Psychroflexus sediminis
Mycoplasmoides fastidiosum,Mycoplasma_N fastidiosum
Nocardia kruczakiae,Nocardia kruczakiae
Polystyrenella longa,Polystyrenella longa
Thermus igniterrae,Thermus igniterrae
Falsiroseomonas selenitidurans,Falsiroseomonas selenitidurans
Megamonas gallistercoris,Megamonas gallistercoris
bacterium BMS3Abin06,BMS3ABIN06 sp002897895
Thalassospira indica,Thalassospira indica
Leptospira ilyithenensis,Leptospira_A ilyithenensis
Levilactobacillus angrenensis,Levilactobacillus angrenensis
Liquorilactobacillus oeni,Liquorilactobacillus oeni
Nocardioides dokdonensis,Nocardioides dokdonensis
Alteribacter aurantiacus,Alteribacter aurantiacus
Paludisphaera borealis,Paludisphaera borealis
Dickeya lacustris,Dickeya lacustris
Salipaludibacillus daqingensis,Salipaludibacillus daqingensis
Rothia santali,Rothia santali
Micromonospora yasonensis,Micromonospora yasonensis
Paraburkholderia solisilvae,Paraburkholderia solisilvae
Actinosynnema mirum,Actinosynnema mirum
Pleionea mediterranea,Pleionea mediterranea
Psychromonas ossibalaenae,Psychromonas ossibalaenae
Lactobacillus pullistercoris,Lactobacillus pullistercoris
Methylobacterium planeticum,Methylobacterium planeticum
Cohnella lubricantis,Cohnella lubricantis
Citreicoccus inhibens,Citreicoccus inhibens
Paraflavisolibacter sp.,JBBBEI01 sp037132455
Frankia nepalensis,Pseudofrankia nepalensis
Erythrobacter aureus,Qipengyuania aurea
Falkowella caecavicola,Falkowella caecavicola
Butyricimonas faecavium,Butyricimonas faecavium
uncultured Paracaedibacter,MGBC162888 sp910588255
Kitasatospora mediocidica,Kitasatospora mediocidica
Paractinoplanes pyxinae,Actinoplanes pyxinae
Desulfosarcina cetonica,Desulfosarcina cetonica
Saccharospirillum salsuginis,Saccharospirillum salsuginis
Mycoplasmopsis glycophila,Mycoplasmopsis glycophila
Sporomusa silvacetica,Sporomusa silvacetica
Luteimonas saliphila,Luteimonas saliphila
Corynebacterium ciconiae,Corynebacterium ciconiae
Persephonella marina,Persephonella marina
Kribbella amoyensis,Kribbella amoyensis
Planococcus chinensis,Planococcus chinensis
Kaistia geumhonensis,Kaistia geumhonensis
Caballeronia pedi,Caballeronia pedi
Labedella endophytica,Labedella endophytica
Dyadobacter flavalbus,Dyadobacter flavalbus
Saccharophagus sp.,UBA5868 sp014336955
Zobellia laminariae,Zobellia laminariae
Streptomyces lavendofoliae,Streptomyces lavendofoliae
Onthomorpha intestinigallinarum,Onthomorpha intestinigallinarum
Lysobacter prati,Lysobacter_J prati
Merdivicinus excrementipullorum,Merdivicinus excrementipullorum
Chryseobacterium aureum,Chryseobacterium aureum
Alteribacillus persepolensis,Alteribacillus persepolensis
Streptomyces alkaliterrae,Streptomyces alkaliterrae
Metalysinibacillus saudimassiliensis,Metalysinibacillus saudimassiliensis
Flaviflexus massiliensis,Flaviflexus massiliensis
Marinomonas arenicola,Marinomonas arenicola
Isoptericola jiangsuensis,Isoptericola jiangsuensis
Pontibacter arcticus,Pontibacter arcticus
Desertihabitans brevis,Desertihabitans brevis
Wandonia haliotis,Wandonia haliotis
Streptomyces similanensis,Streptomyces similanensis
Marinobacter gelidimuriae,Marinobacter gelidimuriae
Onthousia excrementipullorum,Onthousia excrementipullorum
Lignipirellula cremea,Lignipirellula cremea
Endoriftia persephone,Endoriftia persephone
Rhodanobacter humi,Rhodanobacter humi
Hyalangium ruber,Hyalangium_A ruber
Carnobacterium pleistocenium,Carnobacterium_A pleistocenium
Micromonospora okii,Micromonospora okii
Eubacterium xylanophilum,Eubacterium_F xylanophilum
Loigolactobacillus bifermentans,Loigolactobacillus bifermentans
Kyrpidia tusciae,Kyrpidia tusciae
Methylobacterium gregans,Methylobacterium gregans
Tepidibacter thalassicus,Tepidibacter thalassicus
Micrococcus porci,Micrococcus porci
Psychroflexus aestuariivivens,Psychroflexus aestuariivivens
Flavobacterium selenitireducens,Flavobacterium selenitireducens
Microlunatus parietis,Microlunatus_B parietis
Lentzea fradiae,Lentzea fradiae
Aurantimonas litoralis,Aurantimonas coralicida
Bacillus oleivorans,Bacillus_BF oleivorans
Aphodomonas merdavium,Aphodomonas merdavium
Cohnella nanjingensis,Cohnella nanjingensis
Sapientia aquatica,Solimicrobium aquaticum
Novosphingobium kunmingense,Novosphingobium kunmingense
Brevibacterium zhoupengii,Brevibacterium zhoupengii
Nocardioides dongkuii,Nocardioides dongkuii
Enterococcus alishanensis,Enterococcus_A alishanensis
Ramlibacter agri,Ramlibacter agri
Paraburkholderia metrosideri,Paraburkholderia metrosideri
Oerskovia enterophila,Oerskovia enterophila
Nonomuraea roseoviolacea,Nonomuraea roseoviolacea
Thermohalobaculum xanthum,Thermohalobaculum xanthum
Ornithinibacillus bavariensis,Paucisalibacillus bavariensis
Flavobacterium erciyesense,Flavobacterium erciyesense
Pseudidiomarina insulisalsae,Pseudidiomarina insulisalsae
Flavobacterium terrae,Flavobacterium terrae
Acholeplasma oculi,Acholeplasma oculi
Liquorilactobacillus sucicola,Liquorilactobacillus sucicola
Sphingosinicella soli,Sphingosinicella soli
Caloramator australicus,Caloramator australicus
Gracilibacillus caseinilyticus,Gracilibacillus caseinilyticus
Saccharothrix saharensis,Actinosynnema saharense
Thalassotalea ponticola,Thalassotalea_A ponticola
Shimia ponticola,Shimia_B ponticola
Brachythrix odensensis,Brachythrix odensensis
Stygiobacter electus,Stygiobacter electus
Salinibacterium soli,Rhodoglobus soli
Tepidamorphus sp.,Microbaculum sp028280885
Acidithiobacillus ferruginosus,Acidithiobacillus ferruginosus
Wenyingzhuangia gilva,Wenyingzhuangia gilva
Metabacillus endolithicus,Metabacillus endolithicus
Microbacterium album,Microbacterium album
Microvirga subterranea,Microvirga subterranea
Roseobacter cerasinus,Roseobacter cerasinus
Aureibaculum luteum,Aureibaculum luteum
Pseudogracilibacillus intestinigallinarum,Pseudogracilibacillus intestinigallinarum
Pantoea superficialis,Erwinia_C superficialis
Hymenobacter setariae,Hymenobacter setariae
Diaphorobacter caeni,Diaphorobacter_A caeni
Portibacter sp.,OLB9 sp040391315
Thermodesulforhabdaceae bacterium,JAOACS01 sp037482015
Flavobacterium xueshanense,Flavobacterium xueshanense
Hymenobacter armeniacus,Hymenobacter armeniacus
Grimontia sedimenti,Enterovibrio sedimenti
bacterium 1xD8-48,Suilimivivens sp009917455
Pseudostreptobacillus hongkongensis,Pseudostreptobacillus hongkongensis
Thalassotalea agarivorans,Thalassotalea_D agarivorans
Kushneria avicenniae,Kushneria avicenniae
Mycoplasmopsis gallinarum,Mycoplasmopsis gallinarum
Corynebacterium urogenitale,Corynebacterium urogenitale
Flavihumibacter fluvii,Flavihumibacter fluvii
Anaerobaca lacustris,Anaerobaca lacustris
Nocardia huaxiensis,Nocardia huaxiensis
Brenneria izbisi,Brenneria izbisi
Dyadobacter frigoris,Dyadobacter frigoris
Ventrisoma faecale,Ventrisoma faecale
Accumulibacter cognatus,Accumulibacter cognatus
Actinomadura fibrosa,Spirillospora fibrosa
Samsonia erythrinae,Samsonia erythrinae
Algoriphagus resistens,Algoriphagus resistens
Aliiglaciecola litoralis,Aliiglaciecola litoralis
Sulfuricystis thermophila,Sulfuricystis thermophila
Methylothermaceae bacteria,Methylohalobius sp001566965
Aquimarina addita,Aquimarina addita
Rhodoligotrophos appendicifer,Rhodoligotrophos appendicifer
Pararhizobium polonicum,Pararhizobium polonicum
Pseudoalteromonas byunsanensis,Pseudoalteromonas byunsanensis
Tanticharoenia sakaeratensis,Tanticharoenia sakaeratensis
Sphingomonas aquatilis,Sphingomonas aquatilis
Citricoccus zhacaiensis,Citricoccus zhacaiensis
Pyxidicoccus trucidator,Myxococcus trucidator
Lientehia hominis,Lientehia hominis
Lacrimispora defluvii,Lacrimispora defluvii
Humibacter ginsenosidimutans,Humibacter ginsenosidimutans
Marinobacter vinifirmus,Marinobacter vinifirmus
Defluviitalea raffinosedens,Defluviitalea raffinosedens
Hansschlegelia plantiphila,Hansschlegelia plantiphila
Erginobacter occultus,Erginobacter occultus
Yaniella excrementigallinarum,Yaniella excrementigallinarum
Microbacterium aurugineum,Microbacterium aurugineum
Vibrio inusitatus,Vibrio inusitatus
Ardenticatena maritima,Ardenticatena maritima
Dyadobacter beijingensis,Dyadobacter beijingensis
Humisphaera borealis,Humisphaera borealis
Gemella bergeri,Gemella bergeri
Galligastranaerophilus intestinigallinarum,Galligastranaerophilus_A intestinigallinarum
Oceanococcus atlanticus,Oceanococcus atlanticus
Gemmiger excrementigallinarum,Gemmiger excrementigallinarum
Lentisphaera sp.,DYMC01 sp020721745
Ndongobacter massiliensis,Ndongobacter massiliensis
Psychroflexus maritimus,Psychroflexus maritimus
Thermomonas alba,Thermomonas alba
Arthrobacter gallicola,Arthrobacter_B gallicola
uncultured Deferribacterales,CANTXF01 sp947853665
Providencia zhijiangensis,Providencia zhijiangensis
Flavobacterium sediminilitoris,Flavobacterium sediminilitoris
Aquamicrobium defluvii,Mesorhizobium defluvii
Komagataeibacter melaceti,Komagataeibacter melaceti
Aquibacillus halophilus,Aquibacillus halophilus
Petrocella sp.,Petrocella sp029210395
Winogradskyella aquimaris,Winogradskyella aquimaris
uncultured Tistrella,Tistrella mobilis
Sporolactobacillus shoreae,Sporolactobacillus shoreae
Streptomyces cathayae,Streptomyces cathayae
Paenacidovorax monticola,Acidovorax_F monticola
Corynebacterium rouxii,Corynebacterium rouxii
Salicibibacter kimchii,Salicibibacter kimchii
Bosea vestrisii,Bosea vestrisii
Pseudomonas oryzicola,Pseudomonas_E oryzicola
Rheinheimera tangshanensis,Pararheinheimera tangshanensis
Algisphaera sp.,Algisphaera sp036480015
Aliamphritea hakodatensis,Amphritea hakodatensis
Streptomyces oryzae,Streptomyces oryzae
Dactylosporangium darangshiense,Dactylosporangium darangshiense
Lutibacter maritimus,Lutibacter maritimus
Nocardia goodfellowii,Nocardia goodfellowii
Ulvibacter antarcticus,Ulvibacter antarcticus
Rheinheimera mangrovi,Pararheinheimera mangrovi
Peteryoungia algae,Allorhizobium algae
Corynebacterium hylobatis,Corynebacterium hylobatis
Schlegelella aquatica,Caldimonas aquatica
Qipengyuania profundimaris,Qipengyuania profundimaris
Hallella seregens,Prevotella seregens
Aurantiacibacter suaedae,Aurantiacibacter_A suaedae
Fimivicinus intestinavium,Fimivicinus intestinavium
Velocimicrobium sp.,Velocimicrobium sp041821315
Mucilaginibacter conchicola,Mucilaginibacter conchicola
Mucilaginibacter pankratovii,Mucilaginibacter pankratovii
Brachybacterium tyrofermentans,Brachybacterium tyrofermentans
Coprothermobacteraceae bacterium,JABLWY01 sp013178255
Primorskyibacter marinus,Primorskyibacter marinus
Spirosoma foliorum,Spirosoma foliorum
Shewanella profunda,Shewanella profunda
Halomonas chromatireducens,Billgrantia chromatireducens
Endozoicomonas montiporae,Endozoicomonas_A montiporae
Aliidiomarina iranensis,Aliidiomarina iranensis
Thalassomonas haliotis,Thalassomonas haliotis
Polaribacter septentrionalilitoris,Polaribacter septentrionalilitoris
Fulvivirga marina,Fulvivirga marina
Streptomyces sennicomposti,Streptomyces sennicomposti
Tenacibaculum caenipelagi,Tenacibaculum caenipelagi
Alkalihalobacterium chitinilyticum,Alkalihalobacterium chitinilyticum
Campylobacter portucalensis,Campylobacter_B portucalensis
Mediterraneibacter caccogallinarum,Mediterraneibacter caccogallinarum
Nostocoides japonicum,Nostocoides japonicum
Tepiditoga spiralis,Tepiditoga spiralis
Desulfurispora thermophila,Desulfurispora thermophila
Rhizobium paknamense,Allorhizobium paknamense
Clostridium hydrogeniformans,Clostridium_Z hydrogeniformans
Acutalibacter ornithocaccae,Acutalibacter ornithocaccae
Marinithermus hydrothermalis,Marinithermus hydrothermalis
Tepidimonas thermarum,Tepidimonas thermarum
Streptomonospora alba,Streptomonospora alba
Mastigocoleus testarum,Mastigocoleus testarum
Brevifollis gellanilyticus,Prosthecobacter gellanilyticus
Schaalia suimastitidis,Pauljensenia suimastitidis
Rhizobium lemnae,Neorhizobium lemnae
Anaerobiospirillum merdipullorum,Avisuccinivibrio merdipullorum
uncultured Schumannella,Pseudolysinimonas sp905479755
Anaerorhabdus furcosa,Anaerorhabdus furcosa
Aliidiomarina taiwanensis,Aliidiomarina taiwanensis
Vibrio neonatus,Vibrio neonatus
Shewanella marina,Shewanella marina
Pseudanabaena frigida,Pseudanabaena frigida
Desulfobacillus denitrificans,Desulfobacillus denitrificans
Bogoriella caseilytica,Bogoriella caseilytica
Halomonas shengliensis,Halomonas shengliensis
Vibrio aquaticus,Vibrio aquaticus
Elizabethkingia argenteiflava,Elizabethkingia argenteiflava
Marinacidobacterium portitor,Marinacidobacterium portitor
Streptomyces glaucus,Streptomyces glaucus
Xaviernesmea rhizosphaerae,Xaviernesmea rhizosphaerae
Pandoraea capi,Pandoraea capi
Catenulispora yoronensis,Catenulispora yoronensis
Polynucleobacter tropicus,Polynucleobacter tropicus
bacterium UBP1_UBA4783,SSS58A sp002403075
Gemmobacter straminiformis,Gemmobacter_B straminiformis
uncultured Pluralibacter,Pluralibacter sp913775985
Noviherbaspirillum soli,Noviherbaspirillum_A soli
Halomonas rhizosphaerae,Halomonas rhizosphaerae
Ornithomonoglobus intestinigallinarum,Ornithomonoglobus_A intestinigallinarum
Marinomonas shanghaiensis,Marinomonas shanghaiensis
uncultured Marinifilaceae,Ancylomarina sp963977525
Belliella aquatica,Belliella aquatica
Fontimonas thermophila,Fontimonas thermophila
Undibacterium parvum,Undibacterium parvum
Mixta tenebrionis,Mixta tenebrionis
Thalassolituus pacificus,Venatoribacter pacificus
Cohnella caldifontis,Cohnella caldifontis
Phaeomarinobacter sp.,Pyruvatibacter sp028279995
Siliceabacter maunaloa,Siliceabacter maunaloa
Limivicinus faecipullorum,Limivicinus faecipullorum
Stenotrophomonas riyadhensis,Stenotrophomonas riyadhensis
Nocardioides oleivorans,Nocardioides oleivorans
Geobacillus lituanicus,Geobacillus stearothermophilus
Acholeplasma hippikon,Acholeplasma hippikon
Sneathiella aquimaris,Sneathiella aquimaris
Haloferula helveola,Haloferula helveola
Fictibacillus macauensis,Fictibacillus_C macauensis
Sulfitobacter albidus,Sulfitobacter albidus
Salinispora cortesiana,Micromonospora cortesiana
Aureibaculum flavum,Aureibaculum flavum
Thiohalobacterales bacterium,JAHJQQ01 sp041739295
Pseudothauera lacus,Pseudothauera lacus
Pseudogemmatithrix spongiicola,Pseudogemmatithrix spongiicola
Nocardiopsis metallicus,Nocardiopsis metallicus
Gemelliphila palaticanis,Gemelliphila palaticanis
Prevotella fusca,Prevotella fusca
Limadaptatus stercoravium,Limadaptatus stercoravium
Salifodinibacter halophilus,Salifodinibacter halophilus
Mycoplasma falconis,Metamycoplasma falconis
Algoriphagus boseongensis,Algoriphagus boseongensis
Brucella grignonensis,Brucella grignonensis
Draconibacterium sediminis,Draconibacterium sediminis
Nesterenkonia cremea,Nesterenkonia cremea
Kibdelosporangium sp.,Kibdelosporangium sp000826545
Achromobacter veterisilvae,Achromobacter veterisilvae
Scandinavium tedordense,Scandinavium tedordense
Alteribacter populi,Alteribacter populi
Alkalibacterium pelagium,Alkalibacterium pelagium
Mucilaginibacter paludis,Mucilaginibacter paludis
Profftia sp.,Profftia sp020342455
Corynebacterium timonense,Corynebacterium timonense
Clostridium ganghwense,Clostridium_H ganghwense
Phaeocystidibacter luteus,Phaeocystidibacter luteus
Arenibacter echinorum,Arenibacter echinorum
Pseudalkalibacillus salsuginis,Pseudalkalibacillus salsuginis
Roslinia caecavium,Roslinia caecavium
Myxacorys chilensis,Myxacorys chilensis
Rhizobium sullae,Rhizobium sullae
Paractinoplanes tereljensis,Actinoplanes tereljensis
Phytoactinopolyspora halotolerans,Phytoactinopolyspora halotolerans
Bacillus salacetis,Bacillus_BM salacetis
Microvirga lenta,Microvirga lenta
Chryseobacterium schmidteae,Chryseobacterium schmidteae
Allosediminivita pacifica,Allosediminivita pacifica
Pseudomonas insulae,Pseudomonas_E insulae
Photobacterium alginatilyticum,Photobacterium alginatilyticum
Leptospira bouyouniensis,Leptospira_A bouyouniensis
Limisalsivibrio acetivorans,Limisalsivibrio acetivorans
Microbacterium gilvum,Microbacterium gilvum
Arthrobacter crusticola,Arthrobacter_D crusticola
Pseudomonas agronomica,Pseudomonas_E agronomica
Pedobacter colombiensis,Pedobacter colombiensis
Lacticaseibacillus pantheris,Lacticaseibacillus pantheris
Pullichristensenella sp.,Pullichristensenella sp002068815
Falcatimonas sp.,Falcatimonas sp018918265
Lithacetigena glycinireducens,Lithacetigena glycinireducens
Metamycoplasmataceae bacterium,Mycoplasma_O sp029942215
Intestinimonas merdavium,Intestinimonas merdavium
Streptomyces rhizoryzae,Streptomyces rhizoryzae
Scatovivens faecipullorum,Scatovivens faecipullorum
Thalassotalea psychrophila,Thalassotalea_A psychrophila
Accumulibacter necessarius,Accumulibacter necessarius
Halomonas salinarum,Onishia salinarum
Marivibrio halodurans,Marivibrio halodurans
Ascidiaceihabitans donghaensis,Ascidiaceihabitans donghaensis
Amycolatopsis suaedae,Amycolatopsis suaedae
Chryseomicrobium excrementi,Chryseomicrobium excrementi
Aquisphaera giovannonii,Aquisphaera giovannonii
Aliidiomarina celeris,Aliidiomarina celeris
Alicyclobacillus cycloheptanicus,Alicyclobacillus_L cycloheptanicus
Pseudomonas straminea,Pseudomonas_E straminea
Phocicoccus pinnipedialis,Phocicoccus pinnipedialis
Chondromyces crocatus,Chondromyces crocatus
Saccharopolyspora pogona,Saccharopolyspora pogona
Ancylomarina euxinus,Ancylomarina euxinus
Halobacillus andaensis,Halobacillus_A andaensis
Microvirga brassicacearum,Microvirga brassicacearum
Acinetobacter sedimenti,Acinetobacter sedimenti
Pelagicoccus mobilis,Pelagicoccus mobilis
Hymenobacter lucidus,Hymenobacter lucidus
Aestuariirhabdus litorea,Aestuariirhabdus litorea
Pseudomonas brassicae,Pseudomonas_E brassicae
Yersinia nurmii,Yersinia nurmii
Saccharopolyspora hordei,Saccharopolyspora hordei
Nicoliella lavandulae,Nicoliella lavandulae
Ligilactobacillus equi,Ligilactobacillus equi
Rhodocyclus purpureus,Rhodocyclus purpureus
Actinocrispum sp.,Actinocrispum sp040675465
Paralachnospira avium,Lientehia avium
Pseudocalidococcus azoricus,Pseudocalidococcus azoricus
Roseovarius azorensis,Roseovarius azorensis
Thermoactinomyces intermedius,Thermoactinomyces intermedius
Mycoplasmopsis mustelae,Mycoplasmopsis mustelae
Glycocaulis albus,Glycocaulis albus
Sphingomonas naasensis,Sphingomonas naasensis
Psychrilyobacter atlanticus,Psychrilyobacter atlanticus
Zhongshania antarctica,Zhongshania antarctica
Methylovulum miyakonense,Methylovulum miyakonense
Pseudogemmobacter bohemicus,Pseudogemmobacter bohemicus
Actinomadura pelletieri,Spirillospora pelletieri
Anaeroferrophillus wilburensis,Anaeroferrophillus wilburensis
Anaerostipes faecalis,Anaerostipes faecalis
Tolumonas osonensis,Tolumonas osonensis
Hinthialibacteria bacterium,OLB16 sp001567115
Paenibacillus oleatilyticus,Paenibacillus_G oleatilyticus
Streptomyces regalis,Streptomyces regalis
Planococcus shixiaomingii,Planococcus shixiaomingii
Aliidongia dinghuensis,Aliidongia dinghuensis
Spelaeicoccus albus,Spelaeicoccus albus
bacterium UBP6_UBA1209,UBA1177 sp002309575
Mesoplasma syrphidae,Tullyiplasma syrphidae
Microbacter margulisiae,Microbacter margulisiae
Lentzea waywayandensis,Lentzea waywayandensis
Sediminivirga luteola,Sediminivirga luteola
Bartonella kosoyi,Bartonella kosoyi
Brevundimonas albigilva,Brevundimonas albigilva
Christensenella intestinihominis,Christensenella intestinihominis
Ruficoccus sp.,Ruficoccus sp019603315
Thalassobacillus sp.,CUG-92003 sp013618635
Acidicapsa acidisoli,Acidicapsa acidisoli
Fukatsuia anoeciicola,Fukatsuia anoeciicola
Actinoallomurus vinaceus,Actinoallomurus vinaceus
Succinispira mobilis,Succinispira mobilis
Streptomyces zinciresistens,Streptomyces zinciresistens
Pseudomonas azadiae,Pseudomonas_E azadiae
Geobacter benzoatilyticus,Geobacter benzoatilyticus
Agromyces humi,Agromyces humi
Quisquiliibacterium transsilvanicum,Quisquiliibacterium transsilvanicum
Asticcacaulis machinosus,Asticcacaulis machinosus
Ottowia beijingensis,Ottowia beijingensis
Saxibacter everestensis,Saxibacter everestensis
Nonomuraea diastatica,Nonomuraea diastatica
Caballeronia glebae,Caballeronia glebae
Clostridium sardiniense,Clostridium sardiniense
Amphibacillus xylanus,Amphibacillus xylanus
Gehongia tenuis,Gehongia tenuis
uncultured Emticicia,Emticicia sp937903345
Cetobacterium colombiensis,Cetobacterium_A colombiensis
Anaerotardibacter muris,Anaerotardibacter muris
Marinitoga aeolica,Marinitoga aeolica
Terriglobus saanensis,Terriglobus saanensis
Trueperella pecoris,Trueperella pecoris
Vibrio superstes,Vibrio superstes
Sporosarcina thermotolerans,Sporosarcina thermotolerans
Paenibacillus aceris,Paenibacillus_E aceris
Sphingobacterium haloxyli,Sphingobacterium haloxyli
actinobacterium LLX17,Aeromicrobium sp000471045
Desulfobaculum bizertense,Desulfobaculum bizertense
Paenibacillus phocaensis,Fontibacillus phocaensis
Asticcacaulis taihuensis,Asticcacaulis taihuensis
Pseudoruminococcus merdavium,Pseudoruminococcus_B merdavium
Aeromonas eucrenophila,Aeromonas eucrenophila
Sphingorhabdus rigui,Sphingorhabdus_B rigui
Glycocaulis abyssi,Glycocaulis abyssi
Amycolatopsis vancoresmycina,Amycolatopsis vancoresmycina
Desulfuromonas soudanensis,Deferrimonas soudanensis
Sulfuricaulis limicola,Sulfuricaulis limicola
Chlorohelix sp.,Chlorohelix sp037138995
Flavobacterium humidisoli,Flavobacterium humidisoli
Granulicella paludicola,Granulicella paludicola
Pseudomonas idahonensis,Pseudomonas_E idahonensis
Marinitenerispora sediminis,Marinitenerispora sediminis
Dyadobacter soli,Dyadobacter soli
Geodermatophilus siccatus,Geodermatophilus siccatus
Desulfovibrio faecigallinarum,Desulfovibrio faecigallinarum
Flavobacterium cheonanense,Flavobacterium cheonanense
Alysiella crassa,Simonsiella crassa
Actinomyces marmotae,Actinomyces marmotae
Ulvibacterium marinum,Ulvibacterium marinum
Segatella sinensis,Prevotella sinensis
Winogradskyella wandonensis,Winogradskyella wandonensis
Streptomyces violens,Streptomyces violens
Pontimicrobium aquaticum,Pontimicrobium aquaticum
Marivivens geojensis,Marivivens geojensis
Acidothermales bacterium,WHST01 sp017354575
Sphingomonas endolithica,Sphingomonas endolithica
Vibrio rarus,Vibrio rarus
Mycolicibacterium komanii,Mycobacterium komanii
Rhodovibrio sodomensis,Rhodovibrio sodomensis
Aveggerthella stercoripullorum,Aveggerthella stercoripullorum
Scatocola faecigallinarum,Scatacola_A faecigallinarum
Planctellipticum variicoloris,Planctellipticum variicoloris
Sphingomonas mucosissima,Sphingomonas mucosissima
Carboxylicivirga linearis,Carboxylicivirga linearis
Sphingobacterium bambusae,Sphingobacterium bambusae
Antarcticibacterium arcticum,Gillisia arctica
Methylocapsa aurea,Methylocapsa aurea
Sulfitobacter marinus,Sulfitobacter marinus
Zhihengliuella halotolerans,Zhihengliuella halotolerans
Murdochiella sp.,Murdochiella sp019753405
Spirosoma rhododendri,Spirosoma rhododendri
bacterium DOLZORAL124_64_63,LZORAL124-64-63 sp002747875
Uruburuella testudinis,Neisseria testudinis
Paraclostridium ghonii,Paraclostridium ghonii
Dietzia intestinipullorum,Dietzia intestinipullorum
Rhizobium freirei,Rhizobium freirei
Mycobacterium helveticum,Mycobacterium helveticum
Periweissella fabalis,Periweissella fabalis
Novibacillus thermophilus,Novibacillus thermophilus
Fimbriiglobus ruber,Fimbriiglobus ruber
bacterium spbL1type3-1,Enterococcus faecalis
Thermocrinis ruber,Thermocrinis ruber
Clostridium combesii,Clostridium_F botulinum
Methyloversatilis thermotolerans,Methyloversatilis thermotolerans
Micromonospora radicis,Micromonospora radicis
Aedoeadaptatus coli,Aedoeadaptatus coli
Luteimonas terricola,Luteimonas terricola
Anaerotignum merdipullorum,Anaerotignum merdipullorum
Salinispora fenicalii,Micromonospora fenicalii
Sphingomonas telluris,Sphingomicrobium telluris
Homeothermus sp.,Muribaculum sp003150235
Acidovorax benzenivorans,Acidovorax benzenivorans
Pseudoxanthomonas kaohsiungensis,Pseudoxanthomonas kaohsiungensis
Chryseobacterium panacisoli,Chryseobacterium panacisoli
Faecousia faecigallinarum,Faecousia faecigallinarum
Pueribacillus sp.,Pueribacillus sp002453275
Chryseobacterium aahli,Chryseobacterium aahli
Flavobacterium cucumis,Flavobacterium cucumis
Salipiger mangrovisoli,Salipiger mangrovisoli
Paracoccus methylovorus,Paracoccus methylovorus
Enterobacter quasimori,Enterobacter mori
Planktophila vernalis,Planktophila vernalis
Vibrio ouci,Vibrio ouci
Leifsonia psychrotolerans,Cryobacterium psychrotolerans_A
bacterium ADurb.Bin132,JAAYUI01 sp002070635
Rhodoferax lacus,Rhodoferax_C lacus
uncultured Anaerosporomusa,Anaerosporomusa sp900542835
Longispora fulva,Longispora fulva
Lactobacillus corticis,Lactobacillus corticis
Rhodoglobus aureus,Rhodoglobus aureus
Rhodococcoides trifolii,Rhodococcoides trifolii
Rickettsia australis,Rickettsia australis
Plebeiobacterium marinum,Saccharicrinis marinus_A
Microvenator marinus,Microvenator marinus
Dyella dinghuensis,Dyella_B dinghuensis
Microbacterium psychrotolerans,Microbacterium psychrotolerans
Neptunitalea chrysea,Neptunitalea chrysea
Nocardioides malaquae,Nocardioides malaquae
Pseudoalteromonas tunicata,Pseudoalteromonas tunicata
Solincola quzhuomuensis,Solincola_A quzhuomuensis
Ileibacterium sp.,JABUSF01 sp021443945
Gillettellia cooleyia,Gillettellia cooleyia
Palleronia sediminis,Palleronia sediminis
Flavobacterium ginsengisoli,Flavobacterium ginsengisoli
Poriferisphaera corsica,Poriferisphaera corsica
Paracoccus bogoriensis,Paracoccus bogoriensis
Flavobacterium cheongpyeongense,Flavobacterium cheongpyeongense
Paraburkholderia lycopersici,Paraburkholderia lycopersici
Symplocastrum torsivum,Symplocastrum torsivum
Nostocoides jenkinsii,Nostocoides_A jenkinsii
Marinobacter oulmenensis,Marinobacter oulmenensis
Celeribacter indicus,Celeribacter indicus
Breznakiella homolactica,Breznakiella homolactica
Hoeflea prorocentri,Hoeflea_A prorocentri
Rhizorhabdus dicambivorans,Rhizorhabdus dicambivorans
Halobacteriovorax vibrionivorans,Halobacteriovorax_A vibrionivorans
Pseudidiomarina aquimaris,Pseudidiomarina aquimaris
Actinacidiphila yanglinensis,Actinacidiphila yanglinensis
Gallacutalibacter pullistercoris,Heritagella pullistercoris
Pantoea latae,Pantoea latae
Tectiglobus profundi,Tectiglobus profundi
Olsenella stercoravium,Thermophilibacter stercoravium
Streptomyces silvisoli,Streptantibioticus silvisoli_A
Rhodococcus yananensis,Rhodococcus yananensis
Oleimmundimicrobium sp.,JAUSCH01 sp030651595
Paracoccus onchidii,Paracoccus onchidii
Paraflavitalea sp.,Paraflavitalea sp029223285
Streptomyces tremellae,Streptomyces tremellae
Pseudomonas aestuarii,Pseudomonas_E aestuarii
Yinghuangia aomiensis,Yinghuangia aomiensis
Billgrantia campisalis,Billgrantia campisalis
Lysinibacillus telephonicus,Ureibacillus telephonicus
Salinicola rhizosphaerae,Salinicola rhizosphaerae
Caballeronia calidae,Caballeronia calidae
Streptomyces chattanoogensis,Streptomyces chattanoogensis
Robiginitalea aurantiaca,Robiginitalea aurantiaca
Streptomyces nondiastaticus,Streptomyces nondiastaticus
Amycolatopsis thailandensis,Amycolatopsis thailandensis
Mesorhizobium prunaredense,Mesorhizobium prunaredense
Algoriella xinjiangensis,Algoriella xinjiangensis
Haliotispira prima,Haliotispira prima
Cellulomonas edaphi,Cellulomonas edaphi
Mucilaginibacter pedocola,Mucilaginibacter pedocola
Desulfuribacillus stibiiarsenatis,Desulfuribacillus_A stibiiarsenatis
Peristeroidobacter soli,Peristeroidobacter soli
Listeria costaricensis,Listeria costaricensis
Amaricoccus macauensis,Amaricoccus macauensis
Cyclonatronaceae bacterium,SKNL01 sp041686555
Natranaerobius trueperi,Natranaerobius_A trueperi
Oleispirillum naphthae,Oleispirillum naphthae
Variovorax ureilyticus,Variovorax ureilyticus
Agilicoccus flavus,Agilicoccus flavus
Parapedobacter composti,Parapedobacter composti
Kaistella solincola,Kaistella solincola
Mycobacteroides saopaulense,Mycobacterium saopaulense
Heliomicrobium modesticaldum,Heliomicrobium modesticaldum
Anaerofilum faecale,Anaerofilum faecale
Glaciecola punicea,Glaciecola punicea
Gallimonas intestinalis,Gallimonas intestinalis
Porphyromonas circumdentaria,Porphyromonas circumdentaria
Micromonospora matsumotoense,Micromonospora matsumotoensis
Variibacter gotjawalensis,Variibacter gotjawalensis
Streptococcus marmotae,Streptococcus marmotae
Acrocarpospora phusangensis,Acrocarpospora phusangensis
Stenotrophomonas daejeonensis,Stenotrophomonas daejeonensis
Petrachloros mirabilis,Petrachloros mirabilis
Nonomuraea coxensis,Nonomuraea coxensis
Bilifractor porci,Bilifractor porci
Methylobacter favarea,Methylobacter_B favarea
Mycobacterium pseudokansasii,Mycobacterium pseudokansasii
Yersinia canariae,Yersinia canariae
Micromonospora olivasterospora,Micromonospora olivasterospora
Streptomyces megasporus,Streptomyces megasporus
Vannielia sp.,Vannielia sp029212645
Antribacter gilvus,Antribacter gilvus
Sporolactobacillus spathodeae,Sporolactobacillus spathodeae
Tachikawaea gelatinosa,Tachikawaea gelatinosa
Pseudoalteromonas caenipelagi,Pseudoalteromonas caenipelagi
Duganella radicis,Duganella radicis
Oceaniradius stylonematis,Roseitalea stylonematis
Maribacter vaceletii,Maribacter_B vaceletii
Clostridium cf.,Otoolea saccharolyticum_A
Clostridium colinum,Tyzzerella colina
Acinetobacter sichuanensis,Acinetobacter sichuanensis
Pedobacter psychroterrae,Pedobacter psychroterrae
Caballeronia catudaia,Caballeronia catudaia
Clostridium ihumii,Clostridium_J ihumii
Ruania zhangjianzhongii,Ruania zhangjianzhongii
Crassaminicella profunda,Crassaminicella profunda
Photobacterium sanctipauli,Photobacterium sanctipauli
Hyunsoonleella ulvae,Jejuia ulvae
Amycolatopsis mongoliensis,Amycolatopsis mongoliensis
Phocoenobacter uteri,Phocoenobacter uteri
Johnsonella sp.,Johnsonella sp030529445
Streptomyces spongiae,Streptomyces spongiae
Lawsonibacter faecis,Pseudoflavonifractor faecis
Paenibacillus abyssi,Paenibacillus_D abyssi
Streptomyces pakalii,Streptomyces pakalii
Indibacter alkaliphilus,Indibacter alkaliphilus
Mediterraneibacter intestinavium,Mediterraneibacter intestinavium
Leptothermofonsia sichuanensis,Leptothermofonsia sichuanensis
Lactiplantibacillus pingfangensis,Lactiplantibacillus pingfangensis
Varibaculum vaginae,Varibaculum vaginae
uncultured Fibrobacteraceae,UBA1765 sp017631885
Vibrio algicola,Vibrio algicola
Fundidesulfovibrio soli,Fundidesulfovibrio soli
Calidifontibacillus oryziterrae,Calidifontibacillus_A oryziterrae
Peptoniphilus equinus,Peptoniphilus equinus
Pseudomonas zanjanensis,Pseudomonas_E zanjanensis
Chelatococcus caeni,Chelatococcus_A caeni
Hymenobacter jejuensis,Hymenobacter jejuensis
Luteimonas suaedae,Luteimonas suaedae
Micromonospora siamensis,Micromonospora siamensis
Salisaeta longa,Salisaeta longa
Mycolicibacterium lacusdiani,Mycobacterium lacusdiani
Rhodobacter calidifons,Tabrizicola calidifons
Williamsia maris,Williamsia_A maris
Aquisphaera insulae,Aquisphaera insulae
Flaviramulus basaltis,Flaviramulus basaltis
Rhizobium sophoriradicis,Rhizobium sophoriradicis
Spiroplasma monobiae,Spiroplasma_A monobiae
Azospirillum isscasi,Azospirillum isscasi
Streptomyces sichuanensis,Streptomyces cinnamoneus
Ancylobacter rudongensis,Ancylobacter rudongensis
Fodinibius salsisoli,Fodinibius salsisoli
Falsiroseomonas oryziterrae,Falsiroseomonas oryziterrae
Kroppenstedtia guangzhouensis,Kroppenstedtia guangzhouensis
Borrelia hispanica,Borrelia hispanica
Pedococcus ginsenosidimutans,Pedococcus ginsenosidimutans
Paenibacillus ihuae,Paenibacillus ihuae
Marinobacterium iners,Marinobacterium iners
Methylobacter luteus,Methylobacter luteus
Sulfitobacter aestuariivivens,Sulfitobacter aestuariivivens
Streptomyces aidingensis,Streptomyces aidingensis
Blastopirellula retiformator,Blastopirellula retiformator
Limoniibacter endophyticus,Limoniibacter endophyticus
Streptococcus halotolerans,Streptococcus halotolerans
Companilactobacillus versmoldensis,Companilactobacillus versmoldensis
Anaeromonas frigoriresistens,Anaeromonas frigoriresistens
Saccharopolyspora dendranthemae,Saccharopolyspora dendranthemae
Kangiella marina,Kangiella marina
uncultured Filifactor,CAMYCP01 sp947254385
Ureibacillus thermophilus,Ureibacillus thermophilus
Sporolactobacillus mangiferae,Sporolactobacillus mangiferae
Moraxella pluranimalium,Moraxella pluranimalium
Roseivivax halotolerans,Roseivivax halotolerans
Pseudohongiella spirulinae,Pseudohongiella spirulinae
Crenothrix sp.,UBA4132 sp002134785
Shimazuella alba,Shimazuella alba
Propionispora sp.,CYSP01 sp001298735
Paenibacillus montaniterrae,Pristimantibacillus montaniterrae
Comamonas serinivorans,Comamonas_E serinivorans
Sphingobacterium prati,Sphingobacterium prati
uncultured Gulosibacter,Gulosibacter sp943914115
Novosphingobium pokkalii,Novosphingobium pokkalii
Pyxidicoccus caerfyrddinensis,Myxococcus caerfyrddinensis
Comchoanobacter bicostacola,Comchoanobacter bicostacola
Pantoea phytobeneficialis,Pantoea phytobeneficialis
Robertmurraya kyonggiensis,Robertmurraya kyonggiensis
Streptomyces ramulosus,Streptomyces ramulosus
Ammonifex thiophilus,Ammonifex thiophilus
Gemmatirosa kalamazoonensis,Gemmatirosa kalamazoonensis
Bacillus fungorum,Bacillus_A fungorum
Brachybacterium ginsengisoli,Brachybacterium ginsengisoli
Mycolicibacterium arabiense,Mycobacterium arabiense
Cellvibrio zantedeschiae,Cellvibrio zantedeschiae
Flavobacterium arsenatis,Flavobacterium arsenatis
Sporomusa termitida,Sporomusa termitida
Reichenbachiella versicolor,Reichenbachiella versicolor
Kitasatospora brasiliensis,Kitasatospora brasiliensis
Thiorhodococcus sp.,Thiorhodococcus sp029257385
Pseudomonas extremorientalis,Pseudomonas_E extremorientalis
Sphingomonas daechungensis,Sphingomicrobium daechungense
Saccharomonospora glauca,Saccharomonospora glauca
Pedobacter chitinilyticus,Pedobacter chitinilyticus
Bathyoplasma sp.,Bathyoplasma sp013332095
Roseibium aestuarii,Roseibium aestuarii
Nocardia shimofusensis,Nocardia shimofusensis
uncultured Solimonas,Solimonas sp946478985
Paenibacillus thermoaerophilus,Paenibacillus_W thermoaerophilus
Glycomyces terrestris,Glycomyces terrestris
Edaphobacter flagellatus,Edaphobacter flagellatus
Paenibacillus tepidiphilus,Paenibacillus tepidiphilus
Streptoalloteichus hindustanus,Streptoalloteichus hindustanus
Flavobacterium phragmitis,Flavobacterium phragmitis
Skermanella pratensis,Skermanella pratensis
Pontixanthobacter aquaemixtae,Pontixanthobacter aquaemixtae
Microvirga vignae,Microvirga vignae
Scleromatobacter humisilvae,Scleromatobacter humisilvae
Cryptobacteroides fimicaballi,Cryptobacteroides fimicaballi
Lysobacter ciconiae,Novilysobacter ciconiae
Roseovarius confluentis,Roseovarius confluentis
Microbacterium hibisci,Microbacterium hibisci
Duncaniella muricolitica,Duncaniella muricolitica
Jatrophihabitans telluris,Jatrophihabitans_A telluris
Catenuloplanes indicus,Catenuloplanes indicus
Abditibacteriia bacterium,DAITOV01 sp036833945
Cohnella herbarum,Cohnella herbarum
Paraburkholderia sartisoli,Paraburkholderia sartisoli
Paludisphaera sp.,Paludisphaera sp037189885
Blautia avicola,Blautia avicola
Vibrio japonicus,Vibrio japonicus
Ardenticatena sp.,Ardenticatena sp015487975
Polaribacter marinaquae,Polaribacter marinaquae
Vreelandella arcis,Vreelandella arcis
Aneurinibacillus danicus,Aneurinibacillus danicus
Streptomyces lunalinharesii,Streptomyces lunalinharesii
Leptospira terpstrae,Leptospira_A terpstrae
Pseudonocardia eucalypti,Pseudonocardia eucalypti
Paenibacillus hamazuiensis,Paenibacillus_AF hamazuiensis
Sphingomonas arenae,Sphingomicrobium arenae
Nocardioides glacieisoli,Nocardioides glacieisoli
Dormiibacter inghamiae,Dormiibacter inghamiae
Phocaeicola faecigallinarum,Phocaeicola faecigallinarum
Undibacterium umbellatum,Undibacterium umbellatum
Rariglobus hedericola,Rariglobus hedericola
uncultured Sporolactobacillus,Sporolactobacillus sp900543345
Pseudofrancisella aestuarii,Pseudofrancisella aestuarii
Enterococcus stercoripullorum,Enterococcus_E stercoripullorum
Flavobacterium jumunjinense,Flavobacterium jumunjinense
Agrococcus casei,Agrococcus casei
Sulfurovum zhangzhouensis,Sulfurovum zhangzhouensis
Chryseobacterium luquanense,Chryseobacterium luquanense
Hymenobacter arizonensis,Hymenobacter arizonensis
Aestuariivivens insulae,Aestuariivivens insulae
Janthinobacterium fluminis,Janthinobacterium fluminis
Iodidimonas nitroreducens,Iodidimonas nitroreducens
Entomospira entomophila,Entomospira entomophila
Pararoseomonas sp.,Roseomonas sp037040815
Consotaella salsifontis,Consotaella salsifontis
Nevskia ramosa,Nevskia ramosa
Subterrananammoxibius californiae,Subterrananammoxibius californiae
Endozoicomonas euniceicola,Endozoicomonas_A euniceicola
Marinomonas balearica,Marinomonas balearica
Cryptoclostridium obscurum,Cryptoclostridium obscurum
Algoriphagus sanaruensis,Algoriphagus sanaruensis
Rheinheimera metallidurans,Rheinheimera metallidurans
Lentiprolixibacter aurantiacus,Lentiprolixibacter aurantiacus
Marinobacter similis,Marinobacter similis
Fredinandcohnia aciditolerans,Ferdinandcohnia aciditolerans
Pseudomonas shirazensis,Pseudomonas_E shirazensis
Rhodohalobacter sulfatireducens,Rhodohalobacter sulfatireducens
Paenibacillus shirakamiensis,Fontibacillus shirakamiensis
bacterium UBP3_UBA6266,UBA6266 sp002440765
Saccharopolyspora phatthalungensis,Saccharopolyspora phatthalungensis
Pediococcus stilesii,Pediococcus stilesii
uncultured OM43,BACL14 sp902558495
Cohnella silvisoli,Cohnella silvisoli
Indiicoccus explosivorum,Indiicoccus explosivorum
Acinetobacter boissieri,Acinetobacter boissieri
Paracoccus fontiphilus,Paracoccus fontiphilus
Asaia lannensis,Asaia lannensis
Aurantiacibacter luteus,Aurantiacibacter luteus
Frateuria edaphi,Frateuria_A edaphi
Nonomuraea jabiensis,Nonomuraea jabiensis
Nocardia pseudovaccinii,Nocardia pseudovaccinii
Labedella phragmitis,Labedella phragmitis
Undibacterium pigrum,Undibacterium pigrum
Zobellia roscoffensis,Zobellia roscoffensis
Chitinophaga rupis,Chitinophaga rupis
Bacteroides ndongoniae,Bacteroides ndongoniae
Mycoplasma haematobovis,Eperythrozoon_B haematobovis
Nocardia barduliensis,Nocardia barduliensis
Mongoliibacter ruber,Mongoliibacter ruber
Staphylospora marina,Staphylospora marina
Paenibacillus marchantiae,Paenibacillus marchantiae
Motiliproteus coralliicola,Motiliproteus coralliicola
Caldimonas tepidiphila,Caldimonas tepidiphila
Thalassotalea mangrovi,Thalassotalea_A mangrovi
Tengunoibacter tsumagoiensis,Tengunoibacter tsumagoiensis
Clostridium puniceum,Clostridium puniceum
Primorskyibacter sedentarius,Primorskyibacter sedentarius
Trichococcus alkaliphilus,Trichococcus alkaliphilus
Scatolibacter rhodanostii,Scatolibacter rhodanostii
Myroides guanonis,Flavobacterium guanonis
Campylobacter cuniculorum,Campylobacter_D cuniculorum
Bradyrhizobium agreste,Bradyrhizobium agreste
Photobacterium swingsii,Photobacterium swingsii
Sharpea porci,Sharpea porci
Streptomyces triticiradicis,Streptomyces triticiradicis
Micromonospora sonchi,Micromonospora sonchi
Paenibacillus farraposensis,Paenibacillus farraposensis
Geothermincolia bacterium,DYIU01 sp038326775
uncultured Xenococcaceae,Hyella sp937996665
Hymenobacter jeongseonensis,Hymenobacter jeongseonensis
bacterium UBP8_UBA7816,UBA817 sp002296285
Achromobacter arsenitoxydans,Achromobacter arsenitoxydans
Bifidobacterium catulorum,Galliscardovia catulorum
Sulfomarinibacter sp.,Sulfomarinibacter sp041560205
uncultured Enteractinococcus,Yaniella helvetica_A
Autumnicola musiva,Autumnicola musiva
Gemmobacter denitrificans,Gemmobacter denitrificans
Sediminibacillus massiliensis,Sediminibacillus_A massiliensis
Mucilaginibacter terrigena,Mucilaginibacter terrigena
Halomonas organivorans,Halomonas organivorans
Coprenecus stercoravium,Coprenecus stercoravium
Desulfosporosinus meridiei,Desulfosporosinus meridiei
Prolixibacter denitrificans,Prolixibacter denitrificans
Streptococcus rupicaprae,Streptococcus rupicaprae
Rhizocola hellebori,Rhizocola hellebori
Kribbella rubisoli,Kribbella rubisoli
Wenyingzhuangia heitensis,Wenyingzhuangia heitensis
Thermophilibacter immobilis,Thermophilibacter immobilis
Pseudomonas alvandae,Pseudomonas_E alvandae
Jeotgalibacillus salarius,Jeotgalibacillus salarius
Arsukibacterium ikkense,Arsukibacterium ikkense
Micromonospora mirobrigensis,Micromonospora mirobrigensis
Thiobacillus thioparus,Thiobacillus thioparus
Micromonospora ferruginea,Micromonospora ferruginea
Luteimonas lutimaris,Luteimonas lutimaris
Shewanella polaris,Shewanella polaris
Timburyella stercoris,Timburyella stercoris
Spiroplasma floricola,Spiroplasma_A floricola
Streptococcus troglodytae,Streptococcus troglodytae
Chamaesiphon polymorphus,Chamaesiphon polymorphus
Bifidobacterium platyrrhinorum,Bifidobacterium platyrrhinorum
Flagellimonas alvinocaridis,Flagellimonas alvinocaridis
Micromonospora alfalfae,Micromonospora alfalfae
Lernaella stagnicola,Lernaella stagnicola
Vreelandella maris,Vreelandella maris
Corynebacterium hiratae,Corynebacterium hiratae
Sphingomonas agri,Sphingomicrobium agri
Actinopolyspora erythraea,Actinopolyspora erythraea
Thermosediminibacteraceae bacterium,JAKKUQ01 sp021890755
Croceibacterium aestuarii,Croceibacterium aestuarii
Aromatoleum aromaticum,Aromatoleum aromaticum
Carnobacterium iners,Carnobacterium_A iners
Pelagirhabdus alkalitolerans,Pelagirhabdus alkalitolerans
Flavobacterium agri,Flavobacterium agri
Vreelandella janggokensis,Vreelandella janggokensis
Litoreibacter meonggei,Litoreibacter meonggei
Mycolicibacterium pyrenivorans,Mycobacterium pyrenivorans
Phytoplasma phoenicium,Phytoplasma phoenicium
Rheinheimera salexigens,Rheinheimera salexigens
Brevibacterium oceani,Brevibacterium oceani
Phosphoribacter baldrii,Phosphoribacter baldrii
Chitinophaga horti,Chitinophaga horti
Cellulomonas fengjieae,Cellulomonas fengjieae
Roseisolibacter agri,Roseisolibacter agri
Buttiauxella izardii,Buttiauxella izardii
Streptomyces olindensis,Streptomyces olindensis
Streptomyces fuscus,Streptomyces fuscus
Parvibaculum sedimenti,Parvibaculum sedimenti
Polynucleobacter wuianus,Polynucleobacter wuianus
Helicobacter avicola,Helicobacter_F avicola
Agathobaculum stercoravium,Agathobaculum stercoravium
Lysinibacillus halotolerans,Ureibacillus halotolerans
Microbacterium panaciterrae,Microbacterium panaciterrae
Curtobacterium aurantiacum,Curtobacterium aurantiacum
Marinobacter panjinensis,Marinobacter panjinensis
Luteimonas lumbrici,Cognatiluteimonas lumbrici
Pseudaestuariivita rosea,Sulfitobacter_F rosea
Faecalibacterium avium,Faecalibacterium avium
Aequorivita vladivostokensis,Aequorivita vladivostokensis
Mycoplasma haemofelis,Eperythrozoon_B haemofelis
Thiocapsa bogorovii,Thiocapsa bogorovii
Rhabdothermincola sp.,Rhabdothermincola sp036846205
Catelliglobosispora koreensis,Catelliglobosispora koreensis
Myceligenerans salitolerans,Myceligenerans salitolerans
Planosporangium thailandense,Planosporangium thailandense
Desulfoluna sp.,Desulfoluna sp030145185
Oleiphilus sp.,PZPK01 sp006212045
Pseudomonas berkeleyensis,Pseudomonas_E berkeleyensis
Paenibacillus profundus,Paenibacillus_B profundus
Pseudoflavonifractor intestinihominis,Pseudoflavonifractor intestinihominis
Streptomyces lilacinus,Streptomyces lilacinus
Brucella ciceri,Brucella intermedia
Cyanaurora vandensis,Cyanaurora vandensis
Bdellovibrio reynosensis,Bdellovibrio reynosensis
Tepidimonas charontis,Tepidimonas charontis
Rosenbergiella metrosideri,Rosenbergiella metrosideri
Chryseobacterium tructae,Chryseobacterium tructae
Acetobacter fallax,Acetobacter fallax
Limisphaera ngatamarikiensis,Limisphaera ngatamarikiensis
Desulfitobacterium dehalogenans,Desulfitobacterium dehalogenans
Roseospira goensis,Rhodospira goensis
Blautia stercoravium,Blautia stercoravium
Deinococcus peraridilitoris,Deinococcus_A peraridilitoris
Nocardia acididurans,Nocardia acididurans
Glaciecola petra,Glaciecola petra
Dyella amyloliquefaciens,Dyella amyloliquefaciens
Jiangella alba,Jiangella alba
Aquirufa regiilacus,Aquirufa regiilacus
Pandoraea terrigena,Pandoraea terrigena
Paraburkholderia phosphatilytica,Paraburkholderia phosphatilytica
Streptomyces spiroverticillatus,Streptomyces spiroverticillatus
Pseudoalteromonas ostreae,Pseudoalteromonas ostreae
Bryobacter aggregatus,Bryobacter aggregatus
Massilibacillus sp.,Massilibacillus sp029240055
uncultured Umboniibacter,Umboniibacter sp947497555
Terrimicrobium sacchariphilum,Terrimicrobium sacchariphilum
Halolactibacillus alkaliphilus,Halolactibacillus alkaliphilus
Lactimicrobium sp.,Bulleidia sp036453445
Mesoplasma coleopterae,Mesoplasma coleopterae
Rhizobium chutanense,Rhizobium chutanense
Ferriphaselus amnicola,Ferriphaselus amnicola
Prolinoborus fasciculus,Acinetobacter fasciculus
Necropsobacter rosorum,Necropsobacter rosorum
Neobacillus rhizophilus,Neobacillus rhizophilus
Commensalibacter nepenthis,Commensalibacter nepenthis
Streptomyces spirodelae,Streptomyces spirodelae
Dyella halodurans,Dyella halodurans
Orbus hercynius,Orbus hercynius
Mesosutterella porci,Mesosutterella porci
Salinimicrobium tongyeongense,Salinimicrobium tongyeongense
Bacillus pretiosus,Bacillus_A wiedmannii
Arenimonas oryziterrae,Arenimonas oryziterrae
Limnoglobus roseus,Limnoglobus roseus
Sporosarcina jeotgali,Sporosarcina jeotgali
Collimonas silvisoli,Collimonas silvisoli
Photobacterium indicum,Photobacterium indicum
Virgibacillus indicus,Virgibacillus indicus
Oceaniovalibus sp.,Oceaniglobus sp008085915
Pedobacter namyangjuensis,Pedobacter namyangjuensis
Actinomadura litoris,Spirillospora litoris
Knoellia locipacati,Knoellia locipacati
Thalassovita litoralis,Thalassobius litoralis
Daejeonella oryzae,Daejeonella oryzae
Rudaea cellulosilytica,Rudaea cellulosilytica
Mediterraneibacter caccavium,Mediterraneibacter caccavium
Christiangramia oceanisediminis,Christiangramia oceanisediminis
Desertivirga xinjiangensis,Desertivirga xinjiangensis
Fournierella pullistercoris,Fournierella pullistercoris
Bacillus salipaludis,Neobacillus salipaludis
Mucilaginibacter robiniae,Mucilaginibacter robiniae
Gluconacetobacter dulcium,Gluconacetobacter dulcium
Flavimarina sp.,Leeuwenhoekiella sp000733945
Cupriavidus numazuensis,Cupriavidus numazuensis
Thiothrix fructosivorans,Thiothrix fructosivorans
Flavobacterium macacae,Flavobacterium macacae
Thermoanaerobacter kivui,Thermoanaerobacter kivui
Rheinheimera oceanensis,Rheinheimera oceanensis
Pseudonocardia ammonioxydans,Pseudonocardia ammonioxydans
Raoultibacter phocaeensis,Raoultibacter phocaeensis
Flagellimonas spongiicola,Flagellimonas spongiicola
Lactococcus reticulitermitis,Lactococcus_A reticulitermitis
Parabacteroides segnis,Parabacteroides segnis
Pullulanibacillus camelliae,Pullulanibacillus camelliae
Allosphingosinicella indica,Allosphingosinicella indica
Arthrobacter zhangbolii,Arthrobacter_B zhangbolii
Nakamurella silvestris,Nakamurella silvestris
Vulcaniibacterium tengchongense,Vulcaniibacterium tengchongense
Spirulinaceae cyanobacterium,JAAUTY01 sp012031265
Alloiococcus sp.,Alloiococcus sp035301245
Brachybacterium nesterenkovii,Brachybacterium nesterenkovii
Maccoya intestinihominis,Maccoya intestinihominis
Chondrocystis sp.,Waterburya sp002368355
Nocardioides aequoreus,Marmoricola aequoreus
Poseidonocella sp.,Mangrovicoccus sp005870025
Nonomuraea turkmeniaca,Nonomuraea turkmeniaca
Alishewanella jeotgali,Alishewanella jeotgali
Mangrovibacter phragmitis,Mangrovibacter phragmitis
Sulfitobacter pacificus,Sulfitobacter pacificus
uncultured Rhodospira,Rhodospira sp937138205
Virgibacillus natechei,Virgibacillus natechei
Pseudohongiella acticola,Pseudohongiella acticola
Desulfonatronaceae bacterium,Desulfonatronum sp002299865
Pseudomonas faucium,Pseudomonas_E faucium
Pararoseomonas indoligenes,Roseomonas indoligenes
Salinicoccus jeotgali,Salinicoccus jeotgali
Saccharopolyspora spinosporotrichia,Saccharopolyspora_D erythraea
Brevundimonas huaxiensis,Brevundimonas huaxiensis
Chelonobacter oris,Chelonobacter oris
Flavobacterium denitrificans,Flavobacterium denitrificans
Nocardia ninae,Nocardia ninae
Bacteroides galacturonicus,Lachnospira rogosae
Flagellimonas flava,Flagellimonas flava
Thermotalea metallivorans,Thermotalea metallivorans
Campylobacter subantarcticus,Campylobacter_D subantarcticus
Rouxiella aceris,Rouxiella aceris
Thalassotalea loyana,Thalassotalea_G loyana
Streptomyces gulbargensis,Streptomyces gulbargensis
Gulosibacter hominis,Gulosibacter hominis
Sphingomonas palmae,Sphingomonas palmae
Mediterraneibacter faecigallinarum,Mediterraneibacter faecigallinarum
Blautia equi,Blautia_A equi
Altererythrobacter palmitatis,Alteraurantiacibacter_A palmitatis
Caloranaerobacter ferrireducens,Caloranaerobacter ferrireducens
Flavihumibacter rivuli,Flavihumibacter rivuli
Borreliella spielmanii,Borreliella spielmanii
Epilinea brevis,Epilinea brevis
Mesoplasma tabanidae,Mesoplasma tabanidae
Rhizorhabdus argentea,Rhizorhabdus argentea
Tersicoccus phoenicis,Tersicoccus phoenicis
Pelodictyon phaeoclathratiforme,Chlorobium phaeoclathratiforme
Pseudoroseicyclus sp.,Pseudoroseicyclus_A sp041714655
Silanimonas lenta,Silanimonas lenta
Helcococcus kunzii,Helcococcus kunzii
Deinococcus planocerae,Deinococcus planocerae
Spirochaeta isovalerica,Spirochaeta_F isovalerica
Nostocoides australiense,Nostocoides_A australiense
Serpentinimonas barnesii,Serpentinimonas barnesii
Lederbergia citri,Lederbergia_A citri
Nostoc indistinguendum,Nostoc indistinguendum
Deinococcus deserti,Deinococcus deserti
Paenibacillus zeisoli,Fontibacillus zeisoli
Arthrobacter ruber,Arthrobacter_D ruber
Lampropedia cohaerens,Lampropedia cohaerens
Halothermothrix orenii,Halothermothrix orenii
Nocardioides aromaticivorans,Nocardioides aromaticivorans
Pseudomonas wadenswilerensis,Pseudomonas_E wadenswilerensis
Methylobacillus gramineus,Methylobacillus gramineus
Methylophaga sulfidovorans,Methylophaga sulfidovorans
Sphingomonas horti,Sphingomonas_B horti
Flavobacterium gillisiae,Flavobacterium gillisiae
Homoserinibacter gongjuensis,Homoserinibacter gongjuensis
Bifidobacterium cuniculi,Bifidobacterium cuniculi
uncultured Rhodobium,Rhodobium sp963675285
Leucobacter edaphi,Leucobacter edaphi
Paenibacillus oryzae,Pristimantibacillus oryzae
Chryseobacterium piscicola,Chryseobacterium piscicola
Lacticaseibacillus parakribbianus,Lacticaseibacillus parakribbianus
Calderihabitans maritimus,Calderihabitans maritimus
Nesterenkonia stercoripullorum,Nesterenkonia stercoripullorum
Cloacibacterium rupense,Cloacibacterium rupense
Actinomadura chibensis,Spirillospora chibensis
Sphingobacterium lumbrici,Sphingobacterium lumbrici
Pseudomonas sessilinigenes,Pseudomonas_E sessilinigenes
Edaphovirga cremea,Edaphovirga cremea
Luteimonas weifangensis,Cognatiluteimonas weifangensis
Nocardioides eburneiflavus,Nocardioides eburneiflavus
Mycolicibacter icosiumassiliensis,Mycobacterium icosiumassiliensis
Oceanipulchritudo coccoides,Oceanipulchritudo coccoides
uncultured Piscinibacter,Piscinibacter sp937952055
Tessaracoccus palaemonis,Arachnia palaemonis
Gallionella capsiferriformans,Gallionella capsiferriformans
Xylanimonas protaetiae,Xylanimonas protaetiae
Actinomadura logoneensis,Spirillospora logoneensis
Fermentithermobacillus carboniphilus,Fermentithermobacillus carboniphilus
Nocardioides currus,Nocardioides currus
Chryseobacterium salivictor,Kaistella salivictor
Streptomyces amritsarensis,Streptomyces amritsarensis
Lapidilactobacillus achengensis,Lapidilactobacillus achengensis
Rubricella aquisinus,Rubricella aquisinus
Marinobacter lutaoensis,Marinobacter lutaoensis
Minisyncoccus archaeophilus,Minisyncoccus archaeophilus
Chitinophaga hostae,Chitinophaga hostae
Mycobacterium rhizamassiliense,Mycobacterium rhizamassiliense
Marinimicrobium alkaliphilum,Marinimicrobium_A alkaliphilum
Peribacillus saganii,Peribacillus_A saganii
Fuscovulum blasticum,Fuscovulum blasticum
Thermotaleaceae bacterium,Geosporobacter sp040797825
uncultured Petrotoga,UBA5851 sp937871925
Desulfosalsimonas sp.,Desulfosalsimonas sp041685965
Cytobacillus massiliigabonensis,Cytobacillus massiliigabonensis
Chryseobacterium aurantiacum,Chryseobacterium aurantiacum
Chryseobacterium taiwanense,Chryseobacterium taiwanense
Loktanella gaetbuli,Loktanella gaetbuli
Novosphingobium clariflavum,Novosphingobium clariflavum
Pararhizobium haloflavum,Georhizobium haloflavum
Filimonas effusa,Filimonas effusa
Geomonas silvestris,Geomonas silvestris
uncultured Desulfotomaculum,Desulfotomaculum sp946411205
Acinetobacter wanghuae,Acinetobacter wanghuae
Erwinia phyllosphaerae,Erwinia phyllosphaerae
Monoglobales bacterium,RGIG7450 sp041678125
uncultured Desulfococcus,Desulfococcus sp913060435
Corynebacterium lowii,Corynebacterium lowii
Epilithonimonas mollis,Epilithonimonas mollis
Halarcobacter ebronensis,Halarcobacter ebronensis
Flagellimonas oceani,Flagellimonas oceani
Sporomusa malonica,Sporomusa malonica
Negativibacillus faecipullorum,Negativibacillus faecipullorum
Microlunatus soli,Microlunatus_A soli
Gluconobacter roseus,Gluconobacter roseus
Actinomyces capricornis,Actinomyces capricornis
Arcanobacterium bovis,Arcanobacterium_A bovis
Demequina silvatica,Demequina silvatica
Lentilactobacillus kribbianus,Lentilactobacillus kribbianus
Pseudotabrizicola alkalilacus,Pseudotabrizicola alkalilacus
Streptosporangium sandarakinum,Streptosporangium nondiastaticum
Corynebacterium canis,Corynebacterium canis
Hoyosella subflava,Hoyosella subflava
Desulfosporosinus fructosivorans,Desulfosporosinus fructosivorans
Ramlibacter monticola,Ramlibacter monticola
Christiangramia sediminis,Christiangramia sediminis
Geomonas ferrireducens,Geomonas ferrireducens
Rhodopseudomonas rhenobacensis,Rhodopseudomonas_A rhenobacensis
Equimonas faecalis,Alloprevotella faecalis
Porifericola rhodea,Catalinimonas rhodea
Sphingomonas sabuli,Sphingomicrobium sabuli
Cerina litoralis,Sediminicola litoralis
Streptomyces olivoverticillatus,Streptomyces olivoverticillatus
Hephaestia mangrovi,Sphingomonas mangrovi
Acinetobacter pullicarnis,Acinetobacter pullicarnis
Paraburkholderia piptadeniae,Paraburkholderia piptadeniae
Hafnia psychrotolerans,Ewingella psychrotolerans
Methylobacterium nodulans,Methylobacterium nodulans
Komagataeibacter medellinensis,Komagataeibacter medellinensis
Corynebacterium occultum,Corynebacterium occultum
Mangrovitalea sediminis,Mangrovitalea sediminis
Mycolicibacterium wolinskyi,Mycobacterium wolinskyi
Paenibacillus lemnae,Paenibacillus lemnae
Microbacterium halotolerans,Microbacterium halotolerans
Sporichthya sp.,Sporichthya sp013815995
Mycoplasma phocae,Metamycoplasma phocae
Metamycoplasma neophronis,Metamycoplasma neophronis
Hyphomonas jannaschiana,Hyphomonas jannaschiana
Nitrincola alkalilacustris,Nitrincola alkalilacustris
Photobacterium andalusiense,Photobacterium aquimaris
Nocardia niwae,Nocardia niwae
Mucilaginibacter phenanthrenivorans,Mucilaginibacter phenanthrenivorans
Bradyrhizobium xenonodulans,Bradyrhizobium xenonodulans
Sanguibacter massiliensis,Flavimobilis massiliensis
Desulfatitalea alkaliphila,Desulfatitalea alkaliphila
Rhodopseudomonas boonkerdii,Tardiphaga boonkerdii
Kitasatospora humi,Kitasatospora humi
Silvimonas soli,Silvimonas soli
Sphaerotilus mobilis,Sphaerotilus mobilis
Streptomyces fagopyri,Streptomyces fagopyri
Muriicola soli,Muriicola soli
Lacticaseibacillus brantae,Lacticaseibacillus brantae
Photobacterium lutimaris,Photobacterium lutimaris
Paenibacillus cymbidii,Paenibacillus_AN cymbidii
Xenorhabdus yunnanensis,Xenorhabdus yunnanensis
Saprospira sp.,Saprospira sp028464065
Mucilaginibacter pineti,Mucilaginibacter pineti
Enterovibrio nigricans,Enterovibrio nigricans
Massilia agri,Telluria agri
Actinomycetospora flava,Actinomycetospora flava
Acidiluteibacter ferrifornacis,Acidiluteibacter ferrifornacis
Chryseobacterium gwangjuense,Chryseobacterium gwangjuense
Arenibacter latericius,Arenibacter latericius
Halomonas almeriensis,Halomonas almeriensis
Brotonthovivens ammoniilytica,Brotonthovivens ammoniilytica
Clostridium scatologenes,Clostridium_AM scatologenes
Microbacterium marinilacus,Microbacterium marinilacus
Dwaynia gallinarum,Dwaynesavagella gallinarum
Oceanicaulis alexandrii,Oceanicaulis alexandrii
Rhizobium acidisoli,Rhizobium acidisoli
Chimaeribacter californicus,Chimaeribacter californicus
Flagellimonas okinawensis,Flagellimonas okinawensis
Bacteroides intestinigallinarum,Bacteroides intestinigallinarum
Klebsiella indica,Klebsiella indica
Uruburuella suis,Neisseria suis
Frateuria defendens,Frateuria_B defendens
Actinoplanes sandaracinus,Actinoplanes sandaracinus
Chryseobacterium luteum,Chryseobacterium luteum
Vespertiliibacter pulmonis,Vespertiliibacter pulmonis
Actinomyces qiguomingii,Actinomyces qiguomingii
Desulfobulbus rhabdoformis,Desulfobulbus rhabdoformis
Prauserella flavalba,Prauserella_A flavalba
Secundilactobacillus similis,Secundilactobacillus similis
Thermanaeromonas toyohensis,Thermanaeromonas toyohensis
Sulfurihydrogenibium azorense,Sulfurihydrogenibium azorense
Haloechinothrix halophila,Haloechinothrix_A halophila
Amphibacillus indicireducens,Amphibacillus indicireducens
Christiangramia lutea,Christiangramia lutea
Marinobacter halophilus,Marinobacter halophilus
Levilactobacillus andaensis,Levilactobacillus andaensis
Polynucleobacter ibericus,Polynucleobacter ibericus
Sphingomonas segetis,Sphingomicrobium segetis
Novosphingobium beihaiensis,Novosphingobium beihaiensis
Mediterraneibacter norfolkensis,Mediterraneibacter norfolkensis
Joostella atrarenae,Galbibacter atrarenae
Protaetiibacter intestinalis,Homoserinibacter intestinalis
Aureimonas leprariae,Aureimonas_A leprariae
Polynucleobacter paludilacus,Polynucleobacter paludilacus
Egerieimonas faecigallinarum,Egerieimonas_A faecigallinarum
bacterium 42_11,42-11 sp001508835
Bartonella alsatica,Bartonella alsatica
Lacrimispora algidixylanolytica,Lacrimispora algidixylanolytica
Pandoraea novymonadis,Pandoraea novymonadis
Alteraurantiacibacter aquimixticola,Alteraurantiacibacter aquimixticola
Alteraurantiacibacter aestuarii,Alteraurantiacibacter aestuarii
Paraburkholderia monticola,Paraburkholderia monticola
Ureibacillus massiliensis,Ureibacillus massiliensis
Sneathiellaceae bacterium,JAVJON01 sp040216765
Methylophosphatis haderslevensis,Methylophosphatis haderslevensis
Vibrio salilacus,Vibrio salilacus
Photobacterium arenosum,Photobacterium arenosum
Eisenibacter elegans,Eisenibacter elegans
bacterium CG_4_10_14_0_2_um_filter_48_144,UBA1544 sp002774425
Reichenbachiella faecimaris,Reichenbachiella faecimaris
Paenibacillus ferrarius,Paenibacillus_E ferrarius
Pseudoalteromonas mariniglutinosa,Pseudoalteromonas haloplanktis
Afipia birgiae,Afipia birgiae
Inhella proteolytica,Inhella proteolytica
Pontibacter indicus,Pontibacter indicus
Corynebacterium pollutisoli,Corynebacterium pollutisoli
Mangrovibacterium lignilyticum,Mangrovibacterium lignilyticum
Georgenia thermotolerans,Georgenia thermotolerans
Carnobacterium funditum,Carnobacterium_A funditum
Methylotuvimicrobium alcaliphilum,Methylotuvimicrobium alcaliphilum
Fervidobacterium nodosum,Fervidobacterium nodosum
Paraneptunicella sp.,Paraneptunicella sp964228975
Veillonella criceti,Veillonella_A criceti
Nocardia vermiculata,Nocardia vermiculata
Amorphus orientalis,Amorphus orientalis
Christiangramia echinicola,Christiangramia echinicola
Psychrobacillus faecigallinarum,Psychrobacillus faecigallinarum
Lentzea kristufekii,Lentzea kristufekii
Algoriphagus vanfongensis,Algoriphagus vanfongensis
uncultured Paludibaculum,Paludibaculum sp963665245
Nesterenkonia xinjiangensis,Nesterenkonia xinjiangensis
Mesorhizobium denitrificans,Mesorhizobium_G denitrificans
Ichthyocystis hellenicum,Ichthyocystis hellenicum
Silvimonas terrae,Silvimonas terrae
Corynebacterium faecipullorum,Corynebacterium faecipullorum
Manganitrophus noduliformans,Manganitrophus noduliformans
uncultured Thermoanaerobaculum,Thermoanaerobaculum sp937934115
Runella salmonicolor,Runella salmonicolor
Pontibacter korlensis,Pontibacter korlensis
Aurantimicrobium photophilum,Aurantimicrobium photophilum
Nocardiopsis changdeensis,Nocardiopsis changdeensis
Leptospira brenneri,Leptospira_A brenneri
Niastella koreensis,Niastella koreensis
Streptomyces gossypiisoli,Streptomyces gossypiisoli
Ancylobacter gelatini,Ancylobacter gelatini
Ciceribacter naphthalenivorans,Allorhizobium naphthalenivorans
Roseovarius albus,Roseovarius albus
Aliterella atlantica,Aliterella atlantica
Nocardioides antri,Nocardioides antri
Chitinophaga skermanii,Chitinophaga skermanii
Thermokryptus sp.,Kryptonium sp028276305
bacterium UBP2_UBA4780,UBA8901 sp002403115
Dyella mobilis,Dyella_B mobilis
Tautonia sp.,Tautonia sp040717455
Persebacter sydneyensis,Persebacter sydneyensis
Fibrivirga algicola,Fibrella algicola
Ramlibacter humi,Ramlibacter humi
Azophilus lithoversatilis,Azophilus lithoversatilis
Motilibacter peucedani,Motilibacter peucedani
Lacticaseibacillus songhuajiangensis,Lacticaseibacillus songhuajiangensis
Sulfidibacter corallicola,Sulfidibacter corallicola
Kineococcus glutinatus,Kineococcus_A glutinatus
Emticicia oligotrophica,Emticicia oligotrophica
Bacteroides gallinarum,Bacteroides gallinarum
Neoroseomonas oryzicola,Neoroseomonas oryzicola
uncultured Rubinisphaera,Rubinisphaera sp002359185
Nocardioides piscis,Nocardioides piscis
Peptacetobacter hominis,Peptacetobacter hominis
Arthrobacter cheniae,Arthrobacter_D cheniae
Oscillochloris fontis,Oscillochloris fontis
Ahniella sp.,Ahniella sp016712105
Nocardiopsis merdipullorum,Nocardiopsis merdipullorum
Ndongobacter sp.,Ndongobacter sp023393715
Erythrobacter tepidarius,Erythrobacter tepidarius
Geothermobacteraceae bacterium,DATFMT01 sp035266745
Maribacter aestuarii,Maribacter aestuarii
Curvibacter gracilis,Curvibacter gracilis
Jiella flava,Jiella flava
Paracoccus tibetensis,Paracoccus tibetensis
Mesomycoplasma bovoculi,Mesomycoplasma bovoculi
Thalassotalea insulae,Thalassotalea_E insulae
Streptomyces albipurpureus,Streptomyces albipurpureus
Methyloceanibacter stevinii,Methyloceanibacter stevinii
Anaerosporobacter faecicola,Anaerosporobacter faecicola
Celeribacter persicus,Celeribacter persicus
Microbulbifer celer,Microbulbifer celer
Chitinophaga flava,Chitinophaga flava
Hypnocyclicus thermotrophus,Hypnocyclicus thermotrophus
Coprococcus intestinihominis,Coprococcus_A intestinihominis
Cryobacterium suzukii,Cryobacterium suzukii
Nocardia noduli,Nocardia noduli
Roseibacterium beibuensis,Roseibacterium beibuensis
Mangrovibacterium marinum,Mangrovibacterium marinum
Gracilibacillus salitolerans,Gracilibacillus salitolerans
Arcobacter lacus,Aliarcobacter lacus
Caballeronia choica,Caballeronia choica
Dyadobacter luticola,Dyadobacter luticola
Pseudidiomarina donghaiensis,Pseudidiomarina donghaiensis
Rickettsiella massiliensis,Diplorickettsia massiliensis
Halomonas garicola,Vreelandella garicola
Thermophilibacter sp.,Thermophilibacter sp002159495
Pandoraea pneumonica,Pandoraea pneumonica
Desulfolutivibrio sp.,Desulfolutivibrio sp036584575
Micromonospora orduensis,Micromonospora orduensis
Spartinivicinus marinus,Spartinivicinus marinus
Chryseobacterium gregarium,Chryseobacterium gregarium
Sphingomicrobium astaxanthinifaciens,Sphingomicrobium astaxanthinifaciens
Necropsobacter massiliensis,Necropsobacter massiliensis
Faecousia faecavium,Faecousia faecavium
Faecivivens stercoravium,Faecivivens stercoravium
Sphingomonas aliaeris,Sphingomonas aliaeris
Bosea lathyri,Bosea lathyri
Acuticoccus mangrovi,Acuticoccus mangrovi
Scatoplasma merdavium,Scatoplasma merdavium
Aliiroseovarius sediminis,Aliiroseovarius sediminis
Metasolibacillus fluoroglycofenilyticus,Metasolibacillus fluoroglycofenilyticus
Chlorobium masyuteum,Chlorobium masyuteum
Falsigemmobacter faecalis,Wagnerdoeblera faecalis
Selenomonas infelix,Centipeda infelix
Oryzihumus leptocrescens,Oryzihumus leptocrescens
Phosphitispora fastidiosa,Phosphitispora fastidiosa
Halobacillus salinarum,Halobacillus salinarum
Gemmatimonas groenlandica,Gemmatimonas groenlandica
Luteolibacter rhizosphaerae,Haloferula rhizosphaerae
Luteimonas marina,Luteimonas marina
Soleaferrea massiliensis,Soleaferrea massiliensis
Cohnella zeiphila,Cohnella zeiphila
Spongiibacter pelagi,Spongiibacter_C pelagi
Vibrio mytili,Vibrio mytili
Solihabitans fulvus,Solihabitans fulvus
Puniceibacterium sediminis,Puniceibacterium sediminis
Leptospira montravelensis,Leptospira_A montravelensis
Papillibacter cinnamivorans,Papillibacter cinnamivorans
Arcicella gelida,Arcicella gelida
Amycolatopsis methanolica,Amycolatopsis methanolica
Coriobacterium glomerans,Coriobacterium glomerans
Chitinophaga niastensis,Chitinophaga niastensis
Glycomyces arizonensis,Glycomyces arizonensis
Streptococcus henryi,Streptococcus henryi
Neobacillus muris,Neobacillus muris
Microscilla marina,Microscilla marina
Nonlabens agnitus,Nonlabens agnitus
Sinomicrobium oceani,Sinomicrobium oceani
Rubinisphaera margarita,Rubinisphaera margarita
Xenorhabdus santafensis,Xenorhabdus santafensis
Pseudomonas mucoides,Pseudomonas_E mucoides
Leeuwenhoekiella aequorea,Leeuwenhoekiella aequorea
Desulfocurvus vexinensis,Desulfocurvus vexinensis
Dyadobacter luteus,Dyadobacter luteus
Limosilactobacillus caccae,Limosilactobacillus caccae
uncultured Mameliella,Antarctobacter sp019392335
Sulfurifustis variabilis,Sulfurifustis variabilis
Oleiagrimonas citrea,Oleiagrimonas citrea
Enterococcus wangshanyuanii,Enterococcus wangshanyuanii
Deinobacterium chartae,Deinobacterium chartae
Ornithinibacillus contaminans,Paucisalibacillus contaminans
Luteimicrobium album,Luteimicrobium album
Arthrobacter alkaliphilus,Arthrobacter alkaliphilus
Methylocapsa acidiphila,Methylocapsa acidiphila
Nocardioides islandensis,Nocardioides islandensis
Arthrobacter sunyaminii,Arthrobacter_B sunyaminii
Sphingobacterium shayense,Sphingobacterium shayense
Uliginosibacterium sediminicola,Viridibacterium sediminicola
uncultured Acaryochloris,Acaryochloris sp937941595
Psychrobacillus glaciei,Psychrobacillus glaciei
Gordonia iterans,Gordonia iterans
Actinobacillus vicugnae,Actinobacillus vicugnae
Desulfitobacterium chlororespirans,Desulfitobacterium chlororespirans
Chloroflexus aggregans,Chloroflexus aggregans
Corynebacterium lipophilum,Corynebacterium pseudogenitalium
Rubellimicrobium aerolatum,Rubellimicrobium aerolatum
Microvirga mediterraneensis,Microvirga mediterraneensis
Accumulibacter jenkinsii,Accumulibacter jenkinsii
Gemmiger avium,Gemmiger_A avium
Pararhizobium arenae,Pararhizobium arenae
Mycoplasmopsis mucosicanis,Mycoplasmopsis mucosicanis
Paludicola sp.,Paludihabitans sp030908625
Paraburkholderia tuberum,Paraburkholderia tuberum
Andreprevotia sp.,Andreprevotia sp009848685
Amoebophilus asiaticus,Amoebophilus asiaticus
Desulfolinea nitratireducens,Desulfolinea nitratireducens
Mesorhizobium sophorae,Mesorhizobium sophorae
Pedobacter jejuensis,Pedobacter jejuensis
Marinilongibacter aquaticus,Jiulongibacter aquaticus
Pelolinea submarina,Pelolinea submarina
Burkholderia brachyanthoides,Caballeronia brachyanthoides
Paraburkholderia ginsengiterrae,Paraburkholderia ginsengiterrae
Massilia aquatica,Telluria aquatica
Curtobacterium ammoniigenes,Curtobacterium ammoniigenes
Flavobacterium algoritolerans,Flavobacterium algoritolerans
Actinacidiphila paucisporea,Actinacidiphila paucisporea
Ramlibacter aurantiacus,Ramlibacter aurantiacus
Aegicerativicinus sediminis,Aegicerativicinus sediminis
Phytoactinopolyspora endophytica,Phytoactinopolyspora endophytica
Amycolatopsis alkalitolerans,Amycolatopsis alkalitolerans
bacterium BMS3Abin15,BMS3ABIN15 sp002923195
Mycobacterium dioxanotrophicus,Mycobacterium dioxanotrophicus
Enterococcus viikkiensis,Enterococcus_A viikkiensis
Flavobacterium soyangense,Flavobacterium soyangense
Cryobacterium tepidiphilum,Cryobacterium tepidiphilum
Flavobacterium foetidum,Flavobacterium foetidum
Limosilactobacillus avium,Limosilactobacillus avium
Pontibacter harenae,Pontibacter harenae
Krasilnikoviella flava,Isoptericola flavus
Mycolicibacterium sediminis,Mycobacterium sediminis
Cellvibrio fibrivorans,Cellvibrio fibrivorans
Pontibacter russatus,Pontibacter russatus
Methylomonas rapida,Methylomonas rapida
Coliplasma caballi,Coliplasma caballi
Fictibacillus aquaticus,Fictibacillus aquaticus
Gemmobacter aestuarii,Gemmobacter_D aestuarii
Jiella pacifica,Jiella pacifica
Jannaschia seohaensis,Jannaschia seohaensis
Roseicella aquatilis,Paracraurococcus aquatilis
Rhodobacter aestuarii,Rhodobacter aestuarii
Tenebribacter mawsonii,Tenebribacter mawsonii
Hyphomicrobium album,Hyphomicrobium_A album
Devosia ureilytica,Devosia ureilytica
Sporosarcina highlanderae,Sporosarcina highlanderae
Puniceibacterium confluentis,Puniceibacterium confluentis
Ventrenecus avicola,Ventrenecus avicola
Pseudogemmobacter humi,Pseudogemmobacter humi
Thermosediminibacter oceani,Thermosediminibacter oceani
Brevundimonas lenta,Brevundimonas lenta
Manganitrophus morganii,Manganitrophus morganii
Avoscillospira stercorigallinarum,Avoscillospira stercorigallinarum
Streptomyces sindenensis,Streptomyces sindenensis
Physcocola equi,Physcocola equi
Roseococcus microcysteis,Roseococcus microcysteis
Kaiparowitsia implicata,Kaiparowitsia implicata
Streptacidiphilus albus,Streptacidiphilus albus
Amycolatopsis umgeniensis,Amycolatopsis umgeniensis
Silvimonas iriomotensis,Silvimonas iriomotensis
Polaribacter batillariae,Polaribacter batillariae
Edaphobacillus lindanitolerans,Bhargavaea lindanitolerans
Fluctibacter halophilus,Fluctibacter halophilus
Sphingomonas caeni,Sphingomonas caeni
uncultured Chiayiivirga,Denitratimonas sp934525595
Streptomyces koelreuteriae,Streptomyces koelreuteriae
Streptomyces avicenniae,Streptomyces avicenniae
Nocardioides soli,Nocardioides soli
Litchfieldella anticariensis,Litchfieldella anticariensis
Pengzhenrongella frigida,Pengzhenrongella frigida
Flavonifractor intestinigallinarum,Flavonifractor intestinigallinarum
Flavobacterium celericrescens,Flavobacterium celericrescens
Paracoccus marinaquae,Paracoccus marinaquae
Prevotella equi,Prevotella equi
Undibacterium griseum,Undibacterium griseum
Sinorhizobium shofinae,Sinorhizobium shofinae
Rhizobium mayense,Rhizobium mayense
Microcella daejeonensis,Microcella daejeonensis
Pseudothauera rhizosphaerae,Pseudothauera rhizosphaerae
Stigmatella erecta,Stigmatella erecta
Pseudomonas turukhanskensis,Pseudomonas_E turukhanskensis
Sporichthya polymorpha,Sporichthya polymorpha
Arenibacter aquaticus,Arenibacter aquaticus
Malacoplasma penetrans,Malacoplasma penetrans
Undibacterium piscinae,Undibacterium piscinae
Pseudomonas saudimassiliensis,Halopseudomonas saudimassiliensis
Larsenimonas suaedae,Larsenimonas suaedae
Bandiella woodruffii,NDG2 sp034359465
Ornithinimicrobium sufpigmenti,Serinicoccus sufpigmenti
Paraburkholderia sacchari,Paraburkholderia sacchari
Catenuloplanes sp.,DASVVF01 sp036386695
Pseudoduganella chitinolytica,Pseudoduganella chitinolytica
Nocardia australiensis,Nocardia australiensis
Rhodovibrio salinarum,Rhodovibrio salinarum
Salegentibacter echinorum,Salegentibacter echinorum
Thalassotalea sediminis,Thalassotalea_C sediminis
Flavobacterium fryxellicola,Flavobacterium fryxellicola
Roseisolibacter sp.,Roseisolibacter sp029211165
Ochrobactrum vermis,Brucella vermis
Georgenia ruanii,Georgenia ruanii
Mycobacterium seoulense,Mycobacterium seoulense
Streptomyces prasinopilosus,Streptomyces prasinopilosus
Symbioplanes lichenis,Actinoplanes lichenis
Parageobacillus thermantarcticus,Parageobacillus thermantarcticus
Chryseobacterium pennae,Chryseobacterium pennae
Nitratireductor luteus,Chelativorans luteus
Thermodesulfovibrio islandicus,Thermodesulfovibrio yellowstonii
Mycolicibacterium grossiae,Mycobacterium grossiae
Flavobacterium salilacus,Flavobacterium salilacus
Dyella choica,Dyella_B choica
Saccharimonas aalborgensis,Saccharimonas aalborgensis
Longibacter salinarum,Longibacter salinarum
Polycladomyces zharkentensis,Polycladomyces zharkentensis
Actinomadura rayongensis,Spirillospora rayongensis
Sphingomonas lacunae,Sphingopyxis lacunae
Nocardioides fonticola,Nocardioides fonticola
Pseudoalteromonas amylolytica,Pseudoalteromonas amylolytica
Streptomyces spiramenti,Streptomyces spiramenti
Jiella avicenniae,Jiella avicenniae
Colwellia asteriadis,Colwellia asteriadis
Peiella sedimenti,Brevundimonas sedimenti
Salegentibacter salegens,Salegentibacter salegens
Nonomuraea phyllanthi,Nonomuraea phyllanthi
Ornithospirochaeta avicola,Ornithospirochaeta avicola
Empedobacter sedimenti,Empedobacter sedimenti
Levilactobacillus wangkuiensis,Levilactobacillus wangkuiensis
Africanella massiliensis,Extibacter muris
Mycoplasma haematominutum,Eperythrozoon_A haematominutum
Flavivirga spongiicola,Flavivirga spongiicola
Borreliella mayonii,Borreliella mayonii
Thiothrix singaporensis,Thiothrix singaporensis
Shimazuella kribbensis,Shimazuella kribbensis
Bartonella harrusi,Bartonella harrusi
Demequina salsinemoris,Demequina salsinemoris
Streptantibioticus silvisoli,Streptantibioticus silvisoli
Propionigenium maris,Propionigenium maris
Pseudomonas maumuensis,Pseudomonas_E maumuensis
Duganella qianjiadongensis,Duganella qianjiadongensis
Cryptobacteroides equifaecalis,Cryptobacteroides equifaecalis
Metamycoplasma cloacale,Metamycoplasma cloacale
Bradyrhizobium hipponense,Bradyrhizobium hipponense
Acidipila rosea,Acidipila rosea
Nanchangia anserum,Nanchangia anserum
Nesterenkonia halotolerans,Nesterenkonia halotolerans
Sphingopyxis soli,Sphingopyxis soli
Flavobacterium psychrotolerans,Flavobacterium psychrotolerans
Nitrospirillum iridis,Nitrospirillum iridis
Caldicellulosiruptor hydrothermalis,Caldicellulosiruptor hydrothermalis
Pseudomonas abieticivorans,Pseudomonas_E abieticivorans
Herbidospora mongoliensis,Herbidospora mongoliensis
uncultured Luteitalea,Luteitalea sp934541105
Rugosibacter aromaticivorans,Rugosibacter aromaticivorans
Cryocola sp.,Leifsonia sp900100265
Hasllibacter halocynthiae,Hasllibacter halocynthiae
Aureicoccus marinus,Aureicoccus marinus
Pseudooceanicola aestuarii,Pseudooceanicola aestuarii
Carnobacterium alterfunditum,Carnobacterium_A alterfunditum
Marichromatium bheemlicum,Marichromatium bheemlicum
Pikeienuella piscinae,Pikeienuella piscinae
Rhizobium soli,Neorhizobium soli
Galbibacter marinus,Galbibacter marinus
Sphingomonas changnyeongensis,Sphingomonas_B changnyeongensis
Lentzea kentuckyensis,Lentzea kentuckyensis
Pseudarthrobacter psychrotolerans,Arthrobacter psychrotolerans
Hyunsoonleella aestuarii,Algibacter_D aestuarii
bacterium 1XD21-13,Laedolimicola sp009917555
Tolypothrix bouteillei,Scytonema bouteillei
Pseudophaeobacter flagellatus,Pseudophaeobacter flagellatus
Amphritea opalescens,Amphritea opalescens
Ornithoclostridium faecavium,Ornithoclostridium faecavium
Aequorivita aquimaris,Aequorivita aquimaris
Steroidobacter agaridevorans,Peristeroidobacter agaridevorans
Sphaerotilus montanus,Sphaerotilus montanus
Tessaracoccus lapidicaptus,Arachnia lapidicapta
Avilachnospira avicola,Avilachnospira avicola
Bombilactobacillus thymidiniphilus,Bombilactobacillus thymidiniphilus
Pseudomonas aylmerensis,Pseudomonas_E aylmerensis
Roseomonas aeriglobus,Sphingomonas aeriglobus
Thiovulum imperiosus,Thiovulum_A imperiosus
Thermaerobacter subterraneus,Thermaerobacter subterraneus
Cephaloticoccus capnophilus,Cephaloticoccus capnophilus
Lactococcus protaetiae,Lactococcus protaetiae
Blattabacteriaceae bacterium,DASQPV01 sp036390115
Chitinimonas viridis,Chitinimonas viridis
Sphingobium terrigena,Sphingobium terrigena
Flavobacterium kayseriense,Flavobacterium kayseriense
Sphingomonas montana,Sphingomonas_R montana
Urinicoccus massiliensis,Urinicoccus massiliensis
Nocardioides pini,Nocardioides pini
Paenibacillus athensensis,Paenibacillus_AL athensensis
Kribbella lupini,Kribbella lupini
Desulfoluna limicola,Desulfoluna limicola
Litoreibacter roseus,Litoreibacter roseus
uncultured Oligella,Oligella sp947632105
cyanobacterium PCC,Chlorogloeopsis sp000332255
Winogradskyella vincentii,Winogradskyella vincentii
Gluconobacter vitians,Gluconobacter vitians
Sphingobacterium litopenaei,Sphingobacterium litopenaei
Planococcus beigongshangi,Planococcus beigongshangi
Paenibacillus wulumuqiensis,Paenibacillus_J wulumuqiensis
Massilibacteroides vaginae,Massilibacteroides vaginae
Methylacidithermus pantelleriae,Methylacidithermus pantelleriae
Mangrovihabitans endophyticus,Actinoplanes endophyticus
Aliifodinibius sp.,JAMQKA01 sp031569985
Microbacterium commune,Microbacterium commune
Alteromonas marina,Alteromonas marina
Hymenobacter baengnokdamensis,Hymenobacter baengnokdamensis
Chitinophaga caeni,Chitinophaga caeni
uncultured Reichenbachiellaceae,CAXBNB01 sp963976505
Acidiphilium iwatense,Acidiphilium iwatense
Pantoea haifensis,Pantoea haifensis
Sulfurovum lithotrophicum,Sulfurovum lithotrophicum
Paraburkholderia antibiotica,Paraburkholderia antibiotica
Petralouisia muris,Petralouisia muris
Spirillospora albida,Spirillospora albida
Vreelandella zhanjiangensis,Vreelandella zhanjiangensis
Roseburia rectibacter,Roseburia rectibacter
Solidesulfovibrio aerotolerans,Solidesulfovibrio aerotolerans
Alkaliphilus hydrothermalis,Alkaliphilus hydrothermalis
Azospirillum ramasamyi,Azospirillum ramasamyi
Coprenecus pullistercoris,Coprenecus pullistercoris
Nocardioides endophyticus,Nocardioides endophyticus
uncultured Acetivibrio,Velocimicrobium sp949841225
Flagellimonas amoyensis,Flagellimonas amoyensis
Mucinivorans hirudinis,Mucinivorans hirudinis
Flagellimonas onchidii,Flagellimonas onchidii
Spirobacillus cienkowskii,Silvanigrella cienkowskii
Cyclonatronum sp.,Cyclonatronum sp020832405
Aliidiomarina quisquiliarum,Aliidiomarina quisquiliarum
Chitinophaga ginsengisoli,Chitinophaga ginsengisoli
Pseudaquidulcibacter saccharophilus,Pseudaquidulcibacter saccharophilus
Flammeovirga agarivorans,Flammeovirga agarivorans
Rubrimonas cliftonensis,Rubrimonas cliftonensis
Microbacterium fluvii,Microbacterium fluvii
Ruminimicrobiellum caprinum,Ruminimicrobiellum caprinum
Telmatocola sphagniphila,Telmatocola sphagniphila
Luteimonas chenhongjianii,Luteimonas chenhongjianii
Lactiplantibacillus modestisalitolerans,Lactiplantibacillus modestisalitolerans
Marivirga aurantiaca,Marivirga aurantiaca
Enterousia onthequi,Enterousia onthequi
Rheinheimera riviphila,Pararheinheimera riviphila
Curvibacter lanceolatus,Curvibacter lanceolatus
Shewanella mesophila,Shewanella mesophila
Borreliella lanei,Borreliella lanei
Massilia arenosa,Telluria arenosa
Ruegeria marisflavi,Ruegeria_B marisflavi
Nanoperiomorbaceae bacterium,GCA-016699895 sp016699895
Vibrio renipiscarius,Vibrio renipiscarius
uncultured Singulisphaera,SYLG01 sp963923115
Anaeroferrophillacea bacterium,JAFGAM01 sp016933675
Polymorphum gilvum,Polymorphum gilvum
Paraburkholderia acidisoli,Paraburkholderia acidisoli
Levilactobacillus senmaizukei,Levilactobacillus senmaizukei
Angustibacter sp.,Angustibacter sp001426435
Brevundimonas fluminis,Brevundimonas fluminis
Microbacterium aerolatum,Microbacterium aerolatum
Pseudogulbenkiania subflava,Pseudogulbenkiania subflava
Devosia salina,Devosia salina
Litoreibacter albidus,Litoreibacter albidus
Microbacterium kunmingense,Microbacterium kunmingense
Allofustis seminis,Allofustis seminis
Duganella phyllosphaerae,Duganella phyllosphaerae
Pantoea bituminis,Pantoea bituminis
Actinacidiphila acididurans,Actinacidiphila acididurans
Helicobacter turcicus,Helicobacter_D turcicus
Gillisia marina,Gillisia marina
Leucobacter triazinivorans,Leucobacter triazinivorans
Limobrevibacterium gyesilva,Limobrevibacterium gyesilva
Knoellia flava,Knoellia flava
Nakamurella antarctica,Nakamurella antarctica
Granulicoccus phenolivorans,Granulicoccus phenolivorans
Brocadia carolinensis,Brocadia carolinensis
Staphylococcus cornubiensis,Staphylococcus cornubiensis
Shewanella zhangzhouensis,Shewanella zhangzhouensis
Bacillus clarus,Bacillus_A clarus
Roseomonas fluvialis,Neoroseomonas fluvialis
Sporosarcina ureilytica,Sporosarcina ureilytica
uncultured Halopseudomonas,Halopseudomonas sp033852045
Sinorhizobium garamanticum,Sinorhizobium garamanticum
Geosporobacter ferrireducens,Geosporobacter ferrireducens
Gymnodinialimonas ceratoperidinii,Gymnodinialimonas ceratoperidinii
Mesobacillus campisalis,Bacillus_AZ campisalis
Paraoerskovia sediminicola,Sediminihabitans sediminicola
Cellulomonas wangsupingiae,Cellulomonas wangsupingiae
Sphaerisporangium rubeum,Sphaerisporangium rubeum
Actinomycetospora chlora,Actinomycetospora chlora
Clostridium manihotivorum,Clostridium_AR manihotivorum
Sphingomonas limnosediminicola,Sphingomicrobium limnosediminicola
Leucobacter japonicus,Leucobacter japonicus
Fulvimonas soli,Fulvimonas soli
Geobacillus genomosp.,Geobacillus sp000445995
Capillimicrobium parvum,Capillimicrobium parvum
Sulfurimonas xiamenensis,Sulfurimonas xiamenensis
Halobacillus salinus,Halobacillus salinus
Ruminimicrobium bovinum,Ruminimicrobium bovinum
Luedemannella helvata,Luedemannella helvata
uncultured Thermodesulfobacterium,Thermodesulfobacterium sp938091335
Pseudomonas vanderleydeniana,Pseudomonas_E vanderleydeniana
Thermus composti,Thermus composti
Cecembia lonarensis,Cecembia lonarensis
Mesorhizobium koreense,65-79 sp031656215
Pedomonas sp.,Pedomonas sp036515995
Serratia surfactantfaciens,Serratia surfactantfaciens
Phytoplasma fraxini,Phytoplasma fraxini
Clostridium gallinarum,Clostridium gallinarum
Seleniivibrio sp.,Seleniivibrio sp021209385
Thermodesulfatator autotrophicus,Thermodesulfatator autotrophicus
Anaplasma bovis,Anaplasma bovis
Enterococcus ratti,Enterococcus_B ratti
Pantoea formicae,Pantoea formicae
Canibacter zhuwentaonis,Canibacter zhuwentaonis
Alloacidobacterium dinghuense,Alloacidobacterium dinghuense
Motilibacter rhizosphaerae,Motilibacter rhizosphaerae
Pseudodesulfovibrio mercurii,Pseudodesulfovibrio mercurii
Tessaracoccus oleiagri,Arachnia oleiagri
Propionicimonas paludicola,Propionicimonas paludicola
Desulfosporosinus infrequens,Desulfosporosinus infrequens
Metabacillus crassostreae,Metabacillus crassostreae
Zhouia amylolytica,Zhouia amylolytica
Desulfonema magnum,Desulfonema_C magnum
Bacillus sanguinis,Bacillus_A sanguinis
Leucobacter tardus,Leucobacter tardus
Lysinibacter cavernae,Lysinibacter cavernae
Blautia excrementipullorum,Blautia_A excrementipullorum
Thiosulfatihalobacter marinus,Shimia marinus
Zobellella endophytica,Oceanimonas endophytica
Actinomyces provencensis,Pauljensenia provencensis
Algimonas arctica,Litorimonas arctica
Aliifodinibius salipaludis,Fodinibius salipaludis
Paracoccus sulfuroxidans,Paracoccus sulfuroxidans
Swingsia samuiensis,Swingsia samuiensis
Ureaplasma intestinipullorum,Ureaplasma intestinipullorum
Deinococcus budaensis,Deinococcus budaensis
Blastocatellales bacterium,JAHBSF01 sp019639255
Pseudoalteromonas piratica,Pseudoalteromonas piratica
Aminipila terrae,Aminipila terrae
Taurinivorans muris,Taurinivorans muris
Marinomonas aquiplantarum,Marinomonas aquiplantarum
Gilvimarinus agarilyticus,Gilvimarinus agarilyticus
Sulfurospirillum arsenophilum,Sulfurospirillum arsenophilum
Psychracetigena formicireducens,Lithacetigena formicireducens
Siansivirga zeaxanthinifaciens,Siansivirga zeaxanthinifaciens
Paracoccus beibuensis,Paracoccus beibuensis
Alkalibacillus filiformis,Alkalibacillus filiformis
Sphaerobacterales bacterium,CADCWF01 sp903864575
Sediminibacillus dalangtanensis,Sediminibacillus dalangtanensis
Leptonema illini,Leptonema illini
Sphingopyxis microcysteis,Sphingopyxis microcysteis
Kibdelosporangium philippinense,Kibdelosporangium philippinense
Salidesulfovibrio brasiliensis,Pseudodesulfovibrio brasiliensis
Truepera radiovictrix,Truepera radiovictrix
Blautia ammoniilytica,Blautia_A ammoniilytica
Nocardioides humi,Nocardioides humi
Flavonifractor avicola,Flavonifractor avicola
Geotalea sp.,Geotalea sp022808985
Faecimonas sp.,Faecimonas sp022771205
Domibacillus antri,Domibacillus antri
Flavobacterium hibisci,Flavobacterium hibisci
uncultured Roseiflexus,Roseiflexus sp937935075
Paenibacillus rigui,Paenibacillus_S rigui
Olsenella excrementavium,Thermophilibacter excrementavium
Falsochrobactrum tianjinense,Brucella tianjinense
Sphingomonas ginkgonis,Sphingomicrobium ginkgonis
Acanthopleuribacter pedis,Acanthopleuribacter pedis
Wenxinia saemankumensis,Wenxinia saemankumensis
Petrotogales bacterium,JASMTM01 sp041694295
Gordonia shandongensis,Gordonia shandongensis
Hymenobacter metallilatus,Hymenobacter metallilatus
Catenulispora rubra,Catenulispora rubra
Flavobacterium soli,Flavobacterium soli
Cucumibacter sp.,JBBECE01 sp040881985
Arthrobacter beigongshangensis,Sporosarcina beigongshangi
Marinobacterium lutimaris,Marinobacterium_D lutimaris
Hymenobacter translucens,Hymenobacter translucens
Thiorhodococcus drewsii,Imhoffiella drewsii
Parasynechococcus marenigrum,Parasynechococcus marisnigri
Brenneria salicis,Brenneria salicis
Massilia yuzhufengensis,Telluria yuzhufengensis
Sideroxyarcus emersonii,Sideroxyarcus emersonii
Paenibacillus allorhizosphaerae,Paenibacillus_G allorhizosphaerae
Inhella sp.,Inhella sp027532025
Actinotalea caeni,Pseudactinotalea caeni
Demequina iriomotensis,Demequina iriomotensis
Brachymonas chironomi,Brachymonas chironomi
Paenibacillus pectinilyticus,Paenibacillus_E pectinilyticus
Levilactobacillus acidifarinae,Levilactobacillus acidifarinae
Equadaptatus faecalis,Equadaptatus faecalis
Mucilaginibacter pocheonensis,Mucilaginibacter pocheonensis
Treponema ruminis,Treponema_D ruminis
Modestobacter excelsi,Modestobacter excelsi
Methylobrevis pamukkalensis,Methylobrevis pamukkalensis
Carnobacterium gallinarum,Carnobacterium gallinarum
Streptomyces rectiverticillatus,Streptomyces roseifaciens
Streptomyces kaniharaensis,Kitasatospora kaniharaensis
Thermodesulfobium acidiphilum,Thermodesulfobium acidiphilum
Fuscovulum ytuae,Gemmobacter_B ytuae
Streptomyces coeruleoprunus,Streptomyces coeruleoprunus
Pseudomonas schmalbachii,Pseudomonas schmalbachii
Deinococcus gobiensis,Deinococcus gobiensis
Streptomyces silvae,Streptomyces silvae
Shewanella litorisediminis,Shewanella litorisediminis
Methylopila capsulata,Methylopila capsulata
Bizionia argentinensis,Algorimicrobium argentinense
Porisulfidus sp.,Poriferisulfidus sp002631715
Flavobacterium magnum,Flavobacterium magnum
Fundidesulfovibrio terrae,Fundidesulfovibrio terrae
Lebetimonas sp.,Lebetimonas sp000523275
Versatilivorator vitaminiformans,Versatilivorator vitaminiformans
Acetobacter nitrogenifigens,Acetobacter nitrogenifigens
Endozoicomonas ascidiicola,Endozoicomonas ascidiicola
Microbacterium lemovicicum,Microbacterium lemovicicum
Noviherbaspirillum aridicola,Noviherbaspirillum aridicola
Clostridium minihomine,Faecalispora minihomine
Pedobacter alluvionis,Pedobacter alluvionis
Veillonella fallax,Veillonella fallax
Bifidobacterium pluvialisilvae,Galliscardovia pluvialisilvae
Koleobacter methoxysyntrophicus,Koleobacter methoxysyntrophicus
Lariskella endosymbiont,G964019805 sp964019805
Vogesella margarita,Vogesella margarita
Lysobacter stagni,Lysobacter_J stagni
Simplicispira sedimenti,Simplicispira sedimenti
Mycoplana azooxidifex,Mycoplana azooxidifex
Pseudohaliea rubra,Pseudohaliea rubra
Leuconostoc kimchii,Leuconostoc kimchii
Mesorhizobium montanum,Mesorhizobium montanum
Bailinhaonella thermotolerans,Bailinhaonella thermotolerans
Chelatococcus reniformis,Camelimonas reniformis
Longimonas sp.,Longimonas sp040409695
Chitinophaga caseinilytica,Chitinophaga caseinilytica
Shewanella marinintestina,Shewanella marinintestina
Apilactobacillus waqarii,Apilactobacillus waqarii
Pseudidiomarina gelatinasegens,Pseudidiomarina gelatinasegens
Pseudomonas hormoni,Pseudomonas_E hormoni
Legionella saoudiensis,Legionella saoudiensis
Cerasicoccus maritimus,Cerasicoccus maritimus
Lachnoanaerobaculum orale,Lachnoanaerobaculum orale
Marinobacter salinus,Marinobacter salinus
Avilachnospira avistercoris,Avilachnospira avistercoris
Lysobacter terrigena,Cognatilysobacter terrigena
Thermalbibacter longus,Thermalbibacter longus
Salinispira pacifica,Salinispira pacifica
Arcticibacter svalbardensis,Arcticibacter svalbardensis
Faecisoma sp.,Faecisoma sp000432255
Zoogloea dura,Zoogloea dura
Zooshikella ganghwensis,Zooshikella ganghwensis
Flagellimonas algicola,Flagellimonas algicola
Flavobacterium fluviale,Flavobacterium fluviale
Aliiroseovarius salicola,Aliiroseovarius salicola
Corynebacterium gallinarum,Corynebacterium gallinarum
Enteractinococcus fodinae,Yaniella fodinae
Thiomicrorhabdus heinhorstiae,Thiomicrorhabdus heinhorstiae
Alteromonas gilva,Alteromonas gilva
Altererythrobacter rubellus,Erythrobacter rubellus
Streptomyces mutomycini,Streptomyces mutomycini
Sphingobacterium gobiense,Sphingobacterium gobiense
Legionella qingyii,Legionella qingyii
Thiopseudomonas acetoxidans,Thiopseudomonas acetoxidans
Philodulcilactobacillus myokoensis,Philodulcilactobacillus myokonensis
bacterium Unc6,Velesiimonas alkalicola
Alteriqipengyuania abyssalis,Alteriqipengyuania abyssalis
Streptomyces caatingaensis,Streptomyces caatingaensis
Nocardioides bigeumensis,Nocardioides bigeumensis
Streptomyces liliiviolaceus,Streptomyces liliiviolaceus
Psychromonas marina,Psychromonas marina
Hymenobacter edaphi,Solirubrum edaphi
Campylobacter iguaniorum,Campylobacter iguaniorum
Acidihalobacter aeolianus,Acidihalobacter aeolianus
Rhizomicrobium electricum,Rhizomicrobium electricum
Sphingomonas jaspsi,Sphingomicrobium jaspsi
Cellulosimicrobium protaetiae,Cellulosimicrobium protaetiae
Thermomicrobium roseum,Thermomicrobium roseum
Larkinella terrae,Larkinella terrae
Sphingobium jiangsuense,Sphingobium jiangsuense
Hymenobacter rigui,Hymenobacter rigui
uncultured Stutzerimonas,Stutzerimonas sp004010935
Dorea intestinigallinarum,Claveliimonas intestinigallinarum
Pseudomonas xantholysinigenes,Pseudomonas_E xantholysinigenes
Streptomyces graminofaciens,Streptomyces graminofaciens
Rehaibacterium terrae,Rehaibacterium terrae
Actinospica acidithermotolerans,Actinospica acidithermotolerans
Endomicrobiellum basalitermitum,Endomicrobiellum basalitermitum
Pedobacter roseus,Pedobacter roseus
Occallatibacter savannae,Occallatibacter savannae
Nephthysia bennettiae,Nephthysia bennettiae
Intestinirhabdus alba,Intestinirhabdus alba
Adhaeribacter rhizoryzae,Adhaeribacter rhizoryzae
Bhargavaea massiliensis,Bhargavaea massiliensis
Pseudomonas gozinkensis,Pseudomonas_E gozinkensis
Flavobacterium crassostreae,Flavobacterium crassostreae
Roseovarius marisflavi,Roseovarius marisflavi
Ammoniphilus resinae,Ammoniphilus_A resinae
Nocardioides solisilvae,Nocardioides solisilvae
Thermolongibacillus altinsuensis,Thermolongibacillus altinsuensis
Leuconostoc garlicum,Leuconostoc lactis
Spiroplasma cantharicola,Spiroplasma_A cantharicola
Aquirufa rosea,Aquirufa rosea
Lacicoccus qingdaonensis,Lacicoccus qingdaonensis
Demequina activiva,Demequina activiva
Shewanella aquimarina,Shewanella aquimarina
Clostridium vincentii,Clostridium vincentii
Pseudonocardia hierapolitana,Pseudonocardia hierapolitana
Algoriphagus winogradskyi,Algoriphagus winogradskyi
Microvirga tunisiensis,Microvirga tunisiensis
Albibacillus kandeliae,Albibacillus kandeliae
Phytoplasma tritici,Phytoplasma tritici
Rubeoparvulum massiliense,Rubeoparvulum massiliense
Mesonia phycicola,Mesonia phycicola
Roseomonas harenae,Roseomonas harenae
Bowdeniella massiliensis,Bowdeniella massiliensis
Shinella granuli,Shinella granuli
Phycosocius spiralis,Aquidulcibacter spiralis
Perlabentimonas gracilis,Perlabentimonas gracilis
Peterkaempfera bronchialis,Peterkaempfera bronchialis
Marinobacterium maritimum,Marinobacterium maritimum
Herminiimonas arsenicoxydans,Herminiimonas arsenicoxydans
Acetatifactor aquisgranensis,Acetatifactor aquisgranensis
Mycoplasma crocodyli,Mycoplasmopsis crocodyli
uncultured Neptunomonas,Motiliproteus sp963974645
Faecimonas gallistercoris,Faecimonas gallistercoris
Cellulomonas triticagri,Cellulomonas triticagri
Acetilactobacillus jinshanensis,Acetilactobacillus jinshanensis
Lancefieldella sp.,Lancefieldella sp000411555
Spirosoma terrae,Spirosoma terrae
Micromonospora cathayae,Micromonospora cathayae
Maribellus mangrovi,Draconibacterium mangrovi_A
Cereibacter ovatus,Cereibacter_A ovatus
Millionella massiliensis,Rikenella massiliensis
Stigonema ocellatum,Stigonema ocellatum
Labilibacter sediminis,Saccharicrinis sediminis
Fundidesulfovibrio putealis,Fundidesulfovibrio putealis
Paractinoplanes lichenicola,Actinoplanes lichenicola
Paraprevotella stercorigallinarum,Paraprevotella stercorigallinarum
Shimia haliotis,Shimia haliotis
Pseudoalteromonas ulvae,Pseudoalteromonas ulvae
Ancylobacter mangrovi,Ancylobacter mangrovi
Sphingomonas montanisoli,Rhizorhabdus montanisoli
Thioclava pacifica,Thioclava pacifica
Actinomadura viridis,Spirillospora viridis
Sinomonas albida,Sinomonas albida
Fictibacillus norfolkensis,Fictibacillus norfolkensis
Fournierella excrementigallinarum,Fournierella excrementigallinarum
Ruania halotolerans,Ruania halotolerans
Evansella cellulosilytica,Evansella cellulosilytica
Metabacillus iocasae,Priestia iocasae
Sinomonas halotolerans,Sinomonas halotolerans
Paucidesulfovibrio longus,Paucidesulfovibrio longus
Nesterenkonia natronophila,Nesterenkonia natronophila
Paralactobacillus gallistercoris,Paralactobacillus_A gallistercoris
Blautia aquisgranensis,Blautia_A aquisgranensis
Pseudonocardia broussonetiae,Pseudonocardia broussonetiae
Pandoraea oxalativorans,Pandoraea oxalativorans
Geobacillus proteiniphilus,Geobacillus proteiniphilus
uncultured Desulfotignum,Desulfotignum sp937951975
Qipengyuania xiapuensis,Qipengyuania xiapuensis
Amorphus sp.,Amorphus sp040750475
Hymenobacter jeollabukensis,Solirubrum jeollabukense
Scybalousia scybalohippi,Phil12 sp018065645
Eisenbergiella pullicola,Gallintestinimicrobium pullicola
Pseudoprevotella muciniphila,Alloprevotella muciniphila
Ruminobacter amylophilus,Ruminobacter amylophilus
Bythopirellula polymerisocia,Bythopirellula polymerisocia
Paractinoplanes ovalisporus,Actinoplanes ovalisporus
Campylobacter suis,Campylobacter_A suis
Acetivibrio ethanolgignens,Velocimicrobium ethanolgignens
Parafrankia irregularis,Parafrankia irregularis
Pseudoxanthomonas sangjuensis,Pseudoxanthomonas_A sangjuensis
Flavilitoribacter nigricans,Flavilitoribacter nigricans
Veillonella hominis,Veillonella hominis
Rhodococcus spongiicola,Prescottella spongiicola
Maritimibacter dapengensis,Maritimibacter dapengensis
Microbulbifer yueqingensis,Microbulbifer yueqingensis
Spongiisocius variivorans,Spongiisocius variivorans
Bosea beijingensis,Bosea beijingensis
Lysobacter oculi,Solilutibacter oculi
Oceanirhabdus sp.,Oceanirhabdus sp027938815
Scatomorpha intestinavium,Scatomorpha intestinavium
Heliomarina baculiformis,Heliomarina baculiformis
Saccharibacillus deserti,Saccharibacillus deserti
Gracilibacillus ureilyticus,Gracilibacillus ureilyticus
Pseudocitrobacter vendiensis,Pseudocitrobacter vendiensis
Segatella paludivivens,Prevotella paludivivens
Terrihabitans rhizophilus,Terrihabitans rhizophilus
Luteitalea pratensis,Luteitalea pratensis
Pandoraea iniqua,Pandoraea iniqua
Demetria terragena,Demetria terragena
Aneurinibacillus uraniidurans,Aneurinibacillus uraniidurans
Arsenophonus apicola,Arsenophonus apicola
Arcanobacterium buesumense,Arcanobacterium buesumense
Melghiribacillus thermohalophilus,Melghiribacillus thermohalophilus
Ferrimonas aestuarii,Ferrimonas aestuarii
Flexivirga sp.,Flexivirga sp035551235
Flavobacterium adhaerens,Flavobacterium adhaerens
Vagococcus intermedius,Vagococcus_D intermedius
Sulfitobacter algicola,Sulfitobacter_F algicola
Thermomonas mangrovi,Thermomonas mangrovi
Kitasatospora cystarginea,Kitasatospora cystarginea
uncultured Herbinix,Mobilitalea sp023395555
Methylomonas montana,Methylomonas montana
Aristotella avistercoris,Aristotella avistercoris
Paraflavitalea pollutisoli,Paraflavitalea pollutisoli
Limosilactobacillus viscerum,Limosilactobacillus viscerum
Bifidobacterium criceti,Bifidobacterium criceti
Paenibacillus psychroresistens,Paenibacillus_AC psychroresistens
Flavihumibacter petaseus,Flavihumibacter petaseus
Raphidiopsis brookii,Raphidiopsis brookii
Berkiella sp.,Berkiella sp016191245
Streptomyces yatensis,Streptomyces yatensis
Hymenobacter montanus,Hymenobacter montanus
Gordonia sedimidis,Gordonia sediminis
Thiobaca trueperi,Thiobaca trueperi
Aestuariirhabdus sp.,Aestuariirhabdus sp030622755
Lapidilactobacillus bayanensis,Lapidilactobacillus bayanensis
Leptospira fluminis,Leptospira_B fluminis
Kribbella voronezhensis,Kribbella voronezhensis
Leptobacterium flavescens,Leptobacterium flavescens
Fervidibacillus albus,Fervidibacillus albus
Klugiella xanthotipulae,Klugiella xanthotipulae
Novosphingobium nitrogenifigens,Novosphingobium nitrogenifigens
Lacibacter luteus,Lacibacter luteus
Belnapia rosea,Belnapia rosea
Blochmannia sp.,Blochmanniella sp036549215
Thermus tenuipuniceus,Thermus tenuipuniceus
Dietzia aurantiaca,Dietzia aurantiaca
Leptospirillum rubarum,Leptospirillum_A rubarum
uncultured Rubrobacter,Rubrobacter_B sp020253895
Micromonospora trifolii,Micromonospora trifolii
Cellulomonas biazotea,Cellulomonas biazotea
Bartonella rochalimae,Bartonella rochalimae
Arthrobacter celericrescens,Arthrobacter celericrescens
Pseudomonas oryzagri,Geopseudomonas oryzagri
Desulfovibrio intestinalis,Desulfovibrio intestinalis
Gomphosphaeria aponina,Gomphosphaeria aponina
Xenorhabdus aichiensis,Xenorhabdus bovienii
Accumulibacter adjunctus,Accumulibacter sp000585015
Algibacter marinivivus,Algibacter_B marinivivus
Kosmotoga olearia,Kosmotoga olearia
Saccharospirillum alexandrii,Saccharospirillum alexandrii
Hyunsoonleella aquatilis,Jejuia aquatilis
Halioxenophilus aromaticivorans,Halioxenophilus aromaticivorans
Thalassotalea profundi,Thalassotalea_B profundi
Flagellimonas eckloniae,Flagellimonas eckloniae
Leucobacter albus,Leucobacter albus
Pseudonocardia parietis,Pseudonocardia parietis
Saliniramus fredricksonii,Saliniramus fredricksonii
Granulicella sapmiensis,Granulicella sapmiensis
Kangiella spongicola,Kangiella spongicola
Maribacter ulvicola,Maribacter ulvicola
Planococcus antarcticus,Planococcus antarcticus
Pelagibacterium luteolum,Pelagibacterium luteolum
Nubsella zeaxanthinifaciens,Pedobacter zeaxanthinifaciens
Bacteroides difficilis,Bacteroides zhangwenhongii
Saccharothrix texasensis,Actinosynnema texasense
Sphingobacterium puteale,Sphingobacterium puteale
Nostoc desertorum,Nostoc desertorum
Sinorhizobium sojae,Sinorhizobium sojae
Desertihabitans aurantiacus,Desertihabitans aurantiacus
Yanghanlia caeni,Yanghanlia caeni
Ramlibacter lithotrophicus,Ramlibacter lithotrophicus
Mobilicoccus pelagius,Mobilicoccus pelagius
Georgenia faecalis,Georgenia_A faecalis
Streptomyces chromofuscus,Streptomyces chromofuscus
Corynebacterium uropygiale,Corynebacterium uropygiale
Sphaerimonospora mesophila,Sphaerimonospora mesophila
Nitratidesulfovibrio liaohensis,Cupidesulfovibrio liaohensis
Deinococcus arcticus,Deinococcus arcticus
Frankia alpina,Frankia alpina
Intrasporangium flavum,Monashia flava
Compostimonas suwonensis,Compostimonas suwonensis
Nocardioides nematodiphilus,Nocardioides nematodiphilus
Aromatoleum toluolicum,Aromatoleum toluolicum
Nocardia ignorata,Nocardia ignorata
Halalkalibacter sp.,Halalkalibacter sp023017105
Arthrobacter castelli,Arthrobacter_C castelli
Paracoccus salsus,Paracoccus salsus
Hymenobacter saemangeumensis,Hymenobacter saemangeumensis
bacterium CPR1,QWHO01 sp021404945
uncultured Chthoniobacter,Chthoniobacter sp903874975
Ectobacillus funiculus,Ectobacillus funiculus
Bacillus taeanensis,Maribacillus taeanensis
Halomonas qaidamensis,Vreelandella qaidamensis
Leucobacter iarius,Leucobacter iarius
Streptomyces fuscichromogenes,Streptomyces fuscichromogenes
Villigracilis affinis,Villigracilis affinis
Limnobacter humi,Limnobacter humi
Lachnotalea glycerini,Lachnotalea glycerini
Fluviispira vulneris,Silvanigrella vulneris
Pseudochelatococcus contaminans,Pseudochelatococcus contaminans
Bacteroides timonensis,Bacteroides timonensis
Parvularcula dongshanensis,Parvularcula dongshanensis
Atlanticothrix silvestris,Atlanticothrix silvestris
Paenibacillus lignilyticus,Paenibacillus_Z lignilyticus
Rosenbergiella gaditana,Rosenbergiella gaditana
Cohnella panacarvi,Cohnella panacarvi
Streptosporangium minutum,Streptosporangium minutum
Derxia gummosa,Derxia gummosa
Billgrantia sulfidoxydans,Billgrantia sulfidoxydans
Proteinivorax hydrogeniformans,Proteinivorax hydrogeniformans
Oharaeibacter diazotrophicus,Oharaeibacter diazotrophicus
Leptospira sarikeiensis,Leptospira_B sarikeiensis
Avisuccinivibrio pullicola,Avisuccinivibrio_A pullicola
Alloclostridium intestinigallinarum,Alloclostridium intestinigallinarum
Arenimonas metalli,Arenimonas metalli
Priestia veravalensis,Priestia flexa
Phreatobacteraceae bacterium,JBDHTH01 sp039808545
Ornithinimicrobium tianjinense,Ornithinimicrobium tianjinense
Bacillus canaveralius,Bacillus_BJ canaveralius
Desulfobacula maris,Desulfobacula maris
bacterium UBA7751,Prevotella sp900319905
Mediterraneibacter quadrami,Mediterraneibacter quadrami
Vreelandella jeotgali,Vreelandella jeotgali
Microbacterium kribbense,Microbacterium kribbense
uncultured Pseudophaeobacter,Pseudophaeobacter sp905479575
Lolliginicoccus levis,Lolliginicoccus levis
Roseilinea mizusawaensis,Roseilinea mizusawaensis
Segatella papionis,Prevotella papionis
Steroidobacter gossypii,Peristeroidobacter gossypii
Mycobacterium angelicum,Mycobacterium angelicum
Actibacterium ureilyticum,Actibacterium_C ureilyticum
uncultured Roseitalea,JBCBDX01 sp038529265
Acinetobacter albensis,Acinetobacter albensis
Rhodovulum euryhalinum,Rhodovulum euryhalinum
Georgenia muralis,Georgenia muralis
Paenibacillus chondroitinus,Paenibacillus_E chondroitinus
Mycolicibacter minnesotensis,Mycobacterium minnesotense
Ancylomarina salipaludis,Ancylomarina salipaludis
Geodermatophilus africanus,Geodermatophilus africanus
Plasticicumulans lactativorans,Plasticicumulans_A lactativorans
Noviherbaspirillum humi,Noviherbaspirillum humi
Reconcilbacillus cellulovorans,Reconciliibacillus cellulovorans
Tamlana sargassicola,Tamlana_B sargassicola
Micromonospora qiuiae,Micromonospora qiuiae
bacterium c-19,C-19 sp009917405
Corallococcus sicarius,Corallococcus sicarius
Serinibacter salmoneus,Serinibacter salmoneus
Streptomyces yunnanensis,Streptomyces yunnanensis
Rhizobium quercicola,Ferranicluibacter quercicola
Hyellaceae cyanobacterium,Waterburya sp012034765
Kinetoplastibacterium galatii,Kinetoplastibacterium galatii
Allobacillus saliphilus,Allobacillus saliphilus
Pseudogemmobacter faecipullorum,Pseudogemmobacter faecipullorum
Paraperlucidibaca baekdonensis,Perlucidibaca baekdonensis
Paenibacillus lentimorbus,Bacillus velezensis
Noviherbaspirillum galbum,Noviherbaspirillum galbum
Halobacillus kuroshimensis,Halobacillus kuroshimensis
Marinifilum caeruleilacunae,Marinifilum caeruleilacunae
Granulicella tundricola,Edaphobacter tundricola
Hymenobacter citatus,Hymenobacter citatus
Lysinibacillus pinottii,Lysinibacillus pinottii
Fructobacillus americanaquae,Fructobacillus americanaquae
Alteromonas aestuariivivens,Alteromonas aestuariivivens
Ureibacillus aquaedulcis,Ureibacillus aquaedulcis
Colivicinus equi,Colivicinus equi
Gallacutalibacter stercoravium,Gallacutalibacter_A stercoravium
Paraferrimonas sp.,SM1919 sp010993985
Gryllotalpicola daejeonensis,Gryllotalpicola daejeonensis
Brevibacillus daliensis,Brevibacillus_B daliensis
Micromonospora luteifusca,Micromonospora luteifusca
Luteibacter aegosomatissinici,Luteibacter aegosomatissinici
Microlunatus lacustris,Friedmanniella lacustris
Pseudomonas pohangensis,Pseudomonas_E pohangensis
Arcanobacterium pinnipediorum,Arcanobacterium pinnipediorum
Chlorogloea sp.,Aliterella sp003003885
Enterousia merdequi,Enterousia merdequi
Chromulinivorax destructor,Chromulinivorax destructor
Rahnella ecdela,Rahnella ecdela
Rhodohalobacter halophilus,Rhodohalobacter halophilus
Thiorhodococcus mannitoliphagus,Thiorhodococcus mannitoliphagus
uncultured Acidipila,EB88 sp937859835
Nocardioides baekrokdamisoli,Nocardioides baekrokdamisoli
Bradymonas sediminis,Bradymonas sediminis
Pseudomonas duriflava,Pseudomonas_B duriflava
Luteimonas aestuarii,Luteimonas aestuarii
Pontibacter flavimaris,Pontibacter flavimaris
Allopontixanthobacter confluentis,Allopontixanthobacter confluentis
Salinivenus iranica,Salinivenus iranica
Alicyclobacillus herbarius,Alicyclobacillus_G herbarius
Gottfriedia endophytica,Gottfriedia endophytica
Desulfuromusa kysingii,Desulfuromusa kysingii
Giesbergeria anulus,Simplicispira anulus
Metaruminococcus gallistercoris,Metaruminococcus_A gallistercoris
Mycobacterium senriense,Mycobacterium senriense
Acinetobacter apis,Acinetobacter apis
Actinomadura citrea,Spirillospora citrea
Sphingomonas ginsengisoli,Sphingomicrobium ginsengisoli
Winogradskyella aurantia,Winogradskyella aurantia
Nocardia canadensis,Nocardia canadensis
Marinospirillum minutulum,Marinospirillum minutulum
Phytoplasma pini,Phytoplasma pini
Coralloluteibacterium stylophorae,Coralloluteibacterium stylophorae
Amphibacillus sediminis,Amphibacillus_B sediminis
Thiospirillum jenense,Thiospirillum jenense
Deinococcus arenicola,Deinococcus arenicola
Agitococcus lubricus,Agitococcus lubricus
Solitalea agri,Solitalea agri
Geminisphaera colitermitum,Geminisphaera colitermitum
Microvirga flavescens,Microvirga flavescens
Endomicrobiellum calonymphae,Endomicrobiellum calonymphae
Chakrabartyella piscis,Chakrabartyella piscis
Ruminiclostridium hungatei,Ruminiclostridium hungatei
Larkinella insperata,Larkinella insperata
Colwellia hornerae,Colwellia_A hornerae
Paratissierella segnis,Paratissierella segnis
Luteimonas viscosa,Luteimonas viscosa
Fodinisporobacter ferrooxydans,Fodinisporobacter ferrooxydans
Paludibaculum fermentans,Paludibaculum fermentans
uncultured Anaerolinea,Anaerolinea thermophila_A
Vagococcus zengguangii,Vagococcus_A zengguangii
methanotrophic endosymbiont,Methyloprofundus sp900128525
Clostridium vitabionis,Clostridium_R vitabionis
Cytobacillus depressus,Cytobacillus depressus
Flavobacterium ardleyense,Flavobacterium ardleyense
Erysipelothrix urinaevulpis,Erysipelothrix urinaevulpis
Agathobaculum intestinigallinarum,Agathobaculum intestinigallinarum
Columbia Basin,Phytoplasma sp028595955
Scatomorpha gallistercoris,Scatomorpha gallistercoris
Halomicronema hongdechloris,Halomicronema_B hongdechloris
Acetanaerobacterium elongatum,Acetanaerobacterium elongatum
Streptomyces muensis,Streptomyces muensis
Terrilactibacillus sp.,S3-3 sp030437565
Asaia astilbis,Asaia astilbis
Salaquimonas pukyongi,Salaquimonas pukyongi
Tabrizicola piscis,Tabrizicola piscis
Chryseobacterium suipulveris,Kaistella suipulveris
Ferrimonas marina,Ferrimonas marina
Streptosporangium album,Streptosporangium album
Peribacillus alkalitolerans,Bacillus_BN alkalitolerans
Sphingobacterium composti,Sphingobacterium composti
Ruminococcus intestinipullorum,Ruminococcus_B intestinipullorum
Streptomyces mauvecolor,Streptomyces violascens
Phycocomes zhengii,Meridianimarinicoccus zhengii
Mariniflexile soesokkakense,Mariniflexile soesokkakense
Lentzea cavernae,Lentzea cavernae
uncultured Bizionia,JAHDHI01 sp947496215
Falsigemmobacter intermedius,Wagnerdoeblera intermedia
Lysobacter daejeonensis,Aerolutibacter daejeonensis
Timonella sp.,Timonella sp031979385
Galliscardovia ingluviei,Galliscardovia ingluviei
Arenimonas daejeonensis,Arenimonas daejeonensis
Fulvivirga kasyanovii,Fulvivirga kasyanovii
Peloplasma aerotolerans,Peloplasma aerotolerans
Allobranchiibius huperziae,Allobranchiibius huperziae
Baekduia soli,Baekduia soli
Vermiculatibacterium agrestimuris,Vermiculatibacterium agrestimuris
uncultured Arsenicibacter,Arsenicibacter sp945952095
uncultured Solibaculum,Solibaculum sp937905915
Litchfieldella qijiaojingensis,Litchfieldella qijiaojingensis
Halomonas salipaludis,Franzmannia salipaludis
Phascolarctobacterium caballi,Phascolarctobacterium_B caballi
Lactococcus hodotermopsidis,Lactococcus_A hodotermopsidis
Pandoraea faecigallinarum,Pandoraea faecigallinarum
bacterium HR24,HRBIN24 sp002898715
Thermus hydrothermalis,Thermus hydrothermalis
Paenibacillus sediminis,Paenibacillus_AG sediminis
Mycoplasma amphoriforme,Mycoplasmoides amphoriforme
Parasulfuritortus cantonensis,Parasulfuritortus cantonensis
Mycobacterium arosiense,Mycobacterium arosiense
Vaginisenegalia massiliensis,Vaginisenegalia massiliensis
Pseudobythopirellula maris,Pseudobythopirellula maris
Lutibacter litoralis,Lutibacter litoralis
Actinomadura napierensis,Spirillospora napierensis
Streptomyces thermocoprophilus,Streptomyces thermocoprophilus
Propionivibrio dominans,Propionivibrio dominans
Marinomonas algicola,Marinomonas algicola
Noviherbaspirillum sedimenti,Paucimonas sedimenti
Streptomyces cinerochromogenes,Streptomyces cinerochromogenes
Gemmobacter megaterium,Wagnerdoeblera megaterium
Pantoea varia,Pantoea varia
Chryseobacterium formosus,Chryseobacterium formosus
Beijerinckia indica,Beijerinckia indica
Saccharomonospora azurea,Saccharomonospora azurea
Tunicatimonas pelagia,Tunicatimonas pelagia
Undibacterium terreum,Undibacterium terreum
Paraburkholderia hiiakae,Paraburkholderia hiiakae
Aquimarina brevivitae,Aquimarina brevivitae
uncultured Furfurilactobacillus,Furfurilactobacillus rossiae_B
Ideonella oryzae,Ideonella oryzae
Demequina zhanjiangensis,Demequina zhanjiangensis
Pelagivirga sediminicola,Roseovarius sediminicola
Actinospica durhamensis,Actinospica durhamensis
Athalassotoga saccharophila,Athalassotoga saccharophila
Flavobacterium psychrolimnae,Flavobacterium psychrolimnae
Novosphingobium lentum,Novosphingobium lentum
Geminicoccus flavidas,Geminicoccus flavidus
Streptomyces catenulae,Streptomyces catenulae
Dolichospermum lemmermannii,Dolichospermum lemmermannii
Chromobacterium paludis,Chromobacterium paludis
Trichofilum aggregatum,Trichofilum aggregatum
Sphingomonas immobilis,Sphingomonas immobilis
Marinomonas maritima,Marinomonas maritima
Actinomadura violacea,Spirillospora violacea
Oerskovia rustica,Oerskovia rustica
Luteibacter aegosomatis,Luteibacter aegosomatis
Flavobacterium notoginsengisoli,Flavobacterium notoginsengisoli
Mycoplasma phocoeninasale,Metamycoplasma phocoeninasale
Rothia koreensis,Rothia koreensis
Tenacibaculum singaporense,Tenacibaculum singaporense
Jannaschia rubra,Jannaschia rubra
Hymenobacter aquaticus,Hymenobacter aquaticus
Methylacidimicrobium fagopyrum,UBA11358 sp026225255
Pseudomonas leptonychotis,Pseudomonas_E leptonychotis
Franzmannia qiaohouensis,Franzmannia qiaohouensis
Chitinophaga rhizophila,Chitinophaga rhizophila
Paraburkholderia acidipaludis,Paraburkholderia acidipaludis
Vibrio quintilis,Vibrio quintilis
Coprococcus ammoniilyticus,Coprococcus ammoniilyticus
Paractinoplanes abujensis,Actinoplanes abujensis
Haemophilus paracuniculus,Haemophilus_E paracuniculus
Sedimentisphaera salicampi,Sedimentisphaera salicampi
Corynebacterium marinum,Corynebacterium marinum
Acheromyda pituitae,Acherontichlamydia pituitae
Microbulbifer okhotskensis,Microbulbifer okhotskensis
Pseudoponticoccus marisrubri,Pseudoponticoccus marisrubri
Alloscardovia theropitheci,Alloscardovia theropitheci
Limibacter armeniacum,Limibacter armeniacum
Ruania suaedae,Ruania suaedae
Methylorubrum rhodinum,Methylobacterium rhodinum
Desmonostoc geniculatum,Nostoc geniculatum
uncultured Pseudogulbenkiania,Pseudogulbenkiania ferrooxidans
Spirosoma aureum,Spirosoma aureum
Pantoea wallisii,Pantoea wallisii
Roseovarius salinarum,Roseovarius salinarum
Bizionia arctica,Xanthomarina arctica
Streptomyces atrovirens,Streptomyces atrovirens
bacterium CG10_46_32,CG10-46-32 sp001889965
Massilia horti,Telluria horti
Nigerium massiliense,Propioniciclava massiliense
Aporhodopirellula rubra,Rhodopirellula rubra
Maliponia aquimaris,Antarctobacter aquimaris
Streptomyces blattellae,Streptomyces blattellae
Shinella lacus,Shinella lacus
uncultured Aliivibrio,Aliivibrio sp946479765
Caccenecus avistercoris,Caccenecus avistercoris
Pseudodesulfovibrio sediminis,Pseudodesulfovibrio sediminis
Maridesulfovibrio zosterae,Maridesulfovibrio zosterae
Paracoccus ravus,Paracoccus ravus
Marivibrio sp.,Marivibrio sp040218065
Vreelandella songnenensis,Vreelandella songnenensis
Tenderia electrophaga,Tenderia electrophaga
Murinocardiopsis flavida,Murinocardiopsis flavida
Nocardioides nanhaiensis,Nocardioides nanhaiensis
Mycolicibacterium anyangense,Mycobacterium anyangense
Hydrogenimonas urashimensis,Hydrogenimonas urashimensis
Mixta gaviniae,Mixta gaviniae
Desulfobia pelagia,Desulfobia pelagia
Actinoplanes siamensis,Actinoplanes siamensis
Rubrivivax albus,Rubrivivax albus
Marinobacter fonticola,Marinobacter_A fonticola
Pararoseomonas baculiformis,Roseomonas baculiformis
Paramagnetospirillum kuznetsovii,Paramagnetospirillum kuznetsovii
Pseudolysobacter antarcticus,Pseudolysobacter antarcticus
Kosakonia quasisacchari,Kosakonia quasisacchari
Lumbricidophila eiseniae,Agromyces eiseniae
Paraburkholderia adhaesiva,Paraburkholderia adhaesiva
Marinobacter suaedae,Marinobacter suaedae
Marinobacter salinisoli,Marinobacter salinisoli
Pseudomonas neustonica,Halopseudomonas neustonica
Herpetosiphon geysericola,Herpetosiphon geysericola
bacterium HR33,HRBIN33 sp002923375
Alicyclobacillus mengziensis,Alicyclobacillus_B mengziensis
Mycetocola miduiensis,Mycetocola_A miduiensis
Leucothrix arctica,Leucothrix arctica
uncultured Dolosicoccus,Dolosicoccus sp945278685
Merdousia gallistercoris,Merdousia gallistercoris
Thiomicrorhabdus sediminis,Thiomicrorhabdus sediminis
Mucilaginibacter inviolabilis,Mucilaginibacter inviolabilis
Paenibacillus anaericanus,Fontibacillus anaericanus
Caloramator proteoclasticus,Thermobrachium proteoclasticum
Paracoccus suum,Paracoccus suum
Bacteroides propionicigenes,Bacteroides propionicigenes
Fretibacter rubidus,Fretibacter rubidus
Neoroseomonas nitratireducens,Neoroseomonas nitratireducens
Flavobacterium difficile,Flavobacterium difficile
Gemmiger excrementavium,Gemmiger excrementavium
Microbulbifer mangrovi,Microbulbifer mangrovi
Runella limosa,Runella limosa
Anaerosacchariphilus polymeriproducens,Anaerosacchariphilus polymeriproducens
Corynebacterium terpenotabidum,Corynebacterium terpenotabidum
Sphaerotilus microaerophilus,Sphaerotilus microaerophilus
Anaerosphaera aminiphila,Anaerosphaera aminiphila
Flavobacterium bernardetii,Flavobacterium bernardetii
Gluconacetobacter aggeris,Gluconacetobacter aggeris
Planococcus rifietoensis,Planococcus rifietoensis
Haliea salexigens,Haliea salexigens
Berryella wangjianweii,Berryella wangjianweii
Leucobacter viscericola,Leucobacter viscericola
Proteus appendicitidis,Proteus appendicitidis
Pararhodospirillum oryzae,Pararhodospirillum oryzae
Henriciella mobilis,Henriciella mobilis
Acetobacter garciniae,Acetobacter garciniae
Thalassotalea atypica,Thalassotalea_F atypica
Bealeia paramacronuclearis,Bealeia paramacronuclearis
Clostridium culturomicium,Clostridium_J culturomicium
Providencia sneebia,Providencia sneebia
Sphingomonas qilianensis,Sphingomonas qilianensis
Acutalibacter pullicola,Acutalibacter pullicola
Actinomyces lilanjuaniae,Actinomyces lilanjuaniae
uncultured Sterolibacteriaceae,Sulfuricystis sp937888595
Agathobacter ruminis,Agathobacter ruminis
uncultured Methylorubrum,Methylobacterium organophilum
Massilia luteola,Telluria luteola
Jannaschia pohangensis,Jannaschia pohangensis
Streptococcus orisasini,Streptococcus orisasini
Thermostaphylospora chromogena,Thermostaphylospora chromogena
Clostridium akagii,Clostridium_I akagii
Sulfoacidibacillus thermotolerans,Sulfoacidibacillus thermotolerans
Shimia biformata,Shimia_A biformata
Blautia tarda,Oliverpabstia tarda
Neoroseomonas eburnea,Neoroseomonas eburnea
Paracoccus homiensis,Paracoccus homiensis
Flavobacterium micromati,Flavobacterium micromati
Actinomadura rudentiformis,Spirillospora rudentiformis
Marinobacter goseongensis,Marinobacter goseongensis
Thiomicrospira pelophila,Thiomicrospira pelophila
Microvirga arvi,Microvirga arvi
Sulfitobacter faviae,Sulfitobacter faviae
Roseateles cellulosilyticus,Pelomonas cellulosilyticus
Cryobacterium algoritolerans,Cryobacterium algoritolerans
Mycobacterium paraseoulense,Mycobacterium paraseoulense
Luteolibacter marinus,Haloferula marina
Formivibrio sp.,Formivibrio sp031291275
Pseudomonas guangdongensis,Geopseudomonas guangdongensis
Aphanothece sacrum,Aphanothece_B sacrum
uncultured Syntrophomonadaceae,CALXSZ01 sp944391275
Niastella populi,Niastella populi
Actinoplanes aureus,Actinoplanes aureus
Sphingosinithalassobacter portus,Sphingomonas portus
Photodesmus katoptron,Vibrio katoptron
Thauera terpenica,Thauera terpenica
Paracoccus lutimaris,Paracoccus lutimaris
Ectobacillus panaciterrae,Ectobacillus panaciterrae
Ureibacillus composti,Ureibacillus composti
Streptomyces scabichelini,Streptomyces scabichelini
Parahaliea maris,Parahaliea maris
Gorillibacterium massiliense,Gorillibacterium massiliense
Sporotomaculum syntrophicum,Sporotomaculum syntrophicum
Geobacillus vulcani,Geobacillus vulcani
Aphodovivens avicola,Aphodovivens avicola
Sphingobacterium alimentarium,Sphingobacterium alimentarium
Marinobacter algicola,Marinobacter algicola
Sphingomonas quercus,Sphingomonas_N quercus
Gracilibacillus halophilus,Gracilibacillus halophilus
Caballeronia telluris,Caballeronia telluris
Robertkochia sp.,Robertkochia sp020166495
Catenovulum sediminis,Catenovulum sediminis
Arthrobacter liuii,Arthrobacter liuii
Brevibacterium siliguriense,Brevibacterium siliguriense
Vagococcus hydrophili,Vagococcus hydrophili
Mycolicibacterium vinylchloridicum,Mycobacterium vinylchloridicum
Vibrio sonorensis,Vibrio sonorensis
Spirabiliibacterium falconis,Spirabiliibacterium falconis
Paraurantiacibacter namhicola,Paraurantiacibacter namhicola
Streptococcus ratti,Streptococcus ratti
Allochromatium palmeri,Thermochromatium palmeri
Baaleninema simplex,Baaleninema simplex
Zhouia spongiae,Zhouia spongiae
Faecalispora anaeroviscerum,Faecalispora anaeroviscerum
Bizionia echini,Algorimicrobium echini
Cryobacterium tagatosivorans,Cryobacterium tagatosivorans
Paraburkholderia flagellata,Paraburkholderia flagellata
Arthrobacter gyeryongensis,Arthrobacter gyeryongensis
Amycolatopsis marina,Amycolatopsis marina
Shewanella violacea,Shewanella violacea
Petrocella atlantisensis,Petrocella atlantisensis
Nonomuraea sediminis,Nonomuraea sediminis
Pontibacter ummariensis,Pontibacter ummariensis
Desulfomicrobium escambiense,Desulfomicrobium escambiense
Crenobacter intestini,Craterilacuibacter intestini
Flavobacterium ammoniigenes,Flavobacterium ammoniigenes
Aestuariivita boseongensis,Aestuariivita boseongensis
Massilia eburnea,Pseudoduganella eburnea
Hydrogenothermus marinus,Hydrogenothermus marinus
Krumholzibacterium zodletonense,Krumholzibacterium zodletonense
Enterococcus quebecensis,Enterococcus quebecensis
Arcobacter arenosus,Halarcobacter arenosus
Pontibacillus halophilus,Pontibacillus_A halophilus
Blastomonas natatoria,Blastomonas natatoria
Nocardiopsis endophytica,Nocardiopsis_A endophytica
Bartonella rattimassiliensis,Bartonella rattimassiliensis
Roseateles chitinivorans,Roseateles chitinivorans
Avoscillospira avicola,Avoscillospira avicola
Corallococcus terminator,Corallococcus terminator
Falsibacillus albus,Falsibacillus albus
Ferranicluibacter rubi,Ferranicluibacter rubi
Leifsonia flava,Leifsonia_A flava
Allorhodopirellula solitaria,Rhodopirellula solitaria
Spyradocola sp.,Spyradocola sp034113365
Gallibacterium sp.,Gallibacterium sp001678475
actinobacterium acMicro-1,UBA963 sp002292955
Photorhabdus asymbiotica,Photorhabdus asymbiotica
Gallibacterium salpingitidis,Gallibacterium salpingitidis
Nocardioides allogilvus,Nocardioides allogilvus
Photorhabdus antumapuensis,Photorhabdus antumapuensis
Celerinatantimonas neptuna,Celerinatantimonas neptuna
Aquamicrobium ahrensii,Mesorhizobium ahrensii
Roseateles subflavus,Roseateles_B subflavus
Liberibacter crescens,Liberibacter crescens
Thioalkalivibrio thiocyanodenitrificans,Thioalkalivibrio_A thiocyanodenitrificans
Kosakonia oryziphila,Kosakonia oryziphila
Desulfosporosinus hippei,Desulfosporosinus hippei
Iphinoe sp.,Brasilonema sp019359415
Autumnicola patrickiae,Autumnicola patrickiae
Cryobacterium sinapicolor,Cryobacterium sinapicolor
Parabacteroides intestinavium,Parabacteroides intestinavium
Walczuchella monophlebidarum,Walczuchella monophlebidarum
Blochmanniella floridana,Blochmanniella floridana
Chitinolyticbacter albus,Chitinolyticbacter albus
Deinococcus radiotolerans,Deinococcus radiotolerans
Agrococcus sediminis,Agrococcus sediminis
Vibrio intestinalis,Vibrio intestinalis
Rhabdobacter roseus,Rhabdobacter roseus
Pelagibacterium limicola,Pelagibacterium limicola
Streptomyces gobitricini,Streptomyces gobitricini
Rhizobium terrae,Neorhizobium terrae
Luteimonas rhizosphaericola,Luteimonas rhizosphaericola
Bifidobacterium phasiani,Bifidobacterium phasiani
Georgenia wutianyii,Oceanitalea wutianyii
Taibaiella lutea,Edaphocola luteus
Vibrio ostreae,Vibrio ostreae
Kangiella sediminilitoris,Kangiella sediminilitoris
Aeromicrobium stalagmiti,Aeromicrobium stalagmiti
Streptomyces purpureus,Streptomyces purpureus
Clostridium oceanicum,Clostridium_F oceanicum
Alloenteromonas pullistercoris,Alloenteromonas pullistercoris
Luteolibacter flavescens,Haloferula flavescens
Maritalea mediterranea,Maritalea mediterranea
Pelistega europaea,Pelistega europaea
Novosphingobium chloroacetimidivorans,Novosphingobium chloroacetimidivorans
Hydrogenedens terephthalaticus,Hydrogenedens terephthalaticus
Agarivorans gilvus,Agarivorans gilvus
Gandjariella thermophila,Gandjariella thermophila
Curtobacterium subtropicum,Curtobacterium subtropicum
Cupriavidus laharis,Cupriavidus laharis
Ureibacillus manganicus,Ureibacillus manganicus
Edaphobacter paludis,Edaphobacter paludis
Ralstonia condita,Ralstonia condita
Agriterribacter humi,Agriterribacter humi
bacterium MnTg04,MnTg04 sp008975185
Photobacterium gaetbulicola,Photobacterium gaetbulicola
Gimesia fumaroli,Gimesia fumaroli
Arthrobacter flavus,Arthrobacter_D flavus
Georgenia yuyongxinii,Georgenia yuyongxinii
Neolewinella xylanilytica,Neolewinella xylanilytica
Suttonella sp.,JAHUUI01 sp021513215
Antricoccus suffuscus,Antricoccus suffuscus
Peptoniphilus raoultii,Peptoniphilus_A raoultii
Gynuella sunshinyii,Gynuella sunshinyii
Streptomyces paludis,Streptomyces paludis
Sphingomonas azotifigens,Sphingomonas azotifigens
Albitalea terrae,Albitalea terrae
Rhizobium oryziradicis,Allorhizobium oryziradicis
Brevundimonas pondensis,Brevundimonas pondensis
Paraimprobicoccus trichonymphae,Paraimprobicoccus trichonymphae
Ancylobacter lacus,Ancylobacter lacus
Cellulomonas oligotrophica,Cellulomonas oligotrophica
Hugenholtzia roseola,Hugenholtzia roseola
Martelella radicis,Martelella radicis
uncultured Truepera,Truepera sp902806425
Paracoccus everestensis,Paracoccus everestensis
Mesorhizobium alhagi,Pseudaminobacter alhagi
Pseudoduganella violacea,Pseudoduganella violacea
Alkalibacillus flavidus,Alkalibacillus flavidus
Sphingopyxis witflariensis,Sphingopyxis witflariensis
Bacillus solitudinis,Halalkalibacter_A solitudinis
Sphingomonas aerophila,Sphingomonas aerophila
Nocardioides thalensis,Nocardioides thalensis
Dysosmobacter acutus,Oscillibacter acutus
Pontibacter silvestris,Pontibacter silvestris
Metabacillus lacus,Metabacillus_C lacus
Silvanigrellaceae bacterium,CANGWC01 sp947457515
Selenihalanaerobacter shriftii,Selenihalanaerobacter shriftii
Aerosakkonema funiforme,Aerosakkonema funiforme
Flavobacterium petrolei,Flavobacterium petrolei
Brevundimonas variabilis,Brevundimonas variabilis
Epilithonimonas lactis,Epilithonimonas lactis
Anoxybacillus pushchinoensis,Anoxybacillus pushchinoensis
Flagellimonas baculiformis,Flagellimonas baculiformis
Desulfotignum phosphitoxidans,Desulfotignum phosphitoxidans
Anaerobutyricum stercoripullorum,Anaerobutyricum stercoripullorum
Kineosporia babensis,Kineosporia babensis
Azospirillum doebereinerae,Azospirillum doebereinerae
Massilia cellulosiltytica,Telluria cellulosiltytica
Endomicrobiellum cubanum,Endomicrobiellum cubanum
Tichowtungia aerotolerans,Tichowtungia aerotolerans
Chryseobacterium daeguense,Chryseobacterium daeguense
Aliiroseovarius zhejiangensis,Aliiroseovarius zhejiangensis
Litchfieldella xinjiangensis,Litchfieldella xinjiangensis
Rhizobium calliandrae,Rhizobium calliandrae
Undibacterium flavidum,Undibacterium flavidum
Clostridium citroniae,Enterocloster citroniae
Allosalinactinospora lopnorensis,Allosalinactinospora lopnorensis
Sulfoacidibacillus ferrooxidans,Sulfoacidibacillus ferrooxidans
Agromyces intestinalis,Agromyces intestinalis
Abyssisolibacter fermentans,Abyssisolibacter fermentans
Spiroplasma syrphidicola,Spiroplasma syrphidicola
Pseudomonas boanensis,Metapseudomonas boanensis
Marinitoga litoralis,Marinitoga litoralis
Nitrincola iocasae,Nitrincola iocasae
Phytohabitans maris,Phytohabitans maris
Lacticaseibacillus porcinae,Lacticaseibacillus porcinae
Marinicella meishanensis,Marinicella meishanensis
Psychrobacter pocilloporae,Psychrobacter pacificensis
Ruthenibacterium merdipullorum,Ruthenibacterium merdipullorum
Xanthobacter oligotrophicus,Xanthobacter oligotrophicus
Liquorilactobacillus ghanensis,Liquorilactobacillus ghanensis
Thermomonas brevis,Thermomonas brevis
Myroides pelagicus,Flavobacterium pelagicum
Fundidesulfovibrio agrisoli,Fundidesulfovibrio agrisoli
Parasedimentitalea denitrificans,Parasedimentitalea denitrificans
Dyadobacter bucti,Dyadobacter bucti
Spongiibacter taiwanensis,Spongiibacter_A taiwanensis
Mycoplasmopsis edwardii,Mycoplasmopsis edwardii
Paradesertivirga mongoliensis,Paradesertivirga mongoliensis
Leptospira ryugenii,Leptospira_A ryugenii
Desulfatibacillaceae bacterium,JAGVAW01 sp030018745
Chlamydophila parapsittaci,Chlamydophila psittaci
Halomonas profundus,Vreelandella titanicae
bacterium D16-34,Xiamenia sp003612515
Izemoplasma acidinucleici,Izemoplasma acidinucleici
Aliikangiella coralliicola,Aliikangiella coralliicola
Geomonas agri,Geomonas agri
Parvicella sp.,Parvicella sp041583015
Rubrobacter tropicus,Rubrobacter_D tropicus
Pantoea nemavictus,Pantoea nemavictus
Lawsonibacter celer,Instestinimonas_A celer
Tepidamorphus gemmatus,Tepidamorphus gemmatus
Faecalicatena faecalis,Faecalicatena_A faecalis
Helicobacter rappini,Helicobacter_A rappini
Novimethylophilus kurashikiensis,Novimethylophilus kurashikiensis
Crinalium epipsammum,Crinalium epipsammum
Calycomorphotria hydatis,Calycomorphotria hydatis
Pontixanthobacter luteolus,Pontixanthobacter luteolus
Acidithiobacillus acidisediminis,Igneacidithiobacillus acidisediminis
Leptovillus gracilis,Leptovillus gracilis
Oscillatoria acuminata,Laspinema acuminata
Hyphobacterium marinum,Hyphobacterium marinum
Polynucleobacter bastaniensis,Polynucleobacter bastaniensis
Idiomarina tyrosinivorans,Idiomarina tyrosinivorans
Amycolatopsis palatopharyngis,Amycolatopsis palatopharyngis
Spongiactinospora rosea,Spongiactinospora rosea
Flavobacterium inviolabile,Flavobacterium inviolabile
Maribacter forsetii,Maribacter forsetii
Gallionella acididurans,Gallionella acididurans
Microlunatus phosphovorus,Microlunatus phosphovorus
Yinghuangia seranimata,Yinghuangia seranimata
Thermochlorobacter aerophilum,Thermochlorobacter aerophilum
Paenibacillus dokdonensis,Paenibacillus dokdonensis
Corynebacterium pacaense,Corynebacterium pacaense
Shewanella sairae,Shewanella sairae
Desulfurispira natronophila,Desulfurispira natronophila
Vreelandella lutescens,Vreelandella lutescens
Kribbella jiaozuonensis,Kribbella jiaozuonensis
Actinomadura atramentaria,Spirillospora atramentaria
Acetatifactor stercoripullorum,Acetatifactor stercoripullorum
Enterococcus mediterraneensis,Enterococcus_C mediterraneensis
Homoserinimonas aerilata,Homoserinimonas aerilata
Mesorhizobium australafricanum,Mesorhizobium australafricanum
Mesorhizobium ventifaucium,Mesorhizobium ventifaucium
Pseudomonas triticicola,Pseudomonas_E triticicola
Listeria portnoyi,Listeria_A portnoyi
Neorhizobium lilium,Neorhizobium lilium
Streptomyces longisporoflavus,Streptomyces longisporoflavus
Rubrivivax pictus,Aquabacterium_A pictus
Flexithrix dorotheae,Flexithrix dorotheae
Lentzea sokolovensis,Lentzea sokolovensis
Geohydrothermomicrobium sp.,Geohydrothermomicrobium sp937127245
Sinirhodobacter ferrireducens,Paenirhodobacter ferrireducens
Soehngenia longivitae,Soehngenia longivitae
Ecksteinia adelgidicola,Ecksteinia adelgidicola
Runella zeae,Runella zeae
Glaciecola amylolytica,Fluviicola amylolyticus
Micromonospora salmantinae,Micromonospora salmantinae
Pukyongia sp.,Pukyongia sp030148705
Antarcticimicrobium sediminis,Antarcticimicrobium sediminis
Rhodoferax fermentans,Rhodoferax fermentans
Pigmentiphaga kullae,Pigmentiphaga kullae
Aminobacter carboxidus,Aminobacter carboxidus
Aggregatilinea sp.,Aggregatilinea sp036822615
Peteryoungia aggregata,Allorhizobium aggregatum
Branchiibius sp.,Branchiibius sp001594145
Frisingicoccus caecimuris,Frisingicoccus caecimuris
Hyunsoonleella jejuensis,Jejuia jejuensis
Seonamhaeicola algicola,Seonamhaeicola algicola
Aureimonas glaciei,Aureimonas_A glaciei
Larsenimonas salina,Larsenimonas salina
Mucilaginibacter gossypiicola,Mucilaginibacter gossypiicola
Massilia pinisoli,Telluria pinisoli
Boudabousia marimammalium,Boudabousia marimammalium
Pelagerythrobacter rhizovicinus,Pelagerythrobacter rhizovicinus
Acidimangrovimonas sediminis,Acidimangrovimonas sediminis
Zapsychrus exili,Zapsychrus exili
Caldovatus aquaticus,Caldovatus aquaticus
Henriciella barbarensis,Henriciella barbarensis
Dictyobacter aurantiacus,Dictyobacter aurantiacus
Roseateles violae,Roseateles_D violae
Thioalkalicoccus limnaeus,Thioalkalicoccus limnaeus
Halomonas daqiaonensis,Halomonas daqiaonensis
Roseomonas pecuniae,Roseomonas pecuniae
Humitalea rosea,Humitalea rosea
Aurantimonas manganoxydans,Aurantimonas manganoxydans
Aridibacter famidurans,Aridibacter famidurans
Chenggangzhangella methanolivorans,Hansschlegelia methanolivorans
Phycicoccus duodecadis,Phycicoccus duodecadis
Prauserella alba,Prauserella alba
Merdivicinus faecavium,Merdivicinus faecavium
Merdisoma faecalis,Laedolimicola faecalis
Hymenobacter yonginensis,Hymenobacter yonginensis
Desulfolithobacter dissulfuricans,Desulfolithobacter dissulfuricans
Fervidicola ferrireducens,Fervidicola ferrireducens
Pseudomonas endophytica,Pseudomonas_E endophytica
Micromonospora marina,Micromonospora marina
Streptomyces chengmaiensis,Streptomyces chengmaiensis
Sphaerisporangium siamense,Sphaerisporangium siamense
Vreelandella malpeensis,Vreelandella malpeensis
Tessaracoccus bendigoensis,Arachnia bendigoensis
Kosakonia arachidis,Kosakonia arachidis
Lentzea pudingi,Lentzea pudingi
Flavihumibacter cheonanensis,Flavihumibacter cheonanensis
Xianfuyuplasma sp.,Xianfuyuplasma sp041555275
Entotheonella palauensis,Entotheonella palauensis
Bacillus bingmayongensis,Bacillus_A bingmayongensis
Vibrio aquimaris,Vibrio aquimaris
Pontibacter kalidii,Pontibacter kalidii
Bizionia myxarmorum,Algorimicrobium myxarmorum
Maridesulfovibrio salexigens,Maridesulfovibrio salexigens
Hanstruepera neustonica,Hanstruepera neustonica
Corynebacterium atypicum,Corynebacterium atypicum
Lentihominibacter hominis,Lentihominibacter hominis
Niastella soli,Niastella soli
Secundilactobacillus mixtipabuli,Secundilactobacillus mixtipabuli
Thermaerobacter composti,Thermaerobacter composti
Microvirga arsenatis,Microvirga arsenatis
Nocardioides cremeus,Nocardioides cremeus
uncultured Burkholderia,Burkholderia sp963512745
Nitrosopolaris sp.,UBA10449 sp035636885
Halomonas alimentaria,Halomonas alimentaria
Amorphoplanes digitatis,Actinoplanes digitatus
Denitratisoma oestradiolicum,Denitratisoma oestradiolicum
Mucilaginibacter daejeonensis,Mucilaginibacter daejeonensis
Acidithiobacillus sulfurivorans,Acidithiobacillus sulfurivorans
Streptomyces sabulosicollis,Streptomyces sabulosicollis
Methylomarinum vadi,Methylomarinum vadi
Cognaticolwellia sediminilitoris,Cognaticolwellia sediminilitoris
uncultured Thermoactinomycetaceae,CALJVA01 sp937975135
Paenibacillus selenitireducens,Paenibacillus_K selenitireducens
Flavobacterium hydrocarbonoxydans,Flavobacterium hydrocarbonoxydans
Adhaeribacter aerolatus,Adhaeribacter aerolatus
Antribacter soli,Antribacter soli
Kineococcus rhizosphaerae,Kineococcus rhizosphaerae
Aquirickettsiella gammari,Aquirickettsiella gammari
Lentisphaera profundi,Lentisphaera profundi
Mycoplasmopsis verecunda,Mycoplasmopsis verecunda
Cryobacterium gelidum,Cryobacterium gelidum
Paenibacillus mangrovi,Paenibacillus mangrovi
Neomegalonema perideroedes,Neomegalonema perideroedes
Antricoccus sp.,Antricoccus sp039923595
Prosthecomicrobium sp.,Prosthecodimorpha sp037203705
Endomicrobiellum mastotermitis,Endomicrobiellum mastotermitis
Simplicispira suum,Simplicispira suum
Agrococcus versicolor,Agrococcus versicolor
Limnobacter parvus,Limnobacter parvus
Undibacterium rivi,Undibacterium rivi
Mesorhizobium escarrei,Mesorhizobium escarrei
Marinobacter piscensis,Marinobacter piscensis
Humimonas hydrogenitrophica,Humimonas hydrogenitrophica
Vibrio stylophorae,Vibrio_A stylophorae
Megasphaera vaginalis,Anaeroglobus vaginalis
Propionispora vibrioides,Propionispora vibrioides
Hymenobacter actinosclerus,Hymenobacter actinosclerus
Marimonas lutisalis,Marimonas_A lutisalis
Marimonas arenosa,Marimonas arenosa
Ruminococcus hominis,Schaedlerella hominis
Luteimonas composti,Luteimonas composti
Beggiatoa sp.,SZUA-411 sp003245895
Ciceribacter thiooxidans,Allorhizobium thiooxidans
Paraburkholderia calva,Caballeronia calva
Microvirga thermotolerans,Microvirga thermotolerans
Paenibacillus brasilensis,Paenibacillus brasilensis
Salinivibrio sharmensis,Salinivibrio sharmensis
Sphingobium aromaticivastans,Sphingobium aromaticivastans
Halobacillus yeomjeoni,Halobacillus yeomjeoni
Benthicola marisminoris,Benthicola marisminoris
Amylibacter marinus,Amylibacter marinus
Gracilibacillus kekensis,Gracilibacillus kekensis
Alkalicoccus sp.,Alkalicoccus sp007692495
Rheinheimera hassiensis,Rheinheimera hassiensis
Thermoflavifilum thermophilum,Thermoflavifilum thermophilum
Streptomyces endocoffeicus,Streptomyces endocoffeicus
Alkaliphilus peptidifermentans,Alkaliphilus_C peptidifermentans
Methylobacterium hispanicum,Methylobacterium hispanicum
Nocardiopsis xinjiangensis,Nocardiopsis xinjiangensis
Roseateles koreensis,Paucibacter_A koreensis
Robiginitalea sediminis,Robiginitalea sediminis
Sinomonas cyclohexanicum,Sinomonas cyclohexanica
Paenibacillus sambharensis,Paenibacillus_I sambharensis
Nocardioides baculatus,Nocardioides baculatus
Tepidicaulis marinus,Tepidicaulis marinus
Pedobacter chinensis,Pedobacter chinensis
Lipingzhangella halophila,Lipingzhangella halophila
Chryseobacterium oryzae,Chryseobacterium oryzae
Fluviispira multicolorata,Silvanigrella multicolorata
Roseimicrobium sp.,Roseimicrobium sp011044495
Thalassotalea eurytherma,Thalassotalea_G eurytherma
Aquicella siphonis,Aquicella siphonis
Ruminococcus equi,Ruminococcoides equi
Pelotomaculum terephthalicicum,Pelotomaculum_D terephthalicicum
Lysobacter chinensis,Marilutibacter chinensis
Alkalimonas mucilaginosa,Alkalimonas mucilaginosa
Amorphoplanes nipponensis,Actinoplanes nipponensis
Gordonia spumicola,Gordonia spumicola
Sphingobacterium thermophilum,Sphingobacterium thermophilum
Hyalangium sp.,Hyalangium sp035629615
Shewanella livingstonensis,Shewanella livingstonensis
Agrobacterium burrii,Agrobacterium burrii
Mesorhizobium robiniae,Mesorhizobium robiniae
Vibrio hippocampi,Vibrio hippocampi
Ureibacillus galli,Ureibacillus galli
Simiduia aestuariiviva,Simiduia aestuariiviva
Sinomonas terricola,Sinomonas terricola
Kappaea frigidicola,Kappaea frigidicola
Streptomyces lydicamycinicus,Streptomyces lydicamycinicus
Palauibacter denitrificans,Palauibacter denitrificans
Ketobacter alkanivorans,Ketobacter alkanivorans
Neptunicoccus sediminis,Amylibacter sediminis
Marinobacterium zhoushanense,Marinobacterium_D zhoushanense
Sulfurihydrogenibium yellowstonense,Sulfurihydrogenibium yellowstonense
Paenibacillus pinisoli,Pristimantibacillus pinisoli
Bosea lupini,Bosea lupini
Bosea caraganae,Bosea caraganae
uncultured Xanthobacter,Xanthobacter sp937872325
Asaia platycodi,Asaia platycodi
Thiogranum longum,Thiogranum longum
Paenibacillus sophorae,Paenibacillus sophorae
Winogradskyella schleiferi,Winogradskyella schleiferi
Fructobacillus papyrifericola,Fructobacillus papyrifericola
Cereibacter flavus,Falsirhodobacter flavus
Pseudomonas sagittaria,Geopseudomonas sagittaria
Rhodoferax bucti,Rhodoferax_C bucti
Geomobilimonas luticola,Geomobilimonas luticola
Klenkia soli,Klenkia soli
Aeromonas molluscorum,Aeromonas molluscorum
Pseudomonas botevensis,Pseudomonas_E botevensis
Massilia antarctica,Telluria antarctica
Paraprevotella stercoravium,Paraprevotella stercoravium
Haliea alexandrii,Haliea alexandrii
Anaerosphaera multitolerans,Anaerosphaera multitolerans
Streptomyces halobius,Streptomyces halobius
Coproplasma stercoravium,Coproplasma stercoravium
Trueperella bonasi,Trueperella bonasi
Planktothrix paucivesiculata,Planktothrix paucivesiculata
Segatella albertsiae,Prevotella albertsiae
Clostridium swellfunianum,Clostridium_AT swellfunianum
Methylovorus menthalis,Methylovorus menthalis
Nocardioides anomalus,Nocardioides anomalus
Chitinophaga dinghuensis,Chitinophaga dinghuensis
Boseaceae bacterium,Bosea sp025846845
Salinicola halophyticus,Salinicola halophyticus
Flexilinea flocculi,Flexilinea flocculi
Deferribacterota bacterium,UBA228 sp034189185
Luteimonas kalidii,Luteimonas kalidii
Sphingobacterium alkalisoli,Sphingobacterium alkalisoli
Pseudoxanthomonas helianthi,Pseudoxanthomonas_A helianthi
Enterococcus pseudoavium,Enterococcus_A pseudoavium
Actinacidiphila soli,Actinacidiphila soli
Butyricicoccus avicola,Butyricicoccus avicola
Tepidicella baoligensis,Tepidicella baoligensis
Compostibacter hankyongensis,Compostibacter hankyongensis
Anaerococcus urinomassiliensis,Anaerococcus urinomassiliensis
Stercorousia faecigallinarum,Stercorousia faecigallinarum
Paenibacillus stellifer,Paenibacillus stellifer
Coraliomargarita sinensis,Coraliomargarita_B sinensis
uncultured Desulfarculus,Desulfarculus sp963665125
Effusibacillus dendaii,Effusibacillus dendaii
Actinoallomurus spadix,Actinoallomurus spadix
Robertmurraya crescens,Bacillus paralicheniformis
Thermus altitudinis,Thermus altitudinis
Pseudorhodoferax soli,Pseudorhodoferax soli
Corynebacterium gerontici,Corynebacterium gerontici
Ochrovirga pacifica,Ochrovirga pacifica
Neobacillus kokaensis,Neobacillus kokaensis
Corynebacterium comes,Corynebacterium comes
Confluentibacter lentus,Confluentibacter lentus
Keguizhuia sedimenti,Keguizhuia sedimenti
uncultured Conexibacter,F1-60-MAGs163 sp903953065
Oceaniglobus ichthyenteri,Oceaniglobus ichthyenteri
Agromyces kandeliae,Agromyces kandeliae
Zarconia navalis,Zarconia navalis
Rhodobacter xinxiangensis,Falsirhodobacter xinxiangensis
Paucilactobacillus wasatchensis,Paucilactobacillus wasatchensis
Luteolibacter ambystomatis,Luteolibacter ambystomatis
Micromonospora lutea,Micromonospora lutea
Ciceribacter ferrooxidans,Allorhizobium ferrooxidans
Merdenecus merdavium,Merdenecus merdavium
Paracoccus albicereus,Paracoccus albicereus
Aquimarina latercula,Aquimarina latercula
Micromonospora citrea,Micromonospora citrea
Aequorivita lipolytica,Aequorivita lipolytica
Pontibacter deserti,Pontibacter deserti
Sulfidibacterium hydrothermale,Sulfidibacterium hydrothermale
Syntrophus gentianae,Syntrophus gentianae
Paenalcaligenes niemegkensis,Paenalcaligenes niemegkensis
Sodaliphilus aphodohippi,Sodaliphilus aphodohippi
Thiothrix namsaraevi,Thiothrix namsaraevi
Anaeromyxobacter paludicola,Anaeromyxobacter_B paludicola
Mesorhizobium atlanticum,Mesorhizobium atlanticum
Sphingomonas crusticola,Sphingomonas_I crusticola
Elongatibacter sediminis,Elongatibacter sediminis
Litoribaculum gwangyangense,Litoribaculum gwangyangense
Parahaliea aestuarii,Parahaliea aestuarii
Thermovenabulum gondwanense,Thermovenabulum gondwanense
Pectobacterium jejuense,Pectobacterium jejuense
bacterium UBP9_UBA6111,Xenobium occultum
Micrarchaeia archaeon,DAHUZL01 sp035533215
Labedella populi,Labedella populi
Actinomadura rifamycini,Spirillospora rifamycini
Caldimonas caldifontis,Caldimonas caldifontis
Micromonospora maritima,Micromonospora maritima
uncultured Dethiosulfovibrio,Dethiosulfovibrio sp963667585
Streptococcus respiraculi,Streptococcus respiraculi
Bartonella massiliensis,Bartonella massiliensis
Terrisporobacter muris,Terrisporobacter othiniensis
Simiduia sp.,Simiduia sp024138675
Bradyrhizobium icense,Bradyrhizobium icense
Gymnodinialimonas phycosphaerae,Gymnodinialimonas phycosphaerae
Mycoplasmopsis pulmonis,Mycoplasmopsis_B pulmonis
Exiguobacterium himgiriensis,Exiguobacterium himgiriensis
Luteirhabdus pelagi,Luteirhabdus pelagi
Halobacteroides halobius,Halobacteroides halobius
Biostraticola tofi,Biostraticola tofi
Clostridium mobile,Clostridium_AW mobile
Zunongwangia mangrovi,Zunongwangia mangrovi
Ureaplasma zalophigenitalium,Ureaplasma zalophigenitalium
Pseudaestuariivita atlantica,Pseudaestuariivita atlantica
Cellulophaga geojensis,Cellulophaga lytica
Rubidibacter lacunae,Rubidibacter lacunae
Microbacterium saperdae,Microbacterium saperdae
Lentibacillus saliphilus,Lentibacillus_B saliphilus
Zobellella aerophila,Oceanimonas aerophila
Streptococcus sciuri,Streptococcus sciuri
Desulfosporosinus youngiae,Desulfosporosinus youngiae
Sinomonas gamaensis,Sinomonas gamaensis
Prosthecobacter dejongeii,Prosthecobacter dejongeii
Croceibacterium salegens,Croceibacterium salegens
Desertibaculum subflavum,Desertibaculum subflavum
Arenibacter nanhaiticus,Arenibacter nanhaiticus
Syntrophorhabdus aromaticivorans,Syntrophorhabdus aromaticivorans
Aequorivita vitellina,Aequorivita vitellina
Goleter apudmare,Goleter apudmare
Kineobactrum salinum,Kineobactrum salinum
Shewanella ulleungensis,Shewanella ulleungensis
Sphingomonas paeninsulae,Sphingomonas_O paeninsulae
Tabrizicola rongguiensis,Tabrizicola_B rongguiensis
Haloflavibacter putidus,Mesonia putida
Nocardioides lacusdianchii,Nocardioides lacusdianchii
Sphingomonas liriopis,Sphingomonas liriopis
Nostoc mirabile,Nostoc mirabile
bacterium EBM-40,UBA2256 sp001603165
Chitinophaga pollutisoli,Chitinophaga pollutisoli
Micromonospora acroterricola,Micromonospora acroterricola
Palleronia salina,Palleronia salina
Streptomyces malaysiense,Streptomyces malaysiense
Paenibacillus oralis,Fontibacillus oralis
Paracoccus binzhouensis,Paracoccus binzhouensis
Mastigocladus sp.,Fischerella muscicola
Serratia rhizosphaerae,Serratia_B rhizosphaerae
Zinderia insecticola,Zinderia insecticola
Obscuribacterium magneticum,Obscuribacterium magneticum
Nocardia crassostreae,Nocardia crassostreae
Halomonas jincaotanensis,Halomonas jincaotanensis
Mycoplasmopsis citelli,Mycoplasmopsis citelli
Vagococcus salmoninarum,Vagococcus_D salmoninarum
Vogesella alkaliphila,Vogesella alkaliphila
Allorhizocola rhizosphaerae,Allorhizocola rhizosphaerae
Avibacteroides avistercoris,Avibacteroides avistercoris
Tritonibacter sp.,Epibacterium mobile
Treponema zioleckii,Treponema_D zioleckii
Gloeomargarita lithophora,Gloeomargarita lithophora
Kibdelosporangium persicum,Kibdelosporangium persicum
Serratia oryzae,Chania oryzae
Flavobacterium segetis,Flavobacterium segetis
Actinoplanes solisilvae,Actinoplanes solisilvae
Nocardia mikamii,Nocardia mikamii
Scopulibacillus daqui,Scopulibacillus_A daqui
Lichenicoccus roseus,Lichenicoccus roseus
Nocardia macrotermitis,Nocardia macrotermitis
Microbacterium nanhaiense,Microbacterium nanhaiense
Alienimonas chondri,Alienimonas chondri
Evansella vedderi,Evansella vedderi
uncultured Methylopila,Hansschlegelia sp902168115
Actinospica robiniae,Actinospica robiniae
Ideonella paludis,Ideonella paludis
Type-D symbiont,Pantoea vagans_C
Spirochaeta lutea,Spirochaeta_D lutea
Microterricola sp.,Microterricola sp040511515
Sulfitobacter noctilucae,Sulfitobacter noctilucae
Glaciimonas immobilis,Glaciimonas immobilis
Shewanella intestini,Shewanella intestini
Isoptericola halalbus,Isoptericola halalbus
Caballeronia arvi,Caballeronia arvi
Paraglaciecola algarum,Paraglaciecola algarum
Hymenobacter canadensis,Hymenobacter canadensis
Lysobacter profundi,Cognatiluteimonas_A profundi
Rhizobium rhizophilum,Allorhizobium rhizophilum
Thauera sedimentorum,Pseudothauera sedimentorum
Staphylococcus edaphicus,Staphylococcus edaphicus
Mycobacterium alsense,Mycobacterium alsense
Falsiroseomonas bella,Falsiroseomonas bella
Allocopromorpha excrementigallinarum,Lentihominibacter excrementigallinarum
Gordonia phthalatica,Gordonia phthalatica
Sporomusa rhizae,Sporomusa rhizae
Nonomuraea thailandensis,Nonomuraea thailandensis
Paracoccus amoyensis,Paracoccus amoyensis
Paenibacillus auburnensis,Paenibacillus auburnensis
Streptomyces daqingensis,Streptomyces daqingensis
Atribacteraceae bacterium,DATIKP01 sp035477455
Pseudoduganella plicata,Pseudoduganella plicata
Treponema saccharophilum,Treponema_D saccharophilum
Cognatazoarcus halotolerans,Cognatazoarcus halotolerans
Rhizobium alvei,Rhizobium_E alvei
Bacteroides faecium,Bacteroides faecium
Nakamurella deserti,Nakamurella deserti
bacterium 336/3,Raineya sp001281695
Pseudorhizobium endolithicum,Neorhizobium endolithicum
Nocardioides mangrovi,Nocardioides mangrovi
Pseudomonas urmiensis,Pseudomonas_E urmiensis
Pseudomonas folii,Pseudomonas_E folii
Hymenobacter piscis,Hymenobacter piscis
Lysobacter niabensis,Agrilutibacter niabensis
Spyradosoma merdigallinarum,Spyradosoma merdigallinarum
Symbiothrix dinenymphae,Symbiothrix dinenymphae
Polyangium spumosum,Polyangium spumosum
Clostridium haemolyticum,Clostridium_H haemolyticum
Streptomyces pathocidini,Streptomyces pathocidini
Thermodesulfobiota bacterium,JAPLHX01 sp041478715
Paenibacillus algicola,Paenibacillus algicola
Micromonospora cabrerizensis,Micromonospora cabrerizensis
Flavobacterium resistens,Flavobacterium resistens
Mucilaginibacter lappiensis,Mucilaginibacter lappiensis
Aphodenecus pullistercoris,Bullifex pullistercoris
Anatilimnocola sp.,SXOA01 sp031394445
Yimella lutea,Yimella lutea
Xanthomonas codiaei,Xanthomonas codiaei
Streptomyces niveiscabiei,Streptomyces niveiscabiei
Paeniclostridium sp.,Paraclostridium sordellii
uncultured Arcticibacterium,Arcticibacterium sp964021845
Flammeovirga aprica,Flammeovirga aprica
Photorhabdus tasmaniensis,Photorhabdus tasmaniensis
Propylenella binzhouense,Propylenella binzhouensis
Pseudomonas fontis,Pseudomonas_E fontis
Aurantiacibacter zhengii,Aurantiacibacter zhengii
Rathayibacter caricis,Rathayibacter caricis
Treponema scatequi,Treponema_D scatequi
Methylomirabilis tolerans,Methylomirabilis tolerans
Chryseobacterium edaphi,Chryseobacterium edaphi
Fluviibacterium aquatile,Meridianimarinicoccus aquatilis
Dormibacterales bacterium,JBBSHA01 sp038253595
Pseudoflavitalea sp.,Pseudobacter sp012927185
Vibrio ezurae,Vibrio ezurae
Caenispirillum salinarum,Caenispirillum salinarum
Methylophilus medardicus,Methylophilus medardicus
Kineococcus siccus,Kineococcus siccus
Ureibacillus sinduriensis,Ureibacillus sinduriensis
Flavobacterium limnophilum,Flavobacterium limnophilum
Lentibacillus persicus,Lentibacillus persicus
Aphanocapsa sp.,JAHHGS01 sp019359715
Allofrancisella frigidaquae,Allofrancisella frigidaquae
Streptomyces boncukensis,Streptomyces boncukensis
Dactylosporangium sucinum,Dactylosporangium sucinum
Ferruginibacter albus,Ferruginibacter albus
Rickettsia kotlanii,Rickettsia kotlanii
Abyssibius alkaniclasticus,Abyssibius alkaniclasticus
Aciduricibacillus chroicocephali,Aciduricibacillus chroicocephali
Pseudotabrizicola formosa,Pseudotabrizicola formosa
Rhodobacter lobularis,Rhodobacter_B lobularis
Saccharococcus sp.,Sporosarcina luteola_C
Papillibacter sp.,Sporobacter sp012838125
Paracoccus maritimus,Paracoccus maritimus
Geomicrobium halophilum,Geomicrobium halophilum
Parablautia muri,Suilimivivens muri
Streptomyces phyllanthi,Streptomyces phyllanthi
Eubacterium aggregans,Eubacterium_O aggregans
Vibrio pacinii,Vibrio pacinii
Pararhizobium capsulatum,Pararhizobium capsulatum
Fermentibacterales bacterium,JAFGKQ01 sp016928495
Marinobacter fuscus,Marinobacter fuscus
Pseudonocardia xishanensis,Pseudonocardia xishanensis
Anaerobacillus alkaliphilus,Anaerobacillus alkaliphilus
Tissierella creatinophila,Tissierella_A creatinophila
Eubacterium faecavium,Eubacterium_R faecavium
Amycolatopsis pittospori,Amycolatopsis pittospori
Marixanthomonas sp.,Marixanthomonas sp019904255
Sulfurospirillum barnesii,Sulfurospirillum barnesii
Lutispora saccharofermentans,Lutispora saccharofermentans
Emticicia aquatilis,Emticicia aquatilis
Riemerella columbipharyngis,Riemerella columbipharyngis
Streptococcus marimammalium,Streptococcus marimammalium
Denitrobaculum tricleocarpae,Denitrobaculum tricleocarpae
Paraluminiphilus aquimaris,Luminiphilus aquimaris
Coprenecus merdipullorum,Coprenecus merdipullorum
Psychrobacillus vulpis,Psychrobacillus vulpis
Dichotomicrobium sp.,DAIMZI01 sp036734025
Flavobacterium proteolyticum,Flavobacterium proteolyticum
Caldanaerobius fijiensis,Caldanaerobius fijiensis
Saccharothrix coeruleofusca,Actinosynnema coeruleofuscum
Spirosoma sordidisoli,Spirosoma sordidisoli
Levilinea saccharolytica,Levilinea saccharolytica
Sulfurimonas gotlandica,Sulfurimonas gotlandica
Sulfurimicrobium lacus,Sulfurimicrobium lacus
Lactiplantibacillus paraxiangfangensis,Lactiplantibacillus paraxiangfangensis
Novosphingobium jiangmenense,Novosphingobium jiangmenense
Vampirococcus lugosii,Vampirococcus lugosii
Halalkalibacter flavus,Halalkalibacter flavus
Paenibacillus alkalitolerans,Paenibacillus_AE alkalitolerans
Aporhodopirellula aestuarii,Rhodopirellula aestuarii
Duganella aceris,Duganella aceris
Xianfuyuplasma coldseepsis,Xianfuyuplasma coldseepsis
Halalkalibaculum roseum,Halalkalibaculum roseum
Pseudobacteroides cellulosolvens,Pseudobacteroides cellulosolvens
Elioraea thermophila,Elioraea thermophila
Paracidovorax konjaci,Paracidovorax konjaci
uncultured Modestobacter,Modestobacter sp947486615
Stakelama saccharophila,Sphingomonas saccharophila
Cryosericum terrychapinii,Cryosericum terrychapinii
Neisseria lisongii,Neisseria lisongii
Microbacterium arthrosphaerae,Microbacterium arthrosphaerae
Arcanobacterium pluranimalium,Arcanobacterium_A pluranimalium
Flavobacterium ustbae,Flavobacterium ustbae
Kineococcus mangrovi,Kineococcus mangrovi
Piscinibacter sakaiensis,Ideonella_A sakaiensis
Sphingobium cyanobacteriorum,Sphingobium cyanobacteriorum
Fournierella excrementavium,Fournierella excrementavium
Paenibacillus cookii,Paenibacillus cookii
Aestuariibacter salexigens,Aestuariibacter salexigens
Streptosporangium brasiliense,Streptosporangium brasiliense
Neoactinobaculum massilliense,Neoactinobaculum massilliense
uncultured Pseudoruegeria,Pseudoruegeria sp947498155
uncultured Antarcticibacterium,Gillisia sp963973375
Plantactinospora alkalitolerans,Plantactinospora alkalitolerans
Vulcanimicrobiota bacterium,JAEXNA01 sp041676625
Lysobacter tabacisoli,Cognatilysobacter tabacisoli
Nocardia yamanashiensis,Nocardia yamanashiensis
Kinetoplastibacterium sorsogonicusi,Kinetoplastibacterium sorsogonicusi
Pedobacter kyonggii,Pedobacter kyonggii
Colimorpha onthohippi,Colimorpha onthohippi
Oryzomonas sp.,Oryzomonas sp031292255
Bartonella australis,Bartonella australis
Staphylococcus croceilyticus,Staphylococcus croceilyticus
Nafulsella turpanensis,Nafulsella turpanensis
Algoriphagus yeomjeoni,Algoriphagus yeomjeoni
Plebeiobacterium sediminum,Saccharicrinis sediminus
Anaerobranca californiensis,Anaerobranca californiensis
Canibacter zhoujuaniae,Canibacter zhoujuaniae
Millisia brevis,Millisia brevis
Barnesiella merdipullorum,Barnesiella merdipullorum
Streptococcus lactarius,Streptococcus lactarius
Azohydromonas aeria,Azohydromonas aeria
Alkalibacillus almallahensis,Alkalibacillus almallahensis
Erythrobacter rubeus,Erythrobacter rubeus
Desulfoprunum benzoelyticum,Desulfoprunum benzoelyticum
Neoanaerotignum tabaqchaliae,Neoanaerotignum_A tabaqchaliae
Proteus myxofaciens,Proteus myxofaciens
Chryseobacterium indicum,Chryseobacterium indicum
Chondromyces apiculatus,Chondromyces apiculatus
Pantoea persica,Pantoea persica
Actinomycetospora chibensis,Actinomycetospora chibensis
Chryseobacterium lacus,Chryseobacterium_A lacus
Fournierella merdigallinarum,Fournierella merdigallinarum
bacterium TMED190,GCA-002707905 sp002691365
Campylobacter gastrosuis,Campylobacter_A gastrosuis
Actinomycetospora lemnae,Actinomycetospora lemnae
Lacisediminimonas sp.,Lacisediminimonas sp030645335
Thermodesulfobacterium syntrophicum,Thermodesulfobacterium syntrophicum
Oricola indica,Oricola indica
Legionella donaldsonii,Tatlockia donaldsonii
Cuneatibacter caecimuris,Cuneatibacter caecimuris
Sediminispirochaeta bajacaliforniensis,Sediminispirochaeta bajacaliforniensis
Muriicola marianensis,Muriicola marianensis
Paradesulfitobacterium ferrireducens,Paradesulfitobacterium ferrireducens
Dactylosporangium salmoneum,Dactylosporangium salmoneum
Methylophosphatis roskildensis,Methylophosphatis roskildensis
Photobacterium salinisoli,Photobacterium salinisoli
Mesorhizobium norvegicum,Mesorhizobium norvegicum
Pandoraea commovens,Pandoraea commovens
Pirellulimonas nuda,Pirellulimonas nuda
Thermosinus carboxydivorans,Thermosinus carboxydivorans
Thermus thermamylovorans,Thermus thermamylovorans
Paraburkholderia dipogonis,Paraburkholderia phytofirmans
Bacillus alkalicola,Evansella alkalicola
Tepidiphilus margaritifer,Tepidiphilus margaritifer
Flagellimonas amphidinii,Flagellimonas amphidinii
Thiothrix unzii,Thiothrix unzii
Solitalea lacus,Solitalea lacus
Fulvivirgaceae bacterium,Chryseosolibacter sp029309925
Mediterraneibacter surreyensis,Mediterraneibacter surreyensis
Slackia equolifaciens,Slackia equolifaciens
Danxiaibacter flavus,Danxiaibacter flavus
Deinococcus aestuarii,Deinococcus aestuarii
Algibacter aquimarinus,Algibacter_F aquimarinus
Corynebacterium sputi,Corynebacterium sputi
Helicobacter didelphidarum,Helicobacter_A didelphidarum
Chitinolyticbacter meiyuanensis,Chitinolyticbacter meiyuanensis
uncultured Aliishimia,Aliishimia sp963922415
Oryzisolibacter sp.,Alicycliphilus sp040732315
Halomonas lysinitropha,Halomonas lysinitropha
Streptomyces roseiscleroticus,Streptomyces ruber
Lacinutrix mariniflava,Lacinutrix mariniflava
Sphingopyxis yananensis,Sphingopyxis yananensis
Luteithermobacter gelatinilyticus,Luteithermobacter gelatinilyticus
Flavobacterium dankookense,Flavobacterium dankookense
Skermanella rosea,Skermanella rosea
Tharpella aukensis,Tharpella aukensis
Vaginimicrobium propionicum,Vaginimicrobium propionicum
Ruegeria alba,Ruegeria_B alba
bacterium ADurb.Bin157,MWDD01 sp002070375
uncultured Salinispira,Salinispira sp963966255
Thiosocius teredinicola,Thiosocius teredinicola
Massilia arenae,Telluria arenae
Marinomonas lutimaris,Marinomonas lutimaris
Thermocoleostomius sinensis,Thermocoleostomius sinensis
Halomonas dongshanensis,Vreelandella dongshanensis
Qaidamihabitans albus,Qaidamihabitans albus
Pseudomonas multiresinivorans,Pseudomonas multiresinivorans
Streptomyces fildesensis,Actinacidiphila fildesensis
Legionella antarctica,Legionella antarctica
Bartonella tamiae,Bartonella_B tamiae
Alkaliphilus oremlandii,Alkaliphilus_B oremlandii
Mediterraneibacter intestinigallinarum,Mediterraneibacter intestinigallinarum
Botrimarina mediterranea,Botrimarina mediterranea
Desulfosporosinus orientis,Desulfosporosinus orientis
Roseivivax halodurans,Roseivivax halodurans
Baekduia alba,Baekduia alba
Mucilaginibacter gilvus,Mucilaginibacter gilvus
Spirochaeta africana,Spirochaeta_B africana
Hoeflea phototrophica,Hoeflea phototrophica
Sciscionella sediminilitoris,Sciscionella sediminilitoris
Methyloligella halotolerans,Methyloligella halotolerans
Luoshenia tenuis,Luoshenia tenuis
Halomonas borealis,Halomonas borealis
Flavobacterium shii,Flavobacterium shii
Proteocatella sphenisci,Proteocatella sphenisci
Pseudothermotoga thermarum,Pseudothermotoga thermarum
Stieleria neptunia,Stieleria neptunia
Paenibacillus humicus,Paenibacillus_O humicus
bacterium UBA6875,Prevotella sp002437565
Thauera chlorobenzoica,Thauera chlorobenzoica
Nocardioides aquiterrae,Nocardioides aquiterrae
Legionella nagasakiensis,Legionella_A nagasakiensis
Fusobacterium pullicola,Fusobacterium_A pullicola
Zunongwangia atlantica,Zunongwangia atlantica
Rhizobium halophytocola,Allorhizobium halophytocola
Onishia niordana,Onishia niordana
Gryllotalpicola koreensis,Gryllotalpicola koreensis
Neisseria montereyensis,Neisseria montereyensis
Bacillus mexicanus,Bacillus mexicanus
Ornithinimicrobium pekingense,Ornithinimicrobium pekingense
Salinivirga cyanobacteriivorans,Salinivirga cyanobacteriivorans
Micromonospora rubida,Micromonospora rubida
Nocardioides cavernaquae,Nocardioides cavernaquae
Litoreibacter halocynthiae,Litoreibacter halocynthiae
uncultured Sandaracinaceae,JAVJQK01 sp004213565
uncultured Erysipelothrix,Erysipelothrix sp947631935
Tumebacillus sp.,Tumebacillus_A sp004340785
Pseudorhodobacter aquimaris,Pseudorhodobacter aquimaris
Maribacter orientalis,Maribacter orientalis
Paenibacillus plantiphilus,Paenibacillus_Z plantiphilus
Cloacimonadia bacterium,JAJBBL01 sp020532365
Polaribacter cellanae,Polaribacter cellanae
Sphingomonas pokkalii,Sphingomonas pokkalii
Dongia soli,Dongia_B soli
Amycolatopsis jiangsuensis,Amycolatopsis jiangsuensis
Desulfobotulus pelophilus,Desulfobotulus pelophilus
Thermoanaerobacterium xylanolyticum,Thermoanaerobacterium xylanolyticum
Trinickia violacea,Trinickia violacea
Spirosoma panaciterrae,Spirosoma panaciterrae
Flexivirga aerilata,Flexivirga aerilata
Flavobacterium restrictum,Flavobacterium restrictum
Methylobacillus arboreus,Methylobacillus arboreus
Billgrantia montanilacus,Billgrantia montanilacus
Actinoallomurus liliacearum,Actinoallomurus liliacearum
Parashewanella curva,Parashewanella curva
Ruania alba,Ruania alba
Serpentinicella sp.,Serpentinicella sp031432315
Pseudonocardia kongjuensis,Pseudonocardia kongjuensis
Granulicatella balaenopterae,Granulicatella balaenopterae
Neoroseomonas alba,Neoroseomonas alba
Amylibacter ulvae,Amylibacter ulvae
Minthomonas equi,Minthomonas equi
Arhodomonas aquaeolei,Arhodomonas aquaeolei
Paenibacillus contaminans,Paenibacillus_V contaminans
Craurococcus roseus,Craurococcus roseus
Planotetraspora kaengkrachanensis,Planotetraspora kaengkrachanensis
Thiofilum flexile,Thiofilum flexile
Jannaschia seosinensis,Jannaschia seosinensis
Flavobacterium profundi,Flavobacterium profundi
Gilvimarinus chinensis,Gilvimarinus chinensis
Natroniella sulfidigena,Natroniella sulfidigena
Salinicoccus halodurans,Salinicoccus halodurans
Parabacteroides intestinigallinarum,Parabacteroides intestinigallinarum
Methylocystis bryophila,Methylocystis bryophila
Sphingomonas donggukensis,Sphingomonas donggukensis
Paenibacillus whitsoniae,Paenibacillus_E whitsoniae
Parabacteroides pacaensis,Parabacteroides_B pacaensis
Rhabdochlamydia porcellionis,Rhabdochlamydia porcellionis
Pontibacter pamirensis,Pontibacter pamirensis
Luteolibacter pohnpeiensis,Luteolibacter pohnpeiensis
uncultured Kofleriaceae,NORP324 sp963976415
Cryobacterium adonitolivorans,Cryobacterium adonitolivorans
Streptomyces profundus,Streptomyces profundus
Aquisalibacillus elongatus,Aquisalibacillus elongatus
Deinococcus phoenicis,Deinococcus phoenicis
Scytonematopsis contorta,Scytonematopsis contorta
Sulfitobacter sabulilitoris,Sulfitobacter_E sabulilitoris
Viridibacterium curvum,Viridibacterium curvum
Pedobacter foliorum,Pedobacter foliorum
Exilibacterium tricleocarpae,Exilibacterium tricleocarpae
Lysobacter bugurensis,Cognatilysobacter bugurensis
Skermanella stibiiresistens,Skermanella stibiiresistens
Natronocella acetinitrilica,Natronocella acetinitrilica
Erythrobacter cryptus,Erythrobacter cryptus
Neobacillus pocheonensis,Neobacillus pocheonensis
Pseudolysinimonas kribbensis,Pseudolysinimonas kribbensis
Stygibacter australis,Stygibacter australis
Cohnella phaseoli,Cohnella phaseoli
Geosporobacter subterraneus,Geosporobacter subterraneus
Elioraea tepida,Elioraea_A tepida
Desulfonema ishimotonii,Desulfonema_B ishimotonii
Polaribacter aestuariivivens,Polaribacter aestuariivivens
Motilibacter aurantiacus,Motilibacter_A aurantiacus
Petrotoga mexicana,Petrotoga mexicana
Nocardioides caldifontis,Marmoricola_A caldifontis
uncultured Dermatophilus,Dermatophilus sp945876925
Nocardia uniformis,Nocardia uniformis
Flavobacterium thermophilum,Geobacillus thermophilus
Sulfitobacter noctilucicola,Sulfitobacter noctilucicola
Aequorivita marina,Aequorivita marina
Clostridium arbusti,Clostridium_I arbusti
Oikeobacillus pervagus,Oikeobacillus pervagus
Denitrobacterium sp.,Hugonella sp022644775
Paracholeplasma vituli,Paracholeplasma vituli
Puteibacter caeruleilacunae,Puteibacter caeruleilacunae
Gemmobacter aquatilis,Gemmobacter aquatilis
uncultured Mesoflavibacter,Mesoflavibacter sp037029465
Fredinandcohnia humi,Ferdinandcohnia humi
Zipacnadum vermilionense,Zipacnadum vermilionense
Nocardioides szechwanensis,Nocardioides szechwanensis
Microvirga terricola,Microvirga terricola
Psychroserpens luteus,Psychroserpens luteus
Salinimonas profundi,Alteromonas profundi_A
Marinobacter halodurans,Marinobacter_A halodurans
Aquabacterium humicola,Aquabacterium_A humicola
Micromonospora auratinigra,Micromonospora auratinigra
Roseitranquillus sediminis,Roseitranquillus sediminis
Marinicaulis flavus,Hyphococcus flavus_A
Marinomonas agarivorans,Marinomonas agarivorans
Brucella haematophila,Brucella haematophila
uncultured Plesiomonas,Plesiomonas sp947071955
Microbacterium forte,Microbacterium forte
Streptomyces oceani,Streptomyces oceani
Szabonella alba,Szabonella alba
Neisseria arctica,Neisseria arctica
bacterium CG2_30_54_10,CG2-30-54-10 sp001872985
Pseudomonas citri,Pseudomonas_E citri
Niveispirillum irakense,Niveispirillum irakense
Alkanindiges sp.,JASLIR01 sp030152125
Echinicola shivajiensis,Echinicola shivajiensis
Ornithinibacillus halotolerans,Paucisalibacillus halotolerans
Billgrantia gudaonensis,Billgrantia gudaonensis
Frondihabitans peucedani,Frondihabitans peucedani
Inquilinus ginsengisoli,Inquilinus ginsengisoli
Pseudocitrobacter corydidari,Pseudocitrobacter corydidari
bacterium UBP12_UBA5184,Zemelea sp002413145
Ralstonia nicotianae,Ralstonia nicotianae
Roseibacillus ishigakijimensis,Roseibacillus ishigakijimensis
Paracoccus endophyticus,Paracoccus endophyticus
Chitinophaga nivalis,Chitinophaga nivalis
Nanosyncoccus alces,Nanosyncoccus alces
Tautonia marina,Tautonia marina
Rickettsia canadensis,Rickettsia canadensis
Haloechinothrix aidingensis,Haloechinothrix aidingensis
Moraxella oblonga,Moraxella oblonga
Kitasatospora aburaviensis,Kitasatospora aburaviensis
Litorivita sp.,Litorivita sp040371945
uncultured Elizabethkingia,Elizabethkingia miricola
Pseudomarimonas arenosa,Pseudomarimonas arenosa
Cellulomonas marina,Cellulomonas marina
Bartonella gliris,Bartonella gliris
Ancylobacter dichloromethanicus,Ancylobacter dichloromethanicus
Cumulibacter manganitolerans,Cumulibacter manganitolerans
Brevibacterium pityocampae,Brevibacterium pityocampae
Mongoliitalea daihaiensis,Mongoliitalea daihaiensis
Occultella aeris,Occultella aeris
Desmospora activa,Desmospora activa
Paracidovorax anthurii,Paracidovorax anthurii
Ancylomarina subtilis,Ancylomarina subtilis
Deinococcus aquaticus,Deinococcus aquaticus
Streptomyces orinoci,Streptomyces orinoci
Colicola faecequi,Colicola faecequi
Lysinibacillus cavernae,Lysinibacillus cavernae
Geopsychrobacter electrodiphilus,Geopsychrobacter electrodiphilus
Qipengyuania sediminis,Qipengyuania sediminis
Tahibacter caeni,Tahibacter caeni
Gephyromycinifex aptenodytis,Gephyromycinifex aptenodytis
Subsaxibacter sp.,Aquaticitalea sp023156585
Tsuneonella rigui,Tsuneonella rigui
Ruthenibacterium merdigallinarum,Ruthenibacterium merdigallinarum
Streptomyces altiplanensis,Streptomyces altiplanensis
Schlegelella koreensis,Schlegelella_A koreensis
Algoriphagus ratkowskyi,Algoriphagus ratkowskyi
Acidisarcina polymorpha,Acidisarcina polymorpha
Lactobacillus psittaci,Lactobacillus psittaci
Brachybacterium equifaecis,Brachybacterium equifaecis
Pseudoroseicyclus aestuarii,Pseudoroseicyclus aestuarii
Deinococcus malanensis,Deinococcus malanensis
Stratiformator vulcanicus,Stratiformator vulcanicus
Neobacillus soli,Neobacillus soli
bacterium RGF134-1,Proteus mirabilis
Nemorincola caseinilytica,Nemorincola caseinilytica
Streptomyces yokosukanensis,Streptomyces yokosukanensis
Paracoccus shanxieyensis,Paracoccus shanxieyensis
uncultured Caldimonas,Caldimonas sp946480305
Flavobacterium cupreum,Flavobacterium cupreum
Herbihabitans rhizosphaerae,Herbihabitans rhizosphaerae
Saccharibacillus brassicae,Saccharibacillus brassicae
Pseudomonas tehranensis,Pseudomonas_E tehranensis
aff. Roholtiella,Komarekiella sp015206995
Aliiruegeria lutimaris,Tropicimonas lutimaris
Fodinicurvata sediminis,Fodinicurvata sediminis
Caldatribacterium saccharofermentans,Caldatribacterium saccharofermentans
Alterinioella nitratireducens,Alterinioella nitratireducens
Leuconostoc rapi,Leuconostoc rapi
Rhodoferax sediminis,Rhodoferax_A sediminis
Rhodobacter maris,Rhodobacter maris
Falsirhodobacter halotolerans,Falsirhodobacter halotolerans
Oceanobacillus halotolerans,Oceanibacillus_A halotolerans
Brevibacillus dissolubilis,Brevibacillus_B dissolubilis
Sphingosinicella terrae,Allosphingosinicella terrae
Thiocaldithrix dubininis,Thiothrix dubininis
Bifidobacterium castoris,Bifidobacterium castoris
Cyclobacterium roseum,Cyclobacterium roseum
Endobugula sp.,Endobugula sp020628895
Zinderia endosymbiont,Zinderia sp964019745
Advenella mandrilli,Advenella_A mandrilli
Parapedobacter tibetensis,Parapedobacter tibetensis
Helicobacter baculiformis,Helicobacter_E baculiformis
Roseivirga echinicomitans,Roseivirga echinicomitans
Bacillus zanthoxyli,Priestia zanthoxyli
Pengzhenrongella sp.,Pengzhenrongella sp036786355
Copromorpha sp.,Lentihominibacter sp040768865
Luteimonas galliterrae,Luteimonas_C galliterrae
Starkeya sp.,Ancylobacter sp012971745
Azospirillum aestuarii,Azospirillum aestuarii
Pseudidiomarina piscicola,Pseudidiomarina piscicola
Streptococcus ovis,Streptococcus ovis
Azospira restricta,Proximibacter restrictus
Kushneria konosiri,Kushneria konosiri
Roseovarius nanhaiticus,Roseovarius nanhaiticus
Arcicella aquatica,Arcicella aquatica
Sneathiella glossodoripedis,Sneathiella glossodoripedis
Phyllobacterium brassicacearum,Phyllobacterium brassicacearum
Pseudoxanthomonas putridarboris,Pseudoxanthomonas_A putridarboris
Streptococcus loxodontisalivarius,Streptococcus loxodontisalivarius
Chryseobacterium populi,Chryseobacterium populi
Tamlana nanhaiensis,Tamlana_B nanhaiensis
Bifidobacterium scaligerum,Bifidobacterium scaligerum
Deinococcus multiflagellatus,Deinococcus multiflagellatus
Streptomyces radicis,Streptomyces radicis
Streptococcus vicugnae,Streptococcus vicugnae
Microbulbifer aestuariivivens,Microbulbifer aestuariivivens
Brevinema sp.,Thermospira sp013177995
Oxalicibacterium flavum,Oxalicibacterium flavum
Streptomyces luomodiensis,Streptomyces luomodiensis
Synechococcus calcipolaris,Synechococcus_F calcipolaris
Fimivivens faecavium,Fimivivens faecavium
uncultured Ferrovibrio,Ferrovibrio sp937960835
Mycobacterium ahvazicum,Mycobacterium ahvazicum
Pedobacter rhizosphaerae,Pedobacter rhizosphaerae
Marinobacter santoriniensis,Marinobacter santoriniensis
uncultured Kordiimonadales,Minwuia sp963976775
Pseudoroseomonas aestuarii,Pseudoroseomonas aestuarii
Oricola cellulosilytica,Oricola cellulosilytica
Arcobacter vandammei,Aliarcobacter vandammei
Desulfovermiculus halophilus,Desulfovermiculus halophilus
Anabaenopsis elenkinii,Anabaenopsis elenkinii
Carnobacterium mobile,Carnobacterium_A mobile
Zymogenus sp.,Zymogenus sp030613285
Paenibacillus gallinarum,Paenibacillus gallinarum
Sphingomonas nostoxanthinifaciens,Sphingomonas_I nostoxanthinifaciens
Devosia elaeis,Devosia elaeis
Jonesia quinghaiensis,Jonesia quinghaiensis
Cryobacterium lactosi,Cryobacterium lactosi
Paracoccus alkanivorans,Paracoccus alkanivorans
Bathymodiolus platifrons,Methyloprofundus sp002189065
Telluria antibiotica,Telluria antibiotica
Geodermatophilus telluris,Geodermatophilus telluris
Chitinophaga deserti,Chitinophaga deserti
Sphingobacterium luzhongxinii,Sphingobacterium luzhongxinii
Micromonospora deserti,Micromonospora deserti
Mesorhizobium carmichaelinearum,Mesorhizobium carmichaelinearum
Eubacterium segne,Eubacterium_G segne
Actinomadura terrae,Spirillospora terrae
Psychromonas ingrahamii,Psychromonas ingrahamii
uncultured Methylacidiphilales,CALFVM01 sp937928665
Pararhizobium gei,Pararhizobium gei
Altericroceibacterium xinjiangense,Altericroceibacterium_A xinjiangense
Clostridium caldaquaticum,Clostridium_AT caldaquaticum
Mesorhizobium xinjiangense,Mangrovimarina xinjiangensis
Pseudomonas laurentiana,Pseudomonas_E laurentiana
Xanthobacter viscosus,Xanthobacter viscosus
Yoonia rosea,Yoonia rosea
Nocardiopsis trehalosi,Nocardiopsis_B trehalosi
Stenotrophomonas ginsengisoli,Stenotrophomonas ginsengisoli
bacterium NLAE-zl-P10,Sarcina perfringens
bacterium UBP5_UBA1559,UBA1559 sp001871015
Arcanobacterium ihumii,Arcanobacterium_A ihumii
Actinomadura harenae,Spirillospora harenae
Sphingomonas cynarae,Sphingomonas cynarae
Lustribacter sp.,Lustribacter sp036008105
Flavobacterium sediminis,Flavobacterium sediminis
Streptomyces thermolineatus,Streptomyces_H thermolineatus
Parafrankia elaeagni,Parafrankia elaeagni
Trichococcus palustris,Trichococcus palustris
Streptomyces fulvoviolaceus,Streptomyces fulvoviolaceus
Pseudarthrobacter humi,Arthrobacter humi
Salinimicrobium profundisediminis,Salinimicrobium profundisediminis
Persephonella hydrogeniphila,Persephonella_A hydrogeniphila
Fibrella aquatilis,Fibrella aquatilis
Octadecabacter algicola,Octadecabacter algicola
Mycoplasmopsis lipofaciens,Mycoplasmopsis lipofaciens
Beduinella massiliensis,Beduinella massiliensis
Fervidibacillus halotolerans,Fervidibacillus halotolerans
Roseibacterium persicicum,Roseicyclus persicicus
Pseudanabaena cinerea,Pseudanabaena cinerea
Nicoliella spurrieriana,Nicoliella spurrieriana
Caryophanon tenue,Caryophanon tenue
Methylobacterium terricola,Methylobacterium terricola
Campylobacter massiliensis,Campylobacter_A massiliensis
Denitrificimonas halotolerans,Denitrificimonas halotolerans
Orbus sasakiae,Orbus sasakiae
Treponema equifaecale,Treponema_D equifaecale
Paeniglutamicibacter quisquiliarum,Paeniglutamicibacter quisquiliarum
Glycomyces fuscus,Nocardiopsis fusca
Limnofasciculus baicalensis,Limnofasciculus baicalensis
Hymenobacter ruricola,Hymenobacter ruricola
Moheibacter sediminis,Moheibacter sediminis
Photobacterium galatheae,Photobacterium galatheae
Algibacter miyuki,Algibacter miyuki
Caldicellulosiruptoraceae bacterium,JBGGOQ01 sp041320695
Pigmentiphaga humi,Pigmentiphaga humi
Chryseobacterium kwangjuense,Chryseobacterium kwangjuense
Nocardia blacklockiae,Nocardia blacklockiae
Hoeflea halophila,Hoeflea halophila
Pararhizobium qamdonense,Pararhizobium qamdonense
Neisseria chenwenguii,Neisseria chenwenguii
Segetibacter koreensis,Segetibacter koreensis
Hornefia porci,Hornefia porci
Arsukibacterium indicum,Arsukibacterium indicum
Dawidia soli,Ohtaekwangia soli
Qipengyuania zhejiangensis,Qipengyuania zhejiangensis
Isoptericola luteus,Isoptericola luteus
Acinetobacter avistercoris,Acinetobacter avistercoris
Mycobacterium vasticus,Mycobacterium vasticus
Snuella sedimenti,Snuella sedimenti
Arthrobacter frigidicola,Arthrobacter_D frigidicola
Mucilaginibacter roseus,Mucilaginibacter roseus
Pseudonocardia kunmingensis,Pseudonocardia kunmingensis
Caldicellulosiruptor changbaiensis,Caldicellulosiruptor changbaiensis
Flavobacterium humi,Flavobacterium humi
Phyllobacterium sophorae,Phyllobacterium sophorae
Jiangella rhizosphaerae,Jiangella rhizosphaerae
Flagellimonas aequoris,Flagellimonas aequoris
Novosphingobium acidiphilum,Novosphingobium acidiphilum
Palleronia pontilimi,Palleronia pontilimi
Rhizobium smilacinae,Neorhizobium smilacinae
Luteimonas salinisoli,Luteimonas salinisoli
uncultured Hahellaceae,Allohahella sp002354735
Sinorhizobium kummerowiae,Sinorhizobium meliloti
Rufibacter immobilis,Rufibacter immobilis
Planococcus maitriensis,Planococcus maitriensis
Kribbella aluminosa,Kribbella aluminosa
Neolewinella persica,Neolewinella persica
Azospirillum endophyticum,Azospirillum endophyticum
Tersicoccus solisilvae,Tersicoccus solisilvae
Rheinheimera faecalis,Pararheinheimera faecalis
Xanthomonas theicola,Xanthomonas_A theicola
Neolewinella lacunae,Neolewinella lacunae
Billgrantia aerodenitrificans,Billgrantia aerodenitrificans
Terrabacter terrae,Terrabacter terrae
Gryllotalpicola ginsengisoli,Gryllotalpicola ginsengisoli
Larkinella soli,Larkinella soli
Oceanobacillus halophilus,Oceanobacillus halophilus
Poritiphilus flavus,Poritiphilus flavus
Pseudogemmobacter hezensis,Pseudogemmobacter hezensis
OMG group,Bin55 sp012267385
Mesorhizobium liriopis,Mesorhizobium_B liriopis
Pleomorphovibrio marinus,Pleomorphovibrio marinus
Seohaeicola zhoushanensis,Seohaeicola zhoushanensis
Nitrospira moscoviensis,Nitrospira_D moscoviensis
Streptosporangium violaceochromogenes,Streptosporangium violaceochromogenes
Flavobacterium taihuense,Flavobacterium taihuense
Sphingosinithalassobacter tenebrarum,Sphingomonas tenebrarum
Porphyromonas vaginalis,Porphyromonas vaginalis
Amylibacter kogurei,Amylibacter kogurei
uncultured Abyssibacter,Abyssibacter sp937896565
Deinococcus sonorensis,Deinococcus sonorensis
Vibrio maerlii,Vibrio maerlii
Komarekiella delphini-convector,Komarekiella sp014831675
Vibrio ziniensis,Vibrio ziniensis
Catenuloplanes japonicus,Catenuloplanes japonicus
Pseudoxanthomonas jiangsuensis,Pseudoxanthomonas jiangsuensis
Omnitrophus sp.,DYQZ01 sp020719005
Bacteroides pullicola,Bacteroides pullicola
Melaminivora jejuensis,Melaminivora jejuensis
Pedobacter cryotolerans,Pedobacter cryotolerans
Saccharococcus thermophilus,Saccharococcus thermophilus
Aureimonas endophytica,Aureimonas_A endophytica
Marinomonas algarum,Marinomonas algarum
Streptomyces axinellae,Streptomyces axinellae
Nitrosococcus wardiae,Nitrosococcus wardiae
Nocardioides scoriae,Marmoricola scoriae
Mycoplasma tullyi,Mycoplasmoides tullyi
Botryobacter ruber,Pontibacter ruber_A
Gygaella obscura,Gygaella obscura
Tsuneonella amylolytica,Tsuneonella amylolytica
Thermanaerosceptrum fracticalcis,Thermanaerosceptrum fracticalcis
Winogradskyella endarachnes,Winogradskyella endarachnes
Bifidobacterium ramosum,Bifidobacterium ramosum
Micromonospora cremea,Micromonospora cremea
Leptospira wolbachii,Leptospira_A wolbachii
Dyella flava,Dyella_B flava
Pilibacter termitis,Pilibacter termitis
Nonomuraea candida,Nonomuraea candida
Nitrosacidococcus sp.,Nitrosacidococcus sp945836005
Microbacterium lushaniae,Microbacterium lushaniae
Virgibacillus litoralis,Lentibacillus litoralis
Solirubrobacter phytolaccae,Solirubrobacter phytolaccae
Halalkalibacterium ligniniphilum,Halalkalibacterium ligniniphilum
Actinomycetospora termitidis,Actinomycetospora termitidis
Clostridium subterminale,Clostridium_J subterminale
Electryonea clarkiae,Electryonea clarkiae
Thaumasiovibrio subtropicus,Thaumasiovibrio subtropicus
Bacillus kwashiorkori,Bacillus_BK kwashiorkori
Actibacterium atlanticum,Actibacterium_D atlanticum
Conyzicola lurida,Conyzicola lurida
uncultured Providencia,Providencia rettgeri
Staphylococcus durrellii,Staphylococcus durrellii
Flavihumibacter profundi,Flavihumibacter profundi
Dehalobacter restrictus,Dehalobacter restrictus
Reinekea marinisedimentorum,Reinekea marinisedimentorum
Colwellia piezophila,Colwellia piezophila
Actinomadura roseirufa,Spirillospora roseirufa
Lactobacillus isalae,Lactobacillus isalae
Dietzia lutea,Dietzia lutea
Echinicola jeungdonensis,Echinicola jeungdonensis
Pelosinus baikalensis,Pelosinus baikalensis
Hahella ganghwensis,Hahella ganghwensis
Spiroplasma alleghenense,Spiroplasma_B alleghenense
Gelidibacter gilvus,Gelidibacter gilvus
Alicyclobacillus montanus,Alicyclobacillus_I tengchongensis
Paenibacillus artemisiicola,Paenibacillus_Z artemisiicola
Leucobacter sulfamidivorax,Leucobacter sulfamidivorax
Kistimonas scapharcae,Kistimonas scapharcae
Sphingomonas haloaromaticamans,Sphingomonas_E fennica
Myxococcus virescens,Myxococcus virescens
Pseudonocardia sulfidoxydans,Pseudonocardia sulfidoxydans
Vibrio algarum,Vibrio algarum
Agrobacterium fabacearum,Agrobacterium tumefaciens_J
Allostreptomyces psammosilenae,Allostreptomyces psammosilenae
Listeria ilorinensis,Listeria ilorinensis
Villigracilis propinquus,Villigracilis propinquus
Roseibium sediminis,Roseibium sediminis
Pelosinus propionicus,Pelosinus propionicus
Moheibacter stercoris,Moheibacter stercoris
Asaia krungthepensis,Asaia krungthepensis
Nocardioides litoris,Nocardioides litoris
Salinicola halimionae,Salinicola halimionae
Metamycoplasma arthritidis,Metamycoplasma arthritidis
Mucilaginibacter rivuli,Mucilaginibacter rivuli
Hydromonas duriensis,Hydromonas duriensis
Legionella rowbothamii,Legionella rowbothamii
Myceligenerans xiligouense,Myceligenerans xiligouense
Flavivirga algicola,Flavivirga algicola
Croceicoccus bisphenolivorans,Croceicoccus bisphenolivorans
Roseibium marinum,Roseibium marinum
Winogradskyella marincola,Winogradskyella marincola
Lysobacter arseniciresistens,Novilysobacter arseniciresistens
Oryzicola mucosus,Oryzicola mucosus
Pseudonocardia ailaonensis,Pseudonocardia ailaonensis
Actinoplanes oblitus,Actinoplanes oblitus
Moorella stamsii,Moorella stamsii
Thiohalomonas sp.,GRL18 sp023864145
Nocardioides agri,Nocardioides agri
Microbacterium stercoris,Microbacterium stercoris
Loigolactobacillus binensis,Loigolactobacillus binensis
Amycolatopsis benzoatilytica,Amycolatopsis benzoatilytica
Streptomyces harenosi,Streptomyces harenosi
Thalassovita mangrovi,Thalassobius mangrovi
Pseudidiomarina salinarum,Pseudidiomarina salinarum
Sinobacterium caligoides,Sinobacterium caligoides
Phycicoccus sonneratiae,Phycicoccus sonneratiae
Pseudomonas matsuisoli,Pseudomonas_P matsuisoli
Defluviimonas nitratireducens,Pseudothioclava nitratireducens
Rubinisphaera brasiliensis,Rubinisphaera brasiliensis
Bradyrhizobium amphicarpaeae,Bradyrhizobium amphicarpaeae
Halobacillus hunanensis,Halobacillus_A hunanensis
Salinicoccus kekensis,Lacicoccus kekensis
Aminobacter aganoensis,Aminobacter aganoensis
Sediminicoccus rosea,Roseococcus rosea
Oceanidesulfovibrio indonesiensis,Oceanidesulfovibrio indonesiensis
Virgisporangium ochraceum,Virgisporangium ochraceum
Micromonospora tarapacensis,Micromonospora tarapacensis
Rhodopirellula maiorica,Novipirellula maiorica
Epilithonimonas pallida,Epilithonimonas pallida
Aquella oligotrophica,Aquella oligotrophica
Lysobacter antarcticus,Novilysobacter antarcticus
Staphylococcus americanisciuri,Staphylococcus americanisciuri
Streptomyces cirratus,Streptomyces cirratus
Flavisolibacter ginsengisoli,Flavisolibacter ginsengisoli
Deinococcus murrayi,Deinococcus murrayi
Planktothrix serta,Planktothrix serta
Palauibacter soopunensis,Palauibacter soopunensis
Rhizobium jaguaris,Rhizobium jaguaris
Desulfuromonas versatilis,Desulfuromonas_A versatilis
Pseudovibrio japonicus,Pseudovibrio japonicus
Natronospirillum sp.,Natronospirillum sp022565775
Fournierella merdavium,Fournierella merdavium
Burkholderia pumila,Caballeronia pumila
Mycobacterium adipatum,Mycobacterium adipatum
Agromyces bracchium,Agromyces bracchium
Ferrimonas kyonanensis,Ferrimonas kyonanensis
Helicobacter himalayensis,Helicobacter_F himalayensis
Cryobacterium soli,Cryobacterium soli
Parendozoicomonas callyspongiae,Sansalvadorimonas callyspongiae
Lactiplantibacillus herbarum,Lactiplantibacillus herbarum
Thiomicrorhabdus immobilis,Thiomicrorhabdus immobilis
Lacticaseibacillus pabuli,Lacticaseibacillus pabuli
Ligilactobacillus ubinensis,Ligilactobacillus ubinensis
Aurantimonas aggregata,Aurantimonas aggregata
Salinicola halophilus,Salinicola halophilus
Nautella sp.,Phaeobacter italicus
Vibrio agarilyticus,Vibrio agarilyticus
Pantoea alhagi,Mixta alhagi
Nesterenkonia pannonica,Nesterenkonia pannonica
Fibrella rubiginis,Fibrella rubiginis
Longispora albida,Longispora albida
Thermoactinomyces mirandus,Thermoactinomyces mirandus
Leifsonia kafniensis,Cryobacterium kafniensis
Pseudohalocynthiibacter sp.,Pseudohalocynthiibacter aestuariivivens
Oceanibacterium hippocampi,Oceanibacterium hippocampi
Lentibacillus jeotgali,Lentibacillus jeotgali
Saccharopolyspora halophila,Saccharopolyspora halophila
Lacibacter cauensis,Lacibacter cauensis
Micrococcus cohnii,Micrococcus cohnii
Clostridium brassicae,Clostridium_H brassicae
Sutcliffiella deserti,Sutcliffiella_A deserti
Salinicoccus merdavium,Lacicoccus merdavium
Nocardioides cynanchi,Nocardioides cynanchi
Maribacter aquimaris,Maribacter_A aquimaris
Acetohalobium arabaticum,Acetohalobium arabaticum
Salibacter halophilus,Salibacter halophilus
Undibacterium seohonense,Undibacterium seohonense
Streptomyces sasae,Streptomyces sasae
Eubacterium barkeri,Eubacterium_O barkeri
Kribbella antibiotica,Kribbella antibiotica
Fictibacillus gelatini,Fictibacillus_A gelatini
Hymenobacter wooponensis,Hymenobacter wooponensis
Bryocella elongata,Granulicella elongata
Pelatocladus maniniholoensis,Pelatocladus maniniholoensis
Francisella uliginis,Francisella uliginis
Aquisediminimonas profunda,Aquisediminimonas profunda
Oscillochloris trichoides,Oscillochloris trichoides
Polaromonas naphthalenivorans,Polaromonas naphthalenivorans
Streptomyces sviceus,Streptomyces sviceus
Methylocalor cossyra,Methylocalor cossyra
Clostridium fungisolvens,Clostridium_AR fungisolvens
Aromatoleum diolicum,Aromatoleum diolicum
Flavobacterium terrisoli,Flavobacterium terrisoli
Boudabousia tangfeifanii,Boudabousia tangfeifanii
Roseomonas nepalensis,Roseomonas nepalensis
Siphonobacter curvatus,Siphonobacter curvatus
Nitrincola tapanii,Nitrincola tapanii
Laterigemmans baculatus,Laterigemmans baculatus
Algiphilus aromaticivorans,Algiphilus aromaticivorans
Streptomyces aurantiogriseus,Streptomyces aurantiogriseus
Aequorivita aurantiaca,Aequorivita aurantiaca
Thermogemmatispora aurantia,Thermogemmatispora aurantia
Actinocrispum wychmicini,Actinocrispum wychmicini
Ectothiorhodospira marina,Ectothiorhodospira marina
Rudanella paleaurantiibacter,Rudanella paleaurantiibacter
Psychrobacter fulvigenes,Psychrobacter fulvigenes
Flexistipes sp.,Flexistipes sp036172515
Actinomycetospora aurantiaca,Actinomycetospora aurantiaca
Mycolicibacterium aichiense,Mycobacterium aichiense
Pedobacter metabolipauper,Pedobacter metabolipauper
Rothia avicola,Rothia avicola
Agrococcus carbonis,Agrococcus carbonis
Bifidobacterium goeldii,Bifidobacterium goeldii
Flavimobilis rhizosphaerae,Flavimobilis rhizosphaerae
bacterium UBP11_UBA4055,UBA4055 sp002382735
Celeribacter litoreus,Celeribacter litoreus
Marinospirillum alkaliphilum,Marinospirillum alkaliphilum
Streptomyces vastus,Streptomyces vastus
Pantoea soli,Pantoea soli
Saccharopolyspora kobensis,Saccharopolyspora kobensis
Flavobacterium silvisoli,Flavobacterium silvisoli
Methylococcus mesophilus,Methylococcus mesophilus
Listeria valentina,Listeria valentina
Naumannella cuiyingiana,Naumannella cuiyingiana
Mycobacterium yunnanensis,Mycobacterium yunnanensis
Endozoicomonas arenosclerae,Endozoicomonas_A arenosclerae
Luteolibacter arcticus,Haloferula arctica
Planococcus shenhongbingii,Planococcus shenhongbingii
Pandoraea anhela,Pandoraea anhela
Shewanella salipaludis,Shewanella salipaludis
Marinagarivorans algicola,Marinagarivorans algicola
Parafrigoribacterium mesophilum,Parafrigoribacterium mesophilum
Pseudomonas triclosanedens,Pseudomonas triclosanedens
Singulisphaera acidiphila,Singulisphaera acidiphila
Mobiluncus massiliensis,Mobiluncus massiliensis
Sporolactobacillus nakayamae,Sporolactobacillus nakayamae
Noviherbaspirillum album,Noviherbaspirillum album
Dickeya parazeae,Dickeya zeae
Desulfarculus baarsii,Desulfarculus baarsii
Aquibium oceanicum,Aquibium oceanicum
Scytonema millei,Chroococcidiopsis millei
Mucilaginibacter galii,Mucilaginibacter galii
Alginatibacterium sediminis,Alginatibacterium sediminis
Thermomonas beijingensis,Thermomonas beijingensis
Kitasatospora acidiphila,Kitasatospora acidiphila
Aureimonas pseudogalii,Aureimonas pseudogalii
Anaerohalosphaera lusitana,Anaerohalosphaera lusitana
Streptomyces herbicida,Streptomyces herbicida
Frigoriflavimonas asaccharolytica,Frigoriflavimonas asaccharolytica
Acholeplasma equifetale,Acholeplasma equifetale
Floccifex sp.,Floccifex sp028723085
Pararoseburia sp.,Pararoseburia sp022768745
Thalassovita taeanensis,Litorimicrobium taeanense
Sulfitobacter sediminilitoris,Sulfitobacter sediminilitoris
Thioclava atlantica,Thioclava atlantica
Alkaliphilus metalliredigens,Alkaliphilus_A metalliredigens
Chitinophaga cymbidii,Chitinophaga cymbidii
Pedobacter planticolens,Pedobacter planticolens
Thermus parvatiensis,Thermus parvatiensis
Prochlorococcus sp.P1363,Prochlorococcus marinus
Roseimicrobium gellanilyticum,Roseimicrobium gellanilyticum
Sedimentibacter acidaminivorans,Sedimentibacter acidaminivorans
Bradyrhizobium diversitatis,Bradyrhizobium diversitatis
Geothrix campi,Geothrix campi
Salinibacter grassmerensis,Salinibacter grassmerensis
Roseibium alexandrii,Roseibium alexandrii
Aphanothece saxicola,Cyanobium saxicola
Spiroplasma chrysopicola,Spiroplasma chrysopicola
Aciditerrimonas ferrireducens,Aciditerrimonas ferrireducens
Acetobacter farinalis,Acetobacter farinalis
Fischerbacteria bacterium,MFGW01 sp001780385
Cardiobacterium sp.,Cardiobacterium sp916618745
Streptomyces yerevanensis,Streptomyces flaveus
Lacipirellula limnantheis,Lacipirellula limnantheis
Heyndrickxia vini,Heyndrickxia vini
Apilactobacillus quenuiae,Apilactobacillus quenuiae
Chaera renei,Chaera renei
Brevibacterium limosum,Brevibacterium limosum
Companilactobacillus huachuanensis,Companilactobacillus huachuanensis
Sinorhizobium kostiense,Sinorhizobium kostiense
Aphodosoma sp.,Aphodosoma sp900769035
Devosia crocina,Devosia crocina
Cohnella abietis,Cohnella abietis
Neisseria musculi,Neisseria musculi
Pelagibacter giovannonii,Pelagibacter giovannonii
Flavobacterium sinopsychrotolerans,Flavobacterium sinopsychrotolerans
Flagellimonas halotolerans,Flagellimonas halotolerans
Catellatospora paridis,Catellatospora paridis
Psychroflexus torquis,Psychroflexus torquis
Pseudomonas atagonensis,Pseudomonas_E atagonensis
Rheinheimera maricola,Rheinheimera maricola
Entotheonella factor,Entotheonella factor
Fulvivirga lutimaris,Fulvivirga lutimaris
Pedococcus dokdonensis,Pedococcus dokdonensis
Amycolatopsis rubida,Amycolatopsis rubida
Streptomyces vietnamensis,Streptomyces vietnamensis
Parasphingorhabdus halotolerans,Parasphingorhabdus halotolerans
Pseudodesulfovibrio alkaliphilus,Pseudodesulfovibrio alkaliphilus
Roseimaritima sediminicola,Roseimaritima sediminicola
Bifidobacterium saimiriisciurei,Galliscardovia saimiriisciurei
Psychroserpens jangbogonensis,Psychroserpens jangbogonensis
Aeromonas genomosp.,Aeromonas sp023093515
Paenibacillus taiwanensis,Paenibacillus_B taiwanensis
Defluviicoccus seviourii,Defluviicoccus seviourii
Tatumella saanichensis,Tatumella saanichensis
Nocardia terrae,Nocardia terrae
Annandia adelgestsuga,Annandia adelgestsuga
Shewanella denitrificans,Shewanella denitrificans
Paenibacillus lacisoli,Paenibacillus lacisoli
Trichococcus ilyis,Trichococcus ilyis
Streptomyces fuscigenes,Streptomyces fuscigenes
Winogradskyella costae,Winogradskyella costae
Apilactobacillus apisilvae,Apilactobacillus apisilvae
Lentilactobacillus kosonis,Lentilactobacillus kosonis
Catenuloplanes atrovinosus,Catenuloplanes atrovinosus
Ulvibacter litoralis,Ulvibacter litoralis
Flavobacterium panacagri,Flavobacterium panacagri
Marivivens niveibacter,Marivivens niveibacter
Streptomyces pyxinicus,Streptomyces pyxinicus
Solitalea koreensis,Solitalea koreensis
Bacillus pakistanensis,Bacillus_BW pakistanensis
bacterium HR12,HRBIN12 sp002898915
Pedobacter fastidiosus,Pedobacter fastidiosus
Algoriphagus zhangzhouensis,Algoriphagus zhangzhouensis
Chryseobacterium nepalense,Chryseobacterium nepalense
Dyadobacter psychrotolerans,Dyadobacter psychrotolerans
Paracoccus aestuariivivens,Paracoccus aestuariivivens
Rhodocytophaga aerolata,Rhodocytophaga aerolata
Arthrobacter sulfonylureivorans,Arthrobacter_F sulfonylureivorans
Nocardioides panaciterrulae,Nocardioides panaciterrulae
Myxacorys almedinensis,Myxacorys almedinensis
Rhodanobacter lindaniclasticus,Rhodanobacter lindaniclasticus
Alterileibacterium sp.,Alterileibacterium sp902488835
Bacteroides avicola,Bacteroides avicola
Novosphingobium organovorum,Novosphingobium organovorum
Pseudomonas asuensis,Pseudomonas_B asuensis
Kovacikia minuta,Kovacikia minuta
Ferrimonas gelatinilytica,Ferrimonas gelatinilytica
Pontixanthobacter rizhaonensis,Pontixanthobacter rizhaonensis
Paenibacillus caui,Fontibacillus caui
Sphingopyxis italica,Sphingopyxis italica
Symbiopectobacterium endolongispinus,Symbiopectobacterium endolongispinus
Marivariicella framensis,Marivariicella framensis
Ketobacteraceae bacterium,GCA-2748575 sp033722575
Ignatzschineria merdigallinarum,Ignatzschineria merdigallinarum
Streptomyces coacervatus,Streptomyces coacervatus
Dactylosporangium maewongense,Dactylosporangium maewongense
Flavobacterium hydrophilum,Flavobacterium hydrophilum
Adlercreutzia faecimuris,Enterorhabdus faecimuris
Avamphibacillus sp.,MSJ-26 sp035301745
Iodobacter violaceini,Iodobacter violaceini
Psychromicrobium silvestre,Renibacterium silvestre
Solirubrobacter pratensis,Solirubrobacter pratensis
Qipengyuania huizhouensis,Qipengyuania huizhouensis
Segeticoccus sp.,DASSKF01 sp035690725
Ponticoccus litoralis,Ponticoccus litoralis
Caulobacter flavus,Caulobacter flavus
Mixta hanseatica,Mixta hanseatica
Flavobacterium luminosum,Flavobacterium luminosum
Robbsia betulipollinis,Robbsia betulipollinis
Aquimixticola soesokkakensis,Aquimixticola soesokkakensis
Dokdonella soli,Dokdonella_A soli
Aliibacillus thermotolerans,Aliibacillus thermotolerans
Limnohabitans curvus,Limnohabitans curvus
Acidicapsa dinghuensis,Acidicapsa dinghuensis
Constrictibacter sp.,JBEPTK01 sp040549485
Bacillus ndiopicus,Metasolibacillus ndiopicus
Pseudomonas kairouanensis,Pseudomonas_E kairouanensis
Anaerococcus provencensis,Anaerococcus provencensis
Sneathiella chinensis,Sneathiella chinensis
Alkalicoccus saliphilus,Alkalicoccus saliphilus
cyanobiont of,OmCyn01 sp007996965
Clostridium rectalis,Clostridium_AS rectalis
Saccharopolyspora oryzae,Saccharopolyspora oryzae
Flavobacterium aestivum,Flavobacterium aestivum
Methylovorus mays,Methylovorus mays
Faecousia excrementipullorum,Faecousia excrementipullorum
Flavobacterium pallidum,Flavobacterium pallidum
Dehalogenimonas formicexedens,Dehalogenimonas formicexedens
Faecalibacterium hattorii,Faecalibacterium hattorii
Photorhabdus thracensis,Photorhabdus temperata
Streptococcus thalassemiae,Streptococcus thalassemiae
Flagellimonas pacifica,Flagellimonas pacifica
Micromonospora halotolerans,Micromonospora halotolerans
Nesterenkonia sphaerica,Nesterenkonia sphaerica
Haloactinomyces albus,Haloactinomyces albus
Asticcacaulis benevestitus,Asticcacaulis benevestitus
Acetocimmeria pyornia,Acetocimmeria pyornia
uncultured Frankiales,RYN-111 sp946479905
Alloscardovia criceti,Alloscardovia criceti
Sphingorhabdus wooponensis,Sphingorhabdus_B wooponensis
Lysobacter segetis,Cognatilysobacter segetis
Sphingomonas kyungheensis,Sphingomonas kyungheensis
Desulfohalobium retbaense,Desulfohalobium retbaense
Crocinitomix catalasitica,Crocinitomix catalasitica
Rhodosalinus halophilus,Rhodosalinus halophilus
Prosthecobacter algae,Prosthecobacter algae
Nisaea nitritireducens,Nisaea nitritireducens
Spirosoma agri,Spirosoma agri
Hymenobacter monticola,Hymenobacter monticola
Pseudokordiimonas caeni,Gimibacter caeni
Aquipuribacter nitratireducens,Aquipuribacter nitratireducens
Gelidibacter sediminis,Gelidibacter sediminis
Anaerococcus mediterraneensis,Anaerococcus mediterraneensis
Facilibium subflavum,Facilibium subflavum
Janibacter anophelis,Janibacter anophelis
Neisseria oralis,Neisseria oralis
Acinetobacter lanii,Acinetobacter lanii
Vibrio gelatinilyticus,Vibrio gelatinilyticus
bacterium UBP14_UBA6098,UBA6098 sp002428525
Clostridium cibarium,Clostridium cibarium
Pseudodesulfovibrio hydrargyri,Pseudodesulfovibrio hydrargyri
Arthrobacter tumbae,Arthrobacter_D tumbae
Algibacter onchidii,Tamlana_C onchidii
Halomonas smyrnensis,Halomonas smyrnensis
Streptohalobacillus salinus,Streptohalobacillus salinus
Metabacillus arenae,Metabacillus_D arenae
Neopoerus faecalis,Oscillibacter faecalis_A
Zhenpiania hominis,Hominibacterium hominis
Armatimonas rosea,Armatimonas rosea
Zimmermannella bifida,Gulosibacter bifidus
Sulfurospirillum halorespirans,Sulfurospirillum halorespirans
Scatonaster coprocaballi,Scatonaster coprocaballi
Aquirufa beregesia,Aquirufa beregesia
Sulfurospirillum tamanense,Sulfurospirillum_B tamanense
Halalkalibacter kiskunsagensis,Halalkalibacter kiskunsagensis
Rahnella woolbedingensis,Rahnella woolbedingensis
Cohnella thermotolerans,Cohnella thermotolerans
Pseudodesulfovibrio tunisiensis,Pseudodesulfovibrio tunisiensis
Pseudovibrio hongkongensis,Pseudovibrio hongkongensis
Rhodopirellula islandica,Rhodopirellula islandica
Methyloprofundus sedimenti,Methyloprofundus sedimenti
Endomicrobium macrotermitis,Endomicrobium macrotermitis
Cognaticolwellia beringensis,Cognaticolwellia beringensis
Campylobacter majalis,Campylobacter_A majalis
Flavobacterium poyangense,Flavobacterium poyangense
Nocardia anaemiae,Nocardia anaemiae
Gracilimonas amylolytica,Gracilimonas amylolytica
Streptomyces lacrimifluminis,Streptomyces lacrimifluminis
Clostridium moniliforme,Clostridium moniliforme
Porphyromonas gingivicanis,Porphyromonas gingivicanis
uncultured Sedimentibacter,Sedimentibacter sp963675125
Alkalibacillus aidingensis,Alkalibacillus aidingensis
Amycolatopsis endophytica,Amycolatopsis endophytica
Corynebacterium meridianum,Corynebacterium meridianum
Flagellimonas allohymeniacidonis,Flagellimonas allohymeniacidonis
Paenibacillus piscarius,Paenibacillus piscarius
Gemmiger avistercoris,Gemmiger avistercoris
Myxococcus landrumus,Myxococcus landrumus
Nocardiopsis eucommiae,Nocardiopsis eucommiae
Terrabacter aerolatus,Terrabacter aerolatus
Flavobacterium alkalisoli,Flavobacterium alkalisoli
Streptomyces rubrolavendulae,Streptomyces fradiae
Mycobacterium lepromatosis,Mycobacterium lepromatosis
Elstera litoralis,Elstera litoralis
Achromatium palustre,Achromatium palustre
Streptomyces rubellomurinus,Kitasatospora rubellomurina
Gaetbulibacter saemankumensis,Gaetbulibacter saemankumensis
Bifidobacterium stellenboschense,Bifidobacterium stellenboschense
Jeotgalibacillus haloalkalitolerans,Jeotgalibacillus haloalkalitolerans
bacterium UBP3_UBA3054,UBA3054 sp002366995
Postechiella marina,Postechiella marina
Micromonospora narathiwatensis,Micromonospora narathiwatensis
Peptoniphilus ovalis,Peptoniphilus_A ovalis
bacterium HR23,HRBIN23 sp002923335
Annandia pinicola,Annandia pinicola
Oceaniserpentilla sp.,Bermanella sp040371755
Sphingomonas metalli,Sphingomonas metalli
Sporosarcina cyprini,Sporosarcina cyprini
Parapusillimonas granuli,Parapusillimonas granuli
Domibacillus mangrovi,Domibacillus mangrovi
Sphingobacterium tenebrionis,Sphingobacterium tenebrionis
Actinoalloteichus fjordicus,Actinoalloteichus fjordicus
Ehrlichia japonica,Ehrlichia japonica
Povalibacter uvarum,Povalibacter uvarum
Streptococcus caecimuris,Streptococcus caecimuris
Kallipyga massiliensis,Kallipyga massiliensis
Paenibacillus protaetiae,Pristimantibacillus protaetiae
Denitratimonas tolerans,Denitratimonas tolerans
Runella rosea,Runella rosea
Thermanaerovibrio velox,Thermanaerovibrio velox
Pseudoalteromonas viridis,Pseudoalteromonas viridis
Thermophilibacter gallinarum,Thermophilibacter gallinarum
Cohnella endophytica,Cohnella endophytica
Thalassospira xianhensis,Thalassospira xianhensis
Flavobacterium psychroterrae,Flavobacterium psychroterrae
Leptospira ainlahdjerensis,Leptospira ainlahdjerensis
Trinickia dinghuensis,Trinickia dinghuensis
Thermoflavimicrobium daqui,Thermoflavimicrobium daqui
Bacillus weihaiensis,Metabacillus weihaiensis
Selenomonas timonae,Centipeda timonae
Reinekea blandensis,Reinekea blandensis
Heliobacterium mobile,Heliobacterium mobile
Legionella brunensis,Tatlockia brunensis
Niveibacterium umoris,Niveibacterium umoris
Azospirillum griseum,Azospirillum griseum
Sphingobacterium hungaricum,Sphingobacterium hungaricum
Rhizobium aquaticum,Ensifer_A aquaticum
Oceanospirillum sediminis,Oceanospirillum sediminis
Pedobacter segetis,Pelobium segetis
Nitrosomonas stercoris,Nitrosomonas stercoris
Hydrogenophilus thiooxidans,Hydrogenophilus thiooxidans
Heliomicrobium undosum,Heliomicrobium undosum
Tatumella terrea,Tatumella terrea
Micromonospora rhizosphaerae,Micromonospora rhizosphaerae
Asanoa hainanensis,Asanoa hainanensis
Lentilactobacillus fungorum,Lentilactobacillus fungorum
Hapalosiphon sp.,Pelatocladus sp000447295
Bifidobacterium aemilianum,Bifidobacterium aemilianum
Caproicibacterium amylolyticum,Caproicibacterium amylolyticum
Cellulomonas phragmiteti,Cellulomonas phragmiteti
Sphaerisporangium flaviroseum,Sphaerisporangium flaviroseum
uncultured Rokubacteria,BACL21 sp900299425
Rubidus massiliensis,Rubidus massiliensis
Salmonirosea aquatica,Persicitalea aquatica
Companilactobacillus suantsaicola,Companilactobacillus suantsaicola
Leptospira kobayashii,Leptospira_A kobayashii
Endonucleobacter bathymodioli,Sororendozoicomonas bathymodioli
Scatomorpha sp.,Scatomorpha sp040765295
Streptomyces recifensis,Streptomyces griseoluteus
Kaistella yananensis,Kaistella yananensis
Kiloniella spongiae,Kiloniella spongiae
Actinoalloteichus hoggarensis,Actinoalloteichus hoggarensis
Paenisporosarcina indica,Paenisporosarcina indica
Paenalcaligenes suwonensis,Paenalcaligenes suwonensis
Lentilactobacillus laojiaonis,Lentilactobacillus laojiaonis
Leptolyngbya cf.,Leptothoe ectocarpi
bacterium UBP2_UBA2255,UBA2255 sp002347565
Arenibacter troitsensis,Arenibacter troitsensis
Tychonema bourrellyi,Microcoleus bourrellyi
Anaplasma sp.,Anaplasma sp028204095
Vogesella mureinivorans,Vogesella mureinivorans
Breoghania corrubedonensis,Breoghania corrubedonensis
Bradyrhizobium paxllaeri,Bradyrhizobium paxllaeri
Glaciibacter superstes,Cryobacterium superstes
Izhakiella capsodis,Izhakiella capsodis
Halovibrio salipaludis,Halospina salipaludis
Peteryoungia ipomoeae,Allorhizobium ipomoeae
Phytohabitans aurantiacus,Phytohabitans aurantiacus
Microbacterium gubbeenense,Microbacterium gubbeenense
Leptofilum gracile,Leptofilum gracile
uncultured Wolinella,Wolinella sp963540505
uncultured Kroppenstedtia,Kroppenstedtia sp959600065
Acidothermus sp.,Acidothermus sp023512015
Auribacter fodinae,Auribacter fodinae
Kribbella flavida,Kribbella flavida
Pumilibacter intestinalis,Pumilibacter intestinalis
Luedemannella flava,Luedemannella flava
Novosphingobium flavum,Novosphingobium flavum
Neobacillus rhizosphaerae,Neobacillus rhizosphaerae
Paraburkholderia dioscoreae,Paraburkholderia dioscoreae
Pontibacter chitinilyticus,Pontibacter chitinilyticus
uncultured Fimbriimonadaceae,UBA8783 sp937961665
Microbacterium sufflavum,Microbacterium sufflavum
Galloscillospira excrementavium,Pseudoflavonifractor excrementavium
Microbacterium dauci,Microbacterium dauci
Pseudomethylobacillus aquaticus,Pseudomethylobacillus aquaticus
Microbacterium indicum,Microbacterium indicum
Bacillus selenitireducens,Salisediminibacterium selenitireducens
Citrobacter tructae,Citrobacter tructae
Nocardiopsis ganjiahuensis,Nocardiopsis ganjiahuensis
Streptomyces vilmorinianum,Streptomyces vilmorinianum
Actibacterium pelagium,Actibacterium_B pelagium
Cytophaga sp.,Euzebyella sp014349235
Melghirimyces algeriensis,Melghirimyces algeriensis
Lysobacter aestuarii,Marilutibacter aestuarii
Ahniella affigens,Ahniella affigens
Streptomyces smaragdinus,Streptomyces smaragdinus
Luteimicrobium subarcticum,Luteimicrobium subarcticum
Dechloromonas phosphoritropha,Azonexus phosphoritrophus
Methermicoccus sp.,Seramator thermalis
Pseudomonas purpurea,Pseudomonas_E purpurea
Colwellia aromaticivorans,Colwellia aromaticivorans
Polynucleobacter kasalickyi,Polynucleobacter kasalickyi
Kaistella treverensis,Kaistella treverensis
Halopseudomonas xiamenensis,Halopseudomonas xiamenensis
Tomitella sp.,Tomitella sp021793835
Saonia flava,Saonia flava
Alkalisalibacterium limincola,Alkalisalibacterium limincola
Stenotrophomonas lacuserhaii,Stenotrophomonas lacuserhaii
Tsukamurella sputi,Tsukamurella sputi
Desulfobulbus elongatus,Desulfobulbus elongatus
Breznakia blatticola,Breznakia blatticola
Fontisphaera persica,Fontisphaera persica
Anaerobutyricum faecale,Anaerobutyricum faecale
Streptomyces viridiviolaceus,Streptomyces viridiviolaceus
Halochromatium roseum,Lamprobacter roseus
Phyllobacterium pellucidum,Phyllobacterium pellucidum
Ruminiclostridium sufflavum,Ruminiclostridium sufflavum
Niabella hibiscisoli,Niabella hibiscisoli
Entomospira nematocerorum,Entomospira nematocerorum
Yoonia litorea,Yoonia litorea
Streptomyces alanosinicus,Streptomyces alanosinicus
Ramlibacter terrae,Ramlibacter terrae
Anaerococcus jeddahensis,Anaerococcus jeddahensis
Flavobacterium lacus,Flavobacterium lacus
Parasutterella muris,Parasutterella muris
Salinarimonadaceae bacterium,Saliniramus sp007693435
Ruixingdingia sedimenti,Ruixingdingia sedimenti
Saccharopolyspora rhizosphaerae,Saccharopolyspora rhizosphaerae
Vallitalea pronyensis,Vallitalea pronyensis
Catellatospora vulcania,Catellatospora vulcania
Actinopolymorpha singaporensis,Actinopolymorpha singaporensis
Aurantiacibacter xanthus,Aurantiacibacter_A xanthus
uncultured Lutimaribacter,CAJXSO01 sp913061505
Actinomadura soli,Spirillospora soli
Aurantiacibacter arachoides,Aurantiacibacter arachoides
Eudoraea chungangensis,Eudoraea chungangensis
Mycoplasmopsis ciconiae,Mycoplasmopsis ciconiae
Flavobacterium sedimenticola,Flavobacterium sedimenticola
Sphingomonas panacisoli,Sphingomonas panacisoli
Nakamurella aerolata,Nakamurella aerolata
Tissierella creatinini,Tissierella_B creatinini
Glaciihabitans arcticus,Conyzicola arctica
bacterium HR29,HRBIN29 sp002898215
Robertmurraya siralis,Robertmurraya siralis
Mangrovicoccus ximenensis,Mangrovicoccus ximenensis
Agathobaculum hominis,Agathobaculum hominis
Carboxydothermus pertinax,Carboxydothermus pertinax
Leclercia tamurae,Leclercia tamurae
Pedobacter polaris,Pedobacter polaris
Bosea psychrotolerans,Bosea psychrotolerans
Mycolicibacter virginiensis,Mycobacterium virginiense
Romboutsia weinsteinii,Romboutsia_A weinsteinii
Streptomyces ortus,Streptomyces ortus
Fulvivirga ulvae,Fulvivirga ulvae
Raineyella antarctica,Raineyella antarctica
Spongiibacter nanhainus,Spongiibacter_B nanhainus
Oceanispirochaeta crateris,Oceanispirochaeta crateris
Pedobacter punctiformis,Pedobacter punctiformis
Nocardioides albus,Nocardioides albus
Neolewinella litorea,Neolewinella litorea
Paenibacillus aurantius,Paenibacillus_AO aurantius
Epilithonimonas arachidiradicis,Epilithonimonas arachidiradicis
Avispirillum faecium,Avispirillum faecium
Halotia branconii,Halotia branconii
Deinococcus detaillensis,Deinococcus detaillensis
Desulfurobacterium indicum,Desulfurobacterium_A indicum
Sphingomonas mesophila,Sphingomicrobium mesophilum
Brucella endophytica,Paramesorhizobium endophyticum
Nesterenkonia flava,Nesterenkonia flava
Roseimaritima ulvae,Roseimaritima ulvae
Parapontixanthobacter aurantiacus,Parapontixanthobacter aurantiacus
Spartinivicinus poritis,Spartinivicinus poritis
Isoptericola hypogeus,Isoptericola hypogeus
Xanthocytophaga agilis,Xanthocytophaga agilis
Aquibacillus salsiterrae,Aquibacillus_A salsiterrae
Acetoanaerobium pronyense,Acetoanaerobium pronyense
Prosthecobacter vanneervenii,Prosthecobacter vanneervenii
Lutibacter agarilyticus,Lutibacter agarilyticus
Gordonia sesuvii,Gordonia sesuvii
Deinococcus ruber,Deinococcus ruber
Solemya velesiana,Sedimenticola_A sp002020805
Taylorella asinigenitalis,Taylorella asinigenitalis
Sphingomonas natans,Sphingomonas_I natans
Hymenobacter sediminis,Hymenobacter sediminis
Actinotignum sp.,Actinotignum schaalii_C
bacterium 1XD42-54,Choladousia sp003612585
Sphingomicrobium flavum,Sphingomicrobium flavum
Megasphaera intestinihominis,Megasphaera intestinihominis
Bifidobacterium cebidarum,Bifidobacterium cebidarum
Dietzia massiliensis,Dietzia massiliensis
Flavihumibacter fluminis,Flavihumibacter fluminis
Collinsella ureilytica,Collinsella ureilytica
Flagellimonas ruestringensis,Flagellimonas sp017795065
Clostridium aminobutyricum,Aminipila aminobutyrica
Oleiharenicola lentus,Lacunisphaera lenta
Frondihabitans cladoniiphilus,Frondihabitans cladoniiphilus
Desulfosarcina widdelii,Desulfosarcina widdelii
Brachybacterium avium,Brachybacterium avium
Sciscionella marina,Sciscionella marina
Nesterenkonia muleiensis,Nesterenkonia muleiensis
Paenibacillus camerounensis,Paenibacillus camerounensis
Hallella absiana,Prevotella absiana
Georgenia soli,Georgenia soli
unidentified eubacterium,Patiriisocius sp000170815
Solincola sediminis,Solincola sediminis
Anaerolentibacter hominis,Anaerolentibacter hominis
Treponema equi,Treponema_D equi
Spirosoma lacussanchae,Spirosoma lacussanchae
Amycolatopsis eburnea,Amycolatopsis eburnea
Kushneria indalinina,Kushneria indalinina
Thermus sediminis,Thermus sediminis
Ornithinimicrobium flavum,Serinicoccus flavus
Nocardioides mangrovicus,Marmoricola mangrovicus
Mucilaginibacter dorajii,Mucilaginibacter dorajii
Gallispira edinburgensis,Gallispira edinburgensis
uncultured Henriciella,Henriciella sp002733705
Deferrimicrobiota bacterium,Deferrimicrobium sp041658505
Xanthobacter dioxanivorans,Xanthobacter dioxanivorans
Methylonatrum kenyense,Methylonatrum kenyense
Nonomuraea deserti,Nonomuraea deserti
Clostridium cylindrosporum,Clostridium_AB cylindrosporum
Halomonas urmiana,Halomonas urmiana
Ligilactobacillus cholophilus,Ligilactobacillus cholophilus
uncultured Sandarakinorhabdus,Sandarakinorhabdus limnophila
Tenacibaculum adriaticum,Tenacibaculum adriaticum
Wenjunlia vitaminophila,Wenjunlia vitaminophila
Accumulibacter propinquus,Accumulibacter propinquus
uncultured Gloeocapsa,Gloeocapsa sp937930495
Equibacterium intestinale,Equibacterium intestinale
Nesterenkonia lutea,Nesterenkonia lutea
Streptomyces adustus,Streptomyces adustus
Cellulosilyticum ruminicola,Cellulosilyticum ruminicola
Fimisoma sp.,Fimisoma sp002320005
Pseudoroseomonas aerophila,Pseudoroseomonas aerophila
Aeromonas lacus,Aeromonas lacus
Gimesia algae,Gimesia algae
Paenibacillus xylanivorans,Paenibacillus xylanivorans
Oleisolibacter albus,Oleisolibacter albus
Aestuariibaculum sediminum,Aestuariibaculum sediminum
Salinisphaera orenii,Salinisphaera orenii
Polycladomyces abyssicola,Polycladomyces abyssicola
Nocardioides donggukensis,Nocardioides donggukensis
Actinomadura barringtoniae,Spirillospora barringtoniae
Phenylobacterium glaciei,Phenylobacterium glaciei
Onthoplasma faecipullorum,Onthoplasma faecipullorum
Diaphorobacter aerolatus,Diaphorobacter_A aerolatus
Convivina intestini,Convivina intestini
Tractidigestivibacter montrealensis,Tractidigestivibacter montrealensis
Brachybacterium epidermidis,Brachybacterium epidermidis
Facklamia miroungae,Facklamia miroungae
Leptothrix discophora,Sphaerotilus discophorus
uncultured Thermoactinomyces,Thermoactinomyces vulgaris
bacterium HR37,HRBIN37 sp002898375
Halocynthiibacter namhaensis,Halocynthiibacter namhaensis
Wocania arenilitoris,Hwangdonia arenilitoris
Limibacillus halophilus,Limibacillus halophilus
Microbulbifer marinus,Microbulbifer marinus
Sinorhizobium numidicum,Sinorhizobium numidicum
Arcanobacterium phocisimile,Arcanobacterium phocisimile
Microbulbifer salipaludis,Microbulbifer salipaludis
Neobacillus fumarioli,Neobacillus fumarioli
bacterium HR17,Fervidibacter japonicus
Cryobacterium flavum,Cryobacterium flavum
Sphingorhabdus pulchriflava,Sphingorhabdus_B pulchriflava
Kaistia nematophila,Kaistia nematophila
Williamsia soli,Williamsia soli
Nocardia thailandica,Nocardia thailandica
Planotetraspora thailandica,Planotetraspora thailandica
Pseudomonas humi,Pseudomonas citronellolis
Terracidiphilus gabretensis,Occallatibacter gabretensis
Sphingomonas deserti,Allosphingosinicella deserti
Rivibacter subsaxonicus,Rivibacter subsaxonicus
Mucilaginibacter arboris,Mucilaginibacter_A arboris
uncultured Eremococcus,Eremococcus sp943914835
Streptomyces showdoensis,Streptomyces showdoensis
Ventrimonas sp.,Brotaphodocola sp009911065
Aphodovivens avistercoris,Aphodovivens avistercoris
Lyticum sinuosum,Lyticum sinuosum
Nostoc foliaceum,Nostoc foliaceum_A
Duodenibacillus intestinavium,Duodenibacillus intestinavium
uncultured Rhodovibrionaceae,CAXBMB01 sp963976695
Glycomyces sambucus,Glycomyces sambucus
Thermosulfurimonas marina,Thermosulfurimonas_A marina
Micromonospora phytophila,Micromonospora phytophila
Hydrogenispora ethanolica,Hydrogenispora ethanolica
Oryzomicrobium terrae,Oryzomicrobium terrae
Uliginosibacterium aquaticum,Dactylopiibacterium aquaticum
Pseudodesulfovibrio pelocollis,Pseudodesulfovibrio pelocollis
Erythrobacter westpacificensis,Aurantiacibacter westpacificensis
Rugosimonospora africana,Rugosimonospora africana
Piscirickettsia litoralis,Piscirickettsia litoralis
Tepiditoga sp.,JACKPH01 sp024233675
Minimicrobia sp.,Nanosynbacter sp963967315
Prevotella herbatica,Prevotella herbatica
Isoptericola croceus,Isoptericola croceus
Limibaculum sediminis,Thermohalobaculum sediminis
Thermotoga caldifontis,Pseudothermotoga_A caldifontis
uncultured Thermotogales,MWEM01 sp002071085
Helicobacter burdigaliensis,Helicobacter_D burdigaliensis
Gloeothece citriformis,Gloeothece citriformis
Tumebacillus permanentifrigoris,Tumebacillus permanentifrigoris
bacterium 1XD21-70,Brotaphodocola sp003669055
Stagnihabitans sp.,Stagnihabitans sp964202815
Dissulfurispira sp.,Dissulfurispira sp040758355
Pseudodesulfovibrio piezophilus,Pseudodesulfovibrio piezophilus
Mesomycoplasma neurolyticum,Mesomycoplasma_A neurolyticum
Desulfatiglans anilini,Desulfatiglans anilini
Cypionkella aquatica,Cypionkella aquatica
Sphingobacterium micropteri,Sphingobacterium micropteri
Methylumidiphilus alinenensis,Methylumidiphilus alinenensis
Levilactobacillus lanxiensis,Levilactobacillus lanxiensis
Nocardioides gilvus,Nocardioides gilvus
Parafrankia soli,Parafrankia soli
Nitrospira nitrificans,Nitrospira_D nitrificans
Sinomicrobium weinanense,Sinomicrobium weinanense
Alteriqipengyuania halimionae,Alteriqipengyuania_A halimionae
Alteribacter lacisalsi,Alteribacter lacisalsi
Arenibacter arenosicollis,Arenibacter arenosicollis
Rummeliibacillus suwonensis,Rummeliibacillus suwonensis
Beggiatoa alba,Beggiatoa alba
Puniceispirillum marinum,Puniceispirillum marinum
Herpetosiphon llansteffanensis,Herpetosiphon llansteffanensis
Zwartia vadi,Zwartia vadi
Parerythrobacter lacustris,Parerythrobacter_A lacustris
Carboxylicivirga marina,Carboxylicivirga marina
uncultured Williamsia,Williamsia_A sp947494875
Actinomadura oligospora,Spirillospora oligospora
Avibacterium endocarditidis,Avibacterium endocarditidis
Pseudomonas floridensis,Pseudomonas_E floridensis
Thiodictyon intracellulare,Thiodictyon intracellulare
Shewanella goraebulensis,Shewanella goraebulensis
Flexivirga caeni,Flexivirga caeni
Mucilaginibacter lacusdianchii,Mucilaginibacter lacusdianchii
Frateuria soli,Frateuria_A soli
Flavobacterium frigoritolerans,Flavobacterium frigoritolerans
Pseudanabaena catenata,Pseudanabaena biceps
Anaerobium acetethylicum,Anaerobium acetethylicum
Cryobacterium aureum,Cryobacterium aureum
Indicimonas acetifermentans,Indicimonas acetifermentans
Grimontia celer,Enterovibrio celer
Pseudoxanthomonas beigongshangi,Pseudoxanthomonas_A beigongshangi
Arenimonas soli,Arenimonas soli
Zobellia amurskyensis,Zobellia amurskyensis
Dietzia cercidiphylli,Dietzia natronolimnaea
Serpentinimonas sp.,JALOSG01 sp025458665
Minthousia equi,Minthousia equi
Alkalicoccus halolimnae,Alkalicoccus halolimnae
Dyella flagellata,Dyella_B flagellata
Vreelandella rituensis,Vreelandella rituensis
Streptomyces taklimakanensis,Streptomyces taklimakanensis
Devosia chinhatensis,Devosia chinhatensis
Cyanocohniella sp.,Cyanocohniella sp022241785
Confluentibacter flavum,Confluentibacter flavum
Anabaena catenula,Anabaena variabilis_A
Flammeovirga kamogawensis,Flammeovirga kamogawensis
Micromonospora eburnea,Micromonospora eburnea
Deferrimicrobia bacterium,WVXK01 sp041563215
Holospora obtusa,Holospora obtusa
Merdivivens faecigallinarum,Merdivivens faecigallinarum
Hankyongella ginsenosidimutans,Hankyongella ginsenosidimutans
Lysobacter selenitireducens,Lysobacter_C selenitireducens
Merdicola faecigallinarum,Merdicola faecigallinarum
Propionispira arboris,Propionispira arboris
Pelobacter propionicus,Pseudopelobacter propionicus
Parvibium lacunae,Parvibium lacunae
uncultured Hippea,JAADFJ01 sp913009315
Motilimonas pumila,Motilimonas pumila
Methylorubrum pseudosasae,Methylobacterium extorquens
Geothermocultoraceae bacterium,CALKMS01 sp036796755
Corallincola platygyrae,Corallincola platygyrae
Streptomyces levis,Streptomyces levis
Cellulomonas endometrii,Cellulomonas endometrii
Amantichitinum ursilacus,Amantichitinum ursilacus
Corynebacterium lipophiloflavum,Corynebacterium lipophiloflavum
Streptococcus oricebi,Streptococcus oricebi
Buttiauxella brennerae,Buttiauxella brennerae
Ghiorsea bivora,Ghiorsea bivora
Neptunicella marina,Neptunicella marina
Actinokineospora pegani,Actinokineospora pegani
Gloeocapsopsis sp.,Gloeocapsopsis sp002749975
Catenulispora pinisilvae,Catenulispora pinisilvae
Pilimelia terevasa,Pilimelia terevasa
Treponema faecavium,Treponema_G faecavium
Streptomyces pacificus,Streptomyces pacificus
SCandidatus Aminicenantes,JdFR-78 sp002010665
Fructilactobacillus myrtifloralis,Fructilactobacillus myrtifloralis
Oceanicoccus sagamiensis,Oceanicoccus sagamiensis
Salinibacter pepae,Salinibacter pepae
Paludisphaera soli,Paludisphaera soli
Catenuloplanes niger,Catenuloplanes niger
Alloalcanivorax dieselolei,Alloalcanivorax dieselolei
Halalkalibacter urbisdiaboli,Halalkalibacter_A urbisdiaboli
Paenibacillus camelliae,Pristimantibacillus camelliae
Parendozoicomonas sp.,Sansalvadorimonas sp947331445
Halospina denitrificans,Halospina denitrificans
Acinetobacter rathckeae,Acinetobacter rathckeae
Oceanospirillum sanctuarii,Oceanospirillum sanctuarii
Pseudokineococcus lusitanus,Pseudokineococcus lusitanus
Amycolatopsis albidoflavus,Amycolatopsis albidoflava
Taklimakanibacter lacteus,Taklimakanibacter lacteus
Aquisediminimonas sediminicola,Aquisediminimonas_A sediminicola
Aquimonas voraii,Aquimonas voraii
Rhodoligotrophos defluvii,Rhodoligotrophos defluvii
Longitalea arenae,Niastella arenae
Nannocystis radixulma,Nannocystis radixulma
Pontibacter liquoris,Pontibacter liquoris
Allopseudospirillum japonicum,Pseudospirillum japonicum
Vibrio madracius,Vibrio madracius
Corynebacterium oculi,Corynebacterium oculi
Pseudomonas cucumis,Pseudomonas_E cucumis
Herbidospora sakaeratensis,Herbidospora sakaeratensis
Rhizosphaericola mali,Rhizosphaericola mali
Actinomadura latina,Spirillospora latina
Paracoccus rhizosphaerae,Paracoccus rhizosphaerae
bacterium D16-63,D16-63 sp947564525
Corynebacterium-like bacterium,Herbiconiux sp000333435
Rhodopseudomonas julia,Afifella julia
Haematomicrobium sanguinis,Haematomicrobium sanguinis
Actinobacillus arthritidis,Actinobacillus arthritidis
Gaoshiqia sediminis,Gaoshiqia sediminis
Metabacillus kandeliae,Metabacillus_B kandeliae
Flavobacterium tegetincola,Flavobacterium tegetincola
Clostridium celerecrescens,Lacrimispora celerecrescens
Saccharothrix variisporea,Actinosynnema variisporeum
Kocuria tytonis,Kocuria tytonis
Campylobacter troglodytis,Campylobacter_D troglodytis
Sphingomonas lacusdianchii,Sphingomonas lacusdianchii
Minwuiaceae bacterium,JANQEE01 sp028278525
Variimorphobacter saccharofermentans,Mobilitalea saccharofermentans
Thermomonospora umbrina,Thermomonospora umbrina
Pontibacter fetidus,Pontibacter fetidus
Niallia oryzisoli,Bacillus_BD oryzisoli
Aeromicrobium ginsengisoli,Aeromicrobium ginsengisoli
Qipengyuania spongiae,Qipengyuania spongiae
Bradyrhizobium acaciae,Bradyrhizobium acaciae
Psychroflexus aurantiacus,Psychroflexus aurantiacus
Terrabacter carboxydivorans,Terrabacter carboxydivorans
Fulvitalea axinellae,Fulvitalea axinellae
Phreatobacter cathodiphilus,Phreatobacter cathodiphilus
Anaerocolumna cellulosilytica,Anaerocolumna cellulosilytica
Mizugakiibacter sediminis,Mizugakiibacter sediminis
Rhodobium gokarnense,Rhodobium gokarnense
Defluviimonas aestuarii,Albidovulum aestuarii
bacterium EF100-94H03,SP197 sp002238685
Bartonella ancashensis,Bartonella ancashensis
Streptomyces ochraceiscleroticus,Streptomyces ochraceiscleroticus
Nitronereus thalassa,Nitronereus thalassa
Friedmanniella sp.,Friedmanniella sp025964935
Heliomicrobium sp.,RBC074 sp021155085
Bombella mellum,Bombella mellum
Paenibacillus daejeonensis,Paenibacillus_D daejeonensis
Salegentibacter tibetensis,Salegentibacter tibetensis
Orientia chuto,Orientia mediorientalis
Blastococcus xanthinilyticus,Blastococcus xanthinilyticus
Sphingomonas canadensis,Sphingomonas canadensis
Arcanobacterium canis,Arcanobacterium canis
Arundinibacter roseus,Arundinibacter roseus
Brevibacillus antibioticus,Brevibacillus antibioticus
uncultured Buttiauxella,Dryocola sp946480445
Pseudoclavibacter caeni,Pseudoclavibacter_A caeni
Chachezhania antarctica,Chachezhania antarctica
Jeotgalicoccus psychrophilus,Jeotgalicoccus psychrophilus
Actinomycetospora cinnamomea,Actinomycetospora cinnamomea
Litorivita pollutaquae,Litorivita pollutaquae
bacterium TMED274,Marinisoma sp002172775
Noviherbaspirillum malthae,Noviherbaspirillum malthae
Chthonobacter rhizosphaerae,Chthonobacter rhizosphaerae
Rickettsia tillamookensis,Rickettsia tillamookensis
Mycoplana dimorpha,Mycoplana dimorpha
Echinimonas agarilytica,Echinimonas agarilytica
Sphingomonas jeddahensis,Sphingomonas jeddahensis
Streptococcus porcorum,Streptococcus porcorum
Caballeronia insecticola,Caballeronia insecticola
Corallococcus praedator,Corallococcus praedator
Scatomorpha merdigallinarum,Scatomorpha merdigallinarum
bacterium UBA5125,CSP1-8 sp003513855
Streptomyces fimbriatus,Streptomyces fimbriatus
Kribbella qitaiheensis,Kribbella qitaiheensis
Oceanobacillus arenosus,Oceanobacillus arenosus
Treponema peruense,Treponema_D peruense
Segatella albensis,Prevotella albensis
Chryseobacterium elymi,Chryseobacterium elymi
Lutispora thermophila,Lutispora thermophila
Bacilliculturomica massiliensis,Bacilliculturomica massiliensis
Citrobacter murliniae,Citrobacter murliniae
Breznakia pachnodae,Breznakia pachnodae
Enterocloster alcoholdehydrogenati,Enterocloster alcoholdehydrogenati
Cacconaster caballi,Cacconaster caballi
Pseudonocardia cypriaca,Pseudonocardia cypriaca
Thiopontia autotrophica,Thiopontia autotrophica
Intrasporangium oryzae,Intrasporangium_C oryzae
Jiella endophytica,Jiella endophytica
Amygdalobacter nucleatus,Amygdalobacter nucleatus
Pontibacillus litoralis,Pontibacillus litoralis
Dyadobacter tibetensis,Dyadobacter tibetensis
Enterocloster excrementigallinarum,Enterocloster excrementigallinarum
Avedoeria danica,Avedoeria danica
Geothrix fermentans,Geothrix fermentans
Glaciihabitans tibetensis,Glaciihabitans tibetensis
Xylanimicrobium pachnodae,Xylanimonas pachnodae
Streptomyces echinoruber,Streptomyces echinoruber
Minthosoma equi,Minthosoma equi
Solidesulfovibrio carbinolicus,Solidesulfovibrio carbinolicus
Bombella dulcis,Bombella dulcis
Jeotgalibacillus terrae,Jeotgalibacillus terrae
Sulfurimonas ponti,Sulfurimonas ponti
Accumulibacter affinis,Accumulibacter affinis
Lentzea guizhouensis,Lentzea guizhouensis
Cyanomargarita calcarea,Cyanomargarita calcarea
Microvirga makkahensis,Microvirga makkahensis
Lentimicrobium saccharophilum,Lentimicrobium saccharophilum
Bacillus marinisedimentorum,Bacillus_BL marinisedimentorum
uncultured Kiloniella,Kiloniella sp937128705
Glycocaulis profundi,Glycocaulis profundi
Thermotoga profunda,Pseudothermotoga_B profunda
Pseudonocardia endophytica,Pseudonocardia endophytica
Nitratidesulfovibrio termitidis,Cupidesulfovibrio termitidis
Stanieria cyanosphaera,Stanieria cyanosphaera
Clostridium porci,Enterocloster porci
Imhoffiella purpurea,Imhoffiella purpurea
Dissulfuribacter thermophilus,Dissulfuribacter thermophilus
Streptococcus panodentis,Streptococcus panodentis
Allorhizobium undicola,Allorhizobium undicola
Pandoraea eparura,Pandoraea eparura
Erythrobacter neustonensis,Erythrobacter neustonensis
Arenibacter antarcticus,Arenibacter antarcticus
Halobacillus dabanensis,Halobacillus dabanensis
Kushneria sinocarnis,Kushneria sinocarnis
Soonwooa buanensis,Soonwooa buanensis
Erwinia oleae,Erwinia oleae
Salinibacillus aidingensis,Salinibacillus aidingensis
Pseudomonas chaetocerotis,Pseudomonas_E chaetocerotis
Bradyrhizobium shewense,Bradyrhizobium shewense
Solimonas fluminis,Solimonas_A fluminis
Vibrio ulleungensis,Vibrio ulleungensis
Novosphingobium humi,Novosphingobium humi
Flavobacterium suaedae,Flavobacterium suaedae
Oceanobacillus luteolus,Oceanobacillus luteolus
Thiosulfatimonas sediminis,Thiomicrorhabdus sediminis_A
Clostridium tepidiprofundi,Clostridium_AC tepidiprofundi
Gluconacetobacter sacchari,Gluconacetobacter sacchari
Anaerolinea thermolimosa,Anaerolinea thermolimosa
Ruoffia halotolerans,Ruoffia halotolerans
Crocinitomix algicola,Crocinitomix algicola
Acetivibrio cellulolyticus,Acetivibrio cellulolyticus
uncultured Rossellomorea,Rossellomorea sp947488365
Microbacterium luteum,Microbacterium luteum
Jiangella aurantiaca,Jiangella aurantiaca
Thioalkalivibrio halophilus,Thioalkalivibrio halophilus
Cronbergia sp.,UHCC-0137 sp034932285
Accumulibacter proximus,Accumulibacter proximus
Arsenicicoccus dermatophilus,Arsenicicoccus dermatophilus
Mycoplasma ovis,Eperythrozoon_A ovis
Streptomyces kebangsaanensis,Streptomyces kebangsaanensis
Onthocola stercoravium,Onthocola_B stercoravium
Flavobacterium tibetense,Flavobacterium tibetense
Sandarakinorhabdus cyanobacteriorum,Sandarakinorhabdus cyanobacteriorum
Mariniblastus fucicola,Mariniblastus fucicola
Aurantiacibacter rhizosphaerae,Aurantiacibacter rhizosphaerae
Pseudorhodobacter turbinis,Pseudorhodobacter turbinis
Anoxynatronum buryatiense,Anoxynatronum buryatiense
Blautia gallistercoris,Blautia_A gallistercoris
Adlercreutzia agrestimuris,Xiamenia agrestimuris
Acinetobacter defluvii,Acinetobacter defluvii
Marisimplicoccus framensis,Marisimplicoccus framensis
Mycoplasmopsis maculosa,Mycoplasmopsis maculosa
Blautia intestinigallinarum,Blautia_A intestinigallinarum
Sulfurimonas lithotrophica,Sulfurimonas lithotrophica
Paramagnetospirillum magnetotacticum,Paramagnetospirillum magnetotacticum
Paenibacillus helianthi,Paenibacillus helianthi
Spiroplasma tabanidicola,Spiroplasma_A tabanidicola
Pseudomonas phenolilytica,Stutzerimonas phenolilytica
Lysobacter psychrotolerans,Montanilutibacter psychrotolerans
Salinimonas marina,Alteromonas sp015644725
Allobaculum mucilyticum,Allobaculum mucilyticum
Roseovarius spongiae,Roseovarius spongiae
Dolichospermum compactum,Dolichospermum compactum
Brytella acorum,Brytella acorum
Streptomyces thinghirensis,Streptomyces thinghirensis
Corynebacterium lubricantis,Corynebacterium lubricantis
Croceicoccus naphthovorans,Croceicoccus naphthovorans
Rhodobacter ruber,Gemmobacter_B ruber
Tolypothrix brevis,Hassallia brevis
Ramlibacter algicola,Ramlibacter algicola
Desulfovibrio diazotrophicus,Desulfovibrio legallii
Liquorilactobacillus sicerae,Liquorilactobacillus sicerae
Herbiconiux daphne,Herbiconiux daphnes
Clavibacter lycopersici,Clavibacter lycopersici
Nocardioides yefusunii,Nocardioides yefusunii
Pontibrevibacter nitratireducens,Pontivivens nitratireducens
Sphingobacterium nematocida,Sphingobacterium nematocida
Galacturonibacter soehngenii,Lachnotalea soehngenii
Natronincola ferrireducens,Anaerovirgula ferrireducens
Nocardia albiluteola,Nocardia albiluteola
Halomonas cerina,Halomonas cerina
Sarmatiella mevalonica,Sarmatiella mevalonica
Methylophaga muralis,Methylophaga muralis
Brenneria alni,Brenneria alni
bacterium UBP5_UBA1551,UBA1551 sp001871075
Actinomyces procaprae,Actinomyces procaprae
Alkalithermobacter paradoxus,Alkalithermobacter paradoxus
Cellulomonas pakistanensis,Cellulomonas pakistanensis
Shimia sagamensis,Shimia sagamensis
Aggregatimonas sangjinii,Pelagihabitans sangjinii
Rhodomicrobium lacus,Rhodomicrobium lacus
Monoglobaceae bacterium,Flexilinea sp963618265
Microbacterium neungamense,Microbacterium neungamense
Paenibacillus puerhi,Paenibacillus_G puerhi
Xenolissoclinum pacificiensis,Xenolissoclinum pacificum
Flagellimonas sediminis,Flagellimonas sediminis
Sphingomonas cremea,Sphingomicrobium cremea
Mycolicibacterium komossense,Mycobacterium komossense
Tomitella cavernea,Tomitella cavernae
Azohydromonas sp.,Calidifontimicrobium sp035325925
Mediterraneibacter colneyensis,Mediterraneibacter colneyensis
Novosphingobium ginsenosidimutans,Novosphingobium ginsenosidimutans
Hydrogenisulfobacillus filiaventi,Hydrogenisulfobacillus filiaventi
Vibrio viridaestus,Vibrio viridaestus
Microvirga ossetica,Microvirga ossetica
Flavobacterium ajazii,Flavobacterium ajazii
Sandaracinobacter neustonicus,Sandaracinobacteroides neustonicus
Changpingibacter yushuensis,Changpingibacter yushuensis
Aquincola agrisoli,Aquincola agrisoli
Catillopecten margaritatus,Thiodubiliella sp037956075
Pseudonocardia pini,Pseudonocardia pini
Scatosoma pullicola,Scatosoma pullicola
Xenohaliotis californiensis,Xenohaliotis californiensis
Qipengyuania gelatinilytica,Qipengyuania gelatinilytica
Paracoccus stylophorae,Paracoccus stylophorae
Mucilaginibacter yixingensis,Mucilaginibacter yixingensis
Bradyrhizobium daqingense,Bradyrhizobium daqingense
Clostridium aromativorans,Clostridium_B aromativorans
Polaribacter litorisediminis,Polaribacter litorisediminis
Cellulophaga fucicola,Cellulophaga fucicola
Lactiplantibacillus dongliensis,Lactiplantibacillus dongliensis
Alkalihalobacillus deserti,Halalkalibacter deserti
actinobacterium acAMD-5,AcAMD-5 sp002293025
Tenacibaculum bernardetii,Tenacibaculum bernardetii
Motilimonas cestriensis,Motilimonas cestriensis
Caloramator fervidus,Caloramator fervidus
Desnuesiella massiliensis,Desnuesiella massiliensis
Limimonas egerieequi,UBA1227 sp018064455
Vibrio taketomensis,Vibrio taketomensis
Sphingomonas albertensis,Sphingomonas albertensis
Salinimonas chungwhensis,Alteromonas chungwhensis
Colivivens equi,Colivivens equi
Zymogenus saltonus,Zymogenus saltonus
Roseobacter fucihabitans,Roseobacter fucihabitans
Paracoccus nototheniae,Paracoccus nototheniae
Denitromonas iodatirespirans,Nitrogeniibacter iodatirespirans
Xenophilus arseniciresistens,Xenophilus arseniciresistens
Caviibacter abscessus,Caviibacter abscessus
Lentzea albida,Lentzea albida
Sphingobacterium corticibacterium,Sphingobacterium corticibacterium
bacterium UBP10_UBA1149,UBA1149 sp002311335
Mediterraneibacter pullistercoris,Mediterraneibacter pullistercoris
Streptomyces carminius,Streptomyces carminius
Nocardioides pelophilus,Nocardioides pelophilus
bacterium HR09,Thermoanaerobaculum aquaticum
Natronospira proteinivora,Natronospira proteinivora
Aquiluna borgnonia,Aquiluna borgnonia
Deinococcus aerolatus,Deinococcus aerolatus
Robiginitomaculum antarcticum,Robiginitomaculum antarcticum
Scalindua japonica,Scalindua japonica
uncultured Rhodothermales,CAXBBB01 sp963973615
bacterium A37T11,A37T11 sp900109895
Aliiroseovarius sediminilitoris,Aliiroseovarius sediminilitoris
Streptomyces bluensis,Streptomyces bluensis
Nocardia inohanensis,Nocardia inohanensis
Lysobacter erysipheiresistens,Novilysobacter erysipheiresistens
Psychromarinibacter sediminicola,Psychromarinibacter sediminicola
Chlorobaculum limnaeum,Chlorobaculum limnaeum
Humimicrobiales bacterium,Fen731 sp038320085
Winogradskyella aurantiaca,Winogradskyella aurantiaca
Curvibacter delicatus,Hylemonella delicata
uncultured Dokdonella,Dokdonella sp934526015
Thalassococcus profundi,Puniceibacterium profundi
Pueribacillus theae,Pueribacillus theae
Sphingomonas jinjuensis,Sphingomonas jinjuensis
Epilithonimonas ginsengisoli,Epilithonimonas ginsengisoli
Catenulispora subtropica,Catenulispora subtropica
Devosia soli,Devosia soli
Endozoicomonas gorgoniicola,Endozoicomonas_A gorgoniicola
Bilophila faecipullorum,Bilophila faecipullorum
Chitinophaga costaii,Chitinophaga costaii
Pedobacter montanisoli,Pedobacter montanisoli
Pukyongiella litopenaei,Pukyongiella litopenaei
Nocardioides ginsengisoli,Nocardioides ginsengisoli
Chitinibacter bivalviorum,Chitinibacter bivalviorum
Algibacter pacificus,Algibacter pacificus
Isoptericola sediminis,Isoptericola sediminis
Bifidobacterium erythrocebi,Bifidobacterium erythrocebi
Streptomyces montanisoli,Streptomyces montanisoli
Halothiobacillus diazotrophicus,Halothiobacillus diazotrophicus
bacterium TMED46,CACEUX01 sp002167345
Leptospira kemamanensis,Leptospira_A kemamanensis
Avimonas caecicola,Avimonas caecicola
Solibaculum intestinale,JAGZMM01 sp946491705
Gillisia hiemivivida,Gillisia hiemivivida
Alteromonas arenosi,Alteromonas_E arenosi
Lentzea flava,Lentzea flava
Tepidibacillus fermentans,Tepidibacillus fermentans
Subteraquimicrobiales bacterium,DATBWY01 sp036514555
Chishuiella changwenlii,Chishuiella changwenlii
Ectomicrobium neotermitis,Ectomicrobium neotermitis
Gracilibacillus salinarum,Gracilibacillus salinarum
Pseudoclavibacter soli,Pseudoclavibacter_A soli
Sporosarcina jiandibaonis,Sporosarcina jiandibaonis
Pseudobacter hemicellulosilyticus,Pseudobacter hemicellulosilyticus
Bacillus chungangensis,Bacillus_CF chungangensis
Streptomyces dysideae,Streptomyces dysideae
Photobacterium lipolyticum,Photobacterium lipolyticum
Piscinibacter caeni,Piscinibacter caeni
Kinetoplastibacterium desouzaii,Kinetoplastibacterium desouzaii
Actinomyces acetigenes,Actinomyces acetigenes
Magnetofaba australis,Magnetofaba australis
Devosia aquimaris,Devosia aquimaris
Marinobacter koreensis,Marinobacter koreensis
Fodinibacter luteus,Fodinibacter luteus
uncultured Vogesella,Vogesella sp946479405
Vibrio fujianensis,Vibrio fujianensis
Microbacterium paulum,Microbacterium paulum
Acidibacter sp.,UBA964 sp903910215
Clostridium polysaccharolyticum,Clostridium_AI polysaccharolyticum
Moraxella macacae,Moraxella_A macacae
Paraburkholderia elongata,Paraburkholderia elongata
Qipengyuania xiamenensis,Qipengyuania xiamenensis
Actinomyces urinae,Gleimia urinae
Rahnella bonaserana,Rahnella bonaserana
Sphingomonas citri,Sphingomonas citri
Sinanaerobacter sp.,IOR16 sp035621135
Arenibacter hampyeongensis,Arenibacter hampyeongensis
Oscillatoria salina,IIICB1 sp010672865
Streptomyces antimicrobicus,Streptomyces antimicrobicus
Pelotomaculum isophthalicicum,Pelotomaculum_D isophthalicicum
Kineococcus vitellinus,Kineococcus vitellinus
uncultured Beijerinckiaceae,RH-AL1 sp937873345
Leptospira abararensis,Leptospira_A abararensis
Pyxidicoccus sp.,Myxococcus sp026626705
Psychrobacter jeotgali,Psychrobacter jeotgali
Amnibacterium soli,Amnibacterium soli
Defluviimonas salinarum,Albidovulum salinarum
Gynurincola endophyticus,Gynurincola endophyticus
Kaistia soli,Kaistia soli
Sphingomonas astaxanthinifaciens,Sphingomicrobium astaxanthinifaciens_A
Coprobacter tertius,Coprobacter tertius
Ruania sp.,Ruania sp035303065
Massilia norwichensis,Telluria norwichensis
Botrimarina hoheduenensis,Botrimarina hoheduenensis
Chloroploca sp.,Chloroploca sp004138165
Thermosediminibacter litoriperuensis,Thermosediminibacter litoriperuensis
Nocardia pneumoniae,Nocardia pneumoniae
Caloranaerobacter sp.,Caloranaerobacter sp001316435
Bradyrhizobium oligotrophicum,Bradyrhizobium oligotrophicum
Nitricoxidivorans perseverans,Nitricoxidivorans perseverans
Microbulbifer magnicolonia,Microbulbifer magnicolonia
Lapidilactobacillus concavus,Lapidilactobacillus concavus
Streptomyces carpinensis,Streptomyces carpinensis
Rhodococcus marinonascens,Rhodococcus_F marinonascens
Yoonia ponticola,Yoonia ponticola
Fusobacteria bacterium,Psychrilyobacter sp024628785
Enterococcus lemanii,Enterococcus_I lemanii
Wenzhouxiangella limi,Wenzhouxiangella limi
Sanguibacter suaedae,Sanguibacter suaedae
Svornostia abyssi,Svornostia abyssi
Roseobacter litoralis,Roseobacter litoralis
Pseudomonas farsensis,Pseudomonas_E farsensis
Segniliparus rotundus,Segniliparus rotundus
Bifidobacterium italicum,Bifidobacterium italicum
Mycoplasmopsis columbinasalis,Mycoplasmopsis columbinasalis
Hymenobacter cellulosivorans,Hymenobacter cellulosivorans
Devosia naphthalenivorans,Devosia naphthalenivorans
Lysinibacillus agricola,Lysinibacillus agricola
uncultured Croceicoccus,Croceicoccus sp947496385
Alteromonas oceanisediminis,Alteromonas_E oceanisediminis
Lysobacter arvi,Lysobacter_J arvi
Flexicrinis affinis,Flexicrinis affinis
Magnetominusculus sp.,Magnetominusculus sp022321325
Atelocyanobacterium sp.,Atelocyanobacterium thalassa
Microcosmobacter mediterraneus,Microcosmobacter mediterraneus
Tianweitania aestuarii,Tianweitania aestuarii
Paenibacillus guangzhouensis,Paenibacillus_K guangzhouensis
Streptomyces phytophilus,Streptomyces phytophilus
Thermomonospora echinospora,Thermomonospora echinospora
Actinocatenispora thailandica,Actinocatenispora thailandica
Desulfoprunum sp.,Desulfoprunum sp030696435
Deinococcus aquaedulcis,Deinococcus aquaedulcis
Pseudomonas marianensis,Stutzerimonas marianensis
Pseudomonas triticifolii,Pseudomonas_E triticifolii
Haloimpatiens massiliensis,Haloimpatiens massiliensis
Daejeonella rubra,Daejeonella rubra
Nocardioides rotundus,Nocardioides rotundus
Bifidobacterium choloepi,Bifidobacterium choloepi
Skermania sp.,ID1734 sp007489285
Anseongella sp.,Anseongella sp036570465
Actinomadura fulvescens,Spirillospora fulvescens
Cryobacterium cryoconiti,Cryobacterium cryoconiti
Puerhibacterium puerhi,Puerhibacterium puerhi
Paenibacillus dendrobii,Paenibacillus dendrobii
Hwanghaeella sp.,Hwanghaeella sp028282025
Nocardioides luti,Nocardioides luti
Shewanella subflava,Shewanella subflava
Keratinibaculum paraultunense,Keratinibaculum paraultunense
Salegentibacter sediminis,Salegentibacter sediminis
Cypionkella psychrotolerans,Cypionkella psychrotolerans
Parvicella tangerina,Parvicella tangerina
Bacillus fonticola,Bacillus_CG fonticola
Sphingomonas solaris,Sphingomonas_G solaris
Salicibibacter halophilus,Salicibibacter halophilus
uncultured Methylobacteriaceae,Enterovirga sp937872715
Blastococcus aggregatus,Blastococcus aggregatus
Streptomyces sulfonofaciens,Streptomyces sulfonofaciens
Alterileibacterium massiliense,Alterileibacterium massiliense
Mesorhizobium silamurunense,Mesorhizobium silamurunense
Massilibacillus massiliensis,Massilibacillus massiliensis
Byssovorax cruenta,Byssovorax cruenta
Algibacter pectinivorans,Algibacter_B pectinivorans
Microtetraspora fusca,Microtetraspora fusca
Pullichristensenella excrementigallinarum,Pullichristensenella excrementigallinarum
Aureivirga marina,Aureivirga marina
Cellulosimicrobium arenosum,Cellulosimicrobium arenosum
Thioclava indica,Thioclava indica
Helicobacter labetoulli,Helicobacter_C labetoulli
Variovorax dokdonensis,Variovorax dokdonensis
Qipengyuania psychrotolerans,Qipengyuania psychrotolerans
Peristeroidobacter agariperforans,Peristeroidobacter agariperforans
Parachitinimonas caeni,Parachitinimonas caeni
Vallitalea okinawensis,Vallitalea_A okinawensis
Acidaminobacter hydrogenoformans,Acidaminobacter hydrogenoformans
Komagataeibacter swingsii,Komagataeibacter swingsii
Lacisediminihabitans changchengi,Lacisediminihabitans changchengi
Hyphomicrobium aestuarii,JANXVY01 sp034408685
Velocimicrobium porci,Velocimicrobium porci
Waterburya agarophytonicola,Waterburya agarophytonicola
Thermosipho ferrireducens,Thermosipho_B ferrireducens
Oxobacter pfennigii,Oxobacter pfennigii
Jannaschia faecimaris,Jannaschia faecimaris
Brevibacillus invocatus,Brevibacillus invocatus
Coprenecus sp.,Coprenecus sp029010575
Cohnella luojiensis,Cohnella luojiensis
Mesorhizobium zhangyense,Pseudaminobacter zhangyensis
Flavobacterium maritimum,Flavobacterium maritimum
Mycetocola spongiae,Mycetocola spongiae
Saelkia tenebricola,Saelkia tenebricola
Oceanisphaera merdipullorum,Oceanimonas merdipullorum
Nesterenkonia salmonea,Nesterenkonia salmonea
Altererythrobacter lauratis,Alteraurantiacibacter_A lauratis
Lysobacter panacisoli,Lysobacter_J panacisoli
Mycoplasma collis,Mesomycoplasma_A collis
Microbacterium suwonense,Microbacterium suwonense
Halodesulfovibrio spirochaetisodalis,Halodesulfovibrio spirochaetisodalis
Acholeplasma equirhinis,Acholeplasma equirhinis
Comamonas phosphati,Comamonas phosphati
Parabacteroides chongii,Parabacteroides chongii
Kribbella karoonensis,Kribbella karoonensis
Igneacidithiobacillus chanchocoensis,Igneacidithiobacillus chanchocoensis
Tenuifilum thalassicum,Tenuifilum thalassicum
Mycolicibacterium stellerae,Mycobacterium stellerae
Tenacibaculum lutimaris,Tenacibaculum lutimaris
Marinobacterium arenosum,Marinobacterium_C arenosum
Antarcticibacterium flavum,Gillisia flava
Thiomicrorhabdus aquaedulcis,Thiomicrorhabdus aquaedulcis
Archangium lipolyticum,Archangium lipolyticum
Marinilabilia rubra,Marinilabilia rubra
Actinomadura bangladeshensis,Spirillospora bangladeshensis
Thiocapsa imhoffii,Thiocapsa imhoffii
Rhizobium setariae,Rhizobium_E setariae
"Amycolatopsis sp.,",Amycolatopsis sp034929455
uncultured Gaetbulibacter,Olleya sp002323495
Ilyomonas limi,Ilyomonas limi
Endomicrobiellum guadaloupense,Endomicrobiellum guadaloupense
Winogradskyella litoriviva,Winogradskyella litoriviva
Paraburkholderia dinghuensis,Paraburkholderia dinghuensis
Pseudomonas silvicola,Pseudomonas_E silvicola
Mesosutterella faecium,Mesosutterella faecium
Tritonibacter horizontis,Epibacterium horizontis
Brumimicrobium mesophilum,Brumimicrobium mesophilum
Pseudalkalibacillus decolorationis,Pseudalkalibacillus decolorationis
Lacicoccus alkaliphilus,Lacicoccus alkaliphilus
Belliella buryatensis,Belliella buryatensis
Novosphingobium aureum,Novosphingobium aureum
Aceula meridiana,Aceula meridiana
Flavobacterium undicola,Flavobacterium undicola
Texcoconibacillus texcoconensis,Texcoconibacillus texcoconensis
Merdousia sp.,Merdousia sp021641325
Pseudovibrio denitrificans,Pseudovibrio denitrificans
Massilia mucilaginosa,Telluria mucilaginosa
Parapedobacter koreensis,Parapedobacter koreensis
Legionella shakespearei,Legionella shakespearei
Chryseobacterium glaciei,Chryseobacterium glaciei
Kurthia sibirica,Kurthia sibirica
Roseateles albus,Paucibacter_A albus
Spirosoma arboris,Spirosoma arboris
Psychrobacter raelei,Psychrobacter raelei
Sinirhodobacter hankyongi,Paenirhodobacter hankyongi
Chitinophaga silvisoli,Chitinophaga silvisoli
Neorhizobium turbinariae,Neorhizobium turbinariae
Eisenbergiella merdigallinarum,Gallintestinimicrobium merdigallinarum
Ottowia testudinis,Ottowia testudinis
Phytoactinopolyspora limicola,Phytoactinopolyspora limicola
Tamlana crocina,Tamlana crocina
Desulfoferrobacter suflitae,Desulfoferrobacter suflitae
Hymenobacter algoricola,Hymenobacter algoricola
Mucilaginibacter kameinonensis,Mucilaginibacter kameinonensis
Streptococcus penaeicida,Streptococcus penaeicida
bacterium HR32,Tepidifontimicrobium sp002898935
Paracoccus kondratievae,Paracoccus kondratievae
Motilibacter deserti,Motilibacter_A deserti
Sphingomonas vulcanisoli,Sphingomonas_I vulcanisoli
Winogradskyella poriferorum,Winogradskyella poriferorum
Bacteroides neonati,Bacteroides neonati
Hansschlegelia quercus,Hansschlegelia quercus
Isoalcanivorax indicus,Isoalcanivorax indicus
Desertivirga arenae,Desertivirga arenae
Paenibacillus sedimenti,Paenibacillus_E sedimenti
uncultured Ramlibacter,Ramlibacter sp936925435
Halomonas koreensis,Halomonas koreensis
Marinobacter azerbaijanicus,Marinobacter azerbaijanicus
Clostridium aciditolerans,Clostridium_AM aciditolerans
bacterium RCC_150,Arthrobacter sp041360635
Streptomyces pulveraceus,Streptomyces pulveraceus
Paucidesulfovibrio gracilis,Paucidesulfovibrio gracilis
Alkalicella caledoniensis,Alkalicella caledoniensis
Staphylococcus ratti,Staphylococcus ratti
Marinobacterium alkalitolerans,Marinobacterium alkalitolerans
Flavobacterium acetivorans,Flavobacterium acetivorans
uncultured Zunongwangia,Marixanthomonas sp002631855
Clostridium bowmanii,Clostridium_AD bowmanii
Gilvimarinus gilvus,Gilvimarinus gilvus
Spyradocola merdavium,Spyradocola merdavium
Spiroplasma sabaudiense,Spiroplasma_B sabaudiense
Cohnella ginsengisoli,Cohnella ginsengisoli
Rubrobacter calidifluminis,Rubrobacter_E calidifluminis
Lacticaseibacillus hulanensis,Lacticaseibacillus hulanensis
Catenuloplanes nepalensis,Catenuloplanes nepalensis
uncultured Solirubrobacter,JACCYI01 sp937871635
Amorphus coralli,Amorphus coralli
Aquabacterium parvum,Aquabacterium parvum
Agromyces hippuratus,Agromyces hippuratus
Altererythrobacter segetis,Croceibacterium segetis
Olsenella phocaeensis,Olsenella_I phocaeensis
Lunatibacter salilacus,Lunatibacter salilacus
Pseudoprimorskyibacter insulae,Pseudoprimorskyibacter insulae
Mucilaginibacter boryungensis,Mucilaginibacter boryungensis
uncultured Solibacillus,Solibacillus isronensis_A
Chryseobacterium takakiae,Chryseobacterium takakiae
Mycobacterium terramassiliense,Mycobacterium terramassiliense
Capillibacterium sp.,Capillibacterium sp036562545
Paucihalobacter ruber,Paucihalobacter ruber
Mangrovivirga halotolerans,Mangrovivirga halotolerans
Vagococcus entomophilus,Vagococcus_E entomophilus
Paenibacillus arenosi,Paenibacillus_B arenosi
Ruficoccus amylovorans,Ruficoccus amylovorans
Pelovirga terrestris,Pelovirga terrestris
Pseudomonas tritici,Pseudomonas_E tritici
Methylorubrum suomiense,Methylobacterium suomiense
Nocardiopsis alkaliphila,Nocardiopsis alkaliphila
Vibrio marisflavi,Vibrio marisflavi
Paraburkholderia franconis,Paraburkholderia franconis
Jhaorihella thermophila,Jhaorihella thermophila
Streptomyces himalayensis,Streptomyces himalayensis
Portiera sp.,JAAOII01 sp015163845
Halochromatium glycolicum,Lamprobacter glycolicus
Parvimonas parva,Parvimonas parva
Celaenobacter antarcticus,Celaenobacter antarcticus
uncultured Rhodoluna,Rhodoluna sp937898095
Terricaulis silvestris,Vitreimonas silvestris
Paracoccus methylarcula,Paracoccus methylarcula
Zhongshania guokunii,Zhongshania guokunii
Streptomyces deccanensis,Streptomyces deccanensis
Parasphingorhabdus cellanae,Parasphingorhabdus cellanae
Pullulanibacillus sp.,KACC-23026 sp029094525
Dyella acidiphila,Dyella_B acidiphila
Ureibacillus xyleni,Ureibacillus xyleni
uncultured Aeromonadaceae,JAGOXX01 sp945957385
Planococcus versutus,Planococcus versutus
Thermodesulfovibrionaceae bacterium,Thermodesulfovibrio sp025057595
Marinobacter changyiensis,Marinobacter changyiensis
Streptomyces brevispora,Streptomyces brevispora
Kastovskya adunca,Kastovskya adunca
Calditrichaeota bacterium,AABM5-125-24 sp002127415
Marinactinospora thermotolerans,Marinactinospora thermotolerans
Corallococcus llansteffanensis,Corallococcus llansteffanensis
Novacetimonas cocois,Novacetimonas cocois
Lactiplantibacillus xiangfangensis,Lactiplantibacillus xiangfangensis
Microbacterium aoyamense,Microbacterium aoyamense
Terrilactibacillus tamarindi,Terrilactibacillus tamarindi
Faecivicinus avistercoris,Faecivicinus avistercoris
Thalassomonas actiniarum,Thalassomonas actiniarum
Cryobacterium ruanii,Cryobacterium ruanii
Neorickettsia risticii,Neorickettsia risticii
Pseudomonas linyingensis,Geopseudomonas linyingensis
Halanaerobacter jeridensis,Halanaerobacter jeridensis
Agrococcus citreus,Agrococcus citreus
Sulfuriferula thiophila,Sulfuriferula_A thiophila
Coralliovum pocilloporae,Coralliovum pocilloporae
Pandoraea norimbergensis,Pandoraea norimbergensis
Microbacterium colombiense,Microbacterium colombiense
Kitasatospora kazusensis,Kitasatospora kazusensis
Spirabiliibacterium pneumoniae,Spirabiliibacterium pneumoniae
Hathewaya limosa,Hathewaya limosa
Doolittlea endobia,Doolittlea endobia
bacterium ADurb.Bin270,JAAZCA01 sp012513515
Flavivirga rizhaonensis,Flavivirga rizhaonensis
Maledivibacter halophilus,Maledivibacter halophilus
Xylanimonas ulmi,Xylanimonas ulmi
Salinarimonas rosea,Salinarimonas rosea
Streptomyces racemochromogenes,Streptomyces racemochromogenes
Aliterella sp.,Aliterella sp030826005
Actinoplanes flavus,Actinoplanes flavus
Sphingobium lignivorans,Sphingobium lignivorans
Arthrobacter ipis,Arthrobacter ipis
Lacticaseibacillus mingshuiensis,Lacticaseibacillus mingshuiensis
Pannus brasiliensis,Pannus brasiliensis
Sphingobacterium pedocola,Sphingobacterium pedocola
Alishewanella longhuensis,Alishewanella longhuensis
Multivorans azotirespirans,Multivorans azotirespirans
Pedobacter kyungheensis,Pedobacter kyungheensis
Parasedimentitalea huanghaiensis,Parasedimentitalea huanghaiensis
Pseudoxanthomonas kalamensis,Pseudoxanthomonas_A kalamensis
Dorea intestinavium,Aequitasia intestinavium
Paenibacillus andongensis,Paenibacillus_E andongensis
Dietzia papillomatosis,Dietzia cinnamea
Neobittarella massiliensis,Neobittarella massiliensis
Draconibacterium aestuarii,Draconibacterium aestuarii
Streptomyces graminilatus,Streptomyces graminilatus
Winogradskyella haliclonae,Winogradskyella haliclonae
Bifidobacterium hapali,Bifidobacterium hapali
Pseudodesulfovibrio nedwellii,Pseudodesulfovibrio nedwellii
Blochmannia ocreatus,Blochmanniella ocreatus
Gulosibacter chungangensis,Gulosibacter chungangensis
Streptococcus symci,Streptococcus symci
Electrothrix aarhusensis,Electrothrix aarhusensis
Brachybacterium timonense,Brachybacterium timonense
Marinomonas pollencensis,Marinomonas pollencensis
Nonomuraea jiangxiensis,Nonomuraea jiangxiensis
Polaribacter pacificus,Polaribacter_A pacificus
bacterium UBA4883,Caproicibacter sp002399225
uncultured Pseudocitrobacter,Pseudocitrobacter sp913778145
Desulfallas sp.,JADNRQ01 sp015594625
Lederbergia sp.,Lederbergia sp022867885
Rhodococcus artemisiae,Rhodococcus artemisiae
Salibacterium aidingense,Salibacterium aidingense
Rheinheimera pleomorphica,Rheinheimera pleomorphica
Peribacillus tepidiphilus,Bacillus_BN tepidiphilus
Thermogemmatispora onikobensis,Thermogemmatispora onikobensis
uncultured Catenibacillus,CAKRHR01 sp934339005
Merdinaster equi,Merdinaster equi
Streptosporangium longisporum,Streptosporangium longisporum
Devosia insulae,Devosia_A insulae
Sphingomonas rosea,Sphingomicrobium rosea
Aquimarina sediminis,Aquimarina sediminis
Limosilactobacillus difficilis,Limosilactobacillus difficilis
Sphingomonas colocasiae,Sphingobium_A colocasiae
Cohaesibacter gelatinilyticus,Cohaesibacter gelatinilyticus
Kordiimonas gwangyangensis,Kordiimonas gwangyangensis
Mucilaginibacter jinjuensis,Mucilaginibacter jinjuensis
Arthrobacter wenxiniae,Specibacter wenxiniae
Helicobacter cynogastricus,Helicobacter_E cynogastricus
Thiothrix winogradskyi,Thiothrix winogradskyi
Paraburkholderia silviterrae,Paraburkholderia silviterrae
Poinsettia branch-inducing,Phytoplasma pruni
Nocardioides perillae,Nocardioides perillae
Caldalkalibacillus salinus,Caldalkalibacillus_A salinus
Campylobacter taeniopygiae,Campylobacter_D taeniopygiae
Kineosporia rhizophila,Kineosporia rhizophila
methane-oxidizing endosymbiont,Methylomarinum sp016097405
uncultured Sedimentitalea,Pontibaca sp947504115
Lysinibacillus timonensis,Ureibacillus timonensis
Phaseolibacter flectens,Phaseolibacter flectens
Neosynechococcus sphagnicola,Neosynechococcus sphagnicola
Pisciglobus halotolerans,Pisciglobus halotolerans
Billgrantia lactosivorans,Billgrantia lactosivorans
Actinomadura luzonensis,Nonomuraea luzonensis
Autumnicola psychrophila,Autumnicola psychrophila
Coxiella mudrowiae,Coxiella mudrowiae
Pseudarcicella hirudinis,Pseudarcicella hirudinis
Halioxenophilus sp.,Halioxenophilus sp033283405
Algoriphagus aestuariicola,Algoriphagus aestuariicola
Companilactobacillus keshanensis,Companilactobacillus keshanensis
Lactiplantibacillus nangangensis,Lactiplantibacillus nangangensis
Sphingomonas jatrophae,Sphingomonas_P jatrophae
Clostridium ultunense,Schnuerera ultunensis
Myceligenerans indicum,Myceligenerans indicum
Clostridium acidisoli,Clostridium_I acidisoli
Pseudoduganella namucuonensis,Pseudoduganella namucuonensis
Kosmotogales bacterium,JASGMR01 sp030156385
Streptomyces pimonensis,Streptomyces pimonensis
Clostridium chrysemydis,Clostridium chrysemydis
Aureimonas psammosilenae,Aureimonas_A psammosilenae
Sanguibacter hominis,Flavimobilis hominis
Chryseobacterium artocarpi,Chryseobacterium artocarpi
Bacillus spongiae,Bacillus_CI spongiae
Maribacter huludaoensis,Maribacter huludaoensis
Natronoflexus pectinivorans,Natronoflexus pectinivorans
Mesonia maritima,Mesonia maritima
Corallococcus silvisoli,Corallococcus silvisoli
Alsobacter ponti,Alsobacter ponti
Roseiconus nitratireducens,Stieleria nitratireducens
Epilithonimonas bovis,Epilithonimonas bovis
Alloactinosynnema sp.,Actinokineospora sp900070365
Paenibacillus hexagrammi,Paenibacillus_E hexagrammi
Roseococcus pinisoli,Roseococcus pinisoli
Sphingomonas brevis,Sphingomicrobium breve
Rhodothalassiaceae bacterium,J084 sp026004935
Shewanella dokdonensis,Shewanella dokdonensis
Ferrimonas sediminum,Ferrimonas sediminum
Chryseobacterium hagamense,Chryseobacterium hagamense
Longilinea arvoryzae,Longilinea arvoryzae
Chondromyces sp.,Sulfomarinibacter sp035466375
Aneurinibacillus soli,Aneurinibacillus soli
Nesterenkonia alba,Nesterenkonia alba
Jannaschia formosa,Jannaschia formosa
Ruegeria sediminis,Ruegeria sediminis
Aromatoleum toluvorans,Aromatoleum toluvorans
Jeotgalibacillus aurantiacus,Jeotgalibacillus aurantiacus
Oryzisolibacter propanilivorax,Melaminivora propanilivorax
Mycobacterium tilburgii,Mycobacterium tilburgii
Kineosphaera limosa,Kineosphaera limosa
Kitasatospora azatica,Kitasatospora azatica
Aquisalimonas lutea,Aquisalimonas lutea
bacterium GBS-1,GBS-1 sp001443005
Halomonas cupida,Halomonas cupida
Marinicella gelatinilytica,Marinicella gelatinilytica
Actinophytocola xanthii,Actinophytocola xanthii
Arthrobacter terricola,Arthrobacter terricola
Algicella marina,Algicella marina
Polaribacter marinus,Polaribacter marinus
Corynebacterium ulceribovis,Corynebacterium ulceribovis
Mumia quercus,Mumia quercus
Kocuria oceani,Kocuria oceani
Desulfobotulus mexicanus,Desulfobotulus mexicanus
Tritonibacter litoralis,Epibacterium litoralis
Duganella guangzhouensis,Duganella guangzhouensis
Thermasporomyces composti,Thermasporomyces composti
Flavonifractor merdigallinarum,Pseudoflavonifractor_A merdigallinarum
Helicobacter anatolicus,Helicobacter_H anatolicus
Schaalia canis,Pauljensenia canis
Agrilactobacillus fermenti,Agrilactobacillus fermenti
bacterium UBP7_UBA6624,UBA6624 sp002716355
Algoriphagus terrigena,Algoriphagus terrigena
Pseudothauera nasutitermitis,Pseudothauera nasutitermitis
Streptomyces huiliensis,Streptomyces huiliensis
Weissella fermenti,Weissella fermenti
Pseudoduganella guangdongensis,Pseudoduganella guangdongensis
Undibacterium hunanense,Undibacterium hunanense
uncultured Anaerobacillus,Anaerobacillus_A hwajinpoensis_B
Staphylococcus hsinchuensis,Staphylococcus hsinchuensis
Lysobacter penaei,Marilutibacter penaei
Rhodovulum adriaticum,Rhodovulum adriaticum
Actinoplanes missouriensis,Actinoplanes missouriensis
Avimicrobium caecorum,Avimicrobium caecorum
Caldinitratiruptor microaerophilus,Caldinitratiruptor microaerophilus
Lunatimonas lonarensis,Lunatimonas lonarensis
Mycoplasma marinum,Mycoplasma_K marinum
Aureimonas populi,Aureimonas populi
Rubricoccus marinus,Rubricoccus marinus
Rothia aerolata,Rothia aerolata
Flavicella sediminum,Flavicella sediminum
Tuberibacillus calidus,Tuberibacillus calidus
Paenibacillus terricola,Paenibacillus_T terricola
Flavobacterium agricola,Flavobacterium agricola
Tepidibacter aestuarii,Tepidibacter_A aestuarii
Amnibacterium flavum,Naasia flava
Filobacillus milosensis,Filobacillus milosensis
Mycoplasmopsis primatum,Mycoplasmopsis primatum
Ezakiella peruensis,Ezakiella peruensis
Rhizobium aegyptiacum,Rhizobium aethiopicum
Myceligenerans crystallogenes,Myceligenerans crystallogenes
Youngiibacter sp.,Youngiibacter sp002428415
Streptomyces coryli,Streptomyces coryli
Bradyrhizobium commune,Bradyrhizobium commune
Pseudonocardia nigra,Pseudonocardia nigra
Ochrobactrum chromiisoli,Brucella chromiisoli
Arcanobacter lacustris,Arcanibacter lacustris
Ruminococcus turbiniformis,Mediterraneibacter turbiniformis
Elioraea rosea,Elioraea_A rosea
Echinicola salinicaeni,Echinicola salinicaeni
Paenibacillus humicola,Paenibacillus_Z humicola
Roseinatronobacter alkalisoli,Roseinatronobacter alkalisoli
Sphingomonas beigongshangi,Sphingomonas beigongshangi
Limimonas coprohippi,UBA1227 sp018065925
Nocardioides caeni,Nocardioides caeni
Biomaibacter acetigenes,Biomaibacter acetigenes
Gillisia lutea,Gillisia lutea
Nocardioides marinquilinus,Nocardioides marinquilinus
Hominisplanchenecus sp.,Hominisplanchenecus sp022769625
Caldicellulosiruptor danielii,Caldicellulosiruptor danielii
Rhodanobacter caeni,Rhodanobacter caeni
Flavobacterium cyanobacteriorum,Flavobacterium cyanobacteriorum
Rhodoplanes roseus,Rhodoplanes roseus
Argonema antarcticum,Argonema antarcticum
Bacteroides merdipullorum,Bacteroides merdipullorum
Anditalea andensis,Anditalea andensis
Arcticibacter eurypsychrophilus,Arcticibacter eurypsychrophilus
Rhizobium glycinendophyticum,Allorhizobium glycinendophyticum
Mongoliibacter sp.,Mongoliibacter sp007692705
Spiroplasma gladiatoris,Spiroplasma_A gladiatoris
Pseudaminobacter manganicus,Mesorhizobium manganicum
Agaribacterium sp.,Agaribacterium sp041346925
Hymenobacter taeanensis,Hymenobacter taeanensis
uncultured Desulfomicrobiaceae,Thermodesulfomicrobium sp937989665
Anaerobacillus alkalilacustris,Anaerobacillus alkalilacustris
Sphingobium mellinum,Sphingobium mellinum
uncultured Microcoleaceae,CALKCV01 sp938083405
Paenibacillus marchantiophytorum,Paenibacillus_E marchantiophytorum
Marmoricola endophyticus,Marmoricola endophyticus
Micromonospora nigra,Micromonospora nigra
Anadelfobacter sociabilis,Anadelfobacter sociabilis
Avimonas faecium,Avimonas faecium
Streptomyces cahuitamycinicus,Streptomyces cahuitamycinicus
Microbacterium excoecariae,Microbacterium excoecariae
Caldalkalibacillus uzonensis,Caldalkalibacillus uzonensis
Actinotalea solisilvae,Actinotalea solisilvae
Seinonella peptonophila,Seinonella peptonophila
Babela massiliensis,Babela massiliensis
Psychroflexus longus,Psychroflexus longus
Salinibius halmophilus,Salinibius halmophilus
Allocatelliglobosispora scoriae,Allocatelliglobosispora scoriae
Polaribacter irgensii,Polaribacter irgensii
Sulfurospirillum oryzae,Sulfurospirillum oryzae
Bergeyella porcorum,QD2021 sp036209505
Alteripontixanthobacter maritimus,Alteripontixanthobacter maritimus
Afipia clevelandensis,Afipia clevelandensis
Gordonia pseudamarae,Gordonia pseudamarae
Mycoplasma mobile,Mycoplasma_J mobile
Salinicola socius,Salinicola socius
Halobacillus amylolyticus,Halobacillus_A amylolyticus
Flavobacterium lotistagni,Flavobacterium lotistagni
Streptomyces lichenis,Streptomyces lichenis
Nitratireductor kimnyeongensis,Nitratireductor kimnyeongensis
Pigmentiphaga aceris,Pigmentiphaga aceris
Promineifilum breve,Promineifilum breve
Mycoplasma haemocanis,Eperythrozoon_B haemocanis
Mangrovactinospora gilvigrisea,Mangrovactinospora gilvigrisea
Micromonospora costi,Micromonospora costi
Levilactobacillus yiduensis,Levilactobacillus yiduensis
Massilia glaciei,Telluria glaciei
Pseudaminobacter sp.,Pseudaminobacter sp035941355
Fimivicinus sp.,Fimivicinus sp002320555
Desulfosporosinus nitroreducens,Desulfosporosinus nitroreducens
Amnimonas aquatica,Perlucidibaca aquatica_A
Patulibacter medicamentivorans,Patulibacter medicamentivorans
Pseudomaricurvus alkylphenolicus,Pseudomaricurvus alkylphenolicus
Chromobacterium alticapitis,Chromobacterium alticapitis
Sulfitobacter guttiformis,Sulfitobacter guttiformis
Vogesella fluminis,Vogesella fluminis
Nakamurella lactea,Nakamurella lactea
Microbacterium pullistercoris,Microbacterium pullistercoris
Roseibium hamelinense,Roseibium hamelinense
Polynucleobacter hallstattensis,Polynucleobacter hallstattensis
Lacticaseibacillus salsurivasis,Lacticaseibacillus salsurivasis
Sphingomonas abaci,Sphingomonas abaci
Zwartia panacis,Zwartia panacis
Dormiibacter spiritus,Dormiibacter spiritus
Cryptobacteroides merdavium,Cryptobacteroides merdavium
Limimorpha caballi,Limimorpha caballi
Nocardiopsis coralli,Nocardiopsis coralli
Paracoccus benzoatiresistens,Paracoccus benzoatiresistens
Sedimentisphaera cyanobacteriorum,Sedimentisphaera cyanobacteriorum
Dyella ginsengisoli,Dyella_A ginsengisoli
Alloalcanivorax balearicus,Alloalcanivorax balearicus
Alkalihalobacillus bogoriensis,Bacillus_AO bogoriense
Actinoplanes derwentensis,Actinoplanes derwentensis
Desulfosporosinus metallidurans,Desulfosporosinus metallidurans
Intestinimonas pullistercoris,Intestinimonas pullistercoris
Pseudomonas pharmacofabricae,Pseudomonas_E fluvialis
Psychroflexus salis,Psychroflexus salis
Shewanella atlantica,Shewanella atlantica
Legionella yabuuchiae,Legionella_A yabuuchiae
Sporolactobacillus putidus,Sporolactobacillus putidus
Emticicia aquatica,Emticicia aquatica
Shewanella olleyana,Shewanella olleyana
Leifsonia bigeumensis,Terrimesophilobacter bigeumensis
bacterium TMED80,TMED80 sp002170405
Anoxybacter fermentans,Anoxybacter fermentans
Amycolatopsis anabasis,Amycolatopsis anabasis
Congregibacter litoralis,Congregibacter litoralis
Micromonospora parastrephiae,Micromonospora parastrephiae
Peptidiphaga gingivicola,Peptidiphaga gingivicola
Atopomonas hussainii,Atopomonas hussainii
Winogradskyella algicola,Winogradskyella algicola
Planctopirus ephydatiae,Planctopirus ephydatiae
Hoeflea algicola,Hoeflea algicola
cyanobacterium CYA1,CAADGN01 sp900696545
Paenibacillus sabuli,Paenibacillus_D sabuli
Roseivivax jejudonensis,Roseivivax jejudonensis
Arenicella xantha,Arenicella xantha
Marinobacterium halophilum,Marinobacterium halophilum
Chryseobacterium polytrichastri,Chryseobacterium polytrichastri
Janibacter alkaliphilus,Janibacter alkaliphilus
uncultured Aminipila,Aminipila sp963524205
Profftia lariciata,Profftia lariciata
Nitrosophilus kaiyonis,Nitrosophilus_A kaiyonis
Flavobacterium fontis,Flavobacterium fontis
Virgibacillus halotolerans,Virgibacillus halotolerans
Flavobacterium azizsancarii,Flavobacterium azizsancarii
Gracilimonas mengyeensis,Gracilimonas mengyeensis
Oceaniferula marina,Oceaniferula marina
Limnoraphis sp.,Limnoraphis robusta
Brevundimonas phytovorans,Brevundimonas phytovorans
Methylotetracoccus oryzae,Methylotetracoccus oryzae
Roseofilum acuticapitatum,Roseofilum acuticapitatum
Vibrio floridensis,Vibrio floridensis
Algihabitans albus,Algihabitans albus
Lysobacter silvestris,Solilutibacter silvestris
Actinomadura vinacea,Spirillospora vinacea
Lysobacter telluris,Cognatiluteimonas_A telluris
Tamaricihabitans halophyticus,Tamaricihabitans halophyticus
Litoreibacter ponti,Litoreibacter ponti
Leptospira selangorensis,Leptospira_B selangorensis
Rubrobacter naiadicus,Rubrobacter_E naiadicus
Tenacibaculum todarodis,Tenacibaculum_A todarodis
Corynebacterium alimapuense,Corynebacterium alimapuense
Oceanicola granulosus,Oceanicola granulosus
Roseovarius lutimaris,Roseovarius lutimaris
Nocardioides alcanivorans,Nocardioides alcanivorans
Limnobaculum eriocheiris,Limnobaculum eriocheiris
Ruminimicrobiellum bubulum,Ruminimicrobiellum bubulum
Pseudoclavibacter triregionum,Pseudoclavibacter triregionum
Sulfitobacter brevis,Sulfitobacter brevis
Flagellimonas maritima,Flagellimonas maritima
Lentzea jiangxiensis,Lentzea jiangxiensis
Micromonospora parathelypteridis,Micromonospora parathelypteridis
Nannocystales bacterium,Ga0077550 sp038325765
Methylobacterium marchantiae,Methylobacterium marchantiae
Caproicibacterium argilliputei,Caproicibacterium argilliputei
Malikia granosa,Malikia granosa
Vibrio profundi,Vibrio profundi
Caballeronia udeis,Caballeronia udeis
Zavarzinella sp.,JAWKTI01 sp041399155
Olsenella pullistercoris,Thermophilibacter pullistercoris
Oerskovia flava,Oerskovia flava
Tariuqbacter arcticus,Tariuqbacter arcticus
uncultured Neokomagataea,Neokomagataea sp946476835
uncultured Methylomonas,CAIQWF01 sp936941155
Tindallia magadiensis,Tindallia magadiensis
Agromyces tardus,Agromyces tardus
uncultured Demequina,Demequina sp913055775
Desulfofarcimen acetoxidans,Desulfofarcimen acetoxidans
Colwellia demingiae,Colwellia demingiae
Leucobacter zeae,Leucobacter zeae
Rossellomorea oryzaecorticis,Rossellomorea oryzaecorticis
Paenibacillus lentus,Fontibacillus lentus
Acutalibacter intestini,Acutalibacter intestini
Pelagibacterium xiamenense,Pelagibacterium xiamenense
Pontibacter litorisediminis,Pontibacter litorisediminis
Tistlia sp.,Tistlia sp040905785
Steffania adelgidicola,Steffania adelgidicola
Flavobacterium orientale,Flavobacterium orientale
Ruthenibacterium merdavium,Ruthenibacterium merdavium
Oceanirhabdus seepicola,Oceanirhabdus seepicola
Pontibacter chinhatensis,Pontibacter chinhatensis
Onthousia faecavium,Onthousia faecavium
Metaruminococcus caecorum,Metaruminococcus caecorum
Lutibacter profundi,Lutibacter profundi
Desertifilum tharense,Desertifilum tharense
Saccharopolyspora cebuensis,Saccharopolyspora cebuensis
Pseudomonas fortuita,Pseudomonas_E fortuita
Arcanobacterium wilhelmae,Arcanobacterium wilhelmae
Agrilactobacillus yilanensis,Agrilactobacillus yilanensis
Shinella daejeonensis,Shinella daejeonensis
Crickella merdequi,Crickella merdequi
Streptomyces cyanogenus,Streptomyces cyanogenus
Mucilaginibacter terrenus,Mucilaginibacter terrenus
Alkalicoccus urumqiensis,Alkalicoccus urumqiensis
Pseudosulfitobacter sp.,Pseudosulfitobacter sp003335545
Khoudiadiopia massiliensis,Khoudiadiopia massiliensis
Pararhodonellum marinum,Pararhodonellum marinum
Adhaeribacter radiodurans,Adhaeribacter radiodurans
Intrasporangium chromatireducens,Intrasporangium_A chromatireducens
Pandoraea horticolens,Pandoraea horticolens
Paralysiella testudinis,Paralysiella testudinis
Microbulbifer taiwanensis,Microbulbifer taiwanensis
Prauserella isguenensis,Prauserella isguenensis
Limimaricola litoreus,Limimaricola litoreus
Microbulbifer guangxiensis,Microbulbifer guangxiensis
Algichlamydia australiensis,Algichlamydia australiensis
Tabrizicola aquatica,Tabrizicola aquatica
Bifidobacterium colobi,Bifidobacterium colobi
Cellulomonas rhizosphaerae,Cellulomonas rhizosphaerae
Pacificispira spongiicola,Pacificispira spongiicola
Aristaeella lactis,Aristaeella lactis
Calidifontibacillus erzurumensis,Calidifontibacillus erzurumensis
Mesorhizobium metallidurans,Mesorhizobium metallidurans
Azospira inquinata,Azospira inquinata
Marinobacterium lacunae,Marinobacterium_D lacunae
Comamonas antarctica,Comamonas antarctica
Borreliella tachyglossi,Borrelia tachyglossi
Sandarakinorhabdus rubra,Sandarakinorhabdus rubra
Virgibacillus doumboii,Lentibacillus doumboii
Desulfallas thermosapovorans,Sporotomaculum thermosapovorans
Albimonas donghaensis,Albimonas donghaensis
Deinococcus koreensis,Deinococcus koreensis
Jidaibacter acanthamoeba,Jidaibacter acanthamoeba
Konateibacter massiliensis,Lachnotalea massiliensis
uncultured Oscillatoriales,Planktothrix sp903893625
Hymenobacter volaticus,Hymenobacter volaticus
Paenibacillus beijingensis,Paenibacillus_O beijingensis
Mycobacterium fortunisiensis,Mycobacterium fortunisiensis
Hanstruepera flava,Hanstruepera flava
Paraburkholderia acidiphila,Paraburkholderia acidiphila
Intestinicryptomonas porci,Intestinicryptomonas porci
Actinomadura flavalba,Spirillospora flavalba
Nocardioides panacis,Nocardioides_B panacis
Crateriforma spongiae,Crateriforma spongiae
Chitinilyticum piscinae,Chitinilyticum piscinae
Microbacterium gallinarum,Microbacterium gallinarum
uncultured Trichormus,Trichormus_B sp936914905
uncultured Spongiivirga,JANQRC01 sp963922975
Aminipila luticellarii,Aminipila luticellarii
Saccharopolyspora flava,Saccharopolyspora flava
bacterium UBP17_UBA6191,UBA6191 sp002422125
Paracoccus tegillarcae,Paracoccus tegillarcae
Phytoplasma ziziphi,Phytoplasma ziziphi
Polymorphobacter megasporae,Polymorphobacter_B megasporae
Magnetominusculus xianensis,Magnetominusculus xianensis
Pseudoroseomonas ludipueritiae,Pseudoroseomonas ludipueritiae
Saccharothrix ecbatanensis,Actinosynnema ecbatanense
Mesocricetibacter intestinalis,Mesocricetibacter intestinalis
Pseudomonas muyukensis,Pseudomonas_E muyukensis
Aromatoleum evansii,Aromatoleum evansii
Amycolatopsis antarctica,Amycolatopsis antarctica
Granulicatella seriolae,Granulicatella seriolae
Chromohalobacter nigrandesensis,Chromohalobacter nigrandesensis
Kineosporia succinea,Kineosporia succinea
Avimonas merdigallinarum,Avimonas merdigallinarum
Salimicrobium flavidum,Salimicrobium flavidum
Wenjunlia tyrosinilytica,Wenjunlia tyrosinilytica
Pontibaca salina,Pontibaca salina
Ornithinibacillus halophilus,Paucisalibacillus halophilus
Halomonas casei,Vreelandella casei
Roseospira visakhapatnamensis,Rhodospira visakhapatnamensis
Anaerotruncus excrementipullorum,Anaerotruncus excrementipullorum
Dictyobacter alpinus,Dictyobacter alpinus
Paenibacillus sinensis,Paenibacillus sinensis
Onthousia faecipullorum,Onthousia faecipullorum
Herpetosiphonales bacterium,UBA965 sp903868295
Sphingobacterium paludis,Sphingobacterium paludis
Paraburkholderia schumanniana,Caballeronia schumanniana
Liberibacter ctenarytainae,Liberibacter ctenarytainae
Thioglobus vulcanius,Thioglobus_A vulcanius
bacterium UBP15_UBA6099,UBA6099 sp002435745
Ventricola intestinavium,Ventricola intestinavium
Paenalkalicoccus suaedae,Paenalkalicoccus suaedae
Gracilibacillus alcaliphilus,Gracilibacillus alcaliphilus
Echinicola sp.,Echinicola sp015533855
Pseudomonas allokribbensis,Pseudomonas_E allokribbensis
Stenoxybacter acetivorans,Stenoxybacter acetivorans
Oceanomicrobium pacificus,Oceanomicrobium pacificus
Hymenobacter cellulosilyticus,Hymenobacter cellulosilyticus
Flavobacterium solisilvae,Flavobacterium solisilvae
Inhella crocodyli,Inhella crocodyli
Mycolicibacterium neworleansense,Mycobacterium neworleansense
Hyphococcus sp.,Hyphococcus sp041058985
Lentzea terrae,Lentzea terrae
Bovifimicola ammoniilytica,Bovifimicola ammoniilytica
Puniceibacterium antarcticum,Puniceibacterium antarcticum
Neptunochlamydia vexilliferae,Neptunochlamydia vexilliferae
Pseudomonas fildesensis,Pseudomonas_E fildesensis
Rhizobium metallidurans,Rhizobium metallidurans
Bacillus piscicola,Alteribacillus_A piscicola
Flavobacterium sangjuense,Flavobacterium sangjuense
Marivivens aquimaris,Marivivens aquimaris
Syntrophotaleaceae bacterium,JAWKQB01 sp041390365
uncultured Desulfurellaceae,CAJXLZ01 sp913056505
Salinicola aestuarinus,Salinicola aestuarinus
Streptomyces niphimycinicus,Streptomyces niphimycinicus
Salibaculum griseiflavum,Salibaculum griseiflavum
Paraburkholderia dilworthii,Paraburkholderia dilworthii
Alkalihalobacillus hemicentroti,Anaerobacillus_A hwajinpoensis
Hymenobacter lutimineralis,Hymenobacter lutimineralis
Jannaschia marina,Jannaschia marina
Silvania confinis,Silvania confinis
Streptomyces macrosporus,Streptomyces macrosporus
Endozoicomonas numazuensis,Endozoicomonas_A numazuensis
Flavobacterium soyae,Flavobacterium soyae
Pacificoceanicola onchidii,Pacificoceanicola onchidii
Enterovirga rhinocerotis,Enterovirga rhinocerotis
Parashewanella hymeniacidonis,Parashewanella hymeniacidonis
Gemmobacter tilapiae,Gemmobacter_C tilapiae
Pedococcus badiiscoriae,Pedococcus badiiscoriae
Agathobaculum pullistercoris,Agathobaculum pullistercoris
Sterolibacterium denitrificans,Sterolibacterium denitrificans
Catenulispora acidiphila,Catenulispora acidiphila
Vermiphilus pyriformis,Vermiphilus pyriformis
Methylobacterium gossipiicola,Methylobacterium gossipiicola
Jannaschia donghaensis,Jannaschia donghaensis
Paenibacillus ihumii,Fontibacillus ihumii
Companilactobacillus pullicola,Companilactobacillus pullicola
Alkalimonas collagenimarina,Alkalimonas collagenimarina
Dysgonomonas alginatilytica,Dysgonomonas alginatilytica
Pilimelia columellifera,Pilimelia columellifera
Miniphocaeibacter massiliensis,Miniphocaeibacter massiliensis
Paenibacillus campinasensis,Paenibacillus campinasensis
Pyxidicoccus xibeiensis,Myxococcus xibeiensis
Novosphingobium cyanobacteriorum,Novosphingobium cyanobacteriorum
Mycobacterium vicinigordonae,Mycobacterium vicinigordonae
Deinococcus maricopensis,Deinococcus_B maricopensis
Marinobacter bohaiensis,Marinobacter_A bohaiensis
Gracilibacillus orientalis,Gracilibacillus orientalis
Streptomyces gilvifuscus,Streptomyces gilvifuscus
Phycobacter azelaicus,Phycobacter azelaicus
Aquimarina agarilytica,Aquimarina agarilytica
Brachybacterium sillae,Brachybacterium sillae
Sphingobium fontiphilum,Sphingobium fontiphilum
Psychromicrobium xiongbiense,Renibacterium xiongbiense
Pseudomonas mercuritolerans,Pseudomonas_E mercuritolerans
Motiliproteus sediminis,Motiliproteus sediminis
Streptomyces lycii,Streptomyces lycii
Phormidium ambiguum,Phormidium_B ambiguum
Cohnella colombiensis,Cohnella colombiensis
Flavobacterium channae,Flavobacterium channae
Acidicaldus organivorans,Acidicaldus organivorans
Streptomyces longisporus,Streptomyces longisporus
Oscillatoria princeps,Oscillatoria princeps
Frateuria terrea,Frateuria_A terrea
Vagococcus fessus,Vagococcus_D fessus
Herbiconiux ginsengi,Herbiconiux ginsengi
Rhodanobacter spathiphylli,Rhodanobacter spathiphylli
Paraflavitalea soli,Paraflavitalea soli
Aquipluma nitroreducens,Aquipluma nitroreducens
Geothrix alkalitolerans,Geothrix alkalitolerans
Streptomyces adelaidensis,Streptomyces adelaidensis
Tahibacter harae,Tahibacter harae
Crassaminicella indica,Crassaminicella indica
Bacteroides vicugnae,Bacteroides vicugnae
Persephonella atlantica,Persephonella_A atlantica
Demequina flava,Demequina flava
Rhodobaculum claviforme,Rhodobaculum claviforme
uncultured Bauldia,JANQRX01 sp963663975
Uzinura diaspidicola,Uzinura diaspidicola
Synchoanobacter obligatus,Synchoanobacter obligatus
Saccharopolyspora aridisoli,Saccharopolyspora aridisoli
Ornithinimicrobium pratense,Serinicoccus pratensis
Rathayibacter rubneri,Rathayibacter rubneri
Luteimonas panaciterrae,Luteimonas panaciterrae
Frateuria flava,Frateuria_A flava
Luteimonas cucumeris,Luteimonas_C cucumeris
Ascidiimonas aurantiaca,Ascidiimonas aurantiaca
Paenibacillus endophyticus,Pristimantibacillus endophyticus
Vagococcus luciliae,Vagococcus luciliae
Desulfogranum japonicum,Desulfogranum japonicum
Winogradskyella ludwigii,Winogradskyella ludwigii
Nereida sp.,Nereida sp021654165
Conium maculatum,Phytoplasma sp001623385
Pseudidiomarina halophila,Pseudidiomarina halophila
Mycobacterium aquaticum,Mycobacterium aquaticum
Palleronia abyssalis,Palleronia abyssalis
Pseudidiomarina atlantica,Pseudidiomarina atlantica
Tuberibacillus sp.,Marseille-P3662 sp900178005
bacterium UBA6025,UBA1547 sp002429375
Sphingobium quisquiliarum,Sphingobium quisquiliarum
Mycoplasmopsis iners,Mycoplasmopsis iners
Cohnella mopanensis,Cohnella mopanensis
Desulfoscipio sp.,Sporotomaculum sp039851975
Streptobacillus felis,Streptobacillus felis
Actinomadura cremea,Spirillospora cremea
Acetonema longum,Acetonema longum
Bythopirellula goksoeyrii,Bythopirellula goksoeyrii
Olsenella urininfantis,Olsenella_G urininfantis
Burkholderia alba,Burkholderia alba
Paramesorhizobium deserti,Paramesorhizobium deserti
Sulfobacillus harzensis,Sulfobacillus_B harzensis
Streptococcus saliviloxodontae,Streptococcus saliviloxodontae
Tahibacter amnicola,Tahibacter amnicola
Leisingera thetidis,Leisingera thetidis
Scybalosoma faecavium,Scybalosoma faecavium
Bombella saccharophila,Bombella saccharophila
Pelagovum sp.,JAEPMR01 sp040931995
Larkinella rosea,Larkinella rosea
Algoriphagus mannitolivorans,Algoriphagus mannitolivorans
Liberibacter brunswickensis,Liberibacter brunswickensis
Xylocopilactobacillus apis,Xylocopilactobacillus apis
Sphingomonas oleivorans,Sphingomonas_H oleivorans
Sediminibacterium salmoneum,Sediminibacterium salmoneum
Neorhodopirellula lusitana,Rhodopirellula lusitana
Colicola caccequi,Colicola caccequi
Isosphaera pallida,Isosphaera pallida
Hydrogenosomobacter endosymbioticus,Hydrogenosomobacter endosymbioticus
Halomonas stenophila,Halomonas stenophila
Leptospira ognonensis,Leptospira_A ognonensis
Sphingopyxis panaciterrulae,Sphingopyxis panaciterrulae
Anaerosolibacter sp.,Anaerosolibacter sp029240175
Phytohabitans suffuscus,Phytohabitans suffuscus
Microvirga zambiensis,Microvirga zambiensis
Umezawaea endophytica,Umezawaea endophytica
Syntrophomonas palmitatica,Syntrophomonas_A palmitatica
uncultured Thermoanaerobacteraceae,CALGIY01 sp937914965
Robertkochia sediminum,Robertkochia sediminum
Arsenicitalea aurantiaca,Arsenicitalea aurantiaca
Thauera phenolivorans,Thauera phenolivorans
Cellulomonas persica,Cellulomonas persica
Woeseia oceani,Woeseia oceani
Nitrospira kreftii,Nitrospira_D kreftii
Xylophilus rhododendri,Xylophilus rhododendri
Dyella lutea,Dyella_A lutea
Nonomuraea guangzhouensis,Nonomuraea guangzhouensis
Mesobaculum littorinae,Tranquillimonas littorinae
Salinicoccus luteus,Salinicoccus luteus
Pelotalea chapellei,Pelotalea chapellei
Pseudoramibacter porci,Pseudoramibacter porci
Lactovum miscens,Lactovum miscens
Lysinibacillus antri,Ureibacillus antri
Bacillus shihchuchen,Bacillus_A tropicus
Halosaccharopolyspora lacisalsi,Halosaccharopolyspora lacisalsi
Qipengyuania thermophila,Qipengyuania_B thermophila
Algoriphagus lutimaris,Algoriphagus lutimaris
Flaviaesturariibacter aridisoli,Flaviaestuariibacter aridisoli
Usitatibacter rugosus,Usitatibacter rugosus
uncultured Companilactobacillus,Companilactobacillus paralimentarius
Maribacter caenipelagi,Maribacter caenipelagi
Zhongshania aquimaris,Zhongshania aquimaris
Micromonospora craterilacus,Micromonospora craterilacus
Lentibacillus daqui,Lentibacillus_C daqui
Leadbettera azotonutricia,Leadbettera azotonutricia
Bacteroides ihuae,Bacteroides ihuae
Tomitella fengzijianii,Tomitella fengzijianii
uncultured Kuenenia,Kuenenia stuttgartiensis_A
Salinimicrobium terrae,Salinimicrobium terrae
Sulfuriroseicoccus oceanibius,Sulfuriroseicoccus oceanibius
Ahrensia marina,Ahrensia marina
Sphingobacterium bovistauri,Sphingobacterium bovistauri
Streptantibioticus rubrisoli,Streptantibioticus rubrisoli
Bartonella rattaustraliani,Bartonella rattaustraliani
Adlercreutzia aquisgranensis,Xiamenia aquisgranensis
Halotia wernerae,Halotia wernerae
Streptosporangium oxazolinicum,Streptosporangium oxazolinicum
Bradyrhizobium prioriisuperbiae,Bradyrhizobium_A prioriisuperbiae
Nocardioides jiangsuensis,Nocardioides_C jiangsuensis
uncultured Halanaerobiales,M55B127 sp913055675
Bradyrhizobium guangxiense,Bradyrhizobium guangxiense
Wenyingzhuangia fucanilytica,Wenyingzhuangia fucanilytica
Sulfurisoma sp.,Sulfurisoma sp030691075
Brevibacterium spongiae,Brevibacterium spongiae
Thiocapsa rosea,Thiocapsa rosea
Caldalkalibacillus mannanilyticus,Bacillus_AT mannanilyticus
Mobilisporobacter senegalensis,Mobilisporobacter senegalensis
Paenibacillus silviterrae,Paenibacillus_G silviterrae
Tepidibacillus marianensis,Tepidibacillus marianensis
Marinithermofilum abyssi,Marinithermofilum abyssi
Aquabacter cavernae,Aquabacter cavernae
Flagellimonas myxillae,Flagellimonas myxillae
Microbulbifer hainanensis,Microbulbifer hainanensis
Sporosarcina gallistercoris,Sporosarcina gallistercoris
Alteromonas facilis,Alteromonas_E facilis
Hymenobacter glacieicola,Hymenobacter glacieicola
Rhizomicrobium palustre,Rhizomicrobium palustre
Thermobacterium salinum,Luteirhabdus salina
Ruminimicrobiellum tauri,Ruminimicrobiellum tauri
Hathewaya histolytica,Hathewaya histolytica
Gallaecimonas sp.,Gallaecimonas sp038087665
Merismopedia glauca,Merismopedia glauca
Aliidiomarina indica,Aliidiomarina indica
Oceanithermus desulfurans,Oceanithermus desulfurans
Nakamurella multipartita,Nakamurella multipartita
Paramagnetospirillum marisnigri,Paramagnetospirillum marisnigri
bacterium HR34,HRBIN34 sp002923395
Mycobacterium paraterrae,Mycobacterium paraterrae
Micromonospora viridifaciens,Micromonospora viridifaciens
Muriicola jejuensis,Muriicola jejuensis
Aquipuribacter hungaricus,Aquipuribacter hungaricus
Dokdonella immobilis,Dokdonella immobilis
Paenimyroides tangerinum,Flavobacterium tangerinum
Posidoniimonas corsicana,Posidoniimonas corsicana
Alteromonas genovensis,Alteromonas genovensis
Algoriphagus taiwanensis,Algoriphagus taiwanensis
Lysinibacillus composti,Ureibacillus composti_A
Tsuneonella deserti,Tsuneonella deserti
Rhodovulum bhavnagarense,Rhodovulum bhavnagarense
Palleronia caenipelagi,Palleronia caenipelagi
Sphingomonas pollutisoli,Sphingomonas pollutisoli
Nitromaritima sp.,Nitromaritima sp000372225
Rheinheimera nanhaiensis,Rheinheimera nanhaiensis
Allochromatium humboldtianum,Thermochromatium humboldtianum
Enterovibrio coralii,Enterovibrio coralii
Gulosibacter macacae,Gulosibacter macacae
Streptomyces beigongshangae,Streptomyces beigongshangae
Algoriphagus lacus,Algoriphagus lacus
Sulfurospirillum deleyianum,Sulfurospirillum deleyianum
Pseudomonas borbori,Pseudomonas_E borbori
Rhodopirellula sallentina,Rhodopirellula sallentina
Acidobacteria subdivision,RH2-MAG17b sp002197525
Bacillus dicomae,Bacillus_A dicomae
Curvivirga aplysinae,Curvivirga aplysinae
Prochloron sp.,DYNF01 sp020721205
bacterium HR15,HRBIN15 sp002898555
Mycolicibacter nonchromogenicus,Mycobacterium nonchromogenicum
Streptomyces omiyaensis,Streptomyces omiyaensis
Alcanivorax xiamenensis,Alloalcanivorax xiamenensis
Parerythrobacter lutipelagi,Parerythrobacter_A lutipelagi
Nocardia harenae,Nocardia harenae
bacterium UBA2219,UBA2219 sp002327765
Streptomyces durbertensis,Streptomyces durbertensis
Brevibacterium samyangense,Brevibacterium samyangense
Nonomuraea spiralis,Nonomuraea spiralis
Paracoccus aeridis,Paracoccus aeridis
Cohnella terricola,Cohnella terricola
Devosia rhizoryzae,Devosia rhizoryzae
Christiangramia gaetbulicola,Christiangramia gaetbulicola
Rhodoligotrophos sp.,Rhodoligotrophos sp038811545
Dyadobacter alkalitolerans,Dyadobacter alkalitolerans
Nannocystis bainbridge,Nannocystis bainbridge
Sphingomonas baiyangensis,Sphingomonas baiyangensis
Siculibacillus lacustris,Siculibacillus lacustris
Nocardioides halotolerans,Nocardioides halotolerans
Halorhodospira abdelmalekii,Halorhodospira abdelmalekii
Thermoanaerobacterium butyriciformans,Thermoanaerobacterium butyriciformans
Cupriavidus agavae,Cupriavidus agavae
Usitatibacter palustris,Usitatibacter palustris
Metamycoplasma gateae,Metamycoplasma gateae
Spirosoma validum,Spirosoma validum
Prevotella falsenii,Prevotella falsenii
Macromonas nakdongensis,Macromonas_B nakdongensis
Azomonas macrocytogenes,Azomonas macrocytogenes
Pseudophaeobacter leonis,Pseudophaeobacter leonis
Thermoflexibacter sp.,Thermoflexibacter sp025455345
Streptomyces swartbergensis,Streptomyces swartbergensis
Campylobacter aviculae,Campylobacter_D aviculae
Clostridium segne,Otoolea fessa
Methylobacterium cerastii,Methylobacterium cerastii
Aquimarina mytili,Aquimarina mytili
Compostibacillus humi,Oceanobacillus humi
bacterium SM23_31,SM23-31 sp001304035
Sporosarcina oncorhynchi,Sporosarcina oncorhynchi
Wujia sp.,Wujia sp900553925
Limosilactobacillus intestinigallinarum,Limosilactobacillus intestinigallinarum
Natranaerovirga hydrolytica,Natranaerovirga hydrolytica
Anoxybacillus thermarum,Anoxybacillus thermarum
Paraburkholderia polaris,Paraburkholderia polaris
Stenotrophomonas aracearum,Stenotrophomonas aracearum
Sporolituus thermophilus,Thermosinus thermophilus
Chengkuizengella axinellae,Chengkuizengella axinellae
Mangrovibacter plantisponsor,Mangrovibacter plantisponsor
Halopseudomonas yangmingensis,Halopseudomonas yangmingensis
Bordetella flabilis,Bordetella_C flabilis
Rhizobium mesosinicum,Rhizobium mesosinicum
Rhizobium subbaraonis,Mycoplana subbaraonis
Devriesea agamarum,Devriesea agamarum
Helicobacter mesocricetorum,Helicobacter_D mesocricetorum
Colicola coprequi,Colicola coprequi
Agrococcus pullicola,Agrococcus pullicola
uncultured Cuneatibacter,CAKQHB01 sp934234215
uncultured Pasteurellaceae,CAURMH01 sp963525745
Allocopromorpha excrementavium,Lentihominibacter excrementavium
Microbacterium stercoravium,Microbacterium stercoravium
Roseomonas genomospecies,Azospirillum sp008365375
Trinickia mobilis,Trinickia mobilis
Avimonoglobus intestinipullorum,Avimonoglobus intestinipullorum
Frigidibacter mobilis,Frigidibacter mobilis
Rippkaea orientalis,Rippkaea orientalis
Thauera butanivorans,Thauera butanivorans
Cochleicola gelatinilyticus,Cochleicola gelatinilyticus
Pseudomonas fitomaticsae,Pseudomonas_E fitomaticsae
Halomonas stercoripullorum,Billgrantia stercoripullorum
Sphingorhabdus lutea,Sphingorhabdus_B lutea
Natronincola peptidivorans,Anaerovirgula peptidivorans
Bacillus basilensis,Bacillus_A basilensis
Glycocaulis sp.,Glycocaulis sp022565665
Paracrocinitomix mangrovi,Paracrocinitomix mangrovi
Rhodospirillum centenum,Rhodospirillum_A centenum
Devosia epidermidihirudinis,Devosia epidermidihirudinis
Streptomyces palmae,Streptomyces palmae
Deferribacter desulfuricans,Deferribacter desulfuricans
Pseudomonas guineae,Pseudomonas_E guineae
Actinomadura hibisca,Spirillospora hibisca
Qipengyuania intermedia,Qipengyuania intermedia
Aliisedimentitalea sp.,JAWHTC01 sp032586155
Oleimmundimicrobium americanum,Oleimmundimicrobium americanum
Parabacteroides timonensis,Parabacteroides timonensis
Hymenobacter glacialis,Hymenobacter glacialis
Pontibacter beigongshangensis,Pontibacter beigongshangensis
Cellulophaga tyrosinoxydans,Cellulophaga tyrosinoxydans
Ferrimonas senticii,Ferrimonas senticii
Winogradskyella damuponensis,Winogradskyella damuponensis
Paenibacillus prosopidis,Pristimantibacillus prosopidis
Brooklawnia cerclae,Brooklawnia cerclae
Mycoplasma cottewii,Mycoplasma cottewii
Enterovirga aerilata,Enterovirga aerilata
Pedomonas mirosovicensis,Pedomonas mirosovicensis
Oxalobacter paeniformigenes,Oxalobacter paeniformigenes
Streptomyces glaucosporus,Streptomyces glaucosporus
Methylacidimicrobium tartarophylax,Methylacidimicrobium tartarophylax
Devosia aurantiaca,Devosia aurantiaca
Sphingomonas guangdongensis,Sphingomonas guangdongensis
Streptococcus chosunense,Streptococcus chosunense
Huaxiibacter chinensis,Lelliottia chinensis
Rhodopirellula halodulae,Rhodopirellula halodulae
uncultured Thalassovita,Chondrinema sp937129345
Pollutimonas sp.,G025836975 sp025836975
Actinocorallia herbida,Actinocorallia herbida
Microbacterium croceum,Microbacterium croceum
Sphingobium ummariense,Sphingobium ummariense
uncultured Murdochiella,Murdochiella sp902488755
Bhargavaea ullalensis,Bhargavaea ullalensis
Pseudonocardia nematodicida,Pseudonocardia nematodicida
Brevundimonas abyssalis,Brevundimonas abyssalis
Falsibacillus pallidus,Falsibacillus pallidus
Zobellia barbeyronii,Zobellia barbeyronii
Duganella flavida,Duganella flavida
Hinthialibacter antarcticus,Hinthialibacter antarcticus
Leptospira perdikensis,Leptospira_A perdikensis
Sphingobacterium phlebotomi,Sphingobacterium phlebotomi
Pseudoroseomonas deserti,Pseudoroseomonas deserti
Shinella pollutisoli,Shinella pollutisoli
Rhodospira trueperi,Rhodospira trueperi
Ancylobacter tetraedralis,Ancylobacter tetraedralis
Kineococcus endophyticus,Kineococcus endophyticus
Skermania piniformis,Skermania piniformis
Massilia kyonggiensis,Telluria kyonggiensis
Limnobaculum parvum,Limnobaculum parvum
Aliidiomarina sanyensis,Aliidiomarina sanyensis
Thalassococcus lentus,Thalassococcus_A lentus
Lucifera butyrica,Lucifera butyrica
uncultured Limimaricola,Limimaricola sp964022235
Mycoplasmopsis phocirhinis,Mycoplasmopsis phocirhinis
Geofilum rubicundum,Geofilum rubicundum
Flavobacterium pisciphilum,Flavobacterium pisciphilum
Shewanella holmiensis,Shewanella holmiensis
Prauserella shujinwangii,Qaidamihabitans shujinwangii
Filimonas sp.,JAFKHH01 sp017306865
Pseudonocardia yuanmonensis,Pseudonocardia yuanmonensis
Methylohalomonas lacus,Methylohalomonas lacus
Kaistella yonginensis,Kaistella yonginensis
Lutimonas vermicola,Lutimonas vermicola
Mycoplasmopsis equigenitalium,Mycoplasma_H equigenitalium
Fructobacillus parabroussonetiae,Fructobacillus parabroussonetiae
Nocardioides okcheonensis,Nocardioides okcheonensis
Williamsia limnetica,Williamsia limnetica
Phyllobacterium salinisoli,Paramesorhizobium salinisoli
Rahnella bruchi,Rahnella bruchi
Arthrobacter cavernae,Arthrobacter cavernae
Labrys miyagiensis,Labrys miyagiensis
Xylanibacter oryzae,Prevotella oryzae
Aphodovivens excrementavium,Aphodovivens excrementavium
Pseudomonas violetae,Pseudomonas_E violetae
Alkalispirochaeta americana,Alkalispirochaeta americana
Companilactobacillus ginsenosidimutans,Companilactobacillus ginsenosidimutans
Thalassotalea nanhaiensis,Thalassotalea_A nanhaiensis
Pantoea floridensis,Pantoea floridensis
Listeria floridensis,Listeria floridensis
Lacisediminihabitans profunda,Lacisediminihabitans profunda
Flavobacterium fluvii,Flavobacterium fluvii
Bacteroides luti,Bacteroides luti
Nocardioides sediminis,Nocardioides sediminis
Ascidiimonas sp.,Ascidiimonas sp037782385
Novosphingobium colocasiae,Novosphingobium colocasiae
Flavobacterium xinjiangense,Flavobacterium xinjiangense
Pedobacter ginsenosidimutans,Pedobacter ginsenosidimutans
Sphingomonas profundi,Sphingomonas_G profundi
Aerosticca soli,Aerosticca soli
Spiroplasma taiwanense,Spiroplasma_A taiwanense
Pseudomonas anuradhapurensis,Pseudomonas_E anuradhapurensis
Mesorhizobium comanense,Mesorhizobium comanense
Sutterella merdavium,Sutterella merdavium
Catellicoccus marimammalium,Catellicoccus marimammalium
Eubacterium uniforme,Eubacterium_S uniforme
Streptomyces tagetis,Streptomyces tagetis
Fusobacterium simiae,Fusobacterium simiae
Cellulophaga algicola,Cellulophaga algicola
Polarisedimenticola svalbardensis,Polarisedimenticola svalbardensis
Rhodopila globiformis,Rhodopila globiformis
Vallotia lariciata,Mycetohabitans lariciata
Cellulomonas xylanilytica,Cellulomonas xylanilytica
Bradyrhizobium nitroreducens,Bradyrhizobium nitroreducens
Geobacillus uzenensis,Geobacillus subterraneus
Shinella kummerowiae,Shinella kummerowiae
Oscillochloridaceae bacterium,JACAEO01 sp025057155
Bradyrhizobium ontarionense,Bradyrhizobium ontarionense
Chryseosolibacter histidini,Chryseosolibacter histidini
Polaromonas vacuolata,Polaromonas vacuolata
Christiangramia sabulilitoris,Christiangramia sabulilitoris
Vallotia cooleyia,Mycetohabitans cooleyia
Rhizobium cremeum,Allorhizobium cremeum
Neptuniibacter victor,Neptuniibacter victor
Luteimonas vadosa,Luteimonas vadosa
Aquimarina amphilecti,Aquimarina amphilecti
Roseibium limicola,Roseibium limicola
uncultured Thioclava,Thioclava sp913064665
Aequorivita todarodis,Aequorivita todarodis
Streptomyces crystallinus,Streptomyces crystallinus
bacterium HR13,Hydrogenobacter thermophilus
Actinoalloteichus hymeniacidonis,Actinoalloteichus hymeniacidonis
Alistipes montrealensis,Alistipes montrealensis
Paenibacillus oryzisoli,Paenibacillus_E oryzisoli
Lichenicola cladoniae,Lichenicola cladoniae
Streptomyces hoynatensis,Streptomyces hoynatensis
Sphingomonas xinjiangensis,Sphingomonas xinjiangensis
Laspinema sp.,Laspinema sp025370755
Desulfotalea psychrophila,Desulfotalea psychrophila
uncultured Fibrobacteria,Fibrobacter sp001603905
Desulfosudaceae bacterium,JBFMDX01 sp963674745
Flavobacterium psychrotrophum,Flavobacterium psychrotrophum
Thermospira aquatica,Thermospira aquatica
Kribbella steppae,Kribbella steppae
Solitalea longa,Solitalea longa
Marinigracilibium pacificum,Mangrovivirga pacifica
Pseudonocardia adelaidensis,Pseudonocardia adelaidensis
Saccharothrix tamanrassetensis,Actinosynnema tamanrassetense
Phaeodactylibacter luteus,Phaeodactylibacter luteus
Natronohydrobacter thiooxidans,Roseinatronobacter thiooxidans_A
Calothrix membranacea,Aulosira membranacea
Alkalihalobacterium alkalinitrilicum,Alkalihalobacterium alkalinitrilicum
Kaelpia aquatica,Kaelpia aquatica
Dehalogenimonas lykanthroporepellens,Dehalogenimonas lykanthroporepellens
Janthinobacterium psychrotolerans,Janthinobacterium psychrotolerans
Aquibacillus rhizosphaerae,Aquibacillus_C rhizosphaerae
Rhodococcus indonesiensis,Rhodococcus indonesiensis
Thermofonsia Clade,CP2-2F sp003695215
Mesorhizobium album,Mesorhizobium album
Maribacter thermophilus,Maribacter thermophilus
Methylomirabilales bacterium,CSP1-5 sp041599135
Leptothoe spongobia,Leptothoe spongobia
Gemmiger gallinarum,Gemmiger gallinarum
Fontibacillus phaseoli,Fontibacillus phaseoli
Arcticibacter pallidicorallinus,Arcticibacter pallidicorallinus
Hymenobacter chitinivorans,Hymenobacter chitinivorans
Paenibacillus maysiensis,Paenibacillus maysiensis
Oleomonas cavernae,Zavarzinia cavernae
Photobacterium atrarenae,Photobacterium atrarenae
Enterococcus pingfangensis,Enterococcus_A pingfangensis
Metabacillus malikii,Metabacillus malikii
uncultured Oxalicibacterium,Oxalicibacterium sp913776015
Dongia rigui,Dongia rigui
Actinomyces stomatis,Actinomyces stomatis
Ornithinimicrobium laminariae,Ornithinimicrobium_A laminariae
Georgenia daeguensis,Georgenia daeguensis
Halonatronomonas betaini,Halonatronomonas betaini
Sphingomonas excrementigallinarum,Sphingomonas excrementigallinarum
Urechidicola sp.,Urechidicola sp028599075
Lutimonas saemankumensis,Lutimonas saemankumensis
Parasphingopyxis algicola,Parasphingopyxis algicola
Arcobacter defluvii,Aliarcobacter defluvii
Leptodesmis sichuanensis,Leptodesmis sichuanensis
Clostridium lamae,Clostridium lamae
Aquimarina agarivorans,Aquimarina agarivorans
Jejuia spongiicola,Hwangdonia spongiicola
Caproiciproducens faecalis,Caproiciproducens faecalis
Corynebacterium aquilae,Corynebacterium aquilae
Psychrobacter vallis,Psychrobacter vallis
Thiosulfativibrio zosterae,Thiosulfativibrio zosterae
Algoriphagus hitonicola,Algoriphagus hitonicola
Finniella sp.,JAJZHT01 sp021804455
uncultured Persicitalea,CATMVR01 sp950075905
Holzapfeliella sp.,Holzapfeliella sp037546065
Eubacterium multiforme,Clostridium multiforme
Aquidulcis frankliniae,Limnocylindrus frankliniae
Flaviramulus multivorans,Sabulilitoribacter multivorans
Herbaspirillum rhizosphaerae,Herbaspirillum rhizosphaerae
Agromyces subbeticus,Agromyces subbeticus
Pseudotenacibaculum sp.,Asprobacillus sp040151415
Buttiauxella massiliensis,Buttiauxella massiliensis
Geothrix oryzae,Geothrix oryzae
Chelativorans salis,Chelativorans salis
Moritella yayanosii,Moritella yayanosii
Sphingomonas oryzagri,Sphingomonas_N oryzagri
Aerophototrophica crusticola,Aerophototrophica crusticola
Hutsoniella sourekii,Hutsoniella sourekii
Helicobacter ibis,Helicobacter_D ibis
Ferrigenium kumadai,Gallionella kumadai
Youxingia wuxianensis,Youxingia wuxianensis
Mesorhizobium wenxiniae,Mesorhizobium wenxiniae
Shimia sediminis,Shimia sediminis
bacterium TMED15,TMED15 sp002714785
Sorangium aterium,Sorangium aterium
Lacticaseibacillus hegangensis,Lacticaseibacillus hegangensis
Streptococcus devriesei,Streptococcus devriesei
Sphingomonas tagetis,Sphingomonas tagetis
Mucilaginibacter endophyticus,Mucilaginibacter endophyticus
Sphingomonas turrisvirgatae,Sphingomonas turrisvirgatae
Thiothrix anitrata,Thiothrix anitrata
Saccharomonospora marina,Saccharomonospora_A marina
Nocardioides seonyuensis,Nocardioides seonyuensis
Luteimonas gilva,Luteimonas_C gilva
Allochromatium warmingii,Thermochromatium warmingii
Acinetobacter celticus,Acinetobacter celticus
Flavobacterium cutihirudinis,Flavobacterium cutihirudinis
Diaminobutyricibacter tongyongensis,Diaminobutyricibacter tongyongensis
Polymorphobacter arshaanensis,Polymorphobacter_A arshaanensis
Kiloniella litopenaei,Kiloniella litopenaei
Microvirga splendida,Microvirga splendida
Taibaiella chishuiensis,Edaphocola chishuiensis
Parvularcula mediterranea,Parvularcula mediterranea
Cognataquiflexum aquatile,Cognataquiflexum aquatile
Streptomyces longhuiensis,Streptomyces longhuiensis
Rhodococcus yunnanensis,Rhodococcoides yunnanense
Yaniella halotolerans,Yaniella halotolerans
Niabella soli,Niabella soli
Crenobacter caeni,Craterilacuibacter caeni
Hymenobacter cavernae,Hymenobacter cavernae
Ancylobacter vacuolatus,Ancylobacter vacuolatus
Tropicimonas marinistellae,Tropicimonas marinistellae
Psychrosphaera aquimarina,Psychrosphaera aquimarina
Nocardioides guangzhouensis,Nocardioides guangzhouensis
Bacillus rhizoplanae,Bacillus_A rhizoplanae
Spongiibacter thalassae,Spongiibacter thalassae
Romboutsia maritimum,Romboutsia_B maritimum
Frankia torreyi,Frankia torreyi
Gordonia jinhuaensis,Gordonia_B jinhuaensis
Alloscardovia sp.,Alloscardovia omnicolens
Gracilimonas sediminicola,Gracilimonas sediminicola
Pseudomonas paraglycinae,Pseudomonas_E paraglycinae
Ekhidna lutea,Ekhidna lutea
Priestia abyssalis,Bacillus_BA abyssalis
Microbacterium limosum,Microbacterium limosum
Nocardia takedensis,Nocardia takedensis
Marinobacter szutsaonensis,Marinobacter szutsaonensis
Clostridium collagenovorans,Clostridium_D collagenovorans
uncultured Tabrizicola,Pseudotabrizicola sp937858255
Bosea rubneri,Bosea rubneri
Nonlabens xylanidelens,Nonlabens xylanidelens
Meiothermus luteus,Meiothermus luteus
Sheuella sp.,Sheuella sp030650995
Nucisporomicrobium flavum,Actinoplanes flavus_A
Odoribacter lunatus,Culturomica lunata
Paenibacillus pinistramenti,Fontibacillus pinistramenti
Algicola sagamiensis,Algicola sagamiensis
Paenibacillus dauci,Paenibacillus_J dauci
Campylobacter estrildidarum,Campylobacter_D estrildidarum
Paenibacillus xylaniclasticus,Paenibacillus_T xylaniclasticus
Marimonas sp.,Sulfitobacter sp040811725
Undibacterium baiyunense,Undibacterium baiyunense
Cytobacillus suaedae,Bacillus_BV suaedae
Microbacterium flavescens,Microbacterium flavescens
Gordonia asplenii,Gordonia asplenii
Bacillus massilioanorexius,Bacillus_AD massilioanorexius
Alcyoniella australis,Alcyoniella australis
Acinetobacter halotolerans,Acinetobacter halotolerans
Mariniflexile gromovii,Mariniflexile gromovii
Pseudobdellovibrio exovorus,Pseudobdellovibrio exovorus
Streptomyces cadmiisoli,Streptomyces cadmiisoli
Marinospirillum celere,Marinospirillum celere
Scybalousia intestinigallinarum,Scybalousia intestinigallinarum
Ligilactobacillus faecavium,Ligilactobacillus faecavium
Pedobacter ghigonis,Pedobacter ghigonis
Amycolatopsis pithecellobii,Amycolatopsis pithecellobii
Kaistia adipata,Kaistia adipata
bacterium 1XD42-1,Anaerotruncus sp003612625
Jannaschia pagri,Jannaschia pagri
Enhygromyxa sp.,Enhygromyxa sp035538075
Streptomyces reticuliscabiei,Streptomyces turgidiscabies
Vreelandella zhuhanensis,Vreelandella zhuhanensis
bacterium HR28,Thermomicrobium sp002898255
Villigracilis saccharophilus,Villigracilis saccharophilus
Saccharothrix deserti,Actinosynnema deserti
Agrococcus jenensis,Agrococcus jenensis
Devosia faecipullorum,Devosia faecipullorum
Kribbella pittospori,Kribbella pittospori
Streptomyces aquilus,Streptomyces aquilus
Actinomycetospora endophytica,Actinomycetospora endophytica
Gracilimonas tropica,Gracilimonas tropica
Pedobacter polysacchareus,Pedobacter polysacchareus
Paenibacillus nasutitermitis,Paenibacillus_Z nasutitermitis
Flexicrinis proximus,Flexicrinis proximus
Geothermincola primus,Geothermincola primus
Ralstonia psammae,Ralstonia psammae
Petroclostridium xylanilyticum,Petroclostridium xylanilyticum
Geodermatophilus dictyosporus,Geodermatophilus dictyosporus
Paenibacillus albus,Paenibacillus_Z albus
Hydrocoleum sp.,Trichodesmium sp002260545
Flavobacterium galactosidilyticum,Flavobacterium galactosidilyticum
Defluviicoccus vanus,Defluviicoccus vanus
Lachnospira intestinalis,Lachnospira hominis
Actinocatenispora sp.,Actinocatenispora sp036503555
uncultured Pelolinea,Pelolinea sp937902055
Leucobacter rhizosphaerae,Leucobacter rhizosphaerae
Luminiphilus syltensis,Luminiphilus syltensis
Psychrobacillus insolitus,Psychrobacillus insolitus
Salegentibacter agarivorans,Salegentibacter agarivorans
Petrimonas sulfuriphila,Petrimonas sulfuriphila
Tahibacter aquaticus,Tahibacter aquaticus
Proteinivorax tanatarense,Proteinivorax tanatarense
Sabulibacter ruber,Rufibacter ruber_A
uncultured Pradoshia,Pradoshia sp001183965
Maioricimonas rarisocia,Maioricimonas rarisocia
Salimicrobium humidisoli,Salimicrobium humidisoli
Photobacterium malacitanum,Photobacterium malacitanum
Lacticaseibacillus yichunensis,Lacticaseibacillus yichunensis
Cellulomonas septica,Cellulomonas septica
Microvirga antarctica,Microvirga antarctica
Cyrtobacter zanobii,Cyrtobacter zanobii
Nitrosocosmicus sp.,DASRWT01 sp035654455
Galactobacter valiniphilus,Galactobacter valiniphilus
Aldersonia kunmingensis,Aldersonia kunmingensis
Photorhabdus aballayi,Photorhabdus luminescens
uncultured Algisphaera,Algisphaera sp938015655
Lacticaseibacillus zhaodongensis,Lacticaseibacillus zhaodongensis
Variovorax rhizosphaerae,Variovorax rhizosphaerae
Rhodoferax koreense,Rhodoferax_B koreense
Schumannella luteola,Schumannella luteola
Ruminiclostridium cellulolyticum,Ruminiclostridium cellulolyticum
Kineococcus indalonis,Kineococcus indalonis
Sphingomonas sinipercae,Sphingomicrobium sinipercae
Chryseotalea sanaruensis,Chryseotalea sanaruensis
Miniphocaeibacter halophilus,Miniphocaeibacter halophilus
Auraticoccus cholistanensis,Auraticoccus cholistanensis
Nitrospira allomarina,Nitrospira_E allomarina
Faecousia intestinigallinarum,Faecousia intestinigallinarum
Rhizobium albus,Georhizobium albus
Anaeromicropila herbilytica,Anaeromicropila herbilytica
Salibaculum halophilum,Salibaculum halophilum
Equicola stercoris,Prevotella sp018065415
Dyella lipolytica,Dyella_B lipolytica
Hydrogenobacter hydrogenophilus,Hydrogenobacter hydrogenophilus
Anaerocolumna sedimenticola,Anaerocolumna sedimenticola
Berkiella cookevillensis,Berkiella_A cookevillensis
Paenibacillus aestuarii,Paenibacillus_E aestuarii
Antrihabitans stalactiti,Antrihabitans stalactiti
Phenylobacterium immobile,Phenylobacterium immobile
Ancylothrix sp.,Ancylothrix sp025370775
Acidisphaera rubrifaciens,Acidisphaera rubrifaciens
Nitrosarchaeum sp.,Neptunomonas phycophila
Glaciibacter flavus,Leifsonia_A flavus
Caenimonas koreensis,Ramlibacter koreensis
Clostridium acetireducens,Clostridium_C acetireducens
Maribacter algarum,Maribacter_C algarum
Paraconexibacter algicola,Paraconexibacter algicola
Pseudodesulfovibrio profundus,Pseudodesulfovibrio profundus
Paenibacillus luteus,Pristimantibacillus luteus
Loktanella atrilutea,Loktanella atrilutea
Fructilactobacillus carniphilus,Fructilactobacillus carniphilus
Helicobacter brantae,Helicobacter_G brantae
Mycobacterium szulgai,Mycobacterium szulgai
Streptomyces demainii,Streptomyces hygroscopicus
Lysinibacillus contaminans,Lysinibacillus contaminans
Tumebacillus amylolyticus,Tumebacillus amylolyticus
Acinetobacter tibetensis,Acinetobacter tibetensis
Cryobacterium glaciale,Cryobacterium glaciale
Pseudalkalibacillus caeni,Bacillus_BR caeni
Lebetimonas natsushimae,Lebetimonas natsushimae
Halomonas maura,Halomonas maura
Cryosericum septentrionale,Cryosericum septentrionale
Rariloculus versatilis,Rariloculus versatilis
Bombilactobacillus folatiphilus,Bombilactobacillus folatiphilus
Cecembia calidifontis,Cecembia calidifontis
Hydrogenophaga flava,Hydrogenophaga flava
Fumia xinanensis,Fumia xinanensis
Micromonospora kangleipakensis,Micromonospora kangleipakensis
Solirubrobacter soli,Solirubrobacter soli
Nitrosococcus halophilus,Nitrosococcus halophilus
Sulfurimonas aquatica,Sulfurimonas aquatica
Mariprofundus aestuarium,Mariprofundus aestuarium
Limimorpha equi,Limimorpha equi
Stella sp.,Stella sp006738865
Syntrophobacter fumaroxidans,Syntrophobacter fumaroxidans
Paenibacillus fonticola,Fontibacillus fonticola
Streptomyces lushanensis,Streptomyces lushanensis
Spirosoma luteum,Spirosoma luteum
Pontibacter ruber,Pontibacter ruber
Longitalea luteola,Niastella luteola
Poseidonocella pacifica,Poseidonocella pacifica
Aneurinibacillus tyrosinisolvens,Aneurinibacillus_A tyrosinisolvens
Leptospira semungkisensis,Leptospira_B semungkisensis
Glycomyces salinus,Glycomyces salinus
Flavobacterium weaverense,Flavobacterium weaverense
Agromyces chromiiresistens,Agromyces chromiiresistens
Micromonospora thermarum,Micromonospora thermarum
Lentibacillus amyloliquefaciens,Lentibacillus amyloliquefaciens
Noviherbaspirillum cavernae,Noviherbaspirillum cavernae
Luteimonas granuli,Luteimonas granuli
Caldicoprobacter algeriensis,Caldicoprobacter algeriensis
Nonomuraea antri,Nonomuraea antri
Mucilaginibacter agri,Mucilaginibacter agri
Leucobacter ruminantium,Leucobacter ruminantium
Altererythrobacter epoxidivorans,Erythrobacter epoxidivorans
Paenibacillus zanthoxyli,Paenibacillus zanthoxyli
Plectonema cf.,Rivularia radiosa_A
Paenibacillus allorhizoplanae,Paenibacillus_E allorhizoplanae
Cochlodiniinecator piscidefendens,Cochlodiniinecator piscidefendens
Neobacillus notoginsengisoli,Bacillus_D notoginsengisoli
uncultured Oenococcus,Oenococcus sp934229385
Rahnella contaminans,Rahnella contaminans
Spiroplasma diminutum,Spiroplasma_A diminutum
Buttiauxella warmboldiae,Buttiauxella warmboldiae
Mogibacterium neglectum,Mogibacterium neglectum
Roseateles aquae,Roseateles_C aquae
Hymenobacter koreensis,Solirubrum koreensis
Nocardia sputorum,Nocardia sputorum
Devosia algicola,Devosia algicola
Limiplasma pullicola,Limiplasma pullicola
Autumnicola tepida,Autumnicola tepida
Mycolicibacter engbaekii,Mycobacterium engbaekii
Vagococcus silagei,Vagococcus silagei
Waltheria sp.,Phytoplasma sp032886695
Brevundimonas goettingensis,Brevundimonas goettingensis
Companilactobacillus muriivasis,Companilactobacillus muriivasis
Aeromonas fluvialis,Aeromonas fluvialis
Kordia antarctica,Kordia antarctica
Tahibacter soli,Tahibacter soli
Moanabacter tarae,Moanabacter tarae
Fontisubflavum oceani,Rhodophyticola oceani
Sphaerisporangium rufum,Sphaerisporangium rufum
Roseateles caseinilyticus,Pelomonas caseinilyticus
Bartonella callosciuri,Bartonella callosciuri
Halobacillus fulvus,Halobacillus fulvus
Mesomycoplasma lagogenitalium,Mesomycoplasma_A lagogenitalium
Desulfoscipio gibsoniae,Sporotomaculum gibsoniae
Pedobacter nanyangensis,Pedobacter nanyangensis
Acetobacteroides hydrogenigenes,Acetobacteroides hydrogenigenes
Faecaligallichristensenella faecipullorum,Faecaligallichristensenella faecipullorum
Pedobacter insulae,Pedobacter insulae
Flavobacterium tistrianum,Flavobacterium tistrianum
Clostridium boliviensis,Lacrimispora boliviensis
Streptomyces pyxinae,Streptomyces pyxinae
Aliagarivorans marinus,Aliagarivorans marinus
Symmachiella macrocystis,Symmachiella macrocystis
Idiomarina ramblicola,Idiomarina ramblicola
Pandoraea bronchicola,Pandoraea bronchicola
Companilactobacillus kedongensis,Companilactobacillus kedongensis
Microbispora cellulosiformans,Microbispora amethystogenes
Desulfovibrio cuneatus,Frigididesulfovibrio cuneatus
Bowmanella sp.,JS7-9 sp004329715
Atopobium massiliense,Fannyhessea massiliensis
Piscibacillus salipiscarius,Piscibacillus salipiscarius
Metamycoplasma canadense,Metamycoplasma canadense
Flavobacterium nitratireducens,Flavobacterium nitratireducens
Rhizorhabdus phycosphaerae,Rhizorhabdus phycosphaerae
Roseithermus sacchariphilus,Roseithermus sacchariphilus
Terriglobus tenax,Terriglobus_A tenax
Actinorhabdospora filicis,Actinorhabdospora filicis
Hominiventricola aquisgranensis,Hominiventricola aquisgranensis
Winogradskyella vidalii,Winogradskyella vidalii
Paracoccus contaminans,Paracoccus contaminans
Litoribrevibacter albus,Litoribacillus albus
Aerococcus agrisoli,Aerococcus agrisoli
Paenalcaligenes hermetiae,Paenalcaligenes hermetiae
Hymenobacter glaciei,Hymenobacter glaciei
Bartonella gabonensis,Bartonella gabonensis
Stackebrandtia nassauensis,Stackebrandtia nassauensis
Novipirellula aureliae,Novipirellula aureliae
Fusibacter bizertensis,Fusibacter_C bizertensis
Leeia aquatica,Leeia aquatica
Glycomyces dulcitolivorans,Glycomyces dulcitolivorans
Salinibacterium sedimenticola,Homoserinimonas sedimenticola
Actinopolyspora alba,Actinopolyspora alba
Halomonas korlensis,Halomonas korlensis
Nautilia sp.,Nautilia profundicola_A
Tolypothrix campylonemoides,Tolypothrix_B campylonemoides
Bacillus thermozeamaize,Bacillus_BB thermozeamaize
Corynebacterium faecale,Corynebacterium faecale
Aeromicrobium marinum,Aeromicrobium marinum
Leptospira ellinghausenii,Leptospira_A ellinghausenii
Hymenobacter guriensis,Hymenobacter guriensis
Nordella sp.,Taklimakanibacter sp011046735
Sulfurimonas marisnigri,Sulfurimonas marisnigri
Nitrosomonas supralitoralis,Nitrosomonas supralitoralis
Flavobacterium ginsengiterrae,Flavobacterium ginsengiterrae
uncultured Nocardiaceae,CAKZIX01 sp936936565
Shewanella donghaensis,Shewanella donghaensis
Okeanomitos corallinicola,Okeanomitos corallinicola
Marinicella sediminis,Marinicella sediminis
Chloroploca mongolica,Chloroploca mongolica
uncultured Scalindua,CSP1-5 sp012974305
Erysipelothrix larvae,Erysipelothrix larvae
Lactococcus hircilactis,Lactococcus hircilactis
Kocuria aegyptia,Kocuria aegyptia
Shouchella shacheensis,Shouchella shacheensis
Aeromicrobium halocynthiae,Aeromicrobium halocynthiae
Tessaracoccus lubricantis,Arachnia lubricantis
Marinomonas sargassi,Marinomonas sargassi
Zophobacter franzmannii,Zophobacter franzmannii
Cryobacterium glucosi,Cryobacterium glucosi
Clostridium paridis,Clostridium_T paridis
Oceanobacillus limi,Paucisalibacillus limi
Scytonema hofmanni,Hassallia hofmanni
Leucobacter massiliensis,Leucobacter massiliensis
Microbispora oryzae,Microbispora oryzae
Flavobacterium potami,Flavobacterium potami
Chloracidobacterium validum,Chloracidobacterium validum
Brachybacterium huguangmaarense,Brachybacterium huguangmaarense
Stackebrandtia sp.,Stackebrandtia sp035643755
Humidesulfovibrio mexicanus,Humidesulfovibrio mexicanus
Zeimonas sediminis,Zeimonas sediminis
Nitrobacter hamburgensis,Nitrobacter hamburgensis
Microvenator sp.,JBFFMO01 sp041554035
Chitinophaga fulva,Chitinophaga fulva
Carbobacillus sp.,Carbobacillus sp034007185
Fredinandcohnia quinoae,Ferdinandcohnia quinoae
Streptococcus vulneris,Streptococcus vulneris
Pseudomonas ovata,Pseudomonas_E ovata
Vagococcus elongatus,Vagococcus_A elongatus
Flavobacterium swingsii,Flavobacterium swingsii
Bifidobacterium jacchi,Bifidobacterium jacchi
Pleionea sp.,JAMXSB01 sp024124665
Brevundimonas lutea,Brevundimonas lutea
Fervidicella metallireducens,Fervidicella metallireducens
Paenibacillus mendelii,Paenibacillus_Z mendelii
Geobacillus jurassicus,Geobacillus jurassicus
Microbacterium marinum,Microbacterium marinum
Hephaestia caeni,Sphingomonas caeni_A
Desulfobacter latus,Desulfobacter latus
Gaiellasilicea maunaloa,Gaiellasilicea maunaloa
uncultured Microscillaceae,CAWUIO01 sp963922455
Shewanella gelidimarina,Shewanella gelidimarina
Asprobacillus argos,Asprobacillus argos
Thermohalobacter berrensis,Thermohalobacter berrensis
Bacillus massiliigorillae,Bacillus_AD massiliigorillae
uncultured Lentimicrobiaceae,GCA-002708315 sp018661505
Pontibacter burrus,Pontibacter burrus
Dendrosporobacter sp.,JBAIYU01 sp036763085
Marinomonas profundi,Marinomonas profundi
Streptomyces tamarix,Streptomyces tamarix
Microbacterium algihabitans,Microbacterium algihabitans
Corynebacterium suicordis,Corynebacterium suicordis
Fulvivirga ligni,Fulvivirga ligni
Echinicola soli,Echinicola soli
Microbacterium pullorum,Microbacterium pullorum
Flavobacterium ichthyis,Flavobacterium ichthyis
Palleronia pelagia,Palleronia pelagia
Hymenobacter polaris,Hymenobacter polaris
Celeribacter arenosi,Celeribacter arenosi
Massilia phosphatilytica,Telluria phosphatilytica
Halomonas faecis,Billgrantia faecis
Pseudoroseomonas rhizosphaerae,Pseudoroseomonas rhizosphaerae
Arthrobacter stackebrandtii,Specibacter stackebrandtii
Chondrinema litorale,Chondrinema litorale
Ideonella benzenivorans,Ideonella benzenivorans
Sphingomonas alba,Sphingomicrobium album
Mucilaginibacter corticis,Mucilaginibacter corticis
Fluctibacter corallii,Fluctibacter_A corallii
Streptomyces torulosus,Streptomyces torulosus
Actirhodobacter atriluteus,Actirhodobacter atriluteus
Paracoccus cavernae,Paracoccus cavernae
Glycomyces buryatensis,Glycomyces buryatensis
Nocardioides aestuarii,Nocardioides aestuarii
Sphingomonas humi,Sphingomicrobium humi
Parasedimentitalea marina,Parasedimentitalea marina
Actinomyces ruminis,Actinomyces ruminis
Natronospirillum operosum,Natronospirillum operosum
Sphaerisporangium album,Sphaerisporangium album
Streptococcus bovimastitidis,Streptococcus bovimastitidis
Sodalis-like secondary,G964059955 sp964059955
Lactobacillus xylocopicola,Lactobacillus xylocopicola
Irregularibacter muris,Irregularibacter muris
Thalassobacillus pellis,Thalassobacillus pellis
Kordiimonas pumila,Kordiimonas pumila
Pseudomonas gregormendelii,Pseudomonas_E gregormendelii
Aureisphaera galaxeae,Aureisphaera galaxeae
Rhodobacter viridis,Rhodobacter viridis
Kribbella albertanoniae,Kribbella albertanoniae
Catalinimonas sp.,Catalinimonas sp038039535
Flaviramulus aquimarinus,Flaviramulus_B aquimarinus
Proteiniclasticum sediminis,Proteiniclasticum sediminis
uncultured Bellilinea,Bellilinea sp938040735
Methylocystis hirsuta,Methylocystis hirsuta
Acinetobacter nematophilus,Acinetobacter nematophilus
Defluviilinea gracilis,Defluviilinea gracilis
Devosia lacusdianchii,Devosia lacusdianchii
Devosia yakushimensis,Devosia yakushimensis
Zafaria cholistanensis,Zafaria cholistanensis
Thalassotalea litorea,Thalassotalea_A litorea
Accumulibacter iunctus,Accumulibacter iunctus
Tamlana carrageenivorans,Tamlana_A carrageenivorans
Sporolactobacillus shoreicorticis,Sporolactobacillus shoreicorticis
Corynebacterium meitnerae,Corynebacterium meitnerae
Desulfurobacterium pacificum,Desulfurobacterium_B pacificum
Nonomuraea polychroma,Nonomuraea polychroma
Sporanaerobium hydrogeniformans,Sporanaerobium hydrogeniformans
Nocardiopsis quinghaiensis,Nocardiopsis quinghaiensis
Geothrix odensensis,Geothrix odensensis
Treponema rectale,Treponema_D rectale
Aceula lacicola,Aceula lacicola
Hydrogenovibrio crunogenus,Hydrogenovibrio crunogenus
Cryptosporangium arvum,Cryptosporangium arvum
Thiomicrorhabdus lithotrophica,Thiomicrorhabdus lithotrophica
Tabrizicola flagellatus,Tabrizicola flagellata
Planococcus salinus,Planococcus salinus
Aestuariispira insulae,Aestuariispira insulae
Flavobacterium caeni,Flavobacterium caeni
Endomicrobiellum siamense,Endomicrobiellum siamense
Nitratireductor mangrovi,Nitratireductor_D mangrovi
bacterium C1-4,Microbacterium sp001639925
Kocuria dechangensis,Kocuria dechangensis
Mesoplasma seiffertii,Tullyiplasma seiffertii
Borreliella sinica,Borreliella sinica
Cylindrospermum stagnale,Cylindrospermum stagnale
Martelella endophytica,Martelella endophytica
Corynebacterium intestinavium,Corynebacterium intestinavium
Microlunatus elymi,Microlunatus_A elymi
Streptomyces zagrosensis,Streptomyces zagrosensis
Arthrobacter pityocampae,Arthrobacter_D pityocampae
Rhodanobacter panaciterrae,Rhodanobacter panaciterrae
Actinoplanes lutulentus,Actinoplanes lutulentus
Streptomyces cyaneogriseus,Streptomyces cyaneogriseus
Nakamurella endophytica,Nakamurella endophytica
Shewanella eurypsychrophilus,Shewanella eurypsychrophilus
Winogradskyella bathintestinalis,Winogradskyella bathintestinalis
Rubrivivax rivuli,Rubrivivax rivuli
Paractinoplanes globisporus,Actinoplanes globisporus
Roseiarcus fermentans,Roseiarcus fermentans
uncultured Marinospirillum,Marinospirillum sp947624795
Allorhodopirellula heiligendammensis,Rhodopirellula heiligendammensis
Hymenobacter artigasi,Hymenobacter artigasi
Clostridium guangxiense,Clostridium_S guangxiense
Colimorpha merdihippi,Colimorpha merdihippi
Salinihabitans flavidus,Salinihabitans flavidus
Wenzhouxiangella sediminis,Wenzhouxiangella sediminis
Chryseobacterium oncorhynchi,Chryseobacterium oncorhynchi
Glomeribacter sp.,Mycoavidus cysteinexigens
Paenibacillus albiflavus,Paenibacillus_AM albiflavus
Antrihabitans stalagmiti,Antrihabitans stalagmiti
Nonomuraea solani,Nonomuraea solani
Geobacter argillaceus,Geomobilibacter argillaceus
Nonomuraea terrae,Nonomuraea terrae
uncultured Aureimonas,Aureimonas sp913775355
Spiroplasma holothuricola,Spiroplasma_C holothuricola
Sphingomonas-like bacterium,Sphingomonas_N sp000333335
Spiractinospora alimapuensis,Spiractinospora alimapuensis
Massilia agilis,Telluria agilis
Sphingomicrobium sediminis,Sphingomicrobium sediminis
Bifidobacterium leontopitheci,Bifidobacterium leontopitheci
Bifidobacterium xylocopae,Bombiscardovia xylocopae
Rhizobium cauense,Rhizobium cauense
uncultured Shewanellaceae,UBA2521 sp002341165
Improbicoccus devescovinae,Improbicoccus devescovinae
Leucobacter tenebrionis,Leucobacter tenebrionis
Hymenobacter terricola,Hymenobacter terricola
Flavihumibacter stibioxidans,Flavihumibacter stibioxidans
Faunimonas pinastri,Faunimonas pinastri
Sinanaerobacter chloroacetimidivorans,Sinanaerobacter chloroacetimidivorans
Microbacterium mangrovi,Microbacterium mangrovi
Liquorilactobacillus cacaonum,Liquorilactobacillus cacaonum
Sulfitobacter alexandrii,Sulfitobacter alexandrii
Silvania hatchlandensis,Silvania hatchlandensis
Undibacterium jejuense,Undibacterium jejuense
Rapidithrix thailandica,Rapidithrix thailandica
Nocardioides palaemonis,Nocardioides palaemonis
Lysobacter pythonis,Solilutibacter pythonis
Natronoglycomyces albus,Natronoglycomyces albus
Pseudoduganella rivuli,Pseudoduganella rivuli
Ureibacillus acetophenoni,Ureibacillus acetophenoni
Pontimicrobium sp.,Pontimicrobium sp039954625
Mycolicibacterium malmesburyense,Mycobacterium malmesburyense
Massilia eurypsychrophila,Telluria eurypsychrophila
Marinobacter arenosus,Marinobacter arenosus
Microbispora catharanthi,Microbispora catharanthi
Actinokineospora xionganensis,Actinokineospora xionganensis
Thermus albus,Thermus albus
Winogradskyella jejuensis,Winogradskyella jejuensis
Rhodopseudomonas infernalis,Rhodopseudomonas infernalis
Saccharibacteria genomosp.,Nanoperiomorbus sp004136275
Amunia macphersoniae,Aeolococcus macphersoniae
Nitrogeniibacter mangrovi,Nitrogeniibacter mangrovi
Agrobacterium albertimagni,Allorhizobium albertimagni
Pseudomonas parasichuanensis,Pseudomonas_E parasichuanensis
Streptomyces macrolidinus,Streptomyces macrolidinus
Stenotrophomonas oahuensis,Stenotrophomonas oahuensis
Devosia riboflavina,Devosia riboflavina
Tatumella punctata,Tatumella punctata
Geothrix skivensis,Geothrix skivensis
Pseudodesulfovibrio cashew,Pseudodesulfovibrio cashew
Janthinobacterium kumbetense,Janthinobacterium kumbetense
Paraburkholderia tagetis,Paraburkholderia tagetis
Acetomicrobium thermoterrenum,Acetomicrobium thermoterrenum
bacterium P3,Colimorpha sp001543385
Luteibacter aegosomaticola,Luteibacter aegosomaticola
Clostridium uliginosum,Clostridium uliginosum
Idiomarina rhizosphaerae,Idiomarina rhizosphaerae
Paenibacillus silvisoli,Paenibacillus_Z silvisoli
Streptomyces albiflavescens,Streptomyces albiflavescens
Vreelandella nanhaiensis,Vreelandella nanhaiensis
Desulfofundulus thermobenzoicus,Desulfofundulus_A thermobenzoicus
Nocardioides ginsengisegetis,Nocardioides ginsengisegetis
Cohnella faecalis,Cohnella faecalis
Allochristensenella caecavium,Allochristensenella caecavium
bacterium UBA5178,Methyloceanibacter sp002383105
Limosilactobacillus caecicola,Limosilactobacillus caecicola
Haloimpatiens lingqiaonensis,Haloimpatiens lingqiaonensis
Halalkalibaculum sp.,Halalkalibaculum sp035269475
Aminicenans sakinawicola,Aminicenans sakinawicola
Gordonia crocea,Gordonia crocea
Halobacillus shinanisalinarum,Halobacillus_A shinanisalinarum
Knoellia sinensis,Knoellia sinensis
Lederbergia citrisecunda,Lederbergia_A citrisecunda
Roseateles noduli,Roseateles noduli
Stieleria maiorica,Stieleria maiorica
Deinococcus rhizophilus,Deinococcus rhizophilus
Jiangella ureilytica,Jiangella ureilytica
Nocardioides lianchengensis,Nocardioides lianchengensis
Psychrobacter coccoides,Psychrobacter coccoides
Diaphorobacter limosus,Alicycliphilus limosus
Modestobacter altitudinis,Modestobacter altitudinis
Flavobacterium marginilacus,Flavobacterium marginilacus
Jiangella endophytica,Jiangella endophytica
Novosphingobium silvae,Novosphingobium silvae
Sphingomonas pruni,Sphingomonas pruni
Oligosphaera ethanolica,Oligosphaera ethanolica
Cytobacillus citreus,Cytobacillus citreus
Gallaecimonas xiamenensis,Gallaecimonas xiamenensis
Agromyces neolithicus,Agromyces neolithicus
Microtetraspora niveoalba,Microtetraspora niveoalba
bacterium UBA3734,Prevotella sp002372575
Corticimicrobacter populi,Corticimicrobacter populi
Veillonella agrestimuris,Veillonella agrestimuris
Neobacillus paridis,Neobacillus paridis
Duganella rivi,Duganella rivi
Sulfitobacter undariae,Sulfitobacter undariae
Flavobacterium dauae,Flavobacterium dauae
Pedobacter endophyticus,Pedobacter endophyticus
Rhizobium oryzihabitans,Agrobacterium oryzihabitans
Leptospira broomii,Leptospira_B broomii
Reinekea marina,Reinekea marina
Neobacillus piezotolerans,Bacillus_D piezotolerans
Dechloromonas hortensis,Azonexus hortensis
Methylopumilus turicensis,Methylopumilus_A turicensis
Rufibacter tibetensis,Rufibacter tibetensis
Clostridium rhizosphaerae,Clostridium_AT rhizosphaerae
Pseudooceanicola batsensis,Pseudooceanicola batsensis
Algoriphagus chordae,Algoriphagus chordae
Thioglobus plumae,Thioglobus_C plumae
Corallincola sp.,RGIG665 sp017998495
Thalassotalea castellviae,Thalassotalea_H castellviae
Alicyclobacillus vulcanalis,Alicyclobacillus vulcanalis
Riesia sp.,GBBU sp002074035
Winogradskyella eckloniae,Winogradskyella eckloniae
Acinetobacter suaedae,Acinetobacter suaedae
Anabaena azotica,Trichormus azoticus
Leptospira fletcheri,Leptospira_B fletcheri
Planomicrobium stackebrandtii,Planococcus stackebrandtii
Hymenobacter elongatus,Hymenobacter elongatus
Electrothrix scaldis,Electrothrix scaldis
Gallaecimonas kandeliae,Gallaecimonas kandeliae
Streptomyces musisoli,Streptomyces musisoli
Thermotomaculum hydrothermale,Thermotomaculum hydrothermale
Hyphomicrobium facile,Hyphomicrobium_B facile
Mycobacterium neglectum,Mycobacterium neglectum
Microvirga sesbaniae,Microvirga sesbaniae
Lutibacillus vidarii,Lutibacillus vidarii
Anaeromyxobacter soli,Anaeromyxobacter soli
Phytoplasma luffae,Phytoplasma luffae
Methylohalobius crimeensis,Methylohalobius crimeensis
Nocardiopsis synnemataformans,Nocardiopsis synnemataformans
Thalassospira australica,Thalassospira australica
Flavihumibacter solisilvae,Flavihumibacter solisilvae
Venteria ishoeyi,Venteria ishoeyi
Roseibium litorale,Roseibium litorale
Arthrobacter subterraneus,Arthrobacter_D subterraneus
Streptococcus castoreus,Streptococcus castoreus
Parerythrobacter jejuensis,Parerythrobacter jejuensis
Massilia terrae,Telluria terrae
Actinopolyspora biskrensis,Actinopolyspora biskrensis
Paenibacillus kobensis,Paenibacillus_T kobensis
Halobacillus faecis,Halobacillus faecis
Cohnella rhizosphaerae,Cohnella rhizosphaerae
Kribbella alba,Kribbella alba
Shewanella kaireitica,Shewanella kaireitica
Streptococcus porci,Streptococcus porci
Azospirillum tabaci,Azospirillum tabaci
uncultured Levilactobacillus,Levilactobacillus brevis
Thioflavicoccus mobilis,Thioflavicoccus mobilis
Levilactobacillus paucivorans,Levilactobacillus paucivorans
Mycolicibacterium sarraceniae,Mycobacterium sarraceniae
Donghicola tyrosinivorans,Donghicola tyrosinivorans
Dethiosulfatarculus sandiegensis,Dethiosulfatarculus sandiegensis
Haloferula rosea,Haloferula rosea
Pseudozobellia thermophila,Pseudozobellia thermophila
Symbiopectobacterium purcellii,Symbiopectobacterium purcellii
Sneabacter namystus,Sneabacter namystus
Johnevansia muelleri,Johnevansia muelleri
Anaeromyxobacter diazotrophicus,Anaeromyxobacter_A diazotrophicus
Acidithiobacillus montserratensis,Acidithiobacillus montserratensis
Saliniradius amylolyticus,Saliniradius amylolyticus
Gilvibacter sediminis,Gilvibacter sediminis
Actinocorallia populi,Actinocorallia populi
Halovulum marinum,Halovulum marinum
Lapidilactobacillus mulanensis,Lapidilactobacillus mulanensis
Kocuria coralli,Kocuria coralli
Silvimonas amylolytica,Silvimonas amylolytica
Pontibacter mucosus,Pontibacter mucosus
Halomonas mongoliensis,Halomonas mongoliensis
Desulfatitalea tepidiphila,Desulfatitalea tepidiphila
Thermodesulfomicrobium sp.,Thermodesulfomicrobium sp027925145
Senimuribacter intestinalis,Emergencia intestinalis
Robertkochia solimangrovi,Robertkochia solimangrovi
Sphingorhabdus contaminans,Sphingorhabdus_B contaminans
Altererythrobacter fulvus,Andeanibacterium fulvus
Plantactinospora soyae,Plantactinospora soyae
Microbacterium rhizomatis,Microbacterium rhizomatis
Psychrobacillus antarcticus,Psychrobacillus antarcticus
Lysobacter silvisoli,Lysobacter silvisoli
Limnohabitans lacus,Limnohabitans_A lacus
Bradyrhizobium australiense,Bradyrhizobium australiense
Actinoalloteichus spitiensis,Actinoalloteichus spitiensis
Aedoeadaptatus urinae,Aedoeadaptatus urinae
Isorropodon fossajaponicum,Ruthia sp016592615
Actinomycetospora lutea,Actinomycetospora lutea
Enterococcus lacertideformus,Enterococcus_B lacertideformus
Polaribacter huanghezhanensis,Polaribacter_A huanghezhanensis
Epilithonimonas hispanica,Epilithonimonas hispanica
Paenibacillus taihuensis,Paenibacillus_Z taihuensis
Nocardioides mesophilus,Nocardioides_B mesophilus
Crenalkalicoccus roseus,Crenalkalicoccus roseus
Vesicomyosocius endoextente,Ruthia endoextente
Vampirovibrionaceae bacterium,JBGUGD01 sp041697335
Zunongwangia endophytica,Zunongwangia endophytica
Saccharicrinis carchari,Saccharicrinis carchari
Anaeromicrobium sediminis,Anaeromicrobium sediminis
Paracoccus luteus,Paracoccus luteus
Roseateles amylovorans,Roseateles amylovorans
Cryobacterium fucosi,Cryobacterium fucosi
Evansella caseinilytica,Evansella caseinilytica
Anaerostipes rhamnosivorans,Anaerostipes rhamnosivorans
Paracoccus sediminicola,Paracoccus sediminicola
Desulfosediminicola flagellatus,Desulfopila flagellata
Pseudoduganella flava,Pseudoduganella flava
Tenebribacter burtonii,Tenebribacter burtonii
Azospirillum humicireducens,Azospirillum humicireducens
Corynebacterium suranareeae,Corynebacterium suranareeae
Minimicrobia vallesae,Nanosynbacter vallesae
Aureispira anguillae,Aureispira anguillae
Embleya hyalina,Embleya hyalina
bacterium HR26,Thermalbibacter sp002898875
Microbulbifer zhoushanensis,Microbulbifer zhoushanensis
Sphingomonas palustris,Novosphingobium palustris
Pandoraea captiosa,Pandoraea captiosa
Billgrantia endophytica,Billgrantia endophytica
Actinoplanes liguriensis,Actinoplanes liguriensis
Oceanobacillus timonensis,Oceanobacillus timonensis
Clostridium liquoris,Clostridium_AO liquoris
Chryseobacterium hispalense,Chryseobacterium hispalense
Ornatilinea apprima,Ornatilinea apprima
Stackebrandtia faecavium,Stackebrandtia faecavium
Rugamonas rivuli,Duganella rivuli
Thermanaerothrix daxensis,Thermanaerothrix daxensis
Pumilibacter muris,Pumilibacter muris
Larkinella sp.,Larkinella sp006149005
Celeribacter neptunius,Celeribacter neptunius
Lolliginicoccus lacisalsi,Lolliginicoccus lacisalsi
Tenacibaculum skagerrakense,Tenacibaculum skagerrakense
Pedobacter arcticus,Pelobium arcticum
Bifidobacterium parmae,Bifidobacterium parmae
Pseudomonas cavernicola,Pseudomonas_E cavernicola
Tethybacter castellensis,Tethybacter castelli
Lachnospiraceae oral,Lachnoanaerobaculum sp000209465
Amycolatopsis aidingensis,Amycolatopsis aidingensis
Feifania hominis,Feifania hominis
Borrelia persica,Borrelia persica
Balnearium lithotrophicum,Balnearium lithotrophicum
Parachryseolinea silvisoli,Ohtaekwangia silvisoli
Streptomyces corynorhini,Streptomyces corynorhini
Salinicoccus hispanicus,Salinicoccus hispanicus
Burkholderia humilis,Caballeronia humilis
Xylocopilactobacillus apicola,Xylocopilactobacillus apicola
uncultured Euryhalocaulis,Euryhalocaulis sp913055605
Streptomyces naphthomycinicus,Streptomyces naphthomycinicus
Mesobacillus persicus,Bacillus_AZ persicus
Actinopolymorpha alba,Actinopolymorpha alba
Hansschlegelia zhihuaiae,Hansschlegelia zhihuaiae
Adhaeribacter swui,Adhaeribacter swui
Hymenobacter daecheongensis,Hymenobacter daecheongensis
Alteromonas naphthalenivorans,Alteromonas naphthalenivorans
Nostoc edaphicum,Nostoc edaphicum_A
Diplocloster hominis,Diplocloster hominis
Amphibacillus jilinensis,Amphibacillus_C jilinensis
Dongia deserti,Dongia_A deserti
Advenella incenata,Advenella incenata
Oryzomonas sagensis,Oryzomonas sagensis
Pseudolabrys taiwanensis,Pseudolabrys taiwanensis
Ramlibacter paludis,Ramlibacter paludis
Actinotalea soli,Actinotalea soli
Pandoraea anapnoica,Pandoraea anapnoica
Pasteuria penetrans,Pasteuria penetrans
Salinactinospora qingdaonensis,Salinactinospora qingdaonensis
Richelia sinica,FACHB-800 sp014698825
Aquicultor primus,Aquicultor primus
Desulfatibia vada,Desulfatibia_A vada
Crocosphaera chwakensis,Crocosphaera chwakensis
Zoogloea oryzae,Zoogloea oryzae
Kitasatospora saccharophila,Kitasatospora saccharophila
Candidiatus Thalassospirochaeta,Thalassospirochaeta sargassi
Pontixanthobacter gangjinensis,Pontixanthobacter gangjinensis
uncultured Alteromonadales,Sessilibacter sp937864365
Fuerstiella marisgermanici,Fuerstiella marisgermanici
Belliella alkalica,Belliella alkalica
Nocardioides rubriscoriae,Nocardioides rubriscoriae
Yaniella flava,Yaniella flava
Palleniella intestinalis,Prevotella intestinalis
Paractinoplanes bogorensis,Actinoplanes bogorensis
Geodermatophilus poikilotrophus,Geodermatophilus poikilotrophus
uncultured Kangiellaceae,GCA-002733465 sp905479925
Roseivivax lentus,Roseivivax lentus
Rhabdochromatium marinum,Rhabdochromatium marinum
Pedobacter indicus,Albibacterium indicum
Alkalicoccus luteus,Alkalicoccus luteus
Croceibacterium mercuriale,Croceibacterium mercuriale
Ornithinimicrobium murale,Ornithinicoccus muralis
Neokomagataea anthophila,Neokomagataea anthophila
Peptoniphilus rachelemmaiella,Aedoeadaptatus rachelemmaiella
Caballeronia temeraria,Caballeronia temeraria
Rhabdothermincola salaria,Rhabdothermincola_A salaria
Desulfocarbo indianensis,Desulfocarbo indianensis
Gemmatirosa sp.,BPUI01 sp036401455
Alexandriicola marinus,Alexandriicola marinus
Prevotella illustrans,Prevotella illustrans
Dyadobacter endophyticus,Dyadobacter endophyticus
Collibacillus ludicampi,Collibacillus ludicampi
Rhodococcus sovatensis,Rhodococcoides sovatensis
Jiangella anatolica,Jiangella anatolica
Bacillus alkalicellulosilyticus,Bacillus_AO alkalicellulosilyticus
Clostridium thailandense,Clostridium_AM thailandense
Rodentibacter heidelbergensis,Rodentibacter heidelbergensis
Cohnella laeviribosi,Cohnella laeviribosi
Neoroseomonas lacus,Neoroseomonas lacus
Hoeflea ulvae,Hoeflea ulvae
Actinokineospora enzanensis,Actinokineospora enzanensis
Saccharibacillus alkalitolerans,Saccharibacillus alkalitolerans
Salinimonas lutimaris,Alteromonas lutimaris
Olivibacter ginsenosidimutans,Olivibacter ginsenosidimutans
Pantoea sesami,Enterobacter asburiae_B
Marinobacterium nitratireducens,Marinobacterium_A nitratireducens
Thiodictyon syntrophicum,Thiodictyon syntrophicum
Shouchella xiaoxiensis,Shouchella xiaoxiensis
Pedobacter rhodius,Pedobacter rhodius
Pseudothioglobus aerophilus,Pseudothioglobus aerophilus
Calothrix elsteri,Dulcicalothrix elsteri
Allorhizobium borbori,Ectorhizobium borbori
Pseudactinotalea suaedae,Pseudactinotalea suaedae
uncultured Caldimicrobium,Caldimicrobium sp938091475
Contubernalis alkalaceticus,Contubernalis alkalaceticus
Dongshaea marina,Dongshaea marina
Algoriphagus aquaeductus,Algoriphagus aquaeductus
Poriferisocius anaerobius,Poriferisocius anaerobius
Riflemargulisbacteria bacterium,DYQY01 sp037141875
Phyllobacterium phragmitis,Paramesorhizobium phragmitis
Photodesmus blepharus,Vibrio blepharus
Borkfalkia excrementigallinarum,Borkfalkia excrementigallinarum
Erwinia piriflorinigrans,Erwinia piriflorinigrans
Salinibacillus xinjiangensis,Salinibacillus xinjiangensis
Noviherbaspirillum aerium,Noviherbaspirillum aerium
Nocardioides phosphati,Nocardioides phosphati
Polynucleobacter sinensis,Polynucleobacter sinensis
Phycicoccus flavus,Phycicoccus flavus
Brevundimonas guildfordensis,Brevundimonas guildfordensis
Streptomyces camelliae,Streptomyces camelliae
Bacterioplanoides sp.,Bacterioplanoides sp024397975
Lacimicrobium sp.,Lacimicrobium sp002201535
Propioniciclava coleopterorum,Propioniciclava coleopterorum
Formosa agariphila,Formosa agariphila
Dermabacter indicis,Dermabacter indicis
Arthrobacter dokdonellae,Specibacter dokdonellae
Sphingomonas oligoaromativorans,Sphingomonas_N oligoaromativorans
Microvirga pudoricolor,Microvirga pudoricolor
Shewanella jiangmenensis,Shewanella jiangmenensis
Marinirhabdus sp.,Marinirhabdus sp033720575
Segetibacter aerophilus,Segetibacter aerophilus
Leptospira johnsonii,Leptospira_B johnsonii
Putridiphycobacter sp.,Putridiphycobacter sp033719695
Apilactobacillus zhangqiuensis,Apilactobacillus zhangqiuensis
Nostoc azollae,Trichormus_B azollae
Bifidobacterium aesculapii,Bifidobacterium aesculapii
Paludifilum halophilum,Paludifilum halophilum
Maricaulis virginensis,Maricaulis virginensis
Planobispora longispora,Planobispora longispora
Shewanella sediminis,Shewanella sediminis
Sphingobium scionense,Sphingobium scionense
Amycolatopsis deserti,Amycolatopsis deserti
Halomarinibacterium sedimenti,Halomarinibacterium sedimenti
Beijerinckia mobilis,Beijerinckia mobilis
Fructobacillus apis,Fructobacillus apis
bacterium TMED217,TMED80 sp002169695
Cacconaster merdequi,Cacconaster merdequi
Hoaglandella endobia,Hoaglandella endobia
Catalinimonas niigatensis,Catalinimonas niigatensis
Ornithinibacillus scapharcae,Paucisalibacillus scapharcae
Pedobacter cryophilus,Pelobium cryophilum
Methylobacterium nigriterrae,Methylobacterium nigriterrae
Monoglobus merdigallinarum,Monoglobus merdigallinarum
Fokinia cryptica,Fokinia cryptica
Luteimonas aquatica,Luteimonas aquatica
Arachidicoccus rhizosphaerae,Arachidicoccus rhizosphaerae
Desulfofustis glycolicus,Desulfofustis glycolicus
Adhaeribacter sp.,Adhaeribacter sp028288395
Enterococcus timonensis,Enterococcus_J timonensis
Patiriisocius hiemis,Patiriisocius_A hiemis
Paenibacillus albilobatus,Paenibacillus albilobatus
Parablautia sp.,Choladousia sp951230155
Herbaspirillum autotrophicum,Herbaspirillum autotrophicum
uncultured Leptolyngbyaceae,DSRU01 sp938023035
Chromobacterium aquaticum,Chromobacterium aquaticum
Actomonas aquatica,Actomonas aquatica
Catenovulum sp.,Catenovulum sp025515275
uncultured Verrucomicrobium,GAS474 sp903889845
uncultured Ferrimonas,Ferrimonas sp947489035
Aestuariispira ectoiniformans,Aestuariispira_A ectoiniformans
Allosaccharopolyspora coralli,Allosaccharopolyspora coralli
Caulobacter soli,Caulobacter soli
Chryseobacterium foetidum,Chryseobacterium foetidum
Thermonema lapsum,Thermonema lapsum
Streptomyces yanii,Streptomyces yanii
Marinomonas colpomeniae,Marinomonas colpomeniae
Arenimonas fontis,Arenimonas fontis
Microlunatus sagamiharensis,Friedmanniella sagamiharensis
Gordonia caeni,Gordonia caeni
Geomonas oryzisoli,Geomonas oryzisoli
Marinicauda salina,Maricicauda_A salina
Leucobacter weissii,Leucobacter weissii
Paenibacillus ginsengarvi,Paenibacillus_AB ginsengarvi
Oceanimonas marisflavi,Oceanimonas marisflavi
Viridilinea mediisalina,Viridilinea mediisalina
Chitinophaga chungangae,Chitinophaga chungangae
Theseobacter exili,Theseobacter exili
Helicobacter mastomyrinus,Helicobacter_C mastomyrinus
Pigmentibacter sp.,Silvanigrella sp029873255
Dankookia rubra,Paracraurococcus ruber_A
Nonomuraea indica,Nonomuraea indica
Pseudoneobacillus sp.,Pseudoneobacillus sp035631415
Streptomyces qinzhouensis,Streptomyces qinzhouensis
Brevibacillus marinus,Brevibacillus_E marinus
Aquibium microcysteis,Aquibium microcysteis
Novosphingobium piscinae,Novosphingobium piscinae
Kribbella catacumbae,Kribbella catacumbae
Serratia silvae,Chania silvae
Solimicrobium sp.,Solimicrobium sp021155915
bacterium TMED88,TMED88 sp002171515
Woesearchaeota archaeon,GCA-2720975 sp002720975
Paceibacter normanii,Paceibacter normanii
Methanoperedens sp.,UBA12158 sp035562735
Peptoniphilus gorbachii,Peptoniphilus_A gorbachii
Natronosporangium hydrolyticum,Natronosporangium hydrolyticum
Entomomonas moraniae,Entomomonas moraniae
Streptococcus caballi,Streptococcus caballi
Planctomonas deserti,Planctomonas deserti
Flavihumibacter soli,Daejeonella soli
Anianabacter salinae,Anianabacter salinarum
Bifidobacterium hominis,Bifidobacterium hominis
Geovibrio thiophilus,Geovibrio thiophilus
Sporichthya brevicatena,Sporichthya brevicatena
Alicyclobacillus contaminans,Alicyclobacillus_A contaminans
Janibacter endophyticus,Marihabitans endophyticum
Streptomyces triticagri,Streptomyces triticagri
Dyadobacter koreensis,Dyadobacter koreensis
Thiothrix putei,Thiothrix putei
Algoriphagus sediminis,Algoriphagus sediminis
Qipengyuania aurantiaca,Qipengyuania aurantiaca
Sneathiella sedimenti,Sneathiella sedimenti
Mycoplasma phocoenae,Metamycoplasma phocoenae
Devosia geojensis,Devosia geojensis
Weimeria sp.,Weimeria sp902803645
Friedmanniella luteola,Friedmanniella luteola
Pontibacter oryzae,Pontibacter oryzae
Streptomyces mashuensis,Streptomyces mashuensis
Alistipes equi,Alistipes equi
Niameybacter stercoravium,Zhenhengia stercoravium
Bifidobacterium vansinderenii,Galliscardovia vansinderenii
Flavobacterium quisquiliarum,Flavobacterium quisquiliarum
Ichthyenterobacterium magnum,Ichthyenterobacterium magnum
Spongiihabitans thiooxidans,Spongiihabitans thiooxidans
Flavobacterium urocaniciphilum,Flavobacterium urocaniciphilum
Sphingobium chungbukense,Sphingobium chungbukense
Saccharobesus litoralis,Saccharobesus litoralis
Aestuariicella hydrocarbonica,Pseudomaricurvus hydrocarbonicus
Shiella aurantiaca,Shiella aurantiaca
Corynebacterium pseudopelargi,Corynebacterium pseudopelargi
Tropicibacter alexandrii,Tropicibacter alexandrii
Bradyrhizobium archetypum,Bradyrhizobium archetypum
Paenibacillus intestinavium,Pristimantibacillus intestinavium
Schleiferilactobacillus shenzhenensis,Schleiferilactobacillus shenzhenensis
Jongsikchunia kroppenstedtii,Jongsikchunia kroppenstedtii
Thiohalocapsa halophila,Thiohalocapsa halophila
BD2-11 clade,BD2-11 sp002238605
Methanoregulaceae archaeon,JANJUB01 sp020850325
Frigoriglobus tundricola,Gemmata tundricola
Algoriphagus alkaliphilus,Algoriphagus alkaliphilus
Halomonas cibimaris,Vreelandella cibimaris
Citrifermentans bemidjiense,Geomonas bemidjiensis
Pseudonocardia zijingensis,Pseudonocardia zijingensis
Ostreibacterium oceani,Ostreibacterium oceani
Paramicrobacterium humi,Paramicrobacterium humi
Actinomarinaceae bacterium,Actinomarina sp963979435
Anabaena lutea,Anabaena lutea
uncultured Alkalilimnicola,JAAYIK01 sp937951875
Loosdrechtia aerotolerans,Loosdrechtia aerotolerans
Moraxella haemolytica,Moraxella haemolytica
Deferrivibrio essentukiensis,Deferrivibrio essentukiensis
Granulicella rosea,Edaphobacter rosea
Sinomonas flava,Sinomonas flava
uncultured Anaerovorax,IOR16 sp963521065
Flavobacterium odoriferum,Flavobacterium odoriferum
Thermodesulforhabdus norvegica,Thermodesulforhabdus norvegica
uncultured Gaiellaceae,3-1-20CM-4-69-9 sp955652075
Coprothermobacter platensis,Coprothermobacter platensis
Thioploca ingrica,Thioploca ingrica
Devosia phytovorans,Devosia phytovorans
Nocardioides speluncae,Nocardioides speluncae
Streptomyces gelaticus,Streptomyces gelaticus
Euhalothece natronophila,Halothece natronophila
Stenotrophomonas mori,Stenotrophomonas mori
Paucihalobacter sp.,Paucihalobacter sp036825875
Kushneria pakistanensis,Kushneria pakistanensis
Propionivibrio soli,Propionivibrio soli
Spiroplasma chinense,Spiroplasma_A chinense
Hydrogenimonas cancrithermarum,Hydrogenimonas cancrithermarum
Prauserella cavernicola,Prauserella_A cavernicola
Virgibacillus chiguensis,Virgibacillus chiguensis
uncultured Altibacter,Altibacter sp002696485
Rubellimicrobium thermophilum,Rubellimicrobium thermophilum
Cognataquiflexum nitidum,Cognataquiflexum nitidum
Bifidobacterium pongonis,Bifidobacterium pongonis
Zhihengliuella flava,Zhihengliuella flava
Kordiimonas marina,Kordiimonas marina
uncultured Propioniciclava,Propioniciclava sp937872005
bacterium CG2_30_37_16,GWC2-39-10 sp001872945
Roseomonas populi,Roseomonas populi
Dubosiella muris,Dubosiella muris
Mesonia aquimarina,Mesonia aquimarina
Limosilactobacillus merdipullorum,Limosilactobacillus merdipullorum
Parasphaerochaeta coccoides,Parasphaerochaeta coccoides
Mycolicibacterium palauense,Mycobacterium palauense
Neotabrizicola shimadae,Neotabrizicola shimadae
Microvirga calopogonii,Microvirga calopogonii
Aquabacterium commune,Aquabacterium commune
Nocardioides carbamazepini,Nocardioides carbamazepini
Ferrimonas pelagia,Ferrimonas pelagia
Paracaedibacter symbiosus,Paracaedibacter_A symbiosus
Billgrantia bachuensis,Billgrantia bachuensis
Clostridium frigoriphilum,Clostridium_AD frigoriphilum
Pontivivens ytuae,Pontivivens ytuae
Marinobacter salicampi,Marinobacter salicampi
Radiobacillus kanasensis,Radiobacillus kanasensis
Virgisporangium aurantiacum,Virgisporangium aurantiacum
Halochromatium salexigens,Lamprobacter salexigens
Peptoclostridium acidaminophilum,Peptoclostridium_A acidaminophilum
Spiroplasma apis,Spiroplasma_A apis
Demequina litorisediminis,Demequina litorisediminis
Endomicrobiellum roisinitermitis,Endomicrobiellum roisinitermitis
Methylotuvimicrobium sp.,Methylotuvimicrobium sp038051925
Rurimicrobium arvi,Rurimicrobium arvi
Methylomonas denitrificans,Methylomonas methanica
Paenibacillus lutrae,Paenibacillus_F lutrae
Sutcliffiella rhizosphaerae,Sutcliffiella_A rhizosphaerae
Paenibacillus vandeheii,Paenibacillus vandeheii
Robertmurraya massiliosenegalensis,Robertmurraya massiliosenegalensis
Nitrospira tepida,Nitrospira_G tepida
Nocardioides silvaticus,Nocardioides silvaticus
Streptomyces panaciradicis,Streptomyces panaciradicis
Thermus thalpophilus,Thermus thalpophilus
uncultured Haloplasmataceae,CALFRW01 sp937919135
Hufsiella ginkgonis,Hufsiella ginkgonis
Achromobacter aestuarii,Schauerella aestuarii
Paludisphaera mucosa,Paludisphaera mucosa
Segniliparus rugosus,Segniliparus rugosus
Mesonia oceanica,Mesonia oceanica
Pontibacter mangrovi,Pontibacter mangrovi
Streptomyces anatolicus,Streptomyces anatolicus
Labrys okinawensis,Labrys okinawensis
Parageobacillus genomosp.,Saccharococcus sp000632515
Halopseudomonas nanhaiensis,Halopseudomonas nanhaiensis
Hepatoplasma vulgare,Hepatoplasma vulgare
Aceticella autotrophica,Aceticella autotrophica
Electrothrix marina,Electrothrix marina
Mangrovicella endophytica,Mangrovicella endophytica
Acidiferrimicrobium sp.,JAKBAM01 sp025499425
Halobacteria archaeon,UBA9214 sp013041945
Sutterella faecalis,Sutterella faecalis
Deefgea chitinilytica,Deefgea chitinilytica
Stigmatella hybrida,Stigmatella aurantiaca
Paraburkholderia translucens,Paraburkholderia translucens
actinobacterium acAMD-2,AcAMD-2 sp000754455
Viridilinea halotolerans,Viridilinea halotolerans
Shouchella lonarensis,Shouchella lonarensis
uncultured Kriegella,Kriegella sp963975415
Clostridium tanneri,Clostridium_AM tanneri
Geotalea daltonii,Geotalea daltonii
Kribbella turkmenica,Kribbella turkmenica
Flavobacterium laiguense,Flavobacterium laiguense
Thiomicrospira aerophila,Thiomicrospira aerophila
