phylum,class,order,family,genus
Pseudomonadota,Gammaproteobacteria,Enterobacterales,Enterobacteriaceae,Escherichia
Pseudomonadota,Gammaproteobacteria,Legionellales,Coxiellaceae,Coxiella
Pseudomonadota,Gammaproteobacteria,Enterobacterales,Enterobacteriaceae,Salmonella
Actinomycetota,Actinomycetes,Mycobacteriales,Mycobacteriaceae,Mycobacterium
Pseudomonadota,Gammaproteobacteria,Enterobacterales,Enterobacteriaceae,Klebsiella
Pseudomonadota,Gammaproteobacteria,Moraxellales,Moraxellaceae,Acinetobacter
Pseudomonadota,Gammaproteobacteria,Enterobacterales,Enterobacteriaceae,Shigella
Bacillota,Bacilli,Bacillales,Listeriaceae,Listeria
Pseudomonadota,Alphaproteobacteria,Caulobacterales,Caulobacteraceae,Caulobacter
Bacillota,Bacilli,Bacillales,Staphylococcaceae,Staphylococcus
Campylobacterota,Epsilonproteobacteria,Campylobacterales,Campylobacteraceae,Campylobacter
Bacillota,Bacilli,Bacillales,Bacillaceae,Bacillus
Chlamydiota,Chlamydiia,Chlamydiales,Chlamydiaceae,Chlamydia
Pseudomonadota,Gammaproteobacteria,Pseudomonadales,Pseudomonadaceae,Pseudomonas
Pseudomonadota,Gammaproteobacteria,Enterobacterales,Enterobacteriaceae,Enterobacter
Bacteroidota,Flavobacteriia,Flavobacteriales,Flavobacteriaceae,Polaribacter
Pseudomonadota,Gammaproteobacteria,Enterobacterales,Yersiniaceae,Serratia
Pseudomonadota,Alphaproteobacteria,Rickettsiales,Anaplasmataceae,Candidatus Mesenet
Mycoplasmatota,Mollicutes,Entomoplasmatales,Spiroplasmataceae,Spiroplasma
Pseudomonadota,Gammaproteobacteria,Legionellales,Coxiellaceae,Rickettsiella
Bacillota,Bacilli,Lactobacillales,Streptococcaceae,Lactococcus
Pseudomonadota,Gammaproteobacteria,Enterobacterales,Enterobacteriaceae,Candidatus Regiella
Pseudomonadota,Betaproteobacteria,Burkholderiales,Oxalobacteraceae,Candidatus Zinderia
Pseudomonadota,Alphaproteobacteria,Rickettsiales,Candidatus Midichloriaceae,Candidatus Lariskella
Pseudomonadota,Gammaproteobacteria,Enterobacterales,Enterobacteriaceae,Candidatus Hamiltonella
Pseudomonadota,Gammaproteobacteria,Enterobacterales,Morganellaceae,Arsenophonus
Bacteroidota,Cytophagia,Cytophagales,Amoebophilaceae,Candidatus Cardinium
Pseudomonadota,Alphaproteobacteria,Rickettsiales,Anaplasmataceae,Wolbachia
Actinomycetota,Actinomycetes,Mycobacteriales,Corynebacteriaceae,Corynebacterium
Pseudomonadota,Gammaproteobacteria,Aeromonadales,Aeromonadaceae,Aeromonas
Pseudomonadota,Betaproteobacteria,Burkholderiales,Alcaligenaceae,Achromobacter
Pseudomonadota,Gammaproteobacteria,Enterobacterales,Enterobacteriaceae,Citrobacter
Mycoplasmatota,NA,Mycoplasmoidales,Metamycoplasmataceae,Metamycoplasma
Bacteroidota,Flavobacteriia,Flavobacteriales,Flavobacteriaceae,Flavobacterium
Pseudomonadota,Betaproteobacteria,Burkholderiales,Burkholderiaceae,Mycetohabitans
Bacillota,Clostridia,Moorellales,Moorellaceae,Moorella
Actinomycetota,Actinomycetes,Kitasatosporales,Streptomycetaceae,Streptomyces
Actinomycetota,Actinomycetes,Mycobacteriales,Nocardiaceae,Rhodococcus
Bacillota,Bacilli,Lactobacillales,Lactobacillaceae,Lactiplantibacillus
Pseudomonadota,Gammaproteobacteria,Moraxellales,Moraxellaceae,Moraxella
Bacillota,Negativicutes,Selenomonadales,Sporomusaceae,Sporomusa
Bacillota,Clostridia,Lachnospirales,Lachnospiraceae,Butyrivibrio
Bdellovibrionota,Oligoflexia,Silvanigrellales,NA,Spirobacillus
Pseudomonadota,Alphaproteobacteria,Sphingomonadales,Sphingomonadaceae,Novosphingobium
Thermodesulfobacteriota,Desulfarculia,Desulfarculales,Desulfarculaceae,Desulfoferula
Verrucomicrobiota,Verrucomicrobiia,Verrucomicrobiales,Verrucomicrobiaceae,Haloferula
Pseudomonadota,Gammaproteobacteria,Enterobacterales,Yersiniaceae,Yersinia
Pseudomonadota,Alphaproteobacteria,Caulobacterales,Caulobacteraceae,Brevundimonas
Pseudomonadota,Alphaproteobacteria,Hyphomicrobiales,Devosiaceae,Pelagibacterium
Pseudomonadota,Alphaproteobacteria,Hyphomicrobiales,Rhizobiaceae,Sinorhizobium
Pseudomonadota,Gammaproteobacteria,Enterobacterales,Morganellaceae,Providencia
Bacillota,Bacilli,Bacillales,Paenibacillaceae,Paenibacillus
Bacillota,Bacilli,Bacillales,Bacillaceae,Alkalicoccus
Bacillota,Clostridia,Peptostreptococcales,Peptostreptococcaceae,Terrisporobacter
Bacillota,Bacilli,Lactobacillales,Aerococcaceae,Aerococcus
Bacillota,Bacilli,Bacillales,Paenibacillaceae,Brevibacillus
Bacillota,Bacilli,Bacillales,Bacillaceae,Shouchella
Bacillota,Bacilli,Lactobacillales,Lactobacillaceae,Ligilactobacillus
Bacillota,Bacilli,Bacillales,Bacillaceae,Niallia
Pseudomonadota,Alphaproteobacteria,Holosporales,Holosporaceae,Candidatus Bealeia
Pseudomonadota,Alphaproteobacteria,Hyphomicrobiales,Phyllobacteriaceae,Nitratireductor
Mycoplasmatota,Mollicutes,Acholeplasmatales,Acholeplasmataceae,Candidatus Phytoplasma
Pseudomonadota,Betaproteobacteria,Neisseriales,Neisseriaceae,Neisseria
Bacillota,Bacilli,Lactobacillales,Enterococcaceae,Enterococcus
Pseudomonadota,Betaproteobacteria,Burkholderiales,Burkholderiaceae,Burkholderia
Pseudomonadota,Gammaproteobacteria,Vibrionales,Vibrionaceae,Vibrio
Actinomycetota,Actinomycetes,Kineosporiales,Kineosporiaceae,Pseudokineococcus
Pseudomonadota,Alphaproteobacteria,Hyphomicrobiales,Brucellaceae,Brucella
Pseudomonadota,Alphaproteobacteria,Sphingomonadales,Sphingomonadaceae,Sphingomonas
Pseudomonadota,Gammaproteobacteria,Enterobacterales,Erwiniaceae,Pantoea
Bacillota,Bacilli,Bacillales,Bacillaceae,Heyndrickxia
Mycoplasmatota,Mollicutes,Mycoplasmoidales,Metamycoplasmataceae,Mycoplasmopsis
Actinomycetota,Actinomycetes,Micrococcales,Micrococcaceae,Glutamicibacter
Pseudomonadota,Gammaproteobacteria,Lysobacterales,Lysobacteraceae,Denitratimonas
Pseudomonadota,Alphaproteobacteria,Sphingomonadales,Sphingomonadaceae,Sphingobium
Pseudomonadota,Alphaproteobacteria,Sphingomonadales,Erythrobacteraceae,Altererythrobacter
Pseudomonadota,Gammaproteobacteria,Enterobacterales,Erwiniaceae,Erwinia
Actinomycetota,Actinomycetes,Mycobacteriales,Gordoniaceae,Gordonia
Pseudomonadota,Gammaproteobacteria,Lysobacterales,Rhodanobacteraceae,Fulvimonas
Pseudomonadota,Betaproteobacteria,Burkholderiales,Burkholderiaceae,Paraburkholderia
Pseudomonadota,Gammaproteobacteria,Enterobacterales,Morganellaceae,Photorhabdus
Verrucomicrobiota,Opitutia,Puniceicoccales,Pelagicoccaceae,Pelagicoccus
Cyanobacteriota,Cyanophyceae,Oscillatoriales,Microcoleaceae,Microcoleus
Cyanobacteriota,Cyanophyceae,Nostocales,Tolypothrichaceae,Tolypothrix
Pseudomonadota,Betaproteobacteria,Burkholderiales,NA,Saezia
Bacteroidota,Flavobacteriia,Flavobacteriales,Flavobacteriaceae,Gaetbulibacter
Bacillota,Bacilli,Bacillales,Planococcaceae,Solibacillus
Bacillota,Bacilli,Bacillales,Bacillaceae,Halalkalibacter
Pseudomonadota,Gammaproteobacteria,Lysobacterales,Lysobacteraceae,Lysobacter
Spirochaetota,Spirochaetia,Brachyspirales,Brachyspiraceae,Brachyspira
Pseudomonadota,Gammaproteobacteria,Chromatiales,Chromatiaceae,Rheinheimera
Pseudomonadota,Alphaproteobacteria,Hyphomonadales,Hyphomonadaceae,Hyphomonas
Pseudomonadota,Alphaproteobacteria,Sphingomonadales,Sphingomonadaceae,Parasphingorhabdus
Pseudomonadota,Alphaproteobacteria,Hyphomicrobiales,Nitrobacteraceae,Bradyrhizobium
Pseudomonadota,Alphaproteobacteria,Rickettsiales,Anaplasmataceae,Anaplasma
Bacteroidota,Cytophagia,Cytophagales,Flammeovirgaceae,Limibacter
Pseudomonadota,Alphaproteobacteria,Hyphomicrobiales,Rhizobiaceae,Liberibacter
Bacteroidota,Bacteroidia,Bacteroidales,Bacteroidaceae,Phocaeicola
Pseudomonadota,Betaproteobacteria,Burkholderiales,Comamonadaceae,Ottowia
Cyanobacteriota,Cyanophyceae,Chroococcales,Microcystaceae,Pannus
Pseudomonadota,Betaproteobacteria,NA,NA,Candidatus Accumulibacter
Bacteroidota,Flavobacteriia,Flavobacteriales,Flavobacteriaceae,Winogradskyella
Actinomycetota,Actinomycetes,Micrococcales,Microbacteriaceae,Microbacterium
Bacillota,Clostridia,Eubacteriales,Clostridiaceae,Clostridium
Bacteroidota,Bacteroidia,Bacteroidales,Dysgonomonadaceae,Dysgonomonas
Bacteroidota,Cytophagia,Cytophagales,Persicobacteraceae,Fulvitalea
Bacteroidota,Cytophagia,Cytophagales,Persicobacteraceae,Persicobacter
Spirochaetota,Spirochaetia,Spirochaetales,Treponemataceae,Treponema
Pseudomonadota,Alphaproteobacteria,Hyphomicrobiales,Methylobacteriaceae,Methylobacterium
Actinomycetota,Actinomycetes,Micromonosporales,Micromonosporaceae,Plantactinospora
Cyanobacteriota,Cyanophyceae,Pseudanabaenales,Pseudanabaenaceae,Tumidithrix
Bacteroidota,Flavobacteriia,Flavobacteriales,Flavobacteriaceae,Flavivirga
Actinomycetota,Nitriliruptoria,Stomatohabitantales,Stomatohabitantaceae,Stomatohabitans
Actinomycetota,Actinomycetes,Streptosporangiales,Nocardiopsaceae,Nocardiopsis
Bacillota,Tissierellia,Tissierellales,Peptoniphilaceae,Helcococcus
Pseudomonadota,Betaproteobacteria,Burkholderiales,Burkholderiaceae,Limnobacter
Bacillota,Erysipelotrichia,Erysipelotrichales,Erysipelotrichaceae,Solobacterium
Pseudomonadota,Gammaproteobacteria,Oceanospirillales,Oceanospirillaceae,Marinomonas
Bacillota,Clostridia,Eubacteriales,Oscillospiraceae,Dysosmobacter
Actinomycetota,Actinomycetes,Mycobacteriales,Mycobacteriaceae,Mycolicibacter
Bacteroidota,Bacteroidia,Bacteroidales,Porphyromonadaceae,Porphyromonas
Pseudomonadota,Betaproteobacteria,Neisseriales,Chromobacteriaceae,Chromobacterium
Bacillota,Erysipelotrichia,Erysipelotrichales,Coprobacillaceae,Catenibacterium
Bacillota,Negativicutes,Veillonellales,Veillonellaceae,Megasphaera
Actinomycetota,Actinomycetes,Mycobacteriales,Dietziaceae,Dietzia
Bacillota,Bacilli,Lactobacillales,Lactobacillaceae,Lactobacillus
Bacteroidota,Cytophagia,Cytophagales,Cyclobacteriaceae,Algoriphagus
Actinomycetota,Actinomycetes,Streptosporangiales,Thermomonosporaceae,Actinomadura
Bacteroidota,Flavobacteriia,Flavobacteriales,Weeksellaceae,Bergeyella
Pseudomonadota,Gammaproteobacteria,Chromatiales,Chromatiaceae,Thiorhodovibrio
Actinomycetota,Actinomycetes,Micromonosporales,Micromonosporaceae,Micromonospora
Actinomycetota,Actinomycetes,Mycobacteriales,Nocardiaceae,Williamsia
Actinomycetota,Actinomycetes,Mycobacteriales,Nocardiaceae,Nocardia
Pseudomonadota,Gammaproteobacteria,Enterobacterales,Pectobacteriaceae,Brenneria
Pseudomonadota,Betaproteobacteria,Burkholderiales,Burkholderiaceae,Trinickia
Pseudomonadota,Alphaproteobacteria,Sphingomonadales,Sphingomonadaceae,Sphingopyxis
Actinomycetota,Actinomycetes,Streptosporangiales,Streptosporangiaceae,Nonomuraea
Actinomycetota,Actinomycetes,Pseudonocardiales,Pseudonocardiaceae,Amycolatopsis
Actinomycetota,Actinomycetes,Kitasatosporales,Streptomycetaceae,Actinacidiphila
Bacillota,Bacilli,Lactobacillales,Lactobacillaceae,Fructobacillus
Bacillota,Bacilli,Bacillales,Bacillaceae,Schinkia
Pseudomonadota,Gammaproteobacteria,Enterobacterales,Enterobacteriaceae,Kluyvera
Bacillota,Bacilli,Bacillales,Bacillaceae,Geobacillus
Bacillota,Tissierellia,Tissierellales,Peptoniphilaceae,Citroniella
Pseudomonadota,Alphaproteobacteria,Rhodobacterales,Roseobacteraceae,Salipiger
Actinomycetota,Actinomycetes,Geodermatophilales,Geodermatophilaceae,Blastococcus
Pseudomonadota,Gammaproteobacteria,Cellvibrionales,Cellvibrionaceae,Cellvibrio
Bacteroidota,Flavobacteriia,Flavobacteriales,Flavobacteriaceae,Aquimarina
Pseudomonadota,Gammaproteobacteria,Cellvibrionales,Microbulbiferaceae,Microbulbifer
Bacillota,Erysipelotrichia,Erysipelotrichales,Erysipelotrichaceae,Erysipelothrix
Pseudomonadota,Gammaproteobacteria,Enterobacterales,Yersiniaceae,Candidatus Fukatsuia
Cyanobacteriota,Cyanophyceae,Oscillatoriales,Sirenicapillariaceae,Limnoraphis
Cyanobacteriota,Cyanophyceae,Nostocales,Aphanizomenonaceae,Nodularia
Bacteroidota,Cytophagia,Cytophagales,Flectobacillaceae,Arcicella
Pseudomonadota,Alphaproteobacteria,Hyphomicrobiales,Rhizobiaceae,Rhizobium
Pseudomonadota,Alphaproteobacteria,Rickettsiales,Rickettsiaceae,Candidatus Megaera
Cyanobacteriota,Cyanophyceae,Synechococcales,Prochlorococcaceae,Cyanobium
Actinomycetota,Actinomycetes,Micrococcales,Dermacoccaceae,Dermacoccus
Kiritimatiellota,Kiritimatiellia,Kiritimatiellales,Pontiellaceae,Pontiella
Pseudomonadota,Gammaproteobacteria,Lysobacterales,Lysobacteraceae,Stenotrophomonas
Pseudomonadota,Gammaproteobacteria,Chromatiales,Thioalkalibacteraceae,Guyparkeria
Pseudomonadota,Gammaproteobacteria,Oceanospirillales,Halomonadaceae,Vreelandella
Pseudomonadota,Betaproteobacteria,Burkholderiales,Oxalobacteraceae,Duganella
Bacteroidota,Chitinophagia,Chitinophagales,Chitinophagaceae,Chitinophaga
Pseudomonadota,Alphaproteobacteria,Rickettsiales,NA,Lyticum
Pseudomonadota,Alphaproteobacteria,Rickettsiales,Candidatus Midichloriaceae,Candidatus Cyrtobacter
Pseudomonadota,Gammaproteobacteria,Pasteurellales,Pasteurellaceae,Pasteurella
Pseudomonadota,Betaproteobacteria,Burkholderiales,Sphaerotilaceae,Azohydromonas
Pseudomonadota,Alphaproteobacteria,Hyphomicrobiales,Phyllobacteriaceae,Mesorhizobium
Pseudomonadota,Alphaproteobacteria,Rhodobacterales,Roseobacteraceae,Sulfitobacter
Bacteroidota,Cytophagia,Cytophagales,Roseivirgaceae,Roseivirga
Pseudomonadota,Alphaproteobacteria,Sphingomonadales,Erythrobacteraceae,Pelagerythrobacter
Pseudomonadota,Alphaproteobacteria,Rhodobacterales,Paracoccaceae,Limimaricola
Pseudomonadota,Alphaproteobacteria,Rickettsiales,Candidatus Midichloriaceae,Candidatus Bandiella
Pseudomonadota,Alphaproteobacteria,Rickettsiales,Candidatus Midichloriaceae,Candidatus Fokinia
Bacillota,Clostridia,Lachnospirales,Lachnospiraceae,Blautia
Bacteroidota,Sphingobacteriia,Sphingobacteriales,Sphingobacteriaceae,Mucilaginibacter
Myxococcota,Myxococcia,Myxococcales,Archangiaceae,Hyalangium
Bdellovibrionota,Bacteriovoracia,Bacteriovoracales,Bacteriovoracaceae,Peredibacter
Actinomycetota,Actinomycetes,Micrococcales,Micrococcaceae,Pseudarthrobacter
Thermodesulfobacteriota,Desulfuromonadia,Desulfuromonadales,Desulfuromonadaceae,Desulfuromonas
Bacillota,Clostridia,Lachnospirales,Lachnospiraceae,Porcincola
Planctomycetota,Planctomycetia,Gemmatales,Gemmataceae,Gemmata
Bacillota,Clostridia,Lachnospirales,Lachnospiraceae,Zhenhengia
Bacillota,Clostridia,Lachnospirales,Lachnospiraceae,Suipraeoptans
Bacillota,Tissierellia,Tissierellales,Peptoniphilaceae,Anaerococcus
Bacillota,Bacilli,Lactobacillales,Lactobacillaceae,Pediococcus
Pseudomonadota,Betaproteobacteria,Burkholderiales,Burkholderiaceae,Robbsia
Pseudomonadota,Alphaproteobacteria,Rhodospirillales,Dongiaceae,Dongia
Bacillota,Bacilli,Bacillales,Bacillaceae,Tigheibacillus
Bacillota,Bacilli,Bacillales,Bacillaceae,Virgibacillus
Spirochaetota,Spirochaetia,Spirochaetales,Borreliaceae,Borreliella
Fusobacteriota,Fusobacteriia,Fusobacteriales,Fusobacteriaceae,Cetobacterium
Bacteroidota,Sphingobacteriia,Sphingobacteriales,Sphingobacteriaceae,Sphingobacterium
Actinomycetota,Thermoleophilia,Solirubrobacterales,Patulibacteraceae,Patulibacter
Pseudomonadota,Gammaproteobacteria,Enterobacterales,Morganellaceae,Xenorhabdus
Bacillota,Bacilli,Bacillales,Bacillaceae,Lysinibacillus
Pseudomonadota,Gammaproteobacteria,Alteromonadales,Shewanellaceae,Shewanella
Pseudomonadota,Alphaproteobacteria,Rhodospirillales,Acetobacteraceae,Acidiphilium
Pseudomonadota,Gammaproteobacteria,Chromatiales,Sedimenticolaceae,Sedimenticola
Pseudomonadota,Betaproteobacteria,Burkholderiales,Comamonadaceae,Variovorax
Bacillota,Bacilli,Lactobacillales,Carnobacteriaceae,Trichococcus
Bacteroidota,Bacteroidia,Marinilabiliales,Marinifilaceae,Marinifilum
Pseudomonadota,Gammaproteobacteria,Pseudomonadales,Pseudomonadaceae,Halopseudomonas
Bacteroidota,Bacteroidia,Marinilabiliales,Marinifilaceae,Labilibaculum
Thermodesulfobacteriota,Desulfobulbia,Desulfobulbales,Desulfobulbaceae,Desulfogranum
Bacteroidota,Flavobacteriia,Flavobacteriales,Weeksellaceae,Epilithonimonas
Pseudomonadota,Alphaproteobacteria,Hyphomicrobiales,Phyllobacteriaceae,Aminobacter
Pseudomonadota,Alphaproteobacteria,Rhodospirillales,Acetobacteraceae,Sediminicoccus
Actinomycetota,Thermoleophilia,Solirubrobacterales,Conexibacteraceae,Conexibacter
Bacillota,Bacilli,Bacillales,Planococcaceae,Sporosarcina
Bacteroidota,Bacteroidia,Marinilabiliales,Prolixibacteraceae,Aquipluma
Pseudomonadota,Gammaproteobacteria,Alteromonadales,Pseudoalteromonadaceae,Pseudoalteromonas
Cyanobacteriota,Cyanophyceae,Chroococcales,Chroococcaceae,Gloeocapsopsis
Pseudomonadota,Alphaproteobacteria,Hyphomicrobiales,Bartonellaceae,Bartonella
Pseudomonadota,Gammaproteobacteria,Methylococcales,Methylococcaceae,Methylocaldum
Pseudomonadota,Gammaproteobacteria,Lysobacterales,Lysobacteraceae,Xanthomonas
Pseudomonadota,Gammaproteobacteria,Methylococcales,Methylothermaceae,Methylomarinovum
Bacillota,Clostridia,NA,NA,Helicovermis
Actinomycetota,Actinomycetes,Micromonosporales,Micromonosporaceae,Actinoplanes
Bacillota,Bacilli,Lactobacillales,Lactobacillaceae,Xylocopilactobacillus
Actinomycetota,Actinomycetes,Bifidobacteriales,Bifidobacteriaceae,Bombiscardovia
Spirochaetota,Spirochaetia,Leptospirales,Leptospiraceae,Leptospira
Bacteroidota,Cytophagia,Cytophagales,Flammeovirgaceae,Imperialibacter
Bacteroidota,Flavobacteriia,Flavobacteriales,Flavobacteriaceae,Aestuariibaculum
Pseudomonadota,Alphaproteobacteria,Rhodobacterales,Paracoccaceae,Tritonibacter
Bacteroidota,Flavobacteriia,Flavobacteriales,Flavobacteriaceae,Nonlabens
Bacteroidota,Bacteroidia,Bacteroidales,Odoribacteraceae,Butyricimonas
Campylobacterota,Epsilonproteobacteria,Campylobacterales,Hydrogenimonadaceae,Hydrogenimonas
Bacillota,Bacilli,Bacillales,Bacillaceae,Alkalihalophilus
Pseudomonadota,Gammaproteobacteria,Oceanospirillales,Alcanivoracaceae,Alloalcanivorax
Pseudomonadota,Gammaproteobacteria,Pseudomonadales,Marinobacteraceae,Marinobacter
Bacillota,Clostridia,Eubacteriales,Oscillospiraceae,Caproicibacterium
Bacteroidota,Sphingobacteriia,Sphingobacteriales,Sphingobacteriaceae,Pedobacter
Pseudomonadota,Alphaproteobacteria,Rhodobacterales,Paracoccaceae,Sedimentitalea
Actinomycetota,Actinomycetes,Actinomycetales,Actinomycetaceae,Winkia
Bacteroidota,Cytophagia,Cytophagales,Flectobacillaceae,Aquirufa
Bacteroidota,Cytophagia,Cytophagales,Hymenobacteraceae,Hymenobacter
Pseudomonadota,Gammaproteobacteria,Alteromonadales,Alteromonadaceae,Paraglaciecola
Pseudomonadota,Gammaproteobacteria,Alteromonadales,Pseudoalteromonadaceae,Psychrosphaera
Bacteroidota,Chitinophagia,Chitinophagales,Chitinophagaceae,Paraflavitalea
Pseudomonadota,Gammaproteobacteria,Oceanospirillales,Halomonadaceae,Halomonas
Actinomycetota,Actinomycetes,Actinomycetales,Actinomycetaceae,Actinomyces
Bacteroidota,Bacteroidia,Bacteroidales,Prevotellaceae,Hoylesella
Pseudomonadota,Gammaproteobacteria,Alteromonadales,Idiomarinaceae,Pseudidiomarina
Nitrospirota,Nitrospiria,Nitrospirales,Nitrospiraceae,Candidatus Nitronereus
Pseudomonadota,Gammaproteobacteria,Enterobacterales,Erwiniaceae,Winslowiella
Bacteroidota,Bacteroidia,Bacteroidales,Bacteroidaceae,Bacteroides
Actinomycetota,Actinomycetes,Propionibacteriales,Nocardioidaceae,Aeromicrobium
Actinomycetota,Actinomycetes,Micrococcales,Microbacteriaceae,Leifsonia
Actinomycetota,Actinomycetes,Actinomycetales,Actinomycetaceae,Gleimia
Pseudomonadota,Betaproteobacteria,Burkholderiales,Alcaligenaceae,Alcaligenes
Nitrospirota,Nitrospiria,Nitrospirales,Nitrospiraceae,Nitrospira
Cyanobacteriota,Cyanophyceae,Chroococcales,Microcystaceae,Microcystis
Pseudomonadota,Gammaproteobacteria,Enterobacterales,Enterobacteriaceae,Lelliottia
Bacteroidota,Flavobacteriia,Flavobacteriales,Flavobacteriaceae,Hwangdonia
Pseudomonadota,Alphaproteobacteria,Hyphomicrobiales,Xanthobacteraceae,Labrys
Actinomycetota,Actinomycetes,Actinomycetales,Actinomycetaceae,Trueperella
Bacteroidota,Flavobacteriia,Flavobacteriales,Flavobacteriaceae,Mesonia
Bacillota,Bacilli,Bacillales,Bacillaceae,Aeribacillus
Cyanobacteriota,Cyanophyceae,Acaryochloridales,Thermosynechococcaceae,Pseudocalidococcus
Actinomycetota,Actinomycetes,Streptosporangiales,Nocardiopsaceae,Lipingzhangella
Pseudomonadota,Alphaproteobacteria,Kordiimonadales,Temperatibacteraceae,Temperatibacter
Cyanobacteriota,Cyanophyceae,Nostocales,Hapalosiphonaceae,Aetokthonos
Pseudomonadota,Gammaproteobacteria,Oceanospirillales,Endozoicomonadaceae,Candidatus Sororendozoicomonas
Pseudomonadota,Betaproteobacteria,Burkholderiales,Comamonadaceae,Simplicispira
Actinomycetota,Actinomycetes,Micrococcales,Micrococcaceae,Nesterenkonia
Pseudomonadota,Alphaproteobacteria,Rhodospirillales,Acetobacteraceae,Acetobacter
Actinomycetota,Actinomycetes,Micrococcales,Micrococcaceae,Enteractinococcus
Actinomycetota,Actinomycetes,Propionibacteriales,Nocardioidaceae,Nocardioides
Actinomycetota,Actinomycetes,Glycomycetales,Glycomycetaceae,Glycomyces
Actinomycetota,Actinomycetes,Micrococcales,Promicromonosporaceae,Promicromonospora
Actinomycetota,Actinomycetes,Micromonosporales,Micromonosporaceae,Catenuloplanes
Actinomycetota,Actinomycetes,Micrococcales,Micrococcaceae,Pseudoglutamicibacter
Actinomycetota,Actinomycetes,Actinopolysporales,Actinopolysporaceae,Haloactinomyces
Pseudomonadota,Betaproteobacteria,Burkholderiales,Comamonadaceae,Hydrogenophaga
Actinomycetota,Actinomycetes,Micrococcales,Micrococcaceae,Arthrobacter
Actinomycetota,Actinomycetes,Actinomycetales,Actinomycetaceae,Arcanobacterium
Actinomycetota,Actinomycetes,Micrococcales,Micrococcaceae,Falsarthrobacter
Actinomycetota,Actinomycetes,Pseudonocardiales,Pseudonocardiaceae,Saccharothrix
Bacteroidota,Flavobacteriia,Flavobacteriales,Weeksellaceae,Chryseobacterium
Bacillota,Bacilli,Bacillales,Thermoactinomycetaceae,Desmospora
Bacteroidota,Cytophagia,Cytophagales,Persicobacteraceae,Aureibacter
Pseudomonadota,Alphaproteobacteria,Rhodospirillales,Rhodospirillaceae,Inquilinus
Pseudomonadota,Gammaproteobacteria,Oceanospirillales,Halomonadaceae,Larsenimonas
Pseudomonadota,Gammaproteobacteria,Oceanospirillales,Halomonadaceae,Franzmannia
Pseudomonadota,Gammaproteobacteria,Oceanospirillales,Halomonadaceae,Billgrantia
Actinomycetota,Actinomycetes,Micrococcales,Microbacteriaceae,Agromyces
Pseudomonadota,Alphaproteobacteria,Rickettsiales,Rickettsiaceae,Candidatus Trichorickettsia
Actinomycetota,Actinomycetes,Actinomycetales,Actinomycetaceae,Varibaculum
Bacillota,Clostridia,Eubacteriales,NA,Fenollaria
Verrucomicrobiota,Opitutia,Puniceicoccales,Cerasicoccaceae,Cerasicoccus
Bacteroidota,Flavobacteriia,Flavobacteriales,Flavobacteriaceae,Imtechella
Pseudomonadota,Alphaproteobacteria,Rhodospirillales,Azospirillaceae,Azospirillum
Pseudomonadota,Gammaproteobacteria,Aeromonadales,Aeromonadaceae,Oceanimonas
Pseudomonadota,Alphaproteobacteria,Rhodobacterales,Paracoccaceae,Marimonas
Pseudomonadota,Alphaproteobacteria,Rhodobacterales,Roseobacteraceae,Rhodoalgimonas
Bacillota,Clostridia,Eubacteriales,Oscillospiraceae,Faecalispora
Pseudomonadota,Alphaproteobacteria,Hyphomicrobiales,Phyllobacteriaceae,Phyllobacterium
Bacillota,Clostridia,Eubacteriales,Clostridiaceae,Hathewaya
Bacillota,Clostridia,Peptostreptococcales,Peptostreptococcaceae,Paraclostridium
Bacillota,Bacilli,Bacillales,Planococcaceae,Planomicrobium
Pseudomonadota,Alphaproteobacteria,Hyphomicrobiales,Xanthobacteraceae,Xanthobacter
Pseudomonadota,Alphaproteobacteria,Hyphomicrobiales,Xanthobacteraceae,Ancylobacter
Lentisphaerota,Oligosphaeria,Oligosphaerales,Oligosphaeraceae,Oligosphaera
Pseudomonadota,Alphaproteobacteria,Hyphomicrobiales,Rhizobiaceae,Pararhizobium
Pseudomonadota,Alphaproteobacteria,Hyphomicrobiales,Rhizobiaceae,Peteryoungia
Bacillota,Bacilli,Bacillales,Thermoactinomycetaceae,Croceifilum
Bacillota,Erysipelotrichia,Erysipelotrichales,Erysipelotrichaceae,Breznakia
Bacillota,Bacilli,Bacillales,Bacillaceae,Caldalkalibacillus
Bacillota,Bacilli,Bacillales,Bacillaceae,Alkalibacillus
Bacillota,Bacilli,Bacillales,Bacillaceae,Mesobacillus
Bacillota,Bacilli,Bacillales,Bacillaceae,Lederbergia
Pseudomonadota,Alphaproteobacteria,Hyphomicrobiales,Amorphaceae,Amorphus
Pseudomonadota,Alphaproteobacteria,Hyphomicrobiales,Hyphomicrobiaceae,Rhodoplanes
Bacillota,Clostridia,Eubacteriales,Peptococcaceae,Desulfofundulus
Actinomycetota,Actinomycetes,Kitasatosporales,Streptomycetaceae,Kitasatospora
Bacillota,Bacilli,Bacillales,Bacillaceae,Salibacterium
Pseudomonadota,Alphaproteobacteria,Hyphomicrobiales,Nitrobacteraceae,Rhodopseudomonas
Bacillota,Clostridia,Eubacteriales,Eubacteriaceae,Eubacterium
Bacillota,Bacilli,Bacillales,Bacillaceae,Evansella
Bacillota,Bacilli,Bacillales,Bacillaceae,Oikeobacillus
Bacillota,Bacilli,Bacillales,Bacillaceae,Metabacillus
Bacillota,Bacilli,Bacillales,Bacillaceae,Cytobacillus
Bacillota,Bacilli,Bacillales,Bacillaceae,Alkalicoccobacillus
Bacillota,Bacilli,Bacillales,Bacillaceae,Neobacillus
Bacillota,Bacilli,Bacillales,Bacillaceae,Robertmurraya
Bacillota,Clostridia,Lachnospirales,Lachnospiraceae,Moryella
Bacillota,Tissierellia,Tissierellales,Peptoniphilaceae,Peptoniphilus
Bacillota,Bacilli,Lactobacillales,Streptococcaceae,Streptococcus
Actinomycetota,Actinomycetes,Streptosporangiales,Streptosporangiaceae,Streptosporangium
Actinomycetota,Actinomycetes,Kineosporiales,Kineosporiaceae,Kineosporia
Actinomycetota,Actinomycetes,Nakamurellales,Nakamurellaceae,Nakamurella
Actinomycetota,Actinomycetes,Micromonosporales,Micromonosporaceae,Spirilliplanes
Actinomycetota,Coriobacteriia,Coriobacteriales,Atopobiaceae,Olsenella
Deinococcota,Deinococci,Deinococcales,Deinococcaceae,Deinococcus
Bacillota,Clostridia,Thermoanaerobacterales,Thermoanaerobacteraceae,Thermoanaerobacter
Bacillota,Bacilli,Bacillales,Alicyclobacillaceae,Alicyclobacillus
Pseudomonadota,Betaproteobacteria,Burkholderiales,Oxalobacteraceae,Telluria
Pseudomonadota,Betaproteobacteria,Nitrosomonadales,Methylophilaceae,Methylophilus
Bacteroidota,Flavobacteriia,Flavobacteriales,Weeksellaceae,Kaistella
Pseudomonadota,Alphaproteobacteria,Hyphomicrobiales,Boseaceae,Bosea
Actinomycetota,Actinomycetes,Micrococcales,Microbacteriaceae,Agrococcus
Pseudomonadota,Alphaproteobacteria,Hyphomicrobiales,Rhizobiaceae,Shinella
Pseudomonadota,Alphaproteobacteria,Hyphomicrobiales,Ahrensiaceae,Oceaniradius
Mycoplasmatota,Mollicutes,Mycoplasmatales,Mycoplasmataceae,Mycoplasma
Pseudomonadota,Gammaproteobacteria,NA,NA,Alkalimonas
Pseudomonadota,Alphaproteobacteria,Sphingomonadales,Erythrobacteraceae,Qipengyuania
Pseudomonadota,Betaproteobacteria,Burkholderiales,Oxalobacteraceae,Keguizhuia
Pseudomonadota,Betaproteobacteria,Burkholderiales,Oxalobacteraceae,Massilia
Actinomycetota,Actinomycetes,Micromonosporales,Micromonosporaceae,Symbioplanes
Bacillota,Clostridia,Lachnospirales,Lachnospiraceae,Candidatus Epulonipiscium
Pseudomonadota,Betaproteobacteria,Burkholderiales,Sphaerotilaceae,Leptothrix
Thermodesulfobacteriota,Desulfuromonadia,Geobacterales,Geobacteraceae,Trichlorobacter
Pseudomonadota,Gammaproteobacteria,Vibrionales,Vibrionaceae,Photobacterium
Pseudomonadota,Gammaproteobacteria,Cellvibrionales,Porticoccaceae,Porticoccus
Actinomycetota,Actinomycetes,Mycobacteriales,Tsukamurellaceae,Tsukamurella
Bacillota,Negativicutes,Selenomonadales,Selenomonadaceae,Selenomonas
Bacillota,Clostridia,Peptostreptococcales,Anaerovoracaceae,Mogibacterium
Planctomycetota,Planctomycetia,Planctomycetales,Planctomycetaceae,Planctellipticum
Thermotogota,Thermotogae,Petrotogales,Petrotogaceae,Oceanotoga
Bacillota,Clostridia,Eubacteriales,Peptococcaceae,Desulforamulus
Bacteroidota,Flavobacteriia,Flavobacteriales,Flavobacteriaceae,Zobellia
Bacteroidota,Flavobacteriia,Flavobacteriales,Flavobacteriaceae,Tenacibaculum
Pseudomonadota,Gammaproteobacteria,Oceanospirillales,Halomonadaceae,Cobetia
Bacteroidota,Cytophagia,Cytophagales,Marivirgaceae,Marivirga
Bacillota,Negativicutes,Veillonellales,Veillonellaceae,Veillonella
Candidatus Fervidibacterota,NA,NA,NA,Candidatus Fervidibacter
Bacteroidota,Flavobacteriia,Flavobacteriales,Flavobacteriaceae,Wenyingzhuangia
Actinomycetota,Actinomycetes,Mycobacteriales,Mycobacteriaceae,Mycolicibacterium
Pseudomonadota,Gammaproteobacteria,Pasteurellales,Pasteurellaceae,Gallibacterium
Actinomycetota,Actinomycetes,Micrococcales,Micrococcaceae,Paeniglutamicibacter
Bacteroidota,Cytophagia,Cytophagales,Catalimonadaceae,Tunicatimonas
Bacteroidota,Cytophagia,Cytophagales,Catalimonadaceae,Porifericola
Bacteroidota,Cytophagia,Cytophagales,Catalimonadaceae,Catalinimonas
Bacteroidota,Flavobacteriia,Flavobacteriales,Flavobacteriaceae,Maribacter
Bacteroidota,Cytophagia,Cytophagales,Cytophagaceae,Rhodocytophaga
Bacillota,Clostridia,Eubacteriales,Desulfitobacteriaceae,Desulfosporosinus
Pseudomonadota,Gammaproteobacteria,Methylococcales,Methylococcaceae,Methylomonas
Pseudomonadota,Gammaproteobacteria,Enterobacterales,Gallaecimonadaceae,Gallaecimonas
Bacillota,Bacilli,Bacillales,Thermoactinomycetaceae,Polycladomyces
Pseudomonadota,Betaproteobacteria,Burkholderiales,NA,Eleftheria
Bacillota,Bacilli,Bacillales,Bacillaceae,Fictibacillus
Bacteroidota,Cytophagia,Cytophagales,Shiellaceae,Shiella
Pseudomonadota,Betaproteobacteria,Burkholderiales,Alcaligenaceae,Zwartia
Bacteroidota,Flavobacteriia,Flavobacteriales,Flavobacteriaceae,Aequorivita
Pseudomonadota,Alphaproteobacteria,Rhodobacterales,Paracoccaceae,Marivivens
Bacteroidota,Flavobacteriia,Flavobacteriales,Flavobacteriaceae,Paenimyroides
Bacteroidota,Cytophagia,Cytophagales,Cyclobacteriaceae,Echinicola
Bacteroidota,Flavobacteriia,Flavobacteriales,Flavobacteriaceae,Lutimonas
Bacteroidota,Flavobacteriia,Flavobacteriales,Flavobacteriaceae,Algibacter
Pseudomonadota,Gammaproteobacteria,Alteromonadales,Colwelliaceae,Thalassotalea
Pseudomonadota,Gammaproteobacteria,Oceanospirillales,Saccharospirillaceae,Reinekea
Bacteroidota,Chitinophagia,Chitinophagales,Chitinophagaceae,Ferruginibacter
Pseudomonadota,Gammaproteobacteria,Cellvibrionales,Cellvibrionaceae,Simiduia
Pseudomonadota,Betaproteobacteria,Neisseriales,Chitinibacteraceae,Chitinimonas
Bacteroidota,Flavobacteriia,Flavobacteriales,Flavobacteriaceae,Zunongwangia
Bacteroidota,Cytophagia,Cytophagales,Cyclobacteriaceae,Belliella
Pseudomonadota,Alphaproteobacteria,Rhodospirillales,Acetobacteraceae,Paeniroseomonas
Pseudomonadota,Gammaproteobacteria,Chromatiales,Ectothiorhodospiraceae,Aquisalimonas
Cyanobacteriota,Cyanophyceae,Leptolyngbyales,Trichocoleusaceae,Trichocoleus
Bacillota,Bacilli,Bacillales,Planococcaceae,Planococcus
Pseudomonadota,Alphaproteobacteria,Rhodobacterales,Paracoccaceae,Fontisubflavum
Pseudomonadota,Alphaproteobacteria,Sphingomonadales,Erythrobacteraceae,Alteriqipengyuania
Bacillota,Bacilli,Bacillales,Bacillaceae,Alkalihalobacillus
Actinomycetota,Coriobacteriia,Coriobacteriales,Coriobacteriaceae,Collinsella
Bacteroidota,Flavobacteriia,Flavobacteriales,Flavobacteriaceae,Robiginitalea
Pseudomonadota,Gammaproteobacteria,Thiotrichales,Thiotrichaceae,Venteria
Bacillota,Bacilli,Bacillales,Staphylococcaceae,Macrococcus
Bacillota,Erysipelotrichia,Erysipelotrichales,Erysipelotrichaceae,Faecalicoccus
Actinomycetota,Actinomycetes,Micrococcales,Microbacteriaceae,Curtobacterium
Pseudomonadota,Gammaproteobacteria,Pseudomonadales,Pseudomonadaceae,Thiopseudomonas
Pseudomonadota,Gammaproteobacteria,Alteromonadales,Alteromonadaceae,Alteromonas
Actinomycetota,Actinomycetes,Micrococcales,Cellulomonadaceae,Cellulomonas
Pseudomonadota,Alphaproteobacteria,Hyphomicrobiales,Brucellaceae,Pseudochrobactrum
Campylobacterota,Epsilonproteobacteria,Campylobacterales,Sulfurovaceae,Sulfurovum
Bacillota,Clostridia,Lachnospirales,Lachnospiraceae,Parablautia
Bacillota,Bacilli,Bacillales,Bacillaceae,Halobacillus
Pseudomonadota,Betaproteobacteria,Burkholderiales,Alcaligenaceae,Neopusillimonas
Cyanobacteriota,Cyanophyceae,Pseudanabaenales,Pseudanabaenaceae,Pseudanabaena
Actinomycetota,Actinomycetes,Propionibacteriales,Propionibacteriaceae,Brooklawnia
Pseudomonadota,Gammaproteobacteria,Enterobacterales,Enterobacteriaceae,Phytobacter
Bacillota,Clostridia,Lachnospirales,Lachnospiraceae,Claveliimonas
Pseudomonadota,Gammaproteobacteria,Thiotrichales,Piscirickettsiaceae,Methylophaga
Actinomycetota,Actinomycetes,Micrococcales,Demequinaceae,Demequina
Actinomycetota,Actinomycetes,Micrococcales,Dermacoccaceae,Barrientosiimonas
Actinomycetota,Actinomycetes,Micrococcales,Microbacteriaceae,Frondihabitans
Actinomycetota,Actinomycetes,Micrococcales,Microbacteriaceae,Naasia
Actinomycetota,Actinomycetes,Micrococcales,Cellulomonadaceae,Paraoerskovia
Pseudomonadota,Gammaproteobacteria,Oceanospirillales,Oceanospirillaceae,Neptuniibacter
Acidobacteriota,Holophagae,Holophagales,Holophagaceae,Mesoterricola
Acidobacteriota,Holophagae,Holophagales,Holophagaceae,Geothrix
Fusobacteriota,Fusobacteriia,Fusobacteriales,Haliovirgaceae,Haliovirga
Actinomycetota,Actinomycetes,Propionibacteriales,Propionibacteriaceae,Cutibacterium
Pseudomonadota,Gammaproteobacteria,Enterobacterales,Morganellaceae,Proteus
Pseudomonadota,Alphaproteobacteria,Rhodobacterales,Paracoccaceae,Parasedimentitalea
Cyanobacteriota,Cyanophyceae,Geitlerinematales,Geitlerinemataceae,Geitlerinema
Pseudomonadota,Gammaproteobacteria,Enterobacterales,Erwiniaceae,Mixta
Bacillota,Bacilli,Bacillales,Bacillaceae,Aquibacillus
Bacillota,Negativicutes,Selenomonadales,Selenomonadaceae,Selenobaculum
Pseudomonadota,Alphaproteobacteria,Hyphomicrobiales,Stappiaceae,Roseibium
Pseudomonadota,Alphaproteobacteria,Sphingomonadales,Erythrobacteraceae,Erythrobacter
Actinomycetota,Actinomycetes,Micrococcales,Micrococcaceae,Psychromicrobium
Actinomycetota,Actinomycetes,Micromonosporales,Micromonosporaceae,Actinorhabdospora
Actinomycetota,Actinomycetes,Streptosporangiales,Thermomonosporaceae,Actinoallomurus
Actinomycetota,Actinomycetes,Pseudonocardiales,Pseudonocardiaceae,Actinokineospora
Pseudomonadota,Betaproteobacteria,Burkholderiales,Sutterellaceae,Mesosutterella
Actinomycetota,Actinomycetes,Actinomycetales,Actinomycetaceae,Actinotignum
Bacillota,Bacilli,Lactobacillales,Aerococcaceae,Globicatella
Pseudomonadota,Betaproteobacteria,Neisseriales,Neisseriaceae,Kingella
Pseudomonadota,Alphaproteobacteria,Rhodobacterales,Paracoccaceae,Pseudodonghicola
Pseudomonadota,Alphaproteobacteria,Rhodobacterales,Roseobacteraceae,Roseicyclus
Pseudomonadota,Betaproteobacteria,Burkholderiales,Comamonadaceae,Comamonas
Actinomycetota,Actinomycetes,Micrococcales,Microbacteriaceae,Pseudolysinimonas
Actinomycetota,Actinomycetes,Micrococcales,Microbacteriaceae,Homoserinibacter
Actinomycetota,Actinomycetes,Micrococcales,Dermatophilaceae,Mobilicoccus
Actinomycetota,Actinomycetes,Micrococcales,Beutenbergiaceae,Litorihabitans
Actinomycetota,Actinomycetes,Micrococcales,Microbacteriaceae,Arenivirga
Actinomycetota,Actinomycetes,Micrococcales,NA,Luteimicrobium
Pseudomonadota,Betaproteobacteria,Rhodocyclales,Zoogloeaceae,Zoogloea
Pseudomonadota,Gammaproteobacteria,Alteromonadales,Psychromonadaceae,Psychromonas
Pseudomonadota,Alphaproteobacteria,Rhodobacterales,Paracoccaceae,Cypionkella
Pseudomonadota,Gammaproteobacteria,Cellvibrionales,Cellvibrionaceae,Marinibactrum
Pseudomonadota,Gammaproteobacteria,Alteromonadales,Alteromonadaceae,Agaribacter
Pseudomonadota,Alphaproteobacteria,Rhodospirillales,Acetobacteraceae,Acidocella
Bacteroidota,Saprospiria,Saprospirales,Haliscomenobacteraceae,Portibacter
Pseudomonadota,Gammaproteobacteria,Lysobacterales,Rhodanobacteraceae,Dyella
Pseudomonadota,Alphaproteobacteria,Hyphomicrobiales,Devosiaceae,Devosia
Pseudomonadota,Alphaproteobacteria,Rhodobacterales,Paracoccaceae,Amylibacter
Pseudomonadota,Gammaproteobacteria,Oceanospirillales,Oceanospirillaceae,Litoribrevibacter
Pseudomonadota,Alphaproteobacteria,Maricaulales,Robiginitomaculaceae,Algimonas
Pseudomonadota,Alphaproteobacteria,Hyphomicrobiales,Devosiaceae,Maritalea
Pseudomonadota,Alphaproteobacteria,Sneathiellales,Sneathiellaceae,Sneathiella
Gemmatimonadota,Gemmatimonadia,Gemmatimonadales,Gemmatimonadaceae,Roseisolibacter
Pseudomonadota,Alphaproteobacteria,Caulobacterales,NA,Candidatus Phycosocius
Pseudomonadota,Alphaproteobacteria,Sphingomonadales,Erythrobacteraceae,Parerythrobacter
Bacillota,Clostridia,Peptostreptococcales,Peptostreptococcaceae,Romboutsia
Pseudomonadota,Betaproteobacteria,Neisseriales,Chitinibacteraceae,Parachitinimonas
Bacillota,Bacilli,Lactobacillales,Lactobacillaceae,Dellaglioa
Actinomycetota,Coriobacteriia,Eggerthellales,Eggerthellaceae,Gordonibacter
Bacteroidota,Cytophagia,Cytophagales,Rhodocytophagaceae,Xanthocytophaga
Cyanobacteriota,Cyanophyceae,Desertifilales,Desertifilaceae,Roseofilum
Bacillota,Clostridia,Lachnospirales,Lachnospiraceae,Chakrabartyella
Pseudomonadota,Alphaproteobacteria,Hyphomicrobiales,Chelatococcaceae,Chelatococcus
Pseudomonadota,Gammaproteobacteria,Oceanospirillales,Alcanivoracaceae,Marinicella
Bacteroidota,Cytophagia,Cytophagales,Flectobacillaceae,Flectobacillus
Pseudomonadota,Gammaproteobacteria,Enterobacterales,Enterobacteriaceae,Trabulsiella
Bacillota,Clostridia,Lachnospirales,Lachnospiraceae,Fusibacillus
Pseudomonadota,Alphaproteobacteria,Hyphomicrobiales,Rhizobiaceae,Agrobacterium
Pseudomonadota,Betaproteobacteria,Neisseriales,Chitinibacteraceae,Silvimonas
Pseudomonadota,Alphaproteobacteria,Hyphomicrobiales,Rhizobiaceae,Fererhizobium
Pseudomonadota,Gammaproteobacteria,Enterobacterales,Enterobacteriaceae,Cronobacter
Bacillota,Bacilli,Lactobacillales,Lactobacillaceae,Limosilactobacillus
Bacillota,Bacilli,Lactobacillales,Carnobacteriaceae,Carnobacterium
Bacillota,Bacilli,Bacillales,Paenibacillaceae,Cohnella
Actinomycetota,Actinomycetes,Micrococcales,Microbacteriaceae,Gulosibacter
Bacillota,Clostridia,Eubacteriales,Clostridiaceae,Anoxynatronum
Pseudomonadota,Betaproteobacteria,Burkholderiales,Oxalobacteraceae,Noviherbaspirillum
Planctomycetota,Planctomycetia,Pirellulales,Pirellulaceae,Neorhodopirellula
Bacteroidota,Flavobacteriia,Flavobacteriales,Flavobacteriaceae,Muriicola
Bacillota,Bacilli,Bacillales,Thermoactinomycetaceae,Laceyella
Aquificota,Aquificia,Aquificales,Hydrogenothermaceae,Venenivibrio
Aquificota,Aquificia,Desulfurobacteriales,Desulfurobacteriaceae,Desulfurobacterium
Pseudomonadota,Alphaproteobacteria,Rhodobacterales,Roseobacteraceae,Shimia
Verrucomicrobiota,Methylacidiphilae,Methylacidiphilales,Methylacidiphilaceae,Methylacidiphilum (ex Ratnadevi et al. 2023)
Actinomycetota,Actinomycetes,Kitasatosporales,Streptomycetaceae,Streptantibioticus
Bacteroidota,Flavobacteriia,Flavobacteriales,Weeksellaceae,Empedobacter
Pseudomonadota,Alphaproteobacteria,Rhodobacterales,Paracoccaceae,Defluviimonas
Bacteroidota,Chitinophagia,Chitinophagales,Chitinophagaceae,Pinibacter
Pseudomonadota,Gammaproteobacteria,Oceanospirillales,Oceanospirillaceae,Pontibacterium
Pseudomonadota,Alphaproteobacteria,Rhodobacterales,Roseobacteraceae,Tropicibacter
Cyanobacteriota,Cyanophyceae,Nostocales,Nostocaceae,Halotia
Pseudomonadota,Alphaproteobacteria,Rhodobacterales,Paracoccaceae,Fuscovulum
Actinomycetota,Actinomycetes,Kitasatosporales,Streptomycetaceae,Yinghuangia
Actinomycetota,Actinomycetes,Micrococcales,Microbacteriaceae,Ruicaihuangia
Myxococcota,NA,Polyangiales,Polyangiaceae,Polyangium
Cyanobacteriota,NA,NA,NA,NA
Bacillota,Bacilli,Lactobacillales,Lactobacillaceae,Liquorilactobacillus
Bacillota,Clostridia,Eubacteriales,Eubacteriales Family XII. Incertae Sedis,Fusibacter
Thermotogota,Thermotogae,Petrotogales,Petrotogaceae,Marinitoga
Pseudomonadota,Alphaproteobacteria,Rhodobacterales,Paracoccaceae,Paracoccus
Pseudomonadota,Gammaproteobacteria,Lysobacterales,Lysobacteraceae,Luteimonas
Pseudomonadota,Betaproteobacteria,Burkholderiales,Burkholderiaceae,Polynucleobacter
Cyanobacteriota,Cyanophyceae,Nostocales,Aphanizomenonaceae,Chrysosporum
Cyanobacteriota,Cyanophyceae,Nostocales,Aphanizomenonaceae,Anabaenopsis
Cyanobacteriota,Cyanophyceae,Nostocales,Aphanizomenonaceae,Umezakia
Bacillota,Bacilli,Bacillales,Bacillaceae,Salipaludibacillus
Pseudomonadota,Gammaproteobacteria,Moraxellales,Moraxellaceae,Psychrobacter
Pseudomonadota,Alphaproteobacteria,Hyphomicrobiales,Phyllobacteriaceae,Aquamicrobium
Spirochaetota,Spirochaetia,Spirochaetales,Spirochaetaceae,Candidatus Haliotispira
Pseudomonadota,Alphaproteobacteria,Hyphomicrobiales,Rhizobiaceae,Neorhizobium
Mycoplasmatota,NA,Mycoplasmoidales,Metamycoplasmataceae,Mesomycoplasma
Actinomycetota,Actinomycetes,Micrococcales,Micrococcaceae,Auritidibacter
Pseudomonadota,Gammaproteobacteria,Pasteurellales,Pasteurellaceae,Volucribacter
Thermodesulfobacteriota,Desulfovibrionia,Desulfovibrionales,Desulfovibrionaceae,Pseudodesulfovibrio
Pseudomonadota,Gammaproteobacteria,Pasteurellales,Pasteurellaceae,Actinobacillus
Bacillota,Bacilli,Lactobacillales,Lactobacillaceae,Lacticaseibacillus
Pseudomonadota,Alphaproteobacteria,Rhodobacterales,Paracoccaceae,Pseudophaeobacter
Pseudomonadota,Betaproteobacteria,Burkholderiales,Oxalobacteraceae,Janthinobacterium
Bacteroidota,Flavobacteriia,Flavobacteriales,Weeksellaceae,Profundicola
Bacteroidota,Sphingobacteriia,Sphingobacteriales,Aurantibacillaceae,Aurantibacillus
Thermodesulfobacteriota,Desulfobulbia,Desulfobulbales,Thiovibrionaceae,Thiovibrio
Bacteroidota,Flavobacteriia,Flavobacteriales,Flavobacteriaceae,Galbibacter
Actinomycetota,Actinomycetes,Mycobacteriales,Speluncibacteraceae,Speluncibacter
Planctomycetota,Planctomycetia,Isosphaerales,Isosphaeraceae,Paludisphaera
Pseudomonadota,Betaproteobacteria,Rhodocyclales,Zoogloeaceae,Thauera
Cyanobacteriota,Cyanophyceae,Synechococcales,Synechococcaceae,Synechococcus
Bacteroidota,Bacteroidia,Bacteroidales,Tannerellaceae,Parabacteroides
Pseudomonadota,Gammaproteobacteria,Pasteurellales,Pasteurellaceae,Exercitatus
Bacillota,Clostridia,Peptostreptococcales,Peptostreptococcaceae,Tepidibacter
Bacillota,Bacilli,Bacillales,Bacillaceae,Psychrobacillus
Pseudomonadota,Betaproteobacteria,Burkholderiales,Sphaerotilaceae,Roseateles
Bdellovibrionota,Bdellovibrionia,Bdellovibrionales,Pseudobdellovibrionaceae,Bdellovibrio
Actinomycetota,Actinomycetes,Micrococcales,Micrococcaceae,Kocuria
Bacillota,Bacilli,Lactobacillales,Lactobacillaceae,Furfurilactobacillus
Pseudomonadota,Gammaproteobacteria,Oceanospirillales,Halomonadaceae,Chromohalobacter
Bacillota,Clostridia,Eubacteriales,Desulfotomaculaceae,Pelotomaculum
Actinomycetota,Actinomycetes,Micrococcales,Promicromonosporaceae,Isoptericola
Bacteroidota,Chitinophagia,Chitinophagales,Chitinophagaceae,Terrimonas
Bacteroidota,Flavobacteriia,Flavobacteriales,Flavobacteriaceae,Eudoraea
Bacteroidota,Cytophagia,Cytophagales,Hymenobacteraceae,Pontibacter
Bacteroidota,Chitinophagia,Chitinophagales,Chitinophagaceae,Niabella
Bacillota,Clostridia,Eubacteriales,Oscillospiraceae,Ruminiclostridium
Pseudomonadota,Alphaproteobacteria,Rhodospirillales,Acetobacteraceae,Brytella
Bacteroidota,Chitinophagia,Chitinophagales,Chitinophagaceae,Polluticoccus
Bacteroidota,Chitinophagia,Chitinophagales,Chitinophagaceae,Pollutibacter
Bacillota,Clostridia,Eubacteriales,Acutalibacteraceae,Caproiciproducens
Actinomycetota,Actinomycetes,Bifidobacteriales,Bifidobacteriaceae,Gardnerella
Bacillota,Clostridia,Eubacteriales,Oscillospiraceae,Neopoerus
Pseudomonadota,Betaproteobacteria,Rhodocyclales,Azonexaceae,Dechloromonas
Pseudomonadota,Betaproteobacteria,Burkholderiales,Comamonadaceae,Ramlibacter
Pseudomonadota,Betaproteobacteria,Burkholderiales,Comamonadaceae,Delftia
Actinomycetota,Actinomycetes,Micrococcales,Microbacteriaceae,Salinibacterium
Actinomycetota,Actinomycetes,Propionibacteriales,Propionibacteriaceae,Tessaracoccus
Pseudomonadota,Alphaproteobacteria,Geminicoccales,Geminicoccaceae,Marinimicrococcus
Ignavibacteriota,Ignavibacteria,Ignavibacteriales,Melioribacteraceae,Stygiobacter
Pseudomonadota,Gammaproteobacteria,Thiotrichales,Piscirickettsiaceae,Thiomicrorhabdus
Bacteroidota,Flavobacteriia,Flavobacteriales,Flavobacteriaceae,Flagellimonas
Pseudomonadota,Alphaproteobacteria,Rhodobacterales,Paracoccaceae,Psychromarinibacter
Bacillota,Bacilli,Lactobacillales,Enterococcaceae,Vagococcus
Bacillota,Clostridia,Eubacteriales,Oscillospiraceae,Amygdalobacter
Pseudomonadota,Alphaproteobacteria,Hyphomicrobiales,Nitrobacteraceae,Afipia
Pseudomonadota,Betaproteobacteria,Burkholderiales,Oxalobacteraceae,Pseudoduganella
Bacillota,Bacilli,Bacillales,Bacillaceae,Alkalihalobacterium
Bacillota,Bacilli,Bacillales,NA,Exiguobacterium
Pseudomonadota,Gammaproteobacteria,Legionellales,Legionellaceae,Legionella
Verrucomicrobiota,Opitutia,Opitutales,Opitutaceae,Synoicihabitans
Pseudomonadota,Alphaproteobacteria,Rhodobacterales,Roseobacteraceae,Roseovarius
Pseudomonadota,Alphaproteobacteria,Emcibacterales,Emcibacteraceae,Pseudemcibacter
Pseudomonadota,Betaproteobacteria,Burkholderiales,Alcaligenaceae,Taylorella
Bacillota,Bacilli,Lactobacillales,Carnobacteriaceae,Jeotgalibaca
Bacteroidota,Flavobacteriia,Flavobacteriales,Flavobacteriaceae,Mangrovimonas
Spirochaetota,Spirochaetia,Spirochaetales,Spirochaetaceae,Entomospira
Pseudomonadota,Alphaproteobacteria,Parvularculales,Parvularculaceae,Hyphococcus
Lentisphaerota,Lentisphaeria,Lentisphaerales,Lentisphaeraceae,Lentisphaera
Bacillota,Bacilli,Bacillales,Bacillaceae,Allobacillus
Actinomycetota,Actinomycetes,Pseudonocardiales,Pseudonocardiaceae,Actinomycetospora
Actinomycetota,Actinomycetes,Actinomycetales,Actinomycetaceae,Mobiluncus
Bacillota,Erysipelotrichia,Erysipelotrichales,Erysipelotrichaceae,Floccifex
Pseudomonadota,Betaproteobacteria,Burkholderiales,Comamonadaceae,Acidovorax
Pseudomonadota,Gammaproteobacteria,Alteromonadales,Colwelliaceae,Thalassomonas
Actinomycetota,Actinomycetes,Pseudonocardiales,Pseudonocardiaceae,Kutzneria
Pseudomonadota,Gammaproteobacteria,Pasteurellales,Pasteurellaceae,Mannheimia
Actinomycetota,Rubrobacteria,Rubrobacterales,Rubrobacteraceae,Rubrobacter
Bacillota,Bacilli,Bacillales,Bacillaceae,Pseudalkalibacillus
Bacteroidota,Flavobacteriia,Flavobacteriales,Flavobacteriaceae,Gilvibacter
Pseudomonadota,Gammaproteobacteria,Lysobacterales,Rhodanobacteraceae,Tahibacter
Bacteroidota,Flavobacteriia,Flavobacteriales,Flavobacteriaceae,Aureisphaera
Bacteroidota,Flavobacteriia,Flavobacteriales,Flavobacteriaceae,Psychroserpens
Pseudomonadota,Alphaproteobacteria,Caulobacterales,Caulobacteraceae,Asticcacaulis
Pseudomonadota,Betaproteobacteria,Neisseriales,Chromobacteriaceae,Vogesella
Actinomycetota,Acidimicrobiia,Acidimicrobiales,Iamiaceae,Iamia
Bacillota,Bacilli,Bacillales,Paenibacillaceae,Aneurinibacillus
Pseudomonadota,Alphaproteobacteria,Kordiimonadales,Temperatibacteraceae,Gimibacter
Verrucomicrobiota,Verrucomicrobiia,Limisphaerales,Fontisphaeraceae,Fontisphaera
Actinomycetota,Thermoleophilia,Solirubrobacterales,Baekduiaceae,Baekduia
Bacillota,Bacilli,Bacillales,Bacillaceae,Terrihalobacillus
Myxococcota,NA,Nannocystales,Nannocystaceae,Nannocystis
Myxococcota,Myxococcia,Myxococcales,Archangiaceae,Stigmatella
Myxococcota,NA,Polyangiales,Polyangiaceae,Sorangium
Cyanobacteriota,Cyanophyceae,Oscillatoriales,Microcoleaceae,Kamptonema
Cyanobacteriota,Cyanophyceae,Nostocales,Aphanizomenonaceae,Dolichospermum
Cyanobacteriota,Cyanophyceae,Nostocales,Aphanizomenonaceae,Sphaerospermopsis
Bacillota,Erysipelotrichia,Erysipelotrichales,Erysipelotrichaceae,Faecalitalea
Pseudomonadota,Alphaproteobacteria,Rhodospirillales,Acetobacteraceae,Commensalibacter
Pseudomonadota,Acidithiobacillia,Acidithiobacillales,Acidithiobacillaceae,Acidithiobacillus
Bacteroidota,Bacteroidia,Marinilabiliales,Marinilabiliaceae,Saccharicrinis
Pseudomonadota,Gammaproteobacteria,Lysobacterales,Lysobacteraceae,Thermomonas
Pseudomonadota,Alphaproteobacteria,Sphingomonadales,Erythrobacteraceae,Pontixanthobacter
Pseudomonadota,Betaproteobacteria,Burkholderiales,Comamonadaceae,Xenophilus
Pseudomonadota,Alphaproteobacteria,Rhodobacterales,Roseobacteraceae,Primorskyibacter
Pseudomonadota,Alphaproteobacteria,Rhodobacterales,Roseobacteraceae,Thalassococcus
Pseudomonadota,Alphaproteobacteria,Hyphomicrobiales,Rhizobiaceae,Hoeflea
Campylobacterota,Epsilonproteobacteria,Nautiliales,Nitratiruptoraceae,Nitrosophilus
Nitrospinota,Nitrospinia,Nitrospinales,Nitrospinaceae,Nitrospina
Bacillota,Clostridia,Thermosediminibacterales,Tepidanaerobacteraceae,Tepidanaerobacter
Pseudomonadota,Alphaproteobacteria,Hyphomicrobiales,Methylocystaceae,Methylocystis
Thermodesulfobacteriota,Desulfuromonadia,Geobacterales,Geobacteraceae,Geobacter
Thermodesulfobacteriota,Syntrophobacteria,Syntrophobacterales,Syntrophobacteraceae,Desulforhabdus
Actinomycetota,Actinomycetes,Micrococcales,Dermabacteraceae,Brachybacterium
Fusobacteriota,Fusobacteriia,Fusobacteriales,Fusobacteriaceae,Propionigenium
Spirochaetota,Spirochaetia,Spirochaetales,Borreliaceae,Borrelia
Bacillota,Clostridia,Lachnospirales,Lachnospiraceae,Sellimonas
Bacteroidota,Flavobacteriia,Flavobacteriales,Flavobacteriaceae,Neptunitalea
Vulcanimicrobiota,Vulcanimicrobiia,Vulcanimicrobiales,Vulcanimicrobiaceae,Vulcanimicrobium
Bacillota,Bacilli,Lactobacillales,Lactobacillaceae,Philodulcilactobacillus
Pseudomonadota,Alphaproteobacteria,Rhodobacterales,Roseobacteraceae,Sinisalibacter
Bacillota,Clostridia,Lachnospirales,Vallitaleaceae,Vallitalea
Actinomycetota,Actinomycetes,Micromonosporales,Micromonosporaceae,Phytohabitans
Actinomycetota,Actinomycetes,Pseudonocardiales,Pseudonocardiaceae,Pseudonocardia
Actinomycetota,Actinomycetes,Micromonosporales,Micromonosporaceae,Dactylosporangium
Pseudomonadota,Alphaproteobacteria,Hyphomicrobiales,Methylopilaceae,Methylopila
Pseudomonadota,Alphaproteobacteria,Hyphomicrobiales,Methylopilaceae,Hansschlegelia
Pseudomonadota,Alphaproteobacteria,Maricaulales,Maricaulaceae,Maricaulis
Actinomycetota,Actinomycetes,Micrococcales,Microbacteriaceae,Herbiconiux
Armatimonadota,Armatimonadia,Capsulimonadales,Capsulimonadaceae,Capsulimonas
Pseudomonadota,Alphaproteobacteria,Emcibacterales,Govaniaceae,Govania
Actinomycetota,Coriobacteriia,Eggerthellales,Eggerthellaceae,Slackia
Bacteroidota,Flavobacteriia,Flavobacteriales,Flavobacteriaceae,Cellulophaga
Pseudomonadota,Gammaproteobacteria,Enterobacterales,Enterobacteriaceae,Kosakonia
Pseudomonadota,Alphaproteobacteria,Rhodospirillales,Oleispirillaceae,Oleispirillum
Campylobacterota,Epsilonproteobacteria,Campylobacterales,Helicobacteraceae,Helicobacter
Bacillota,Clostridia,Lachnospirales,Cellulosilyticaceae,Holtiella
Actinomycetota,Actinomycetes,Pseudonocardiales,Pseudonocardiaceae,Saccharopolyspora
Bacillota,Bacilli,Bacillales,Bacillaceae,Aliibacillus
Thermodesulfobacteriota,Desulfovibrionia,Desulfovibrionales,Desulfovibrionaceae,Desulfovibrio
Bacillota,Clostridia,Lachnospirales,Lachnospiraceae,Faecalimonas
Bacillota,Clostridia,Eubacteriales,NA,Gemmiger
Bacteroidota,Bacteroidia,Bacteroidales,Rikenellaceae,Alistipes
Bacillota,Clostridia,Lachnospirales,Lachnospiraceae,Mediterraneibacter
Bacillota,Clostridia,Lachnospirales,Lachnospiraceae,Fusicatenibacter
Bacillota,Clostridia,Eubacteriales,Oscillospiraceae,Ruthenibacterium
Bacillota,Clostridia,Lachnospirales,Lachnospiraceae,Butyribacter
Bacillota,Clostridia,Lachnospirales,Lachnospiraceae,Dorea
Actinomycetota,Actinomycetes,Streptosporangiales,Nocardiopsaceae,Streptomonospora
Chloroflexota,Tepidiformia,Tepidiformales,Tepidiformaceae,Tepidiforma
Actinomycetota,Thermoleophilia,Solirubrobacterales,Solirubrobacteraceae,Solirubrobacter
Bacillota,Bacilli,Bacillales,Planococcaceae,Paenisporosarcina
Pseudomonadota,Betaproteobacteria,Burkholderiales,Alcaligenaceae,Paenalcaligenes
Pseudomonadota,Gammaproteobacteria,Vibrionales,Vibrionaceae,Salinivibrio
Verrucomicrobiota,Opitutia,Puniceicoccales,Coraliomargaritaceae,Coraliomargarita
Actinomycetota,Actinomycetes,Jatrophihabitantales,Jatrophihabitantaceae,Jatrophihabitans
Pseudomonadota,Betaproteobacteria,Burkholderiales,Alcaligenaceae,Castellaniella
Bacillota,Bacilli,Bacillales,Bacillaceae,Lentibacillus
Pseudomonadota,Betaproteobacteria,Burkholderiales,Oxalobacteraceae,Oxalobacter
Bacillota,Clostridia,Peptostreptococcales,Peptostreptococcaceae,Peptostreptococcus
Pseudomonadota,Alphaproteobacteria,Hyphomicrobiales,Aurantimonadaceae,Jiella
Pseudomonadota,Gammaproteobacteria,Cellvibrionales,Spongiibacteraceae,Dasania
Bacillota,Bacilli,Bacillales,Bacillaceae,Natronobacillus
Cyanobacteriota,Cyanophyceae,Oculatellales,Oculatellaceae,Thermocoleostomius
Pseudomonadota,Gammaproteobacteria,Enterobacterales,Pectobacteriaceae,Pectobacterium
Bacillota,Clostridia,Lachnospirales,Lachnospiraceae,Lacrimispora
Pseudomonadota,Alphaproteobacteria,Kordiimonadales,Kordiimonadaceae,Pseudokordiimonas
Pseudomonadota,Gammaproteobacteria,Oceanospirillales,Oceanospirillaceae,Parathalassolituus
Myxococcota,Myxococcia,Myxococcales,Archangiaceae,Archangium
Actinomycetota,Actinomycetes,Micromonosporales,Micromonosporaceae,Paractinoplanes
Bacteroidota,Cytophagia,Cytophagales,Spirosomataceae,Dyadobacter
Bacteroidota,Flavobacteriia,Flavobacteriales,Flavobacteriaceae,Lacinutrix
Actinomycetota,Actinomycetes,Micrococcales,Microbacteriaceae,Microcella
Pseudomonadota,Alphaproteobacteria,Rickettsiales,Rickettsiaceae,Rickettsia
Pseudomonadota,Alphaproteobacteria,Hyphomicrobiales,Rhizobiaceae,Ectorhizobium
Bacillota,Bacilli,Bacillales,Bacillaceae,Fervidibacillus
Pseudomonadota,Gammaproteobacteria,Alteromonadales,Alteromonadaceae,Alkalimarinus
Bacillota,Bacilli,Bacillales,Alicyclobacillaceae,Tumebacillus
Pseudomonadota,Alphaproteobacteria,Rhodospirillales,Acetobacteraceae,Bombella
Pseudomonadota,Alphaproteobacteria,Hyphomicrobiales,Kaistiaceae,Kaistia
Myxococcota,Myxococcia,Myxococcales,NA,Paraliomyxa
Actinomycetota,Coriobacteriia,Eggerthellales,Eggerthellaceae,Curtanaerobium
Pseudomonadota,Gammaproteobacteria,Oceanospirillales,Zooshikellaceae,Spartinivicinus
Bacteroidota,Cytophagia,Cytophagales,Spirosomataceae,Tellurirhabdus
Pseudomonadota,Gammaproteobacteria,Cellvibrionales,Halieaceae,Seongchinamella
Pseudomonadota,Gammaproteobacteria,Cellvibrionales,Halieaceae,Marimicrobium
Pseudomonadota,Gammaproteobacteria,Cellvibrionales,Halieaceae,Candidatus Litorirhabdus
Bacteroidota,Cytophagia,Cytophagales,Flammeovirgaceae,Chondrinema
Bacteroidota,Cytophagia,Cytophagales,Spirosomataceae,Larkinella
Pseudomonadota,Gammaproteobacteria,Methylococcales,Methylococcaceae,Methylococcus
Bacteroidota,Flavobacteriia,Flavobacteriales,Flavobacteriaceae,Salinimicrobium
Pseudomonadota,Alphaproteobacteria,Hyphomicrobiales,Brucellaceae,Ochrobactrum
Bacteroidota,Flavobacteriia,Flavobacteriales,Flavobacteriaceae,Lentiprolixibacter
Bacteroidota,Cytophagia,Cytophagales,Mangrovivirgaceae,Mangrovivirga
Cyanobacteriota,Cyanophyceae,Leptolyngbyales,Trichocoleusaceae,Trichothermofontia
Pseudomonadota,Gammaproteobacteria,Cellvibrionales,Halieaceae,Candidatus Paraluminiphilus
Balneolota,Balneolia,Balneolales,Balneolaceae,Fodinibius
Deferribacterota,Deferribacteres,Deferribacterales,Geovibrionaceae,Geovibrio
Pseudomonadota,Betaproteobacteria,Burkholderiales,Burkholderiaceae,Cupriavidus
Actinomycetota,Actinomycetes,Micrococcales,Brevibacteriaceae,Brevibacterium
Pseudomonadota,Gammaproteobacteria,Oceanospirillales,Endozoicomonadaceae,Endozoicomonas
Pseudomonadota,Alphaproteobacteria,Rhodospirillales,Shumkoniaceae,Shumkonia
Actinomycetota,Actinomycetes,Micrococcales,Dermacoccaceae,Flexivirga
Pseudomonadota,Alphaproteobacteria,Sphingomonadales,Sphingomonadaceae,Sphingomicrobium
Bacillota,Clostridia,Eubacteriales,Oscillospiraceae,Acetivibrio
Thermodesulfobacteriota,Desulfobacteria,Desulfobacterales,Desulfobacteraceae,Desulfobotulus
Pseudomonadota,Alphaproteobacteria,Hyphomicrobiales,Lichenihabitantaceae,Lichenifustis
Pseudomonadota,Betaproteobacteria,Burkholderiales,Comamonadaceae,Verminephrobacter
Pseudomonadota,Betaproteobacteria,Burkholderiales,Oxalobacteraceae,Herbaspirillum
Fusobacteriota,Fusobacteriia,Fusobacteriales,Fusobacteriaceae,Fusobacterium
Verrucomicrobiota,Verrucomicrobiia,Verrucomicrobiales,Akkermansiaceae,Akkermansia
Fusobacteriota,Fusobacteriia,Fusobacteriales,Leptotrichiaceae,Sneathia
Pseudomonadota,Betaproteobacteria,Burkholderiales,Sphaerotilaceae,Caldimonas
Bacteroidota,Bacteroidia,Marinilabiliales,Marinilabiliaceae,Plebeiobacterium
Actinomycetota,Actinomycetes,Mycobacteriales,Hoyosellaceae,Lolliginicoccus
Bacteroidota,Flavobacteriia,Flavobacteriales,Flavobacteriaceae,Capnocytophaga
Bacteroidota,Saprospiria,Saprospirales,Saprospiraceae,Aureispira
Bacillota,Clostridia,Eubacteriales,Symbiobacteriaceae,Caldinitratiruptor
Thermodesulfobacteriota,Desulfobulbia,Desulfobulbales,Desulfobulbaceae,Desulfolithobacter
Actinomycetota,Actinomycetes,Streptosporangiales,Streptosporangiaceae,Rhizohabitans
Pseudomonadota,Alphaproteobacteria,Rhodospirillales,Acetobacteraceae,Asaia
Pseudomonadota,Alphaproteobacteria,Rhodospirillales,Acetobacteraceae,Limobrevibacterium
Pseudomonadota,Alphaproteobacteria,Hyphomicrobiales,Rhodobiaceae,Rhodobium
Pseudomonadota,Alphaproteobacteria,Rhodospirillales,Acetobacteraceae,Gluconobacter
Verrucomicrobiota,Verrucomicrobiia,Verrucomicrobiales,Verrucomicrobiaceae,Luteolibacter
Pseudomonadota,Gammaproteobacteria,Enterobacterales,Enterobacteriaceae,Siccibacter
Bacteroidota,Bacteroidia,Marinilabiliales,Prolixibacteraceae,Gaoshiqia
Pseudomonadota,Alphaproteobacteria,Rhodobacterales,Roseobacteraceae,Leisingera
Bacteroidota,Cytophagia,Cytophagales,Reichenbachiellaceae,Reichenbachiella
Pseudomonadota,Alphaproteobacteria,Rhodobacterales,Paracoccaceae,Halocynthiibacter
Bacillota,Negativicutes,Veillonellales,Veillonellaceae,Dialister
Actinomycetota,Actinomycetes,Propionibacteriales,Nocardioidaceae,Solicola
Mycoplasmatota,NA,Mycoplasmoidales,Mycoplasmoidaceae,Ureaplasma
Pseudomonadota,Betaproteobacteria,Rhodocyclales,Rhodocyclaceae,Propionivibrio
Campylobacterota,Epsilonproteobacteria,Campylobacterales,Sulfurospirillaceae,Sulfurospirillum
Rhodothermota,Rhodothermia,Rhodothermales,Salinibacteraceae,Salinibacter
Cyanobacteriota,Cyanophyceae,Oscillatoriales,Oscillatoriaceae,Plectonema
Pseudomonadota,Gammaproteobacteria,Alteromonadales,Alteromonadaceae,Fluctibacter
Mycoplasmatota,Mollicutes,Acholeplasmatales,Acholeplasmataceae,Paracholeplasma
Pseudomonadota,Alphaproteobacteria,Rhodospirillales,Acetobacteraceae,Candidatus Kirkpatrickella
Acidobacteriota,Terriglobia,Terriglobales,Acidobacteriaceae,Acidicapsa
Acidobacteriota,Terriglobia,Terriglobales,Acidobacteriaceae,Edaphobacter
Acidobacteriota,Terriglobia,Terriglobales,Acidobacteriaceae,Granulicella
Acidobacteriota,Terriglobia,Terriglobales,Acidobacteriaceae,Terriglobus
Bacillota,Bacilli,Bacillales,Bacillaceae,Perspicuibacillus
Bacillota,Bacilli,Bacillales,Bacillaceae,Pallidibacillus
Pseudomonadota,Betaproteobacteria,Neisseriales,Chitinibacteraceae,Chitiniphilus
Bacteroidota,Chitinophagia,Chitinophagales,Chitinophagaceae,Haoranjiania
Bacteroidota,Chitinophagia,Chitinophagales,Chitinophagaceae,Paraflavisolibacter
Pseudomonadota,Gammaproteobacteria,Methylococcales,Methylococcaceae,Methylobacter
Pseudomonadota,Alphaproteobacteria,Kordiimonadales,Kordiimonadaceae,Kordiimonas
Bacillota,Clostridia,Eubacteriales,Oscillospiraceae,Oscillibacter
Bacillota,Clostridia,Eubacteriales,Oscillospiraceae,Muriventricola
Bacillota,Clostridia,Lachnospirales,Lachnospiraceae,Gallintestinimicrobium
Bacillota,Clostridia,Eubacteriales,Oscillospiraceae,Hominimerdicola
Bacillota,Clostridia,Eubacteriales,Oscillospiraceae,Porcipelethomonas
Bacillota,Clostridia,Lachnospirales,Lachnospiraceae,Roseburia
Bacillota,Clostridia,Lachnospirales,Lachnospiraceae,Suonthocola
Bacillota,Clostridia,Lachnospirales,Lachnospiraceae,Suilimivivens
Bacillota,Clostridia,Lachnospirales,Lachnospiraceae,Anaerostipes
Bacillota,Clostridia,Lachnospirales,Lachnospiraceae,Coprococcus
Bacillota,Clostridia,Eubacteriales,NA,Brotomerdimonas
Bacillota,Clostridia,Eubacteriales,Butyricicoccaceae,Agathobaculum
Bacillota,Clostridia,Lachnospirales,Lachnospiraceae,Alitiscatomonas
Bacillota,Clostridia,Eubacteriales,Oscillospiraceae,Huintestinicola
Bacillota,Clostridia,Lachnospirales,Lachnospiraceae,Faecalicatena
Bacillota,Clostridia,Lachnospirales,Lachnospiraceae,Laedolimicola
Bacillota,Clostridia,Eubacteriales,NA,Bovifimicola
Bacteroidota,Bacteroidia,Bacteroidales,Barnesiellaceae,Barnesiella
Bacillota,Clostridia,Lachnospirales,Lachnospiraceae,Muricoprocola
Bacillota,Clostridia,Lachnospirales,Lachnospiraceae,Waltera
Bacillota,Tissierellia,Tissierellales,Peptoniphilaceae,Aedoeadaptatus
Bacillota,Clostridia,Lachnospirales,Lachnospiraceae,Brotonthovivens
Bacillota,Erysipelotrichia,Erysipelotrichales,Coprobacillaceae,Faecalibacillus
Pseudomonadota,Gammaproteobacteria,Enterobacterales,Enterobacteriaceae,Leclercia
Pseudomonadota,Gammaproteobacteria,Enterobacterales,Enterobacteriaceae,Silvania
Actinomycetota,Actinomycetes,Streptosporangiales,Streptosporangiaceae,Sphaerisporangium
Actinomycetota,Actinomycetes,Propionibacteriales,Nocardioidaceae,Mumia
Bacteroidota,Sphingobacteriia,Sphingobacteriales,Sphingobacteriaceae,Parapedobacter
Bacillota,Bacilli,Lactobacillales,Lactobacillaceae,Weissella
Bacteroidota,Bacteroidia,Bacteroidales,Prevotellaceae,Hallella
Actinomycetota,Actinomycetes,Frankiales,Frankiaceae,Frankia
Pseudomonadota,Alphaproteobacteria,Hyphomicrobiales,Phyllobacteriaceae,Chelativorans
Pseudomonadota,Gammaproteobacteria,Oceanospirillales,Oceanospirillaceae,Thalassolituus
Pseudomonadota,Betaproteobacteria,Burkholderiales,Burkholderiaceae,Ralstonia
Candidatus Saccharibacteria,NA,NA,NA,Candidatus Mycosynbacter
Acidobacteriota,Terriglobia,Terriglobales,Acidobacteriaceae,Occallatibacter
Thermodesulfobacteriota,Desulfuromonadia,Desulfuromonadales,Geoalkalibacteraceae,Geoalkalibacter
Thermodesulfobacteriota,Desulfovibrionia,Desulfovibrionales,Desulfovibrionaceae,Taurinivorans
Pseudomonadota,Gammaproteobacteria,Enterobacterales,Enterobacteriaceae,Dryocola
Bacillota,Bacilli,Lactobacillales,Lactobacillaceae,Leuconostoc
Bacillota,Bacilli,Lactobacillales,Lactobacillaceae,Periweissella
Pseudomonadota,Alphaproteobacteria,Rhodobacterales,Roseobacteraceae,Alloyangia
Actinomycetota,Actinomycetes,Pseudonocardiales,Pseudonocardiaceae,Actinophytocola
Pseudomonadota,Alphaproteobacteria,Rhodobacterales,Paracoccaceae,Sedimentimonas
Pseudomonadota,Alphaproteobacteria,Sphingomonadales,Erythrobacteraceae,Tsuneonella
Bacillota,Clostridia,Eubacteriales,Oscillospiraceae,Subdoligranulum
Bacillota,Clostridia,Eubacteriales,Oscillospiraceae,Ruminococcus
Bacillota,Clostridia,Lachnospirales,Lachnospiraceae,Enterocloster
Bacillota,Clostridia,Peptostreptococcales,Peptostreptococcaceae,Intestinibacter
Bacillota,Clostridia,Lachnospirales,Lachnospiraceae,Marvinbryantia
Actinomycetota,Actinomycetes,Micrococcales,Dermabacteraceae,Helcobacillus
Pseudomonadota,Alphaproteobacteria,Rhodobacterales,Paracoccaceae,Aliiroseovarius
Pseudomonadota,Alphaproteobacteria,Rhodospirillales,Kiloniellaceae,Aestuariispira
Actinomycetota,Actinomycetes,Mycobacteriales,Mycobacteriaceae,Mycolicibacillus
Actinomycetota,Actinomycetes,Pseudonocardiales,Pseudonocardiaceae,Umezawaea
Planctomycetota,Planctomycetia,Pirellulales,Pirellulaceae,Stieleria
Pseudomonadota,Alphaproteobacteria,Rhodobacterales,Roseobacteraceae,Roseibacterium
Bacillota,Bacilli,Lactobacillales,Aerococcaceae,Ignavigranum
Pseudomonadota,Gammaproteobacteria,Legionellales,Coxiellaceae,Candidatus Berkiella
Pseudomonadota,Betaproteobacteria,NA,NA,Candidatus Nasuia
Bacteroidota,Cytophagia,Cytophagales,Cyclobacteriaceae,Aquiflexum
Pseudomonadota,Gammaproteobacteria,Methylohalomonadales,Methylohalomonadaceae,Methylohalomonas
Actinomycetota,Actinomycetes,Micrococcales,Microbacteriaceae,Leucobacter
Pseudomonadota,Alphaproteobacteria,Hyphomicrobiales,Methylobacteriaceae,Microvirga
Bacteroidota,Cytophagia,Cytophagales,Leadbetterellaceae,Emticicia
Pseudomonadota,Gammaproteobacteria,Enterobacterales,Enterobacteriaceae,Scandinavium
Actinomycetota,Actinomycetes,Micrococcales,Microbacteriaceae,Protaetiibacter
Actinomycetota,Coriobacteriia,Coriobacteriales,Atopobiaceae,Tractidigestivibacter
Bacteroidota,Bacteroidia,Bacteroidales,Porphyromonadaceae,Gabonibacter
Pseudomonadota,Betaproteobacteria,Burkholderiales,Sutterellaceae,Parasutterella
Pseudomonadota,Alphaproteobacteria,Rhodobacterales,Roseobacteraceae,Pseudosulfitobacter
Bacteroidota,Flavobacteriia,Flavobacteriales,Flavobacteriaceae,Myroides
Bacillota,Bacilli,Lactobacillales,Lactobacillaceae,Levilactobacillus
Bacteroidota,Cytophagia,Cytophagales,Reichenbachiellaceae,Marinoscillum
Pseudomonadota,Betaproteobacteria,Burkholderiales,Burkholderiaceae,Pandoraea
Actinomycetota,Actinomycetes,Bifidobacteriales,Bifidobacteriaceae,Bifidobacterium
Pseudomonadota,Alphaproteobacteria,Rhodospirillales,Thalassobaculaceae,Nisaea
Bacillota,Bacilli,Lactobacillales,Aerococcaceae,Fundicoccus
Actinomycetota,Actinomycetes,Pseudonocardiales,Pseudonocardiaceae,Prauserella
Actinomycetota,Actinomycetes,Pseudonocardiales,Pseudonocardiaceae,Lentzea
Bacillota,Clostridia,Eubacteriales,Eubacteriaceae,Irregularibacter
Pseudomonadota,Alphaproteobacteria,Rhodospirillales,Acetobacteraceae,Roseomonas
Bacteroidota,Flavobacteriia,Flavobacteriales,Flavobacteriaceae,Christiangramia
Bacillota,Bacilli,Lactobacillales,Carnobacteriaceae,Granulicatella
Pseudomonadota,Alphaproteobacteria,Parvularculales,Parvularculaceae,Parvularcula
Bacillota,Erysipelotrichia,Erysipelotrichales,Turicibacteraceae,Turicibacter
Bacillota,Clostridia,Eubacteriales,Oscillospiraceae,Thermocaproicibacter
Mycoplasmatota,NA,Mycoplasmoidales,Mycoplasmoidaceae,Mycoplasmoides
Pseudomonadota,Betaproteobacteria,Rhodocyclales,Rhodocyclaceae,Aromatoleum
Pseudomonadota,Betaproteobacteria,Neisseriales,Chitinibacteraceae,Chitinolyticbacter
Bacteroidota,Sphingobacteriia,Sphingobacteriales,Sphingobacteriaceae,Desertivirga
Bacteroidota,Sphingobacteriia,Sphingobacteriales,Sphingobacteriaceae,Paradesertivirga
Bacteroidota,Cytophagia,Cytophagales,Hymenobacteraceae,Rufibacter
Pseudomonadota,Alphaproteobacteria,Rhodobacterales,Roseobacteraceae,Phaeobacter
Bacillota,Erysipelotrichia,Erysipelotrichales,Erysipelotrichaceae,Allocoprobacillus
Bacillota,Clostridia,Lutisporales,Lutisporaceae,Lutispora
Pseudomonadota,Gammaproteobacteria,Oceanospirillales,Oceanospirillaceae,Amphritea
Pseudomonadota,Gammaproteobacteria,Oceanospirillales,Oceanospirillaceae,Aliamphritea
Bacillota,Bacilli,Lactobacillales,Lactobacillaceae,Lapidilactobacillus
Bacteroidota,Cytophagia,Cytophagales,Leadbetterellaceae,Lacihabitans
Bacteroidota,Bacteroidia,Bacteroidales,Barnesiellaceae,Coprobacter
Balneolota,Balneolia,Balneolales,Balneolaceae,Gracilimonas
Pseudomonadota,Alphaproteobacteria,Rickettsiales,Anaplasmataceae,Candidatus Neoehrlichia
Pseudomonadota,Alphaproteobacteria,Hyphomicrobiales,Alsobacteraceae,Alsobacter
Bacillota,Bacilli,Bacillales,Bacillaceae,Ectobacillus
Pseudomonadota,Gammaproteobacteria,Oceanospirillales,Oceanospirillaceae,Marinobacterium
Campylobacterota,Epsilonproteobacteria,Campylobacterales,Arcobacteraceae,Arcobacter
Pseudomonadota,Gammaproteobacteria,Candidatus Comchoanobacterales,Candidatus Comchoanobacteraceae,Candidatus Synchoanobacter
Bacillota,Bacilli,Bacillales,Bacillaceae,Salirhabdus
Planctomycetota,Planctomycetia,Pirellulales,Pirellulaceae,Anatilimnocola
Pseudomonadota,Gammaproteobacteria,Enterobacterales,Enterobacteriaceae,Atlantibacter
Actinomycetota,Thermoleophilia,Solirubrobacterales,Paraconexibacteraceae,Paraconexibacter
Pseudomonadota,Alphaproteobacteria,Rhodobacterales,Roseobacteraceae,Loktanella
Actinomycetota,Actinomycetes,Micrococcales,Micrococcaceae,Rothia
Pseudomonadota,Gammaproteobacteria,Alteromonadales,Alteromonadaceae,Opacimonas
Myxococcota,Myxococcia,Myxococcales,Myxococcaceae,Myxococcus
Myxococcota,Myxococcia,Myxococcales,Myxococcaceae,Pyxidicoccus
Pseudomonadota,Gammaproteobacteria,Cellvibrionales,Cellvibrionaceae,Gilvimarinus
Pseudomonadota,Alphaproteobacteria,Hyphomicrobiales,Aurantimonadaceae,Aurantimonas
Cyanobacteriota,Cyanophyceae,Oscillatoriales,Microcoleaceae,Planktothrix
Cyanobacteriota,Cyanophyceae,Coleofasciculales,Coleofasciculaceae,Limnofasciculus
Pseudomonadota,Gammaproteobacteria,Candidatus Comchoanobacterales,Candidatus Comchoanobacteraceae,Candidatus Comchoanobacter
Actinomycetota,Actinomycetes,Micromonosporales,Micromonosporaceae,Hamadaea
Actinomycetota,Actinomycetes,Pseudonocardiales,Pseudonocardiaceae,Streptoalloteichus
Actinomycetota,Actinomycetes,Pseudonocardiales,Pseudonocardiaceae,Goodfellowiella
Pseudomonadota,Gammaproteobacteria,Chromatiales,Ectothiorhodospiraceae,Natronospira
Pseudomonadota,Gammaproteobacteria,Chromatiales,Ectothiorhodospiraceae,Natronocella
Bacillota,Clostridia,Lachnospirales,Lachnospiraceae,Aequitasia
Bacillota,Clostridia,Lachnospirales,Lachnospiraceae,Ohessyouella
Pseudomonadota,Gammaproteobacteria,Alteromonadales,Idiomarinaceae,Idiomarina
Pseudomonadota,Alphaproteobacteria,Futianiales,Futianiaceae,Futiania
Bacteroidota,Cytophagia,Cytophagales,Spirosomataceae,Runella
Pseudomonadota,Alphaproteobacteria,Rhodobacterales,Paracoccaceae,Rhodovulum
Pseudomonadota,Gammaproteobacteria,Enterobacterales,Enterobacteriaceae,Pseudocitrobacter
Bacillota,Bacilli,Bacillales,Sporolactobacillaceae,Sporolactobacillus
Pseudomonadota,Alphaproteobacteria,Hyphomicrobiales,Phyllobacteriaceae,Aliihoeflea
Pseudomonadota,Alphaproteobacteria,Rhodospirillales,Acetobacteraceae,Siccirubricoccus
NA,NA,NA,NA,NA
Pseudomonadota,Betaproteobacteria,Burkholderiales,Sphaerotilaceae,Ideonella
Pseudomonadota,Alphaproteobacteria,Hyphomicrobiales,Rhizobiaceae,Ciceribacter
Planctomycetota,Planctomycetia,Pirellulales,Lacipirellulaceae,Aeoliella
Bacteroidota,Bacteroidia,Bacteroidales,Prevotellaceae,Segatella
Bacillota,Bacilli,Lactobacillales,Lactobacillaceae,Fructilactobacillus
Cyanobacteriota,Cyanophyceae,Oscillatoriales,Oscillatoriaceae,Phormidium
Actinomycetota,Actinomycetes,Micrococcales,Ornithinimicrobiaceae,Ornithinimicrobium
Pseudomonadota,Gammaproteobacteria,Alteromonadales,Idiomarinaceae,Aliidiomarina
Bacteroidota,Sphingobacteriia,Sphingobacteriales,Sphingobacteriaceae,Solitalea
Bacillota,Clostridia,Eubacteriales,Caldicoprobacteraceae,Caldicoprobacter
Thermomicrobiota,Thermomicrobia,Thermomicrobiales,Thermomicrobiaceae,Thermalbibacter
Pseudomonadota,Gammaproteobacteria,Vibrionales,Vibrionaceae,Grimontia
Actinomycetota,Actinomycetes,Micrococcales,Microbacteriaceae,Rathayibacter
Pseudomonadota,Gammaproteobacteria,Chromatiales,Sedimenticolaceae,Candidatus Endoriftia
Deferribacterota,Deferribacteres,Deferribacterales,Mucispirillaceae,Mucispirillum
Pseudomonadota,Betaproteobacteria,Burkholderiales,Burkholderiaceae,Zeimonas
Bacillota,Bacilli,Bacillales,Bacillaceae,Oceanobacillus
Bacillota,Bacilli,Bacillales,Alicyclobacillaceae,Collibacillus
Bacillota,Clostridia,Eubacteriales,Pumilibacteraceae,Pumilibacter
Bacillota,Clostridia,Eubacteriales,Pumilibacteraceae,Anaerocaecibacter
Actinomycetota,Coriobacteriia,Eggerthellales,Eggerthellaceae,Anaerotardibacter
Bacillota,Clostridia,Eubacteriales,Oscillospiraceae,Vermiculatibacterium
Actinomycetota,Coriobacteriia,Eggerthellales,Eggerthellaceae,Adlercreutzia
Actinomycetota,Coriobacteriia,Coriobacteriales,Atopobiaceae,Caniella
Bacteroidota,Bacteroidia,Bacteroidales,Odoribacteraceae,Odoribacter
Bacillota,Clostridia,Eubacteriales,Eubacteriales Family XIII. Incertae Sedis,Senimuribacter
Bacillota,Clostridia,Lachnospirales,Lachnospiraceae,Hominisplanchenecus
Bacillota,Clostridia,Eubacteriales,NA,Flintibacter
Bacillota,Clostridia,Lachnospirales,Lachnospiraceae,Acetatifactor
Bacillota,Clostridia,Lachnospirales,Lachnospiraceae,Otoolea
Pseudomonadota,Gammaproteobacteria,Alteromonadales,Echinimonadaceae,Echinimonas
Pseudomonadota,Gammaproteobacteria,Cellvibrionales,Spongiibacteraceae,Spongiibacter
Planctomycetota,Planctomycetia,Pirellulales,Pirellulaceae,Aporhodopirellula
Pseudomonadota,Alphaproteobacteria,Hyphomicrobiales,Rhizobiaceae,Allorhizobium
Pseudomonadota,Gammaproteobacteria,Lysobacterales,Rhodanobacteraceae,Luteibacter
Bacillota,Clostridia,Eubacteriales,Clostridiaceae,Oceanirhabdus
Bacteroidota,Bacteroidia,Marinilabiliales,Marinilabiliaceae,Xiashengella
Cyanobacteriota,Cyanophyceae,Oscillatoriales,Oscillatoriaceae,Lyngbya
Bacteroidota,Flavobacteriia,Flavobacteriales,Flavobacteriaceae,Hanstruepera
Actinomycetota,Actinomycetes,Actinomycetales,Actinomycetaceae,Bowdeniella
Bacillota,Clostridia,Lachnospirales,Lachnospiraceae,Tyzzerella
Bacillota,Clostridia,Lachnospirales,Lachnospiraceae,Anaeropeptidivorans
Pseudomonadota,Alphaproteobacteria,Rhodospirillales,Acetobacteraceae,Rhodovastum
Pseudomonadota,Gammaproteobacteria,Enterobacterales,Enterobacteriaceae,Candidatus Blochmanniella
Actinomycetota,Actinomycetes,Micrococcales,Micrococcaceae,Micrococcus
Pseudomonadota,Betaproteobacteria,Burkholderiales,Sphaerotilaceae,Aquincola
Actinomycetota,Actinomycetes,Pseudonocardiales,Pseudonocardiaceae,Kibdelosporangium
Spirochaetota,Spirochaetia,Brevinematales,Thermospiraceae,Thermospira
Pseudomonadota,Gammaproteobacteria,Pasteurellales,Pasteurellaceae,Aggregatibacter
Pseudomonadota,Gammaproteobacteria,Oceanospirillales,Aestuariirhabdaceae,Aestuariirhabdus
Pseudomonadota,Alphaproteobacteria,Rhodobacterales,Roseobacteraceae,Ruegeria
Pseudomonadota,Gammaproteobacteria,Oceanospirillales,Endozoicomonadaceae,Parendozoicomonas
Bacteroidota,Flavobacteriia,Flavobacteriales,Flavobacteriaceae,Jejuia
Bacillota,Negativicutes,Acidaminococcales,Acidaminococcaceae,Phascolarctobacterium
Pseudomonadota,Alphaproteobacteria,Rhodobacterales,Paracoccaceae,Limibaculum
Bacillota,Bacilli,Lactobacillales,Lactobacillaceae,Bombilactobacillus
Bacillota,Bacilli,Lactobacillales,Lactobacillaceae,Apilactobacillus
Bacillota,Bacilli,Lactobacillales,Lactobacillaceae,Nicoliella
Actinomycetota,Coriobacteriia,Anaerosomatales,Anaerosomataceae,Parvivirga
Bacteroidota,Bacteroidia,Bacteroidales,Prevotellaceae,Marseilla
Pseudomonadota,Alphaproteobacteria,Rhodobacterales,Paracoccaceae,Roseibaca
Cyanobacteriota,Cyanophyceae,Oscillatoriales,Oscillatoriaceae,Argonema
Actinomycetota,Actinomycetes,Micrococcales,Microbacteriaceae,Clavibacter
Bacillota,Bacilli,Lactobacillales,Lactobacillaceae,Convivina
Pseudomonadota,Betaproteobacteria,Burkholderiales,Sphaerotilaceae,Scleromatobacter
Bacillota,Clostridia,Halanaerobiales,Halobacteroidaceae,Fuchsiella
Bacillota,Clostridia,Halanaerobiales,Halobacteroidaceae,Natroniella
Thermodesulfobacteriota,Desulfuromonadia,Geobacterales,Geobacteraceae,Geomonas
Actinomycetota,Actinomycetes,Streptosporangiales,Nocardiopsaceae,Thermobifida
Bacteroidota,Cytophagia,Cytophagales,Cytophagaceae,Spirosoma
Pseudomonadota,Gammaproteobacteria,NA,NA,Methylonatrum
Myxococcota,Myxococcia,Myxococcales,Anaeromyxobacteraceae,Anaeromyxobacter
Thermodesulfobacteriota,Desulfobulbia,Desulfobulbales,Desulfocapsaceae,Desulfofustis
Actinomycetota,Coriobacteriia,Coriobacteriales,Kribbibacteriaceae,Leptogranulimonas
Actinomycetota,Coriobacteriia,Anaerosomatales,Anaerosomataceae,Anaerosoma
Actinomycetota,Acidimicrobiia,Acidimicrobiales,Acidimicrobiaceae,Aciditerrimonas
Pseudomonadota,Alphaproteobacteria,Rhodobacterales,Paracoccaceae,Abyssibius
Pseudomonadota,Gammaproteobacteria,Oceanospirillales,Alcanivoracaceae,Alcanivorax
Bacillota,Clostridia,Eubacteriales,Oscillospiraceae,Anaerotruncus
Thermodesulfobacteriota,Desulfobacteria,Desulfobacterales,Desulfosarcinaceae,Desulfatitalea
Pseudomonadota,Alphaproteobacteria,Hyphomicrobiales,Rhizobiaceae,Pseudorhizobium
Bacillota,Bacilli,Bacillales,Bacillaceae,Gracilibacillus
Pseudomonadota,Alphaproteobacteria,Rhodobacterales,Paracoccaceae,Falsirhodobacter
Pseudomonadota,Betaproteobacteria,Burkholderiales,Burkholderiaceae,Caballeronia
Pseudomonadota,Betaproteobacteria,Neisseriales,Neisseriaceae,Vitreoscilla
Pseudomonadota,Betaproteobacteria,Neisseriales,Neisseriaceae,Uruburuella
Spirochaetota,Spirochaetia,Spirochaetales,Sphaerochaetaceae,Sphaerochaeta
Cyanobacteriota,Cyanophyceae,Thermostichales,Thermostichaceae,Thermostichus
Deinococcota,Deinococci,Thermales,Thermaceae,Thermus
Synergistota,Synergistia,Synergistales,Dethiosulfovibrionaceae,Pyramidobacter
Bacillota,Clostridia,Lachnospirales,Lachnospiraceae,Lachnoclostridium
Actinomycetota,Coriobacteriia,Eggerthellales,Eggerthellaceae,Raoultibacter
Actinomycetota,Coriobacteriia,Coriobacteriales,Kribbibacteriaceae,Granulimonas
Pseudomonadota,Betaproteobacteria,Burkholderiales,Alcaligenaceae,Orrella
Thermodesulfobacteriota,Desulfovibrionia,Desulfovibrionales,Desulfovibrionaceae,Fundidesulfovibrio
Bacteroidota,Flavobacteriia,Flavobacteriales,Flavobacteriaceae,Abyssalbus
Actinomycetota,Actinomycetes,Actinomycetales,Actinomycetaceae,Schaalia
Pseudomonadota,Alphaproteobacteria,Hyphomicrobiales,Rhodoblastaceae,Rhodoblastus
Actinomycetota,Actinomycetes,Micrococcales,Microbacteriaceae,Cryobacterium
Bacteroidota,Flavobacteriia,Flavobacteriales,Flavobacteriaceae,Zhouia
Pseudomonadota,Betaproteobacteria,Neisseriales,Neisseriaceae,Morococcus
Bacillota,Erysipelotrichia,Erysipelotrichales,Erysipelotrichaceae,Allobaculum
Pseudomonadota,Alphaproteobacteria,Caulobacterales,Caulobacteraceae,Phenylobacterium
Pseudomonadota,Gammaproteobacteria,Alteromonadales,Colwelliaceae,Colwellia
Bacteroidota,Flavobacteriia,Flavobacteriales,Flavobacteriaceae,Aestuariivivens
Pseudomonadota,Gammaproteobacteria,Cardiobacteriales,Ignatzschineriaceae,Ignatzschineria
Pseudomonadota,Gammaproteobacteria,Enterobacterales,Enterobacteriaceae,Raoultella
Pseudomonadota,Gammaproteobacteria,Enterobacterales,Enterobacteriaceae,Buttiauxella
Pseudomonadota,Gammaproteobacteria,Lysobacterales,Lysobacteraceae,Pseudoxanthomonas
Pseudomonadota,Gammaproteobacteria,Enterobacterales,Yersiniaceae,Rahnella
Bacillota,Bacilli,Bacillales,Alicyclobacillaceae,Sulfoacidibacillus
Thermodesulfobacteriota,Syntrophobacteria,Syntrophobacterales,Syntrophobacteraceae,Desulfoferrobacter
Pseudomonadota,Gammaproteobacteria,Enterobacterales,Erwiniaceae,Rosenbergiella
Pseudomonadota,Gammaproteobacteria,Pseudomonadales,Pseudomonadaceae,Atopomonas
Pseudomonadota,Gammaproteobacteria,Enterobacterales,Morganellaceae,Moellerella
Pseudomonadota,Alphaproteobacteria,Sphingomonadales,Sphingosinicellaceae,Pedomonas
Actinomycetota,Actinomycetes,Micrococcales,Intrasporangiaceae,Arsenicicoccus
Bacillota,Bacilli,Bacillales,Bacillaceae,Priestia
Bacillota,Dethiobacteria,Dethiobacterales,Dethiobacteraceae,Candidatus Contubernalis
Bacillota,Clostridia,Natranaerobiales,Natranaerofabaceae,Natranaerofaba
Actinomycetota,Actinomycetes,Micrococcales,Micrococcaceae,Sinomonas
Bacteroidota,Cytophagia,Cytophagales,Cyclobacteriaceae,Cognataquiflexum
Bacillota,Bacilli,Bacillales,Thermoactinomycetaceae,Shimazuella
Bacillota,Bacilli,Lactobacillales,Lactobacillaceae,Secundilactobacillus
Pseudomonadota,Betaproteobacteria,Burkholderiales,Comamonadaceae,Paracidovorax
Bacillota,Erysipelotrichia,Erysipelotrichales,Erysipelotrichaceae,Amedibacillus
Pseudomonadota,Alphaproteobacteria,Rhodospirillales,Acetobacteraceae,Aristophania
Bacillota,Clostridia,Lachnospirales,Lachnospiraceae,Agathobacter
Bacillota,Clostridia,Eubacteriales,Peptococcaceae,Acididesulfobacillus
Bacillota,Bacilli,Bacillales,Bacillaceae,Peribacillus
Pseudomonadota,Betaproteobacteria,Nitrosomonadales,Gallionellaceae,Candidatus Nitrotoga
Pseudomonadota,Alphaproteobacteria,Sphingomonadales,Erythrobacteraceae,Croceicoccus
Bacteroidota,Chitinophagia,Chitinophagales,Chitinophagaceae,Flavihumibacter
Pseudomonadota,Gammaproteobacteria,Nevskiales,Nevskiaceae,Flagellatimonas
Spirochaetota,Spirochaetia,Spirochaetales,Treponemataceae,Brucepastera
Pseudomonadota,Alphaproteobacteria,Hyphomicrobiales,Rhizobiaceae,Ensifer
Pseudomonadota,Betaproteobacteria,Neisseriales,Neisseriaceae,Wielerella
Pseudomonadota,Betaproteobacteria,Neisseriales,Neisseriaceae,Snodgrassella
Bacteroidota,Saprospiria,Saprospirales,Lewinellaceae,Neolewinella
Bacteroidota,Bacteroidia,Bacteroidales,Dysgonomonadaceae,Proteiniphilum
Planctomycetota,Planctomycetia,Planctomycetales,Planctomycetaceae,Rubinisphaera
Bacteroidota,Bacteroidia,Marinilabiliales,Prolixibacteraceae,Maribellus
Pseudomonadota,Gammaproteobacteria,Chromatiales,Ectothiorhodospiraceae,Ectothiorhodospira
Bacillota,Clostridia,Eubacteriales,Oscillospiraceae,Faecalibacterium
Pseudomonadota,Alphaproteobacteria,Hyphomicrobiales,Methylobacteriaceae,Methylorubrum
Pseudomonadota,Gammaproteobacteria,Enterobacterales,Enterobacteriaceae,Huaxiibacter
Bacillota,Bacilli,Bacillales,Bacillaceae,Rossellomorea
Bacteroidota,Flavobacteriia,Flavobacteriales,Crocinitomicaceae,Paracrocinitomix
NA,Deltaproteobacteria,NA,NA,Dissulfurimicrobium
Bacteroidota,Bacteroidia,Bacteroidales,Prevotellaceae,Prevotella
Bacillota,Negativicutes,Selenomonadales,Selenomonadaceae,Mitsuokella
Pseudomonadota,Alphaproteobacteria,Sphingomonadales,Sphingosinicellaceae,Sandaracinobacteroides
Balneolota,Balneolia,Balneolales,Balneolaceae,Rhodohalobacter
Bacteroidota,Flavobacteriia,Flavobacteriales,Flavobacteriaceae,Cerina
Actinomycetota,Actinomycetes,Micrococcales,Micrococcaceae,Paenarthrobacter
Pseudomonadota,Betaproteobacteria,Burkholderiales,Sutterellaceae,Duodenibacillus
Pseudomonadota,Gammaproteobacteria,Cellvibrionales,Spongiibacteraceae,Sinobacterium
Pseudomonadota,Alphaproteobacteria,Hyphomicrobiales,Pleomorphomonadaceae,Oryzibacter
Bacteroidota,Flavobacteriia,Flavobacteriales,Flavobacteriaceae,Joostella
Pseudomonadota,Gammaproteobacteria,Enterobacterales,Hafniaceae,Edwardsiella
Actinomycetota,Actinomycetes,Micrococcales,Brevibacteriaceae,Spelaeicoccus
Bacteroidota,Saprospiria,Saprospirales,Saprospiraceae,Membranihabitans
Bacteroidota,Flavobacteriia,Flavobacteriales,Flavobacteriaceae,Wocania
Bacteroidota,Flavobacteriia,Flavobacteriales,Flavobacteriaceae,Flaviramulus
Bacillota,Clostridia,Peptostreptococcales,Peptostreptococcaceae,Mediannikoviicoccus
Pseudomonadota,Gammaproteobacteria,Cellvibrionales,Cellvibrionaceae,Marinagarivorans
Pseudomonadota,Alphaproteobacteria,Holosporales,Holosporaceae,Candidatus Hydrogenosomobacter
Thermodesulfobacteriota,Desulfobacteria,Desulfobacterales,Desulfolunaceae,Desulfoluna
Pseudomonadota,Betaproteobacteria,Nitrosomonadales,Gallionellaceae,Sideroxyarcus
Pseudomonadota,Betaproteobacteria,Burkholderiales,Alcaligenaceae,Paracandidimonas
Bacillota,Bacilli,Bacillales,Staphylococcaceae,Macrococcoides
Pseudomonadota,Gammaproteobacteria,Thiotrichales,Thiotrichaceae,Thiothrix
Pseudomonadota,Alphaproteobacteria,Hyphomicrobiales,Devosiaceae,Mariluticola
Bacillota,Bacilli,Bacillales,Bacillaceae,Microaerobacter
Bacteroidota,Cytophagia,Cytophagales,Cyclobacteriaceae,Mongoliitalea
Pseudomonadota,Alphaproteobacteria,Rhodospirillales,Zavarziniaceae,Zavarzinia
Synergistota,Synergistia,Synergistales,Dethiosulfovibrionaceae,Dethiosulfovibrio
Actinomycetota,Actinomycetes,Micrococcales,Promicromonosporaceae,Antribacter
Bacteroidota,Flavobacteriia,Flavobacteriales,Flavobacteriaceae,Gillisia
Pseudomonadota,Alphaproteobacteria,Hyphomicrobiales,Amorphaceae,Acuticoccus
Pseudomonadota,Gammaproteobacteria,Lysobacterales,Rhodanobacteraceae,Rhodanobacter
Pseudomonadota,Alphaproteobacteria,Rhodobacterales,Roseobacteraceae,Octadecabacter
Cyanobacteriota,Cyanophyceae,Nostocales,Nostocaceae,Desmonostoc
Bacteroidota,Cytophagia,Cytophagales,Cyclobacteriaceae,Mariniradius
Pseudomonadota,Alphaproteobacteria,Rhodobacterales,Paracoccaceae,Tabrizicola
Pseudomonadota,Gammaproteobacteria,Pseudomonadales,Pseudomonadaceae,Stutzerimonas
Pseudomonadota,Alphaproteobacteria,Rhodobacterales,Paracoccaceae,Cereibacter
Bacteroidota,Cytophagia,Cytophagales,Fulvivirgaceae,Fulvivirga
Cyanobacteriota,Cyanophyceae,Leptolyngbyales,Leptolyngbyaceae,Leptodesmis
Actinomycetota,Coriobacteriia,Eggerthellales,Eggerthellaceae,Eggerthella
Pseudomonadota,Gammaproteobacteria,Alteromonadales,NA,Motilimonas
Pseudomonadota,Gammaproteobacteria,Cellvibrionales,Cellvibrionaceae,Sessilibacter
Pseudomonadota,Betaproteobacteria,Burkholderiales,Comamonadaceae,Melaminivora
Actinomycetota,Acidimicrobiia,Acidimicrobiales,Iamiaceae,Rhabdothermincola
Pseudomonadota,Gammaproteobacteria,Chromatiales,Chromatiaceae,Thiocapsa
Bacteroidota,Cytophagia,Cytophagales,Fulvivirgaceae,Parachryseolinea
Bacteroidota,Flavobacteriia,Flavobacteriales,Flavobacteriaceae,Sinomicrobium
Bacteroidota,Cytophagia,Cytophagales,Thermoflexibacteraceae,Rhodoflexus
Actinomycetota,Thermoleophilia,Solirubrobacterales,Capillimicrobiaceae,Capillimicrobium
Pseudomonadota,Gammaproteobacteria,Lysobacterales,Rhodanobacteraceae,Frateuria
Pseudomonadota,Alphaproteobacteria,Holosporales,Holosporaceae,Candidatus Gromoviella
Candidatus Absconditabacteria,NA,Candidatus Absconditabacterales,Candidatus Absconditicoccaceae,Candidatus Absconditicoccus
Bacillota,Erysipelotrichia,Erysipelotrichales,Coprobacillaceae,Tannockella
Actinomycetota,Actinomycetes,Micrococcales,Ruaniaceae,Ruania
Bacillota,Bacilli,Bacillales,Bacillaceae,Radiobacillus
Pseudomonadota,Gammaproteobacteria,Methylococcales,Methylococcaceae,Methylicorpusculum
Bacillota,Negativicutes,Acidaminococcales,Acidaminococcaceae,Acidaminococcus
Actinomycetota,Coriobacteriia,Eggerthellales,Eggerthellaceae,Paraeggerthella
Bacillota,Clostridia,Lachnospirales,Lachnospiraceae,Lientehia
Actinomycetota,Actinomycetes,Micrococcales,Microbacteriaceae,Subtercola
Bacillota,Bacilli,Lactobacillales,Lactobacillaceae,Agrilactobacillus
Bacillota,Bacilli,Bacillales,Staphylococcaceae,Salinicoccus
Spirochaetota,Spirochaetia,Spirochaetales,Treponemataceae,Teretinema
Cyanobacteriota,Cyanophyceae,Gloeobacterales,Gloeobacteraceae,Gloeobacter
Pseudomonadota,Gammaproteobacteria,Enterobacterales,Budviciaceae,Limnobaculum
Pseudomonadota,Gammaproteobacteria,Enterobacterales,Enterobacteriaceae,Plesiomonas
Pseudomonadota,Gammaproteobacteria,Lysobacterales,Lysobacteraceae,Xylella
Planctomycetota,Planctomycetia,Pirellulales,Pirellulaceae,Blastopirellula
Chloroflexota,Caldilineae,Caldilineales,Caldilineaceae,Litorilinea
Pseudomonadota,Gammaproteobacteria,Chromatiales,Ectothiorhodospiraceae,Spiribacter
Pseudomonadota,Alphaproteobacteria,Hyphomicrobiales,Reyranellaceae,Reyranella
Bacillota,Bacilli,Bacillales,Bacillaceae,Sutcliffiella
Bacillota,Bacilli,Bacillales,Bacillaceae,Pseudoneobacillus
Pseudomonadota,Alphaproteobacteria,Hyphomicrobiales,Ancalomicrobiaceae,Pinisolibacter
Cyanobacteriota,Cyanophyceae,Nostocales,Nostocaceae,Nostoc
Pseudomonadota,Gammaproteobacteria,Acidiferrobacterales,Acidiferrobacteraceae,Acidiferrobacter
Bacillota,Negativicutes,Selenomonadales,Sporomusaceae,Pelosinus
Pseudomonadota,Alphaproteobacteria,Rhodospirillales,Azospirillaceae,Skermanella
Bacteroidota,Flavobacteriia,Flavobacteriales,Flavobacteriaceae,Leeuwenhoekiella
Bacillota,Clostridia,Eubacteriales,Eubacteriales Family XIII. Incertae Sedis,Hominibacterium
Actinomycetota,Acidimicrobiia,Acidimicrobiales,Iamiaceae,Dermatobacter
Bacillota,Clostridia,Halanaerobiales,Halanaerobiaceae,Halanaerobium
Bacillota,Clostridia,Moorellales,Zhaonellaceae,Zhaonella
Pseudomonadota,Gammaproteobacteria,Alteromonadales,Alteromonadaceae,Planctobacterium
Bacillota,Clostridia,Lachnospirales,Lachnospiraceae,Hominifimenecus
Bacillota,Clostridia,Eubacteriales,Oscillospiraceae,Hominilimicola
Bacillota,Clostridia,Lachnospirales,Lachnospiraceae,Anthropogastromicrobium
Bacillota,Clostridia,Eubacteriales,Oscillospiraceae,Hominenteromicrobium
Bacillota,Clostridia,Eubacteriales,Oscillospiraceae,Brotocaccenecus
Bacillota,Clostridia,Lachnospirales,Lachnospiraceae,Brotaphodocola
Bacillota,Clostridia,Lachnospirales,Lachnospiraceae,Hominiventricola
Cyanobacteriota,Cyanophyceae,Pleurocapsales,Hyellaceae,Waterburya
Pseudomonadota,Alphaproteobacteria,Rhodospirillales,Acetobacteraceae,Acidisoma
Bacillota,Bacilli,Lactobacillales,Lactobacillaceae,Lentilactobacillus
Bacillota,Bacilli,Bacillales,Planococcaceae,Jeotgalibacillus
Pseudomonadota,Betaproteobacteria,Neisseriales,Leeiaceae,Leeia
Actinomycetota,Actinomycetes,Micrococcales,Promicromonosporaceae,Cellulosimicrobium
Pseudomonadota,Betaproteobacteria,Burkholderiales,Burkholderiaceae,Candidatus Vallotia
Pseudomonadota,Gammaproteobacteria,Enterobacterales,Enterobacteriaceae,Candidatus Profftia
Pseudomonadota,Gammaproteobacteria,Enterobacterales,Enterobacteriaceae,Candidatus Annandia
Pseudomonadota,Gammaproteobacteria,NA,NA,Candidatus Steffania
Pseudomonadota,Alphaproteobacteria,Rhodobacterales,Paracoccaceae,Pseudogemmobacter
Pseudomonadota,Betaproteobacteria,Burkholderiales,Alcaligenaceae,Mesopusillimonas
Bacillota,Tissierellia,Tissierellales,Sporanaerobacteraceae,Anaerosalibacter
Actinomycetota,Actinomycetes,Micrococcales,Microbacteriaceae,Antiquaquibacter
Pseudomonadota,Betaproteobacteria,Nitrosomonadales,Methylophilaceae,Methylobacillus
Pseudomonadota,Gammaproteobacteria,Alteromonadales,Alteromonadaceae,Alishewanella
Pseudomonadota,Betaproteobacteria,Nitrosomonadales,Methylophilaceae,Methylovorus
Pseudomonadota,Betaproteobacteria,Neisseriales,Chitinibacteraceae,Deefgea
Pseudomonadota,Alphaproteobacteria,Rhodobacterales,Paracoccaceae,Oceaniglobus
Pseudomonadota,Alphaproteobacteria,Rhodobacterales,Roseobacteraceae,Celeribacter
Pseudomonadota,Gammaproteobacteria,Enterobacterales,Enterobacteriaceae,Mangrovibacter
Bacteroidota,Flavobacteriia,Flavobacteriales,Flavobacteriaceae,Tamlana
Pseudomonadota,Alphaproteobacteria,Rhodospirillales,Acetobacteraceae,Roseicella
Cyanobacteriota,Cyanophyceae,Oscillatoriales,Aerosakkonemataceae,Microseira
Pseudomonadota,Betaproteobacteria,Rhodocyclales,Azonexaceae,Ferribacterium
Pseudomonadota,Betaproteobacteria,Rhodocyclales,Azonexaceae,Quatrionicoccus
Bacillota,Bacilli,Lactobacillales,Lactobacillaceae,Oenococcus
Deferribacterota,Deferribacteres,Deferribacterales,Deferrivibrionaceae,Deferrivibrio
Pseudomonadota,Betaproteobacteria,NA,NA,Candidatus Tremblaya
Actinomycetota,Actinomycetes,Micrococcales,Microbacteriaceae,Mycetocola
Pseudomonadota,Gammaproteobacteria,Enterobacterales,Erwiniaceae,Duffyella
Bacteroidota,Flavobacteriia,Flavobacteriales,Flavobacteriaceae,Salegentibacter
Actinomycetota,Actinomycetes,Micromonosporales,Micromonosporaceae,Jidongwangia
Actinomycetota,Actinomycetes,Geodermatophilales,Geodermatophilaceae,Klenkia
Pseudomonadota,Alphaproteobacteria,Rhodobacterales,Paracoccaceae,Xinfangfangia
Pseudomonadota,Alphaproteobacteria,Rhodobacterales,Roseobacteraceae,Seohaeicola
Bacteroidota,Flavobacteriia,Flavobacteriales,Flavobacteriaceae,Psychroflexus
Pseudomonadota,Betaproteobacteria,Neisseriales,Neisseriaceae,Alysiella
Pseudomonadota,Betaproteobacteria,Burkholderiales,NA,Tepidimonas
Pseudomonadota,Gammaproteobacteria,Enterobacterales,Hafniaceae,Hafnia
Bacteroidota,Cytophagia,Cytophagales,Leadbetterellaceae,Marinilongibacter
Bacteroidota,NA,Candidatus Sulfidibacteriales,NA,Candidatus Sulfidibacterium
Pseudomonadota,Gammaproteobacteria,Oceanospirillales,Halomonadaceae,Modicisalibacter
Cyanobacteriota,Cyanophyceae,Oscillatoriales,Oscillatoriaceae,Oscillatoria
Pseudomonadota,Alphaproteobacteria,Sphingomonadales,Sphingosinicellaceae,Pacificimonas
Cyanobacteriota,Cyanophyceae,Leptolyngbyales,Leptolyngbyaceae,Kovacikia
Spirochaetota,Spirochaetia,Spirochaetales,Breznakiellaceae,Breznakiella
Bacteroidota,Chitinophagia,Chitinophagales,Chitinophagaceae,Arachidicoccus
Pseudomonadota,Gammaproteobacteria,NA,Celerinatantimonadaceae,Celerinatantimonas
Pseudomonadota,Gammaproteobacteria,Kangiellales,Kangiellaceae,Kangiella
Bacillota,Negativicutes,Selenomonadales,Selenomonadaceae,Megamonas
Pseudomonadota,Alphaproteobacteria,Hyphomicrobiales,Ahrensiaceae,Oricola
Pseudomonadota,Alphaproteobacteria,Rhodobacterales,Roseobacteraceae,Heliomarina
Pseudomonadota,Alphaproteobacteria,Rhodobacterales,Roseobacteraceae,Mesobacterium
Pseudomonadota,Alphaproteobacteria,Rhodobacterales,Roseobacteraceae,Tateyamaria
Actinomycetota,Actinomycetes,Micrococcales,Ruaniaceae,Occultella
Pseudomonadota,Gammaproteobacteria,Enterobacterales,Enterobacteriaceae,Candidatus Schneideria
Pseudomonadota,Alphaproteobacteria,Sphingomonadales,Sphingosinicellaceae,Polymorphobacter
Pseudomonadota,Gammaproteobacteria,Alteromonadales,Alteromonadaceae,Paraneptunicella
Cyanobacteriota,Cyanophyceae,Leptolyngbyales,Leptolyngbyaceae,Leptothermofonsia
Bacillota,Clostridia,Eubacteriales,Clostridiaceae,Crassaminicella
Pseudomonadota,Alphaproteobacteria,Sphingomonadales,Sphingomonadaceae,Hephaestia
Pseudomonadota,Alphaproteobacteria,Rhodobacterales,Paracoccaceae,Gymnodinialimonas
Pseudomonadota,Alphaproteobacteria,Geminicoccales,Geminicoccaceae,Geminicoccus
Actinomycetota,Actinomycetes,Geodermatophilales,Geodermatophilaceae,Modestobacter
Actinomycetota,Nitriliruptoria,Salsipaludibacterales,Salsipaludibacteraceae,Salsipaludibacter
Pseudomonadota,Alphaproteobacteria,Hyphomicrobiales,Methylopilaceae,Chenggangzhangella
Pseudomonadota,Gammaproteobacteria,Enterobacterales,Enterobacteriaceae,Symbiopectobacterium
Bacteroidota,Chitinophagia,Chitinophagales,Chitinophagaceae,Edaphocola
Pseudomonadota,Gammaproteobacteria,Chromatiales,Ectothiorhodospiraceae,Thiorhodospira
Pseudomonadota,Alphaproteobacteria,Sphingomonadales,Sphingomonadaceae,Aquisediminimonas
Pseudomonadota,Gammaproteobacteria,Oceanospirillales,Oceanospirillaceae,Oceanobacter
Pseudomonadota,NA,NA,NA,NA
Pseudomonadota,Betaproteobacteria,Nitrosomonadales,Methylophilaceae,Methyloradius
Thermodesulfobacteriota,Desulfobulbia,Desulfobulbales,Desulfobulbaceae,Desulfomarina
Pseudomonadota,Gammaproteobacteria,Vibrionales,Vibrionaceae,Thaumasiovibrio
Pseudomonadota,Gammaproteobacteria,Alteromonadales,Alteromonadaceae,Agarivorans
Pseudomonadota,Gammaproteobacteria,Methylococcales,Methylococcaceae,Methylomagnum
Pseudomonadota,Gammaproteobacteria,Methylococcales,Methylococcaceae,Methylogaea
Chlamydiota,Chlamydiia,Parachlamydiales,Candidatus Rhabdochlamydiaceae,Candidatus Rhabdochlamydia
Pseudomonadota,Alphaproteobacteria,Rhodobacterales,Paracoccaceae,Neotabrizicola
Pseudomonadota,Betaproteobacteria,Nitrosomonadales,Sterolibacteriaceae,Georgfuchsia
Bacteroidota,Flavobacteriia,Flavobacteriales,Weeksellaceae,Riemerella
Pseudomonadota,Alphaproteobacteria,Hyphomicrobiales,Rhizobiaceae,Flavimaribacter
Verrucomicrobiota,Opitutia,Opitutales,Opitutaceae,Horticoccus
Pseudomonadota,Alphaproteobacteria,Rhodospirillales,Acetobacteraceae,Caldovatus
Pseudomonadota,Gammaproteobacteria,Alteromonadales,Echinimonadaceae,Neiella
Pseudomonadota,Alphaproteobacteria,Caulobacterales,Caulobacteraceae,Pseudaquidulcibacter
Rhodothermota,Rhodothermia,Rhodothermales,Rhodothermaceae,Rhodocaloribacter
Verrucomicrobiota,Opitutia,Puniceicoccales,NA,Candidatus Pelagisphaera
Pseudomonadota,Gammaproteobacteria,Aeromonadales,Succinivibrionaceae,Succinivibrio
Bacteroidota,Flavobacteriia,Flavobacteriales,Flavobacteriaceae,Candidatus Arcticimaribacter
Pseudomonadota,Alphaproteobacteria,Rhodospirillales,Acetobacteraceae,Neoroseomonas
Pseudomonadota,Alphaproteobacteria,Rhodobacterales,Roseobacteraceae,Roseobacter
Bacillota,Bacilli,Bacillales,Staphylococcaceae,Nosocomiicoccus
Bacillota,Clostridia,Lachnospirales,Lachnospiraceae,Chordicoccus
Pseudomonadota,Alphaproteobacteria,Sphingomonadales,Sphingomonadaceae,Stakelama
Bacteroidota,Cytophagia,Cytophagales,Cyclobacteriaceae,Arthrospiribacter
Bacteroidota,Flavobacteriia,Flavobacteriales,Flavobacteriaceae,Halomarinibacterium
Pseudomonadota,Gammaproteobacteria,Cellvibrionales,Spongiibacteraceae,Zhongshania
Actinomycetota,Actinomycetes,Mycobacteriales,Gordoniaceae,Skermania
Bacillota,Bacilli,Bacillales,Bacillaceae,Parageobacillus
Bacteroidota,Chitinophagia,Chitinophagales,Chitinophagaceae,Hydrotalea
Bacteroidota,Bacteroidia,Bacteroidales,Bacteroidaceae,Caecibacteroides
Pseudomonadota,Alphaproteobacteria,Rhodobacterales,Roseobacteraceae,Mameliella
Pseudomonadota,Alphaproteobacteria,Rhodobacterales,Roseobacteraceae,Maritimibacter
Pseudomonadota,Gammaproteobacteria,Vibrionales,Vibrionaceae,Enterovibrio
Pseudomonadota,Alphaproteobacteria,Rhodospirillales,Elioraeaceae,Elioraea
Pseudomonadota,Betaproteobacteria,Burkholderiales,Alcaligenaceae,Candidimonas
Bacteroidota,Bacteroidia,Bacteroidales,Muribaculaceae,Duncaniella
Bacteroidota,Bacteroidia,Bacteroidales,Muribaculaceae,Sangeribacter
Pseudomonadota,Gammaproteobacteria,Enterobacterales,Enterobacteriaceae,Tenebrionicola
Pseudomonadota,Betaproteobacteria,Burkholderiales,Alcaligenaceae,Advenella
Pseudomonadota,Gammaproteobacteria,Chromatiales,Chromatiaceae,Arsukibacterium
Pseudomonadota,Alphaproteobacteria,Hyphomicrobiales,Brucellaceae,Falsochrobactrum
Actinomycetota,Actinomycetes,Micromonosporales,Micromonosporaceae,Catellatospora
Pseudomonadota,Alphaproteobacteria,Rhodobacterales,Paracoccaceae,Rhodobacter
Pseudomonadota,Alphaproteobacteria,Rhodobacterales,Paracoccaceae,Anianabacter
Cyanobacteriota,Cyanophyceae,Nostocales,Nostocaceae,Richelia
Bacillota,Erysipelotrichia,Erysipelotrichales,Erysipelotrichaceae,Holdemanella
Pseudomonadota,Hydrogenophilia,Hydrogenophilales,Hydrogenophilaceae,Hydrogenophilus
Bacillota,Clostridia,Lachnospirales,Lachnospiraceae,Diplocloster
Bacillota,Bacilli,Bacillales,Bacillaceae,Desertibacillus
Myxococcota,Myxococcia,Myxococcales,Myxococcaceae,Citreicoccus
Pseudomonadota,Alphaproteobacteria,Rhodospirillales,Acetobacteraceae,Falsiroseomonas
Bacteroidota,Flavobacteriia,Flavobacteriales,Parvicellaceae,Parvicella
Bacillota,Clostridia,Eubacteriales,Peptococcaceae,Phosphitispora
Pseudomonadota,Gammaproteobacteria,Thiotrichales,Francisellaceae,Francisella
Bacillota,Clostridia,Peptostreptococcales,Natronincolaceae,Alkaliphilus
Bacillota,Clostridia,Eubacteriales,Butyricicoccaceae,Butyricicoccus
Bacillota,Tissierellia,Tissierellales,Tissierellaceae,Tissierella
Bacillota,Bacilli,Bacillales,Bacillaceae,Caldifermentibacillus
Pseudomonadota,Betaproteobacteria,Rhodocyclales,Rhodocyclaceae,Azospira
Bacillota,Clostridia,Peptostreptococcales,Peptostreptococcaceae,Clostridioides
Bacteroidota,Flavobacteriia,Flavobacteriales,Flavobacteriaceae,Marixanthotalea
Bacillota,Clostridia,Lachnospirales,Lachnospiraceae,Novisyntrophococcus
Candidatus Saccharibacteria,NA,NA,NA,Candidatus Minimicrobia
Pseudomonadota,Gammaproteobacteria,Cellvibrionales,Cellvibrionaceae,Aestuariicella
Pseudomonadota,Acidithiobacillia,Acidithiobacillales,Acidithiobacillaceae,Igneacidithiobacillus
Pseudomonadota,Gammaproteobacteria,Oceanospirillales,Zooshikellaceae,Zooshikella
Bacillota,Negativicutes,Selenomonadales,Sporomusaceae,Pelorhabdus
Pseudomonadota,Betaproteobacteria,Neisseriales,Chromobacteriaceae,Paludibacterium
Pseudomonadota,Alphaproteobacteria,Rhodobacterales,Paracoccaceae,Gemmobacter
Pseudomonadota,Gammaproteobacteria,Enterobacterales,Bruguierivoracaceae,Sodalis
Acidobacteriota,Terriglobia,Terriglobales,Acidobacteriaceae,Paracidobacterium
Pseudomonadota,Alphaproteobacteria,Rhodobacterales,Paracoccaceae,Pseudooceanicola
Cyanobacteriota,Cyanophyceae,Nodosilineales,Cymatolegaceae,Leptothoe
Bacteroidota,Cytophagia,Cytophagales,Flammeovirgaceae,Flammeovirga
Pseudomonadota,Alphaproteobacteria,Hyphomicrobiales,Ancalomicrobiaceae,Prosthecodimorpha
Actinomycetota,Actinomycetes,Micrococcales,Intrasporangiaceae,Phycicoccus
Thermodesulfobacteriota,Desulfovibrionia,Desulfovibrionales,Desulfonauticaceae,Desulfovulcanus
Pseudomonadota,NA,Legionellales,Coxiellaceae,NA
Pseudomonadota,Alphaproteobacteria,Sphingomonadales,Erythrobacteraceae,Croceibacterium
Bacteroidota,Cytophagia,Cytophagales,Chryseotaleaceae,Chryseosolibacter
Bacteroidota,Cytophagia,Cytophagales,Chryseotaleaceae,Dawidia
Thermodesulfobacteriota,Desulfuromonadia,Geobacterales,Geobacteraceae,Pelotalea
Pseudomonadota,Gammaproteobacteria,Alteromonadales,Alteromonadaceae,Bowmanella
Actinomycetota,Actinomycetes,Micrococcales,Microbacteriaceae,Canibacter
Pseudomonadota,Betaproteobacteria,Rhodocyclales,Zoogloeaceae,Denitromonas
Pseudomonadota,Alphaproteobacteria,Rhodobacterales,Paracoccaceae,Harenicola
Bacillota,Bacilli,Bacillales,Staphylococcaceae,Mammaliicoccus
Pseudomonadota,Alphaproteobacteria,Rhodospirillales,Acetobacteraceae,Komagataeibacter
Thermodesulfobacteriota,Desulfuromonadia,Geobacterales,Geobacteraceae,Geomobilimonas
Thermodesulfobacteriota,Desulfuromonadia,Geobacterales,Geobacteraceae,Geoanaerobacter
Actinomycetota,Actinomycetes,Streptosporangiales,Streptosporangiaceae,Acrocarpospora
Pseudomonadota,Alphaproteobacteria,Rhodobacterales,Paracoccaceae,Pseudohalocynthiibacter
Pseudomonadota,Alphaproteobacteria,Hyphomicrobiales,Phyllobacteriaceae,Tianweitania
Bacteroidota,Cytophagia,Cytophagales,Cyclobacteriaceae,Litoribacter
Actinomycetota,Actinomycetes,Streptosporangiales,Nocardiopsaceae,Spiractinospora
Candidatus Absconditabacteria,NA,NA,NA,Vampirococcus
Pseudomonadota,Alphaproteobacteria,Rhodospirillales,Acetobacteraceae,Roseococcus
Bacteroidota,Flavobacteriia,Flavobacteriales,Weeksellaceae,Cloacibacterium
Pseudomonadota,Gammaproteobacteria,Chromatiales,Chromatiaceae,Allochromatium
Bacillota,Clostridia,Eubacteriales,Oscillospiraceae,Pusillibacter
Bacillota,Clostridia,Eubacteriales,Oscillospiraceae,Vescimonas
Bacillota,Erysipelotrichia,Erysipelotrichales,Erysipelotrichaceae,Longicatena
Bacillota,Bacilli,Bacillales,Paenibacillaceae,Xylanibacillus
Planctomycetota,Planctomycetia,Gemmatales,Gemmataceae,Telmatocola
Bacillota,Bacilli,Bacillales,Planococcaceae,Bhargavaea
Bacillota,Bacilli,Bacillales,Thermoactinomycetaceae,Polycladospora
Bacteroidota,Bacteroidia,Bacteroidales,Prevotellaceae,Xylanibacter
Cyanobacteriota,Cyanophyceae,Gloeobacterales,Anthocerotibacteraceae,Anthocerotibacter
Pseudomonadota,Gammaproteobacteria,Lysobacterales,Lysobacteraceae,Coralloluteibacterium
Bacillota,Negativicutes,Veillonellales,Veillonellaceae,Negativicoccus
Bacillota,Bacilli,Bacillales,Paenibacillaceae,Thermobacillus
Chlamydiota,Chlamydiia,Chlamydiales,Chlamydiaceae,Chlamydiifrater
Pseudomonadota,Alphaproteobacteria,Rhodospirillales,Acetobacteraceae,Ameyamaea
Bacillota,Bacilli,Bacillales,Bacillaceae,Ornithinibacillus
Actinomycetota,Actinomycetes,Micromonosporales,Micromonosporaceae,Winogradskya
Actinomycetota,Actinomycetes,Micromonosporales,Micromonosporaceae,Amorphoplanes
Actinomycetota,Actinomycetes,Micromonosporales,Micromonosporaceae,Actinocatenispora
Pseudomonadota,Betaproteobacteria,Nitrosomonadales,Gallionellaceae,Ferrigenium
Actinomycetota,Actinomycetes,Micromonosporales,Micromonosporaceae,Polymorphospora
Pseudomonadota,Betaproteobacteria,Burkholderiales,Oxalobacteraceae,Collimonas
Acidobacteriota,Blastocatellia,NA,NA,Chloracidobacterium
Actinomycetota,Actinomycetes,Catenulisporales,Actinospicaceae,Actinocrinis
Pseudomonadota,Alphaproteobacteria,Hyphomicrobiales,Stappiaceae,Pseudovibrio
Pseudomonadota,Alphaproteobacteria,Hyphomicrobiales,Nitrobacteraceae,Tardiphaga
Actinomycetota,Actinomycetes,Catenulisporales,Catenulisporaceae,Catenulispora
Bacteroidota,Bacteroidia,Marinilabiliales,Marinilabiliaceae,Carboxylicivirga
Pseudomonadota,Gammaproteobacteria,Oceanospirillales,Endozoicomonadaceae,Kistimonas
Pseudomonadota,Gammaproteobacteria,Enterobacterales,Yersiniaceae,Nissabacter
Pseudomonadota,Alphaproteobacteria,Rhodobacterales,Roseobacteraceae,Thetidibacter
Pseudomonadota,Alphaproteobacteria,Rhodospirillales,Rhodospirillaceae,Magnetospirillum
Pseudomonadota,Alphaproteobacteria,Rhodobacterales,Roseobacteraceae,Thalassovita
Bacteroidota,Flavobacteriia,Flavobacteriales,NA,Candidatus Shikimatogenerans
Actinomycetota,Thermoleophilia,Miltoncostaeales,Miltoncostaeaceae,Miltoncostaea
Bacillota,Clostridia,Peptostreptococcales,Natronincolaceae,Serpentinicella
Bacillota,Clostridia,Lachnospirales,Lachnospiraceae,Anaerobutyricum
Actinomycetota,Actinomycetes,Catenulisporales,Actinospicaceae,Actinospica
Pseudomonadota,Betaproteobacteria,Burkholderiales,Oxalobacteraceae,Undibacterium
Cyanobacteriota,Cyanophyceae,Nostocales,Aphanizomenonaceae,Cylindrospermopsis
Pseudomonadota,Alphaproteobacteria,Rhodospirillales,Acetobacteraceae,Plastoroseomonas
Bacillota,Clostridia,Eubacteriales,Aristaeellaceae,Aristaeella
Bacillota,Clostridia,Eubacteriales,Eubacteriales Family XIII. Incertae Sedis,Sinanaerobacter
Actinomycetota,Actinomycetes,Propionibacteriales,Propionibacteriaceae,Arachnia
Bacillota,Clostridia,Eubacteriales,Clostridiaceae,Proteiniclasticum
Pseudomonadota,Alphaproteobacteria,Rhodospirillales,Acetobacteraceae,Neokomagataea
Synergistota,Synergistia,Synergistales,Aminithiophilaceae,Aminithiophilus
Pseudomonadota,Alphaproteobacteria,Rhodospirillales,Rhodospirillaceae,Marivibrio
Bacteroidota,Flavobacteriia,Flavobacteriales,Weeksellaceae,Faecalibacter
Actinomycetota,Coriobacteriia,Eggerthellales,Eggerthellaceae,Xiamenia
Balneolota,Balneolia,Balneolales,Cyclonatronaceae,Natronogracilivirga
Pseudomonadota,Alphaproteobacteria,Rhodobacterales,Roseobacteraceae,Rubellimicrobium
Pseudomonadota,Gammaproteobacteria,Oceanospirillales,Oceanospirillaceae,Motiliproteus
Rhodothermota,Rhodothermia,Rhodothermales,Rhodothermaceae,Rhodothermus
Actinomycetota,Actinomycetes,Streptosporangiales,Streptosporangiaceae,Microbispora
Actinomycetota,Actinomycetes,Pseudonocardiales,Pseudonocardiaceae,Crossiella
Actinomycetota,Actinomycetes,Propionibacteriales,Propionibacteriaceae,Microlunatus
Actinomycetota,Actinomycetes,Propionibacteriales,Kribbellaceae,Kribbella
Bacillota,Clostridia,Thermoanaerobacterales,Thermoanaerobacteraceae,Thermoanaerobacterium
Bacillota,Clostridia,Peptostreptococcales,Filifactoraceae,Acetoanaerobium
Bacillota,Clostridia,Eubacteriales,Symbiobacteriaceae,Symbiobacterium
Bacillota,Bacilli,Bacillales,Paenibacillaceae,Ammoniphilus
Bacillota,Tissierellia,NA,NA,Sedimentibacter
Bacillota,Clostridia,Eubacteriales,Clostridiaceae,Youngiibacter
Bacteroidota,Flavobacteriia,Flavobacteriales,Flavobacteriaceae,Formosa
Chloroflexota,Chloroflexia,Chloroflexales,Oscillochloridaceae,Candidatus Chloroploca
Pseudomonadota,Alphaproteobacteria,Hyphomicrobiales,Aurantimonadaceae,Aureimonas
Bacteroidota,Flavobacteriia,Flavobacteriales,Weeksellaceae,Marnyiella
Bacteroidota,Flavobacteriia,Flavobacteriales,Flavobacteriaceae,Mariniflexile
Bacillota,Bacilli,Bacillales,Bacillaceae,Gottfriedia
Pseudomonadota,Alphaproteobacteria,Rhodospirillales,Acetobacteraceae,Pararoseomonas
Pseudomonadota,Alphaproteobacteria,Rhodobacterales,Roseobacteraceae,Sagittula
Bacteroidota,Cytophagia,Cytophagales,Cyclobacteriaceae,Lunatimonas
Bacillota,Bacilli,Bacillales,Bacillaceae,Sediminibacillus
Bacillota,Clostridia,Halanaerobiales,Halanaerobiaceae,Iocasia
Bacteroidota,Chitinophagia,Chitinophagales,Chitinophagaceae,Niastella
Pseudomonadota,Alphaproteobacteria,Sphingomonadales,Sphingomonadaceae,Rhizorhabdus
Bacillota,Bacilli,Lactobacillales,Carnobacteriaceae,Marinilactibacillus
Pseudomonadota,Alphaproteobacteria,Rhodobacterales,Paracoccaceae,Pseudaestuariivita
Bacillota,Bacilli,Lactobacillales,Lactobacillaceae,Latilactobacillus
Verrucomicrobiota,Methylacidiphilae,Methylacidiphilales,Methylacidiphilaceae,Candidatus Methylacidithermus
Bacteroidota,Flavobacteriia,Flavobacteriales,Flavobacteriaceae,Gelidibacter
Actinomycetota,Actinomycetes,Micrococcales,NA,Pengzhenrongella
Actinomycetota,Actinomycetes,Micrococcales,Cellulomonadaceae,Actinotalea
Acidobacteriota,Holophagae,Acanthopleuribacterales,Acanthopleuribacteraceae,Sulfidibacter
Pseudomonadota,Gammaproteobacteria,Aeromonadales,Aeromonadaceae,Oceanisphaera
Acidobacteriota,Holophagae,Acanthopleuribacterales,Acanthopleuribacteraceae,Acanthopleuribacter
Thermodesulfobacteriota,Desulfobacteria,Desulfobacterales,Desulfococcaceae,Desulfonema
Thermotogota,Thermotogae,Thermotogales,Fervidobacteriaceae,Thermosipho
Bacillota,Clostridia,Thermoanaerobacterales,Thermoanaerobacteraceae,Aceticella
Campylobacterota,Epsilonproteobacteria,Campylobacterales,Sulfurimonadaceae,Sulfurimonas
Bacteroidota,Chitinophagia,Chitinophagales,Chitinophagaceae,Longitalea
Pseudomonadota,Alphaproteobacteria,Rhodospirillales,Azospirillaceae,Arenibaculum
Bacteroidota,Cytophagia,Cytophagales,Hymenobacteraceae,Sabulibacter
Bacteroidota,Cytophagia,Cytophagales,Spirosomataceae,Telluribacter
Pseudomonadota,Alphaproteobacteria,Rhodospirillales,Acetobacteraceae,Sabulicella
Bacteroidota,Chitinophagia,Chitinophagales,Chitinophagaceae,Aridibaculum
Bacteroidota,Cytophagia,Cytophagales,Spirosomataceae,Fibrella
Pseudomonadota,Gammaproteobacteria,Pasteurellales,Pasteurellaceae,Glaesserella
Bacillota,Clostridia,Eubacteriales,Eubacteriaceae,Alkalibacter
Actinomycetota,Actinomycetes,Micrococcales,Promicromonosporaceae,Myceligenerans
Bacillota,Clostridia,Caldicellulosiruptorales,Caldicellulosiruptoraceae,Caldicellulosiruptor
Bacteroidota,Flavobacteriia,Flavobacteriales,Flavobacteriaceae,Allomuricauda
Bacillota,Clostridia,Eubacteriales,Peptococcaceae,Paradesulfitobacterium
Pseudomonadota,Betaproteobacteria,Rhodocyclales,Zoogloeaceae,Nitrogeniibacter
Myxococcota,Myxococcia,Myxococcales,Myxococcaceae,Corallococcus
Bacillota,Clostridia,Koleobacterales,Koleobacteraceae,Koleobacter
Pseudomonadota,Betaproteobacteria,Rhodocyclales,Rhodocyclaceae,Niveibacterium
Pseudomonadota,Alphaproteobacteria,Maricaulales,Maricaulaceae,Marinicauda
Actinomycetota,Actinomycetes,Streptosporangiales,Streptosporangiaceae,Thermobispora
Mycoplasmatota,Mollicutes,Acholeplasmatales,Acholeplasmataceae,Acholeplasma
Actinomycetota,Actinomycetes,Micromonosporales,Micromonosporaceae,Natronosporangium
Actinomycetota,Actinomycetes,Glycomycetales,Glycomycetaceae,Natronoglycomyces
Pseudomonadota,Betaproteobacteria,Neisseriales,Neisseriaceae,Eikenella
Thermodesulfobacteriota,Desulfobulbia,Desulfobulbales,Desulfobulbaceae,Desulfobulbus
Thermodesulfobacteriota,Desulfobulbia,Desulfobulbales,Desulfocapsaceae,Desulfopila
Pseudomonadota,Alphaproteobacteria,Rhodobacterales,Paracoccaceae,Roseitranquillus
Thermodesulfobacteriota,Desulfobulbia,Desulfobulbales,Desulfocapsaceae,Desulforhopalus
Bacillota,Bacilli,Bacillales,Bacillaceae,Siminovitchia
Bacillota,Bacilli,Bacillales,Planococcaceae,Chryseomicrobium
Bacillota,Bacilli,Bacillales,Sporolactobacillaceae,Scopulibacillus
Bacillota,Clostridia,Halanaerobiales,Halobacteroidaceae,Sporohalobacter
Bacillota,Bacilli,Bacillales,NA,Geomicrobium
Bacillota,Bacilli,Bacillales,Bacillaceae,Amphibacillus
Bacillota,Clostridia,Halanaerobiales,Halobacteroidaceae,Halanaerobacter
Bacillota,Bacilli,Bacillales,Bacillaceae,Thalassobacillus
Chloroflexota,Chloroflexia,Herpetosiphonales,Herpetosiphonaceae,Herpetosiphon
Bacillota,Clostridia,Eubacteriales,Peptococcaceae,Desulforadius
Actinomycetota,Actinomycetes,Propionibacteriales,Nocardioidaceae,Tenggerimyces
Actinomycetota,Actinomycetes,Geodermatophilales,Geodermatophilaceae,Geodermatophilus
Actinomycetota,Actinomycetes,Micrococcales,Cellulomonadaceae,Oerskovia
Bacillota,Clostridia,Eubacteriales,Clostridiaceae,Mordavella
Bacillota,Clostridia,Eubacteriales,Oscillospiraceae,Pseudoflavonifractor
Bacillota,Bacilli,Bacillales,Bacillaceae,Alteribacter
Pseudomonadota,Gammaproteobacteria,Alteromonadales,Shewanellaceae,Parashewanella
Pseudomonadota,Betaproteobacteria,Burkholderiales,Sutterellaceae,Sutterella
Pseudomonadota,Betaproteobacteria,Neisseriales,Neisseriaceae,Paralysiella
Pseudomonadota,Gammaproteobacteria,Pasteurellales,Pasteurellaceae,Haemophilus
Actinomycetota,Actinomycetes,Micrococcales,Intrasporangiaceae,Janibacter
Pseudomonadota,Betaproteobacteria,Neisseriales,Chitinibacteraceae,Jeongeupia
Mycoplasmatota,Mollicutes,Acholeplasmatales,Acholeplasmataceae,Mariniplasma
Actinomycetota,Actinomycetes,Micromonosporales,Micromonosporaceae,Virgisporangium
Actinomycetota,Actinomycetes,Micrococcales,Cellulomonadaceae,Sediminihabitans
Actinomycetota,Actinomycetes,Streptosporangiales,Streptosporangiaceae,Sinosporangium
Actinomycetota,Actinomycetes,Streptosporangiales,Streptosporangiaceae,Planotetraspora
Actinomycetota,Actinomycetes,Micromonosporales,Micromonosporaceae,Planosporangium
Actinomycetota,Actinomycetes,Streptosporangiales,Streptosporangiaceae,Planomonospora
Actinomycetota,Actinomycetes,Streptosporangiales,Streptosporangiaceae,Planobispora
Actinomycetota,Actinomycetes,Streptosporangiales,Streptosporangiaceae,Sphaerimonospora
Actinomycetota,Actinomycetes,Micromonosporales,Micromonosporaceae,Rugosimonospora
Actinomycetota,Actinomycetes,Micromonosporales,Micromonosporaceae,Rhizocola
Actinomycetota,Actinomycetes,Micromonosporales,Micromonosporaceae,Phytomonospora
Actinomycetota,Actinomycetes,Micromonosporales,Micromonosporaceae,Asanoa
Bacteroidota,Flavobacteriia,Flavobacteriales,Flavobacteriaceae,Hyunsoonleella
Bacteroidota,Flavobacteriia,Flavobacteriales,Flavobacteriaceae,Luteirhabdus
Bacillota,Clostridia,Eubacteriales,Clostridiaceae,Anaeromonas
Bacteroidota,Flavobacteriia,Flavobacteriales,Flavobacteriaceae,Aurantibacter
Pseudomonadota,Alphaproteobacteria,Rhodobacterales,Roseobacteraceae,Ponticoccus
Pseudomonadota,Gammaproteobacteria,Steroidobacterales,Steroidobacteraceae,Steroidobacter
Pseudomonadota,Alphaproteobacteria,Hyphomicrobiales,Devosiaceae,Paradevosia
Bacteroidota,Flavobacteriia,Flavobacteriales,Flavobacteriaceae,Robertkochia
Bacteroidota,Flavobacteriia,Flavobacteriales,Flavobacteriaceae,Olleya
Pseudomonadota,Alphaproteobacteria,Rhodospirillales,Acetobacteraceae,Belnapia
Bacillota,Tissierellia,Tissierellales,Tepidimicrobiaceae,Keratinibaculum
Pseudomonadota,Alphaproteobacteria,Rhodobacterales,Paracoccaceae,Fuscibacter
Pseudomonadota,Alphaproteobacteria,Rhodobacterales,Paracoccaceae,Szabonella
Bacillota,Tissierellia,Tissierellales,Thermohalobacteraceae,Sporosalibacterium
Pseudomonadota,Gammaproteobacteria,Enterobacterales,Enterobacteriaceae,Cedecea
Pseudomonadota,Alphaproteobacteria,Rickettsiales,Rickettsiaceae,Candidatus Sarmatiella
Pseudomonadota,Gammaproteobacteria,Aeromonadales,Aeromonadaceae,Zobellella
Pseudomonadota,Betaproteobacteria,Burkholderiales,Sphaerotilaceae,Piscinibacter
Bacteroidota,Cytophagia,Cytophagales,Fulvivirgaceae,Chryseolinea
Bacillota,Erysipelotrichia,Erysipelotrichales,Coprobacillaceae,Thomasclavelia
Pseudomonadota,Betaproteobacteria,Burkholderiales,Sutterellaceae,Turicimonas
Pseudomonadota,Gammaproteobacteria,Pseudomonadales,Pseudomonadaceae,Entomomonas
Pseudomonadota,Gammaproteobacteria,Chromatiales,Chromatiaceae,Thiocystis
Pseudomonadota,Gammaproteobacteria,Chromatiales,Chromatiaceae,Halochromatium
Pseudomonadota,Alphaproteobacteria,Rhodobacterales,Paracoccaceae,Rhodobaculum
Pseudomonadota,Betaproteobacteria,Rhodocyclales,Rhodocyclaceae,Rhodocyclus
Bacillota,Clostridia,Lachnospirales,Lachnospiraceae,Catonella
Actinomycetota,Actinomycetes,Micrococcales,Microbacteriaceae,Lacisediminihabitans
Pseudomonadota,Gammaproteobacteria,Enterobacterales,Enterobacteriaceae,Tenebrionibacter
Bacteroidota,Cytophagia,Cytophagales,Hymenobacteraceae,Adhaeribacter
Pseudomonadota,Alphaproteobacteria,Rhodobacterales,Paracoccaceae,Thermohalobaculum
Aquificota,Aquificia,Aquificales,Hydrogenothermaceae,Persephonella
Bacillota,Bacilli,Bacillales,Planococcaceae,Viridibacillus
Bacteroidota,Flavobacteriia,Flavobacteriales,Weeksellaceae,Elizabethkingia
Actinomycetota,Actinomycetes,Mycobacteriales,NA,Tomitella
Verrucomicrobiota,Verrucomicrobiia,Verrucomicrobiales,Verrucomicrobiaceae,Oceaniferula
Verrucomicrobiota,Verrucomicrobiia,Verrucomicrobiales,Verrucomicrobiaceae,Persicirhabdus
Verrucomicrobiota,Verrucomicrobiia,Verrucomicrobiales,Verrucomicrobiaceae,Roseibacillus
Acidobacteriota,Holophagae,Thermotomaculales,Thermotomaculaceae,Thermotomaculum
Bacillota,Clostridia,Lachnospirales,Lachnospiraceae,Anaeromicropila
Chloroflexota,Ktedonobacteria,Ktedonobacterales,Reticulibacteraceae,Reticulibacter
Chloroflexota,Ktedonobacteria,Ktedonobacterales,Dictyobacteraceae,Dictyobacter
Chloroflexota,Ktedonobacteria,Ktedonobacterales,Ktedonobacteraceae,Ktedonobacter
Chloroflexota,Ktedonobacteria,Ktedonobacterales,Ktedonobacteraceae,Ktedonospora
Pseudomonadota,Gammaproteobacteria,Chromatiales,Ectothiorhodospiraceae,Halorhodospira
Pseudomonadota,Gammaproteobacteria,Chromatiales,Chromatiaceae,Lamprobacter
Pseudomonadota,Gammaproteobacteria,Chromatiales,Chromatiaceae,Thiohalocapsa
Pseudomonadota,Gammaproteobacteria,Chromatiales,Chromatiaceae,Thiococcus
Pseudomonadota,Gammaproteobacteria,Chromatiales,Chromatiaceae,Rhabdochromatium
Pseudomonadota,Gammaproteobacteria,Chromatiales,Chromatiaceae,Chromatium
Pseudomonadota,Alphaproteobacteria,Rhodospirillales,Rhodovibrionaceae,Rhodovibrio
Verrucomicrobiota,Verrucomicrobiia,Verrucomicrobiales,Verrucomicrobiaceae,Sulfuriroseicoccus
Bacillota,Tissierellia,Tissierellales,Peptoniphilaceae,Parvimonas
Bacillota,Bacilli,Bacillales,Bacillaceae,Salicibibacter
Actinomycetota,Actinomycetes,Mycobacteriales,Nocardiaceae,Antrihabitans
Pseudomonadota,Gammaproteobacteria,Alteromonadales,Pseudoalteromonadaceae,Flocculibacter
Actinomycetota,Actinomycetes,Pseudonocardiales,Pseudonocardiaceae,Qaidamihabitans
Bacteroidota,Cytophagia,Cytophagales,Cyclobacteriaceae,Penaeicola
Actinomycetota,Actinomycetes,Micromonosporales,Micromonosporaceae,Nucisporomicrobium
Pseudomonadota,Alphaproteobacteria,Hyphomicrobiales,Hyphomicrobiaceae,Rhodomicrobium
Bacillota,Tissierellia,Tissierellales,Peptoniphilaceae,Miniphocaeibacter
Thermodesulfobacteriota,Desulfuromonadia,Geobacterales,Geobacteraceae,Geomesophilobacter
Bacteroidota,Flavobacteriia,Flavobacteriales,Flavobacteriaceae,Snuella
Pseudomonadota,Alphaproteobacteria,Rhodobacterales,Paracoccaceae,Arenibacterium
Pseudomonadota,Gammaproteobacteria,Enterobacterales,Enterobacteriaceae,Shimwellia
Pseudomonadota,Alphaproteobacteria,Rhodobacterales,Roseobacteraceae,Palleronia
Bacteroidota,Flavobacteriia,Flavobacteriales,Flavobacteriaceae,Aureibaculum
Actinomycetota,Actinomycetes,Micrococcales,Sanguibacteraceae,Sanguibacter
Pseudomonadota,Alphaproteobacteria,Rhodobacterales,Roseobacteraceae,Pontibaca
Pseudomonadota,Alphaproteobacteria,Rhodobacterales,Paracoccaceae,Pelagovum
Pseudomonadota,Gammaproteobacteria,Oceanospirillales,Oceanospirillaceae,Venatoribacter
Pseudomonadota,Alphaproteobacteria,Rhodobacterales,Paracoccaceae,Thioclava
Pseudomonadota,Alphaproteobacteria,Rhodobacterales,Paracoccaceae,Paenihalocynthiibacter
Actinomycetota,Actinomycetes,Micrococcales,Microbacteriaceae,Paramicrobacterium
Pseudomonadota,Betaproteobacteria,Burkholderiales,Sphaerotilaceae,Inhella
Cyanobacteriota,Cyanophyceae,Nostocales,Nostocaceae,Amazonocrinis
Cyanobacteriota,Cyanophyceae,Nostocales,Nostocaceae,Atlanticothrix
Cyanobacteriota,Cyanophyceae,Nostocales,Nostocaceae,Dendronalium
Bacillota,Bacilli,Bacillales,Thermoactinomycetaceae,Paenactinomyces
Pseudomonadota,Betaproteobacteria,Burkholderiales,Alcaligenaceae,Oligella
Pseudomonadota,Alphaproteobacteria,Sphingomonadales,Sphingosinicellaceae,Sphingosinicella
Pseudomonadota,Alphaproteobacteria,Rhodobacterales,Roseobacteraceae,Thiosulfatihalobacter
Pseudomonadota,Alphaproteobacteria,Sphingomonadales,Erythrobacteraceae,Aurantiacibacter
Pseudomonadota,Gammaproteobacteria,Enterobacterales,Pectobacteriaceae,Lonsdalea
Bacillota,Clostridia,Lachnospirales,Lachnospiraceae,Mobilitalea
Pseudomonadota,Gammaproteobacteria,Lysobacterales,Rhodanobacteraceae,Pinirhizobacter
Pseudomonadota,Alphaproteobacteria,Hyphomicrobiales,Pleomorphomonadaceae,Methylobrevis
Bacillota,Bacilli,Lactobacillales,Aerococcaceae,Facklamia
Bacteroidota,Chitinophagia,Chitinophagales,Chitinophagaceae,Panacibacter
Pseudomonadota,Betaproteobacteria,Burkholderiales,Comamonadaceae,Caenimonas
Atribacterota,Atribacteria,Atribacterales,Atribacteraceae,Atribacter
Bacteroidota,Flavobacteriia,Flavobacteriales,Flavobacteriaceae,Aureivirga
Actinomycetota,Actinomycetes,Micrococcales,Micrococcaceae,Zhihengliuella
Actinomycetota,Actinomycetes,Micromonosporales,Micromonosporaceae,Longispora
Bacillota,Negativicutes,Selenomonadales,Selenomonadaceae,Pectinatus
Thermodesulfobacteriota,Desulfovibrionia,Desulfovibrionales,Desulfovibrionaceae,Nitratidesulfovibrio
Actinomycetota,Actinomycetes,Kitasatosporales,Streptomycetaceae,Streptacidiphilus
Pseudomonadota,Alphaproteobacteria,Rhodobacterales,Paracoccaceae,Pontivivens
Bacillota,Clostridia,Halanaerobiales,Halarsenatibacteraceae,Halonatronomonas
Pseudomonadota,Betaproteobacteria,Burkholderiales,Oxalobacteraceae,Herminiimonas
Pseudomonadota,Gammaproteobacteria,Alteromonadales,Alteromonadaceae,Salinimonas
Chloroflexota,Candidatus Thermofonsia,Phototrophicales,Phototrophicaceae,Phototrophicus
Pseudomonadota,Alphaproteobacteria,Hyphomicrobiales,Parvibaculaceae,Kaustia
Bacillota,Bacilli,Bacillales,Bacillaceae,Mangrovibacillus
Bacteroidota,Flavobacteriia,Flavobacteriales,Flavobacteriaceae,Aegicerativicinus
Bacillota,Bacilli,Bacillales,Paenibacillaceae,Insulibacter
Chlamydiota,Chlamydiia,Parachlamydiales,Simkaniaceae,Candidatus Neptunochlamydia
Chlamydiota,Chlamydiia,Chlamydiales,Candidatus Clavichlamydiaceae,Candidatus Clavichlamydia
Pseudomonadota,Gammaproteobacteria,Pasteurellales,Pasteurellaceae,Rodentibacter
Bacteroidota,Cytophagia,Cytophagales,Cyclobacteriaceae,Pararhodonellum
Pseudomonadota,Betaproteobacteria,Burkholderiales,Comamonadaceae,Diaphorobacter
Pseudomonadota,Alphaproteobacteria,Sphingomonadales,Sphingosinicellaceae,Thermaurantiacus
Actinomycetota,Actinomycetes,Propionibacteriales,Propionibacteriaceae,Aestuariimicrobium
Bacillota,Bacilli,Bacillales,Planococcaceae,Savagea
Bacillota,Bacilli,Bacillales,Bacillaceae,Anoxybacillus
Acidobacteriota,Terriglobia,Bryobacterales,Bryobacteraceae,Paludibaculum
Actinomycetota,Coriobacteriia,Coriobacteriales,Atopobiaceae,Thermophilibacter
Bacillota,Bacilli,Bacillales,Bacillaceae,Anaerobacillus
Bacillota,Bacilli,Bacillales,Gemellaceae,Gemelliphila
Pseudomonadota,Betaproteobacteria,Neisseriales,Chitinibacteraceae,Chitinilyticum
Cyanobacteriota,Cyanophyceae,Synechococcales,Merismopediaceae,Synechocystis
Cyanobacteriota,Cyanophyceae,Spirulinales,Lusitaniellaceae,Lusitaniella
Cyanobacteriota,Cyanophyceae,Pseudanabaenales,Romeriaceae,Romeria
Cyanobacteriota,Cyanophyceae,Oscillatoriales,NA,Zarconia
Cyanobacteriota,Cyanophyceae,Leptolyngbyales,Leptolyngbyaceae,Leptolyngbya
Cyanobacteriota,Cyanophyceae,Leptolyngbyales,Leptolyngbyaceae,Romeriopsis
Planctomycetota,Phycisphaerae,Tepidisphaerales,Tepidisphaeraceae,Humisphaera
Bacillota,Clostridia,Eubacteriales,Oscillospiraceae,Solibaculum
Bacillota,Bacilli,Bacillales,Alicyclobacillaceae,Effusibacillus
Bacillota,Clostridia,Lachnospirales,Anaerotignaceae,Anaerotignum
Bacillota,Clostridia,Eubacteriales,Oscillospiraceae,Ructibacterium
Bacillota,Clostridia,Eubacteriales,Eubacteriaceae,Gallibacter
Bacteroidota,Bacteroidia,Bacteroidales,Rikenellaceae,Gallalistipes
Bacteroidota,Flavobacteriia,Flavobacteriales,Weeksellaceae,Cruoricaptor
Pseudomonadota,Alphaproteobacteria,Rhodospirillales,Rhodovibrionaceae,Pelagibius
Pseudomonadota,Alphaproteobacteria,Rhodobacterales,Paracoccaceae,Mangrovicoccus
Chloroflexota,Dehalococcoidia,Dehalococcoidales,Dehalococcoidaceae,Dehalogenimonas
Pseudomonadota,Gammaproteobacteria,Pasteurellales,Pasteurellaceae,Spirabiliibacterium
Pseudomonadota,Alphaproteobacteria,Rhodobacterales,Roseobacteraceae,Phycobacter
Actinomycetota,Actinomycetes,Propionibacteriales,Actinopolymorphaceae,Actinopolymorpha
Thermodesulfobacteriota,Desulfovibrionia,Desulfovibrionales,Desulfomicrobiaceae,Desulfomicrobium
Pseudomonadota,Alphaproteobacteria,Rhodospirillales,Rhodospirillaceae,Phaeovibrio
Actinomycetota,Actinomycetes,Propionibacteriales,Propionibacteriaceae,Propioniciclava
Pseudomonadota,Gammaproteobacteria,Thiotrichales,Fastidiosibacteraceae,Cysteiniphilum
Actinomycetota,Actinomycetes,Micrococcales,Dermatophilaceae,Agilicoccus
Pseudomonadota,Gammaproteobacteria,Enterobacterales,Pectobacteriaceae,Musicola
Bacteroidota,Flavobacteriia,Flavobacteriales,Flavobacteriaceae,Euzebyella
Actinomycetota,Actinomycetes,Micrococcales,Jonesiaceae,Flavimobilis
Pseudomonadota,Alphaproteobacteria,Rhodospirillales,Acetobacteraceae,Novacetimonas
Pseudomonadota,Gammaproteobacteria,Lysobacterales,Lysobacteraceae,Pseudomarimonas
Pseudomonadota,Betaproteobacteria,Burkholderiales,Comamonadaceae,Limnohabitans
Actinomycetota,Actinomycetes,Micrococcales,Bogoriellaceae,Georgenia
Bacillota,Bacilli,Bacillales,Planococcaceae,Ureibacillus
Cyanobacteriota,Cyanophyceae,Nostocales,Nostocaceae,Komarekiella
Thermodesulfobacteriota,Desulfuromonadia,Geobacterales,Geobacteraceae,Pelovirga
Bacteroidota,Flavobacteriia,Flavobacteriales,Flavobacteriaceae,Mesoflavibacter
Actinomycetota,Actinomycetes,Actinomycetales,Actinomycetaceae,Nanchangia
Pseudomonadota,Betaproteobacteria,Rhodocyclales,Rhodocyclaceae,Candidatus Dactylopiibacterium
Nitrospirota,Thermodesulfovibrionia,Thermodesulfovibrionales,Dissulfurispiraceae,Dissulfurispira
Thermotogota,Thermotogae,Petrotogales,Petrotogaceae,Tepiditoga
Cyanobacteriota,Cyanophyceae,Nostocales,Scytonemataceae,Iningainema
Cyanobacteriota,Cyanophyceae,Nostocales,Aphanizomenonaceae,Aphanizomenon
Cyanobacteriota,Cyanophyceae,Nostocales,Nostocaceae,Anabaena
Cyanobacteriota,Cyanophyceae,Oscillatoriales,Microcoleaceae,Planktothricoides
Cyanobacteriota,Cyanophyceae,Nostocales,Calotrichaceae,Calothrix
Cyanobacteriota,Cyanophyceae,Oscillatoriales,Aerosakkonemataceae,Aerosakkonema
Pseudomonadota,Alphaproteobacteria,Rhodobacterales,Paracoccaceae,Roseicitreum
Pseudomonadota,Alphaproteobacteria,Rhodospirillales,Acetobacteraceae,Entomobacter
Pseudomonadota,Alphaproteobacteria,Rhodospirillales,Rhodospirillaceae,Defluviicoccus
Pseudomonadota,Alphaproteobacteria,Hyphomicrobiales,Chelatococcaceae,Camelimonas
Pseudomonadota,Alphaproteobacteria,Rhodospirillales,Thalassobaculaceae,Thalassobaculum
Pseudomonadota,Alphaproteobacteria,Hyphomicrobiales,Bartonellaceae,Limoniibacter
Pseudomonadota,Gammaproteobacteria,Oceanospirillales,Halomonadaceae,Kushneria
Pseudomonadota,Gammaproteobacteria,Oceanospirillales,Halomonadaceae,Salinicola
Pseudomonadota,Betaproteobacteria,Burkholderiales,Burkholderiaceae,Formosimonas
Pseudomonadota,Gammaproteobacteria,Oceanospirillales,Oceanospirillaceae,Bacterioplanes
Pseudomonadota,Alphaproteobacteria,Maricaulales,Robiginitomaculaceae,Litorimonas
Pseudomonadota,Gammaproteobacteria,Cellvibrionales,Halieaceae,Halioglobus
Pseudomonadota,Betaproteobacteria,Burkholderiales,Comamonadaceae,Pseudorhodoferax
Pseudomonadota,Gammaproteobacteria,Oceanospirillales,Halomonadaceae,Litchfieldella
Pseudomonadota,Gammaproteobacteria,Oceanospirillales,Saccharospirillaceae,Saccharospirillum
Pseudomonadota,Betaproteobacteria,Burkholderiales,Alcaligenaceae,Pigmentiphaga
Bacteroidota,Cytophagia,Cytophagales,Spirosomataceae,Persicitalea
Pseudomonadota,Gammaproteobacteria,Arenicellales,Arenicellaceae,Arenicella
Actinomycetota,Actinomycetes,Micromonosporales,Micromonosporaceae,Pilimelia
Pseudomonadota,Alphaproteobacteria,Iodidimonadales,Iodidimonadaceae,Iodidimonas
Bacillota,Bacilli,Bacillales,Bacillaceae,Calditerricola
Actinomycetota,Actinomycetes,Micrococcales,Intrasporangiaceae,Terrabacter
Bacteroidota,Flavobacteriia,Flavobacteriales,Flavobacteriaceae,Lutibacter
Bacteroidota,Flavobacteriia,Flavobacteriales,Flavobacteriaceae,Yeosuana
Actinomycetota,Actinomycetes,Micromonosporales,Micromonosporaceae,Mangrovihabitans
Actinomycetota,Actinomycetes,Kitasatosporales,Streptomycetaceae,Wenjunlia
Actinomycetota,Actinomycetes,Pseudonocardiales,Pseudonocardiaceae,Longimycelium
Pseudomonadota,Alphaproteobacteria,Hyphomicrobiales,Salinarimonadaceae,Salinarimonas
Actinomycetota,Actinomycetes,Micrococcales,Micrococcaceae,Citricoccus
Pseudomonadota,Alphaproteobacteria,Rhodobacterales,Roseobacteraceae,Wenxinia
Actinomycetota,Actinomycetes,Propionibacteriales,Nocardioidaceae,Marmoricola
Pseudomonadota,Gammaproteobacteria,Enterobacterales,Enterobacteriaceae,Franconibacter
Pseudomonadota,Alphaproteobacteria,Hyphomonadales,Hyphomonadaceae,Henriciella
Pseudomonadota,Gammaproteobacteria,Lysobacterales,Lysobacteraceae,Arenimonas
Pseudomonadota,Alphaproteobacteria,Rhodospirillales,Dongiaceae,Aliidongia
Actinomycetota,Actinomycetes,Micrococcales,Micrococcaceae,Tersicoccus
Actinomycetota,Actinomycetes,Mycobacteriales,Hoyosellaceae,Hoyosella
Bacteroidota,Chitinophagia,Chitinophagales,Chitinophagaceae,Puia
Pseudomonadota,Gammaproteobacteria,Pseudomonadales,Pseudohongiellaceae,Pseudohongiella
Bacillota,Bacilli,Bacillales,Sporolactobacillaceae,Pullulanibacillus
Bacillota,Bacilli,Bacillales,Bacillaceae,Pontibacillus
Pseudomonadota,Betaproteobacteria,Burkholderiales,Comamonadaceae,Polaromonas
Pseudomonadota,Alphaproteobacteria,Sphingomonadales,Sphingomonadaceae,Blastomonas
Bacteroidota,Flavobacteriia,Flavobacteriales,Flavobacteriaceae,Aquaticitalea
Bacteroidota,Chitinophagia,Chitinophagales,Chitinophagaceae,Filimonas
Pseudomonadota,Alphaproteobacteria,Rhodospirillales,Terasakiellaceae,Terasakiella
Bacillota,Bacilli,Bacillales,Thermoactinomycetaceae,Marinithermofilum
Pseudomonadota,Alphaproteobacteria,Hyphomicrobiales,Parvibaculaceae,Pyruvatibacter
Pseudomonadota,Alphaproteobacteria,Parvularculales,Parvularculaceae,Aquisalinus
Pseudomonadota,Alphaproteobacteria,Rhodobacterales,Paracoccaceae,Frigidibacter
Bacteroidota,Flavobacteriia,Flavobacteriales,Flavobacteriaceae,Planktosalinus
Actinomycetota,Actinomycetes,Micrococcales,Microbacteriaceae,Conyzicola
Actinomycetota,Actinomycetes,Micrococcales,Brevibacteriaceae,Sediminivirga
Pseudomonadota,Alphaproteobacteria,Maricaulales,Maricaulaceae,Glycocaulis
Bacteroidota,Flavobacteriia,Flavobacteriales,Flavobacteriaceae,Bizionia
Pseudomonadota,Alphaproteobacteria,Rhodobacterales,Roseobacteraceae,Marivita
Bacillota,Bacilli,Bacillales,Thermoactinomycetaceae,Kroppenstedtia
Bacillota,Bacilli,Bacillales,Bacillaceae,Compostibacillus
Actinomycetota,Actinomycetes,Micrococcales,Intrasporangiaceae,Knoellia
Pseudomonadota,Alphaproteobacteria,Geminicoccales,Geminicoccaceae,Tistrella
Pseudomonadota,Betaproteobacteria,Burkholderiales,Oxalobacteraceae,Oxalicibacterium
Actinomycetota,Actinomycetes,Bifidobacteriales,Bifidobacteriaceae,Galliscardovia
Bacillota,Bacilli,Bacillales,Paenibacillaceae,Saccharibacillus
Bacillota,Bacilli,Bacillales,Salinicoccaceae,Phocicoccus
Pseudomonadota,Alphaproteobacteria,Hyphomicrobiales,Xanthobacteraceae,Azorhizobium
Pseudomonadota,Alphaproteobacteria,Hyphomicrobiales,Stappiaceae,Stappia
Pseudomonadota,Alphaproteobacteria,Rhodobacterales,Paracoccaceae,Agaricicola
Pseudomonadota,Alphaproteobacteria,Hyphomicrobiales,Phyllobacteriaceae,Pseudaminobacter
Pseudomonadota,Alphaproteobacteria,Hyphomicrobiales,Phyllobacteriaceae,Oryzicola
Bacteroidota,Flavobacteriia,Flavobacteriales,Owenweeksiaceae,Croceimicrobium
Bacillota,Clostridia,Eubacteriales,Peptococcaceae,Candidatus Desulforudis
Bacteroidota,Flavobacteriia,Flavobacteriales,Crocinitomicaceae,Taishania
Bacillota,Clostridia,Eubacteriales,Heliobacteriaceae,Heliobacterium
Pseudomonadota,Alphaproteobacteria,Hyphomicrobiales,Phyllobacteriaceae,Aquibium
Pseudomonadota,Alphaproteobacteria,Rhodospirillales,Acetobacteraceae,Pseudoroseomonas
Pseudomonadota,Gammaproteobacteria,Orbales,Orbaceae,Frischella
Pseudomonadota,Betaproteobacteria,Burkholderiales,Comamonadaceae,Paenacidovorax
Pseudomonadota,Gammaproteobacteria,Vibrionales,Vibrionaceae,Candidatus Photodesmus
Bacillota,Clostridia,Peptostreptococcales,Peptoclostridiaceae,Peptoclostridium
Bacillota,Clostridia,Eubacteriales,Proteinivoraceae,Alkalicella
Pseudomonadota,Gammaproteobacteria,Chromatiales,Chromatiaceae,Candidatus Nitrosacidococcus
Bacteroidota,Flavobacteriia,Flavobacteriales,Flavobacteriaceae,Arenibacter
Bacteroidota,Flavobacteriia,Flavobacteriales,Flavobacteriaceae,Kordia
Bacillota,Tissierellia,Tissierellales,Tissierellaceae,Paratissierella
Bacteroidota,Bacteroidia,Bacteroidales,Bacteroidaceae,Jilunia
Bacillota,Clostridia,Eubacteriales,Oscillospiraceae,Qingrenia
Bacillota,Clostridia,Eubacteriales,Oscillospiraceae,Youxingia
Bacillota,Clostridia,Eubacteriales,Oscillospiraceae,Zongyangia
Bacillota,Clostridia,Eubacteriales,Eubacteriales Family XIII. Incertae Sedis,Lentihominibacter
Bacillota,Clostridia,Eubacteriales,Oscillospiraceae,Yanshouia
Bacillota,Clostridia,Lachnospirales,Lachnospiraceae,Jingyaoa
Bacillota,Clostridia,Lachnospirales,Lachnospiraceae,Jutongia
Bacillota,Clostridia,Eubacteriales,Oscillospiraceae,Fumia
Bacillota,Clostridia,Eubacteriales,Bianqueaceae,Bianquea
Bacillota,Clostridia,Eubacteriales,Oscillospiraceae,Ligaoa
Bacillota,Clostridia,Christensenellales,Christensenellaceae,Guopingia
Bacillota,Clostridia,Eubacteriales,Oscillospiraceae,Congzhengia
Bacillota,Clostridia,Christensenellales,Christensenellaceae,Gehongia
Bacillota,Clostridia,Eubacteriales,Feifaniaceae,Feifania
Bacillota,Clostridia,Christensenellales,Christensenellaceae,Luoshenia
Bacillota,Clostridia,Eubacteriales,Yeguiaceae,Yeguia
Bacillota,Clostridia,Lachnospirales,Lachnospiraceae,Wansuia
Bacillota,Clostridia,Lachnospirales,Lachnospiraceae,Qiania
Bacillota,Clostridia,Lachnospirales,Lachnospiraceae,Simiaoa
Bacillota,Clostridia,Lachnospirales,Lachnospiraceae,Wujia
Pseudomonadota,Alphaproteobacteria,Sphingomonadales,Sphingomonadaceae,Novosphingopyxis
Bacillota,Clostridia,Eubacteriales,Eubacteriales Family XIII. Incertae Sedis,Zhenpiania
Bacillota,Clostridia,Eubacteriales,Peptococcaceae,Thermanaerosceptrum
Bacillota,Clostridia,Peptostreptococcales,Peptostreptococcaceae,Paeniclostridium
Bacillota,Clostridia,Eubacteriales,Acutalibacteraceae,Caproicibacter
Bacteroidota,Flavobacteriia,Flavobacteriales,Flavobacteriaceae,Constantimarinum
Bacillota,Clostridia,Lachnospirales,Lachnospiraceae,Anaerosacchariphilus
Bacillota,Clostridia,Lachnospirales,Lachnospiraceae,Hungatella
Bacillota,Clostridia,Lachnospirales,Lachnospiraceae,Lachnospira
Bacillota,Clostridia,Eubacteriales,Oscillospiraceae,Lawsonibacter
Bacillota,Clostridia,Christensenellales,Christensenellaceae,Christensenella
Bacillota,Clostridia,Eubacteriales,Oscillospiraceae,Anaerofilum
Bacillota,Clostridia,Eubacteriales,Eubacteriaceae,Acetobacterium
Bdellovibrionota,Oligoflexia,Silvanigrellales,Silvanigrellaceae,Fluviispira
Acidobacteriota,Terriglobia,Terriglobales,Acidobacteriaceae,Alloacidobacterium
Pseudomonadota,Gammaproteobacteria,Alteromonadales,Alteromonadaceae,Neptunicella
Bacillota,Bacilli,Bacillales,Staphylococcaceae,Jeotgalicoccus
Bacteroidota,Flavobacteriia,Flavobacteriales,Blattabacteriaceae,Blattabacterium
Pseudomonadota,Gammaproteobacteria,Cellvibrionales,Cellvibrionaceae,Teredinibacter
Pseudomonadota,Betaproteobacteria,Burkholderiales,Alcaligenaceae,Pusillimonas
Pseudomonadota,Alphaproteobacteria,Sphingomonadales,Sphingomonadaceae,Parasphingopyxis
Bacteroidota,Flavobacteriia,Flavobacteriales,Flavobacteriaceae,Croceivirga
Verrucomicrobiota,Opitutia,Puniceicoccales,Cerasicoccaceae,Ruficoccus
Verrucomicrobiota,Opitutia,Puniceicoccales,Puniceicoccaceae,Puniceicoccus
Bacillota,Clostridia,Lachnospirales,Lachnospiraceae,Anaerocolumna
Thermodesulfobacteriota,Desulfuromonadia,Geobacterales,Geobacteraceae,Citrifermentans
Pseudomonadota,Gammaproteobacteria,Cellvibrionales,Cellvibrionaceae,Pseudoteredinibacter
Planctomycetota,Phycisphaerae,Phycisphaerales,Phycisphaeraceae,Algisphaera
Spirochaetota,Spirochaetia,Spirochaetales,Spirochaetaceae,Spirochaeta
Bacillota,Clostridia,Peptostreptococcales,Thermotaleaceae,Anaerosolibacter
Pseudomonadota,Alphaproteobacteria,Rhodospirillales,Azospirillaceae,Nitrospirillum
Pseudomonadota,Alphaproteobacteria,Hyphomicrobiales,Brucellaceae,Paenochrobactrum
Actinomycetota,Actinomycetes,Jiangellales,Jiangellaceae,Jiangella
Actinomycetota,Actinomycetes,Micromonosporales,Micromonosporaceae,Allocatelliglobosispora
Verrucomicrobiota,Verrucomicrobiia,Verrucomicrobiales,Verrucomicrobiaceae,Prosthecobacter
Chrysiogenota,Chrysiogenia,Chrysiogenales,Chrysiogenaceae,Desulfurispira
Pseudomonadota,Gammaproteobacteria,Steroidobacterales,Steroidobacteraceae,Povalibacter
Pseudomonadota,Gammaproteobacteria,Lysobacterales,Lysobacteraceae,Rehaibacterium
Pseudomonadota,Betaproteobacteria,NA,NA,Chitinivorax
Bacillota,Bacilli,Lactobacillales,Streptococcaceae,Lactovum
Pseudomonadota,Gammaproteobacteria,Lysobacterales,Rhodanobacteraceae,Chiayiivirga
Bacillota,Erysipelotrichia,Erysipelotrichales,Erysipelotrichaceae,Catenisphaera
Pseudomonadota,Betaproteobacteria,Burkholderiales,Alcaligenaceae,Parapusillimonas
Bacillota,Clostridia,Lachnospirales,Lachnospiraceae,Oribacterium
Deinococcota,Deinococci,Deinococcales,Deinococcaceae,Deinobacterium
Bacillota,Bacilli,Bacillales,Bacillaceae,Texcoconibacillus
Armatimonadota,Armatimonadia,Armatimonadales,Armatimonadaceae,Armatimonas
Pseudomonadota,Gammaproteobacteria,Aeromonadales,Aeromonadaceae,Tolumonas
Actinomycetota,Actinomycetes,Streptosporangiales,Streptosporangiaceae,Thermocatellispora
Bacteroidota,Cytophagia,Cytophagales,Cytophagaceae,Rhabdobacter
Pseudomonadota,Betaproteobacteria,Burkholderiales,Burkholderiaceae,Quisquiliibacterium
Bacillota,Clostridia,Lachnospirales,Lachnospiraceae,Catenibacillus
Pseudomonadota,Alphaproteobacteria,Rhodobacterales,Paracoccaceae,Amaricoccus
Pseudomonadota,Gammaproteobacteria,Lysobacterales,Rhodanobacteraceae,Oleiagrimonas
Thermodesulfobacteriota,Desulfobulbia,Desulfobulbales,Desulfobulbaceae,Desulfoprunum
Actinomycetota,Actinomycetes,Micrococcales,Micrococcaceae,Neomicrococcus
Pseudomonadota,Alphaproteobacteria,Sphingomonadales,Sphingomonadaceae,Rhizorhapis
Pseudomonadota,Alphaproteobacteria,Hyphomicrobiales,Kaistiaceae,Prosthecomicrobium
Pseudomonadota,Alphaproteobacteria,Rhodobacterales,Paracoccaceae,Rubricella
Pseudomonadota,Alphaproteobacteria,Rhodobacterales,Paracoccaceae,Yoonia
Gemmatimonadota,Longimicrobiia,Longimicrobiales,Longimicrobiaceae,Longimicrobium
Pseudomonadota,Alphaproteobacteria,Rhodospirillales,Rhodospirillaceae,Roseospira
Pseudomonadota,Alphaproteobacteria,Hyphomicrobiales,Rhizobiaceae,Gellertiella
Pseudomonadota,Alphaproteobacteria,Rhodobacterales,Roseobacteraceae,Actibacterium
Pseudomonadota,Alphaproteobacteria,Hyphomicrobiales,Rhizobiaceae,Mycoplana
Pseudomonadota,Alphaproteobacteria,Hyphomicrobiales,Aurantimonadaceae,Martelella
Pseudomonadota,Alphaproteobacteria,Sphingomonadales,Sphingomonadaceae,Sphingorhabdus
Pseudomonadota,Alphaproteobacteria,Hyphomicrobiales,Chelatococcaceae,Pseudochelatococcus
Bacteroidota,Bacteroidia,Bacteroidales,Prevotellaceae,Alloprevotella
Actinomycetota,Actinomycetes,Micrococcales,Micrococcaceae,Garicola
Bacteroidota,Bacteroidia,Bacteroidales,Porphyromonadaceae,Microbacter
Pseudomonadota,Alphaproteobacteria,Rhodospirillales,Acetobacteraceae,Endobacter
Pseudomonadota,Gammaproteobacteria,Pseudomonadales,Pseudomonadaceae,Azomonas
Pseudomonadota,Alphaproteobacteria,Rhodospirillales,Rhodovibrionaceae,Limibacillus
Pseudomonadota,Gammaproteobacteria,NA,NA,Litorivivens
Pseudomonadota,Alphaproteobacteria,Hyphomicrobiales,NA,Terrihabitans
Pseudomonadota,Alphaproteobacteria,Rhodospirillales,Acetobacteraceae,Gluconacetobacter
Bacillota,Clostridia,Lachnospirales,Lachnospiraceae,Variimorphobacter
Bacteroidota,Chitinophagia,Chitinophagales,Chitinophagaceae,Lacibacter
Pseudomonadota,Gammaproteobacteria,Oceanospirillales,Oceanospirillaceae,Oceanospirillum
Pseudomonadota,Betaproteobacteria,Nitrosomonadales,Sterolibacteriaceae,Denitratisoma
Pseudomonadota,Betaproteobacteria,Burkholderiales,NA,Aquariibacter
Pseudomonadota,Gammaproteobacteria,Chromatiales,Chromatiaceae,Thiospirillum
Actinomycetota,Actinomycetes,Streptosporangiales,Thermomonosporaceae,Thermomonospora
Bacillota,Bacilli,Bacillales,Paenibacillaceae,Fontibacillus
Actinomycetota,Actinomycetes,Pseudonocardiales,Pseudonocardiaceae,Halosaccharopolyspora
Actinomycetota,Actinomycetes,Micrococcales,Microbacteriaceae,Alpinimonas
Actinomycetota,Actinomycetes,Actinomycetales,Actinomycetaceae,Flaviflexus
Bacillota,Bacilli,Bacillales,Bacillaceae,Paraliobacillus
Pseudomonadota,Gammaproteobacteria,Cellvibrionales,Halieaceae,Sediminihaliea
Bacillota,Bacilli,Lactobacillales,Lactobacillaceae,Companilactobacillus
Pseudomonadota,Betaproteobacteria,Neisseriales,Neisseriaceae,Conchiformibius
Bacillota,Bacilli,Lactobacillales,Aerococcaceae,Ruoffia
Chlamydiota,Chlamydiia,Parachlamydiales,Parachlamydiaceae,Candidatus Protochlamydia
Pseudomonadota,Betaproteobacteria,Burkholderiales,Oxalobacteraceae,Rugamonas
Bacteroidota,Flavobacteriia,Flavobacteriales,Weeksellaceae,Moheibacter
Actinomycetota,Actinomycetes,Actinomycetales,Actinomycetaceae,Changpingibacter
Mycoplasmatota,Candidatus Izimaplasma,Candidatus Izemoplasmatales,Candidatus Izemoplasmataceae,Candidatus Xianfuyuplasma
Bacillota,Bacilli,Bacillales,Thermoactinomycetaceae,Thermoactinomyces
Pseudomonadota,Alphaproteobacteria,Hyphomicrobiales,Pleomorphomonadaceae,Chthonobacter
Thermodesulfobacteriota,Desulfobacteria,Desulfobacterales,Desulfosalsimonadaceae,Desulfosalsimonas
Mycoplasmatota,Candidatus Izimaplasma,Candidatus Izemoplasmatales,Hujiaoplasmataceae,Hujiaoplasma
Planctomycetota,Planctomycetia,Gemmatales,Gemmataceae,Thermogemmata
Bacillota,NA,NA,NA,Capillibacterium
Pseudomonadota,Alphaproteobacteria,Hyphomicrobiales,Hyphomicrobiaceae,Hyphomicrobium
Planctomycetota,Planctomycetia,Pirellulales,Pirellulaceae,Bremerella
Planctomycetota,Planctomycetia,Gemmatales,Gemmataceae,Frigoriglobus
Pseudomonadota,Alphaproteobacteria,Rickettsiales,Anaplasmataceae,Ehrlichia
Actinomycetota,Actinomycetes,Pseudonocardiales,Pseudonocardiaceae,Haloechinothrix
Pseudomonadota,Betaproteobacteria,Burkholderiales,NA,Tepidicella
Pseudomonadota,Betaproteobacteria,Neisseriales,Chitinibacteraceae,Chitinibacter
Fusobacteriota,Fusobacteriia,Fusobacteriales,Leptotrichiaceae,Streptobacillus
Pseudomonadota,Alphaproteobacteria,Rhodobacterales,Paracoccaceae,Rhabdonatronobacter
Pseudomonadota,Betaproteobacteria,Burkholderiales,Sphaerotilaceae,Sphaerotilus
Actinomycetota,Actinomycetes,Micrococcales,Microbacteriaceae,Pseudoclavibacter
Actinomycetota,Actinomycetes,Micrococcales,Dermacoccaceae,Allobranchiibius
Bacteroidota,Bacteroidia,Bacteroidales,Porphyromonadaceae,Macellibacteroides
Actinomycetota,Actinomycetes,Kineosporiales,Kineosporiaceae,Kineococcus
Actinomycetota,Actinomycetes,Micrococcales,Dermatophilaceae,Kineosphaera
Actinomycetota,Actinomycetes,Geodermatophilales,Geodermatophilaceae,Petropleomorpha
Actinomycetota,Actinomycetes,Micrococcales,Intrasporangiaceae,Pedococcus
Actinomycetota,Actinomycetes,Streptosporangiales,Nocardiopsaceae,Spinactinospora
Actinomycetota,Actinomycetes,Micrococcales,Microbacteriaceae,Schumannella
Actinomycetota,Actinomycetes,Bifidobacteriales,Bifidobacteriaceae,Aeriscardovia
Actinomycetota,Actinomycetes,Propionibacteriales,Propionibacteriaceae,Naumannella
Actinomycetota,Actinomycetes,Actinopolysporales,Actinopolysporaceae,Actinopolyspora
Actinomycetota,Actinomycetes,Kitasatosporales,Streptomycetaceae,Allostreptomyces
Pseudomonadota,Alphaproteobacteria,Rhodobacterales,Roseobacteraceae,Jannaschia
Bacteroidota,Flavobacteriia,Flavobacteriales,Flavobacteriaceae,Costertonia
Pseudomonadota,Gammaproteobacteria,Oceanospirillales,Oceanospirillaceae,Neptunomonas
Pseudomonadota,NA,Chromatiales,NA,NA
Thermodesulfobacteriota,Desulfobacteria,Desulfobacterales,Desulfobacteraceae,Desulfobacter
Pseudomonadota,Alphaproteobacteria,Rhodobacterales,Roseobacteraceae,Donghicola
Pseudomonadota,Gammaproteobacteria,Pasteurellales,Pasteurellaceae,Vespertiliibacter
Pseudomonadota,Gammaproteobacteria,Pasteurellales,Pasteurellaceae,Bisgaardia
Thermodesulfobacteriota,Desulfovibrionia,Desulfovibrionales,Desulfovibrionaceae,Desulfolutivibrio
Pseudomonadota,Alphaproteobacteria,Rhodospirillales,Acetobacteraceae,Nguyenibacter
Pseudomonadota,Gammaproteobacteria,NA,Candidatus Azoamicaceae,Candidatus Azoamicus
Thermodesulfobacteriota,Desulfobulbia,Desulfobulbales,Desulfocapsaceae,Desulfosediminicola
Campylobacterota,Epsilonproteobacteria,Campylobacterales,Arcobacteraceae,Aliarcobacter
Pseudomonadota,Alphaproteobacteria,Sphingomonadales,Erythrobacteraceae,Actirhodobacter
Bacillota,Bacilli,Bacillales,Bacillaceae,Paenalkalicoccus
Chlorobiota,Chlorobiia,Chlorobiales,Chlorobiaceae,Prosthecochloris
Pseudomonadota,Gammaproteobacteria,NA,NA,Candidatus Reidiella
Pseudomonadota,Gammaproteobacteria,NA,NA,Candidatus Ruthturnera
Pseudomonadota,Alphaproteobacteria,Rhodobacterales,Paracoccaceae,Fertoeibacter
Pseudomonadota,Gammaproteobacteria,Thiotrichales,Piscirickettsiaceae,Hydrogenovibrio
Pseudomonadota,Alphaproteobacteria,Sphingomonadales,Erythrobacteraceae,Alteripontixanthobacter
Bacillota,Bacilli,Bacillales,Bacillaceae,Piscibacillus
Pseudomonadota,Gammaproteobacteria,Alteromonadales,Alteromonadaceae,Marinifaba
Bacillota,Bacilli,Bacillales,Bacillaceae,Calidifontibacillus
Pseudomonadota,Betaproteobacteria,Rhodocyclales,Zoogloeaceae,Uliginosibacterium
Bacteroidota,Flavobacteriia,Flavobacteriales,Weeksellaceae,Frigoriflavimonas
Actinomycetota,Actinomycetes,Micrococcales,Microbacteriaceae,Aquiluna
Campylobacterota,Epsilonproteobacteria,Campylobacterales,Arcobacteraceae,Poseidonibacter
Actinomycetota,NA,Candidatus Hakubellales,Candidatus Hakubellaceae,Candidatus Hakubella
Bacillota,Bacilli,Lactobacillales,Aerococcaceae,Abiotrophia
Pseudomonadota,Betaproteobacteria,Burkholderiales,NA,Aquabacterium
Pseudomonadota,Alphaproteobacteria,Hyphomicrobiales,Stappiaceae,Hongsoonwoonella
Bacteroidota,Bacteroidia,Bacteroidales,Tenuifilaceae,Tenuifilum
Campylobacterota,Epsilonproteobacteria,Campylobacterales,Arcobacteraceae,Halarcobacter
Actinomycetota,Coriobacteriia,Eggerthellales,Eggerthellaceae,Berryella
Pseudomonadota,Alphaproteobacteria,Rhodospirillales,Acetobacteraceae,Lichenicola
Pseudomonadota,Betaproteobacteria,Ferrovales,Ferrovaceae,Ferrovum
Pseudomonadota,Gammaproteobacteria,Pseudomonadales,Pseudomonadaceae,Permianibacter
Cyanobacteriota,Cyanophyceae,Oculatellales,Oculatellaceae,Thermoleptolyngbya
Bacteroidota,Bacteroidia,Bacteroidales,Prevotellaceae,Palleniella
Pseudomonadota,Alphaproteobacteria,Rhodobacterales,Paracoccaceae,Alterinioella
Pseudomonadota,Betaproteobacteria,Burkholderiales,Alcaligenaceae,Pelistega
Bacteroidota,Chitinophagia,Chitinophagales,Chitinophagaceae,Limnovirga
Bacillota,Bacilli,Lactobacillales,Carnobacteriaceae,Dolosigranulum
Pseudomonadota,Alphaproteobacteria,Rhodobacterales,Paracoccaceae,Halovulum
Thermodesulfobacteriota,Desulfovibrionia,Desulfovibrionales,Desulfovibrionaceae,Oceanidesulfovibrio
Planctomycetota,Planctomycetia,Planctomycetales,Planctomycetaceae,Alienimonas
Gemmatimonadota,Gemmatimonadia,Gemmatimonadales,Gemmatimonadaceae,Gemmatimonas
Pseudomonadota,Betaproteobacteria,Nitrosomonadales,Usitatibacteraceae,Usitatibacter
Pseudomonadota,Betaproteobacteria,Burkholderiales,Burkholderiaceae,Pararobbsia
Pseudomonadota,Alphaproteobacteria,Sphingomonadales,Erythrobacteraceae,Pseudopontixanthobacter
NA,Deltaproteobacteria,NA,Dissulfurirhabdaceae,Dissulfurirhabdus
Planctomycetota,Planctomycetia,Isosphaerales,Isosphaeraceae,Tautonia
Pseudomonadota,Gammaproteobacteria,NA,Candidatus Competibacteraceae,Candidatus Competibacter
Pseudomonadota,Gammaproteobacteria,Enterobacterales,Yersiniaceae,Rouxiella
Bacillota,Clostridia,Eubacteriales,Clostridiales Family XVII. Incertae Sedis,Sulfobacillus
Bacteroidota,Cytophagia,Cytophagales,Flammeovirgaceae,Marinigracilibium
Pseudomonadota,Alphaproteobacteria,Rhodospirillales,Rhodospirillaceae,Pacificispira
Cyanobacteriota,Cyanophyceae,Nostocales,Scytonemataceae,Brasilonema
Pseudomonadota,Hydrogenophilia,Hydrogenophilales,Hydrogenophilaceae,Tepidiphilus
Pseudomonadota,Betaproteobacteria,Rhodocyclales,Zoogloeaceae,Azoarcus
Pseudomonadota,NA,Enterobacterales,Enterobacteriaceae,NA
Thermodesulfobacteriota,Thermodesulfobacteria,Thermodesulfobacteriales,Thermodesulfobacteriaceae,Thermosulfurimonas
Pseudomonadota,Gammaproteobacteria,Oceanospirillales,Oceanospirillaceae,Bermanella
Pseudomonadota,Gammaproteobacteria,Alteromonadales,Ferrimonadaceae,Ferrimonas
Cyanobacteriota,Cyanophyceae,Oscillatoriales,Microcoleaceae,Oxynema
Planctomycetota,Planctomycetia,Planctomycetales,Planctomycetaceae,Crateriforma
Actinomycetota,Actinomycetes,Micrococcales,Dermatophilaceae,Gephyromycinifex
Pseudomonadota,Gammaproteobacteria,Chromatiales,Chromatiaceae,Marichromatium
Pseudomonadota,Alphaproteobacteria,Candidatus Pelagibacterales,Candidatus Pelagibacteraceae,Candidatus Pelagibacter
Pseudomonadota,Gammaproteobacteria,Nevskiales,Nevskiaceae,Solimonas
Pseudomonadota,Gammaproteobacteria,Thiotrichales,Francisellaceae,Allofrancisella
Nitrospirota,Nitrospiria,Candidatus Troglogloeales,Candidatus Manganitrophaceae,Candidatus Manganitrophus
Bacillota,Clostridia,Lachnospirales,Lachnospiraceae,Anaerosporobacter
Pseudomonadota,Alphaproteobacteria,Rhodobacterales,Paracoccaceae,Pseudoroseicyclus
Pseudomonadota,Zetaproteobacteria,Mariprofundales,Mariprofundaceae,Mariprofundus
Pseudomonadota,Betaproteobacteria,Burkholderiales,Oxalobacteraceae,Glaciimonas
Bacteroidota,Flavobacteriia,Flavobacteriales,Flavobacteriaceae,Saonia
Thermodesulfobacteriota,Desulfovibrionia,Desulfovibrionales,Desulfovibrionaceae,Desulfobaculum
Pseudomonadota,Alphaproteobacteria,Hyphomicrobiales,Beijerinckiaceae,Methylocella
Pseudomonadota,Gammaproteobacteria,Pasteurellales,Pasteurellaceae,Avibacterium
Pseudomonadota,Betaproteobacteria,Nitrosomonadales,Sulfuricellaceae,Sulfurimicrobium
Pseudomonadota,Alphaproteobacteria,Hyphomicrobiales,Parvibaculaceae,Parvibaculum
Pseudomonadota,Alphaproteobacteria,Micropepsales,Micropepsaceae,Rhizomicrobium
Bacteroidota,Cytophagia,Cytophagales,Thermonemataceae,Thermonema
Bacillota,Bacilli,Bacillales,Bacillaceae,Saccharococcus
Actinomycetota,Actinomycetes,Pseudonocardiales,Pseudonocardiaceae,Saccharomonospora
Actinomycetota,Actinomycetes,Micrococcales,Microbacteriaceae,Frigoribacterium
Actinomycetota,Actinomycetes,Micrococcales,Microbacteriaceae,Lysinibacter
Pseudomonadota,Gammaproteobacteria,Orbales,Orbaceae,Zophobihabitans
Bacteroidota,Cytophagia,Cytophagales,Spirosomataceae,Fibrivirga
Pseudomonadota,Gammaproteobacteria,Cellvibrionales,Cellvibrionaceae,Pseudomaricurvus
Planctomycetota,Planctomycetia,Planctomycetales,Planctomycetaceae,Thalassoroseus
Pseudomonadota,Alphaproteobacteria,Hyphomicrobiales,Rhizobiaceae,Ferranicluibacter
Chlorobiota,Chlorobiia,Chlorobiales,Chlorobiaceae,Chlorobium
Pseudomonadota,Betaproteobacteria,Neisseriales,Chitinibacteraceae,Iodobacter
Pseudomonadota,Gammaproteobacteria,Pasteurellales,Pasteurellaceae,Basfia
Pseudomonadota,Gammaproteobacteria,Pasteurellales,Pasteurellaceae,Frederiksenia
Actinomycetota,Actinomycetes,Micrococcales,Dermacoccaceae,Metallococcus
Pseudomonadota,Gammaproteobacteria,Thiotrichales,Piscirickettsiaceae,Thiosulfatimonas
Pseudomonadota,Gammaproteobacteria,Thiotrichales,Piscirickettsiaceae,Thiosulfativibrio
Pseudomonadota,Alphaproteobacteria,Rhodobacterales,Paracoccaceae,Cochlodiniinecator
Actinomycetota,Actinomycetes,Jiangellales,Jiangellaceae,Phytoactinopolyspora
Bacteroidota,Flavobacteriia,Flavobacteriales,Flavobacteriaceae,Pelagihabitans
Bacteroidota,Cytophagia,Cytophagales,Cyclobacteriaceae,Cyclobacterium
Pseudomonadota,Alphaproteobacteria,Rhodobacterales,Paracoccaceae,Pontibrevibacter
Pseudomonadota,Gammaproteobacteria,Chromatiales,Chromatiaceae,Caldichromatium
Actinomycetota,Actinomycetes,Motilibacterales,Motilibacteraceae,Motilibacter
Cyanobacteriota,Cyanophyceae,Nostocales,Scytonemataceae,Scytonema
Thermodesulfobacteriota,Thermodesulfobacteria,Thermodesulfobacteriales,Thermodesulfobacteriaceae,Thermosulfuriphilus
Bacteroidota,Bacteroidia,Bacteroidales,Tenuifilaceae,Perlabentimonas
Planctomycetota,Candidatus Brocadiia,Candidatus Brocadiales,Candidatus Brocadiaceae,Candidatus Kuenenia
Planctomycetota,Planctomycetia,Isosphaerales,Isosphaeraceae,Aquisphaera
Balneolota,Balneolia,Balneolales,Balneolaceae,Halalkalibaculum
Bacillota,Bacilli,Bacillales,Bacillaceae,Litoribacterium
Pseudomonadota,Alphaproteobacteria,Sphingomonadales,Sphingomonadaceae,Sphingosinithalassobacter
Actinomycetota,Actinomycetes,Micrococcales,Microbacteriaceae,Marisediminicola
Verrucomicrobiota,Verrucomicrobiia,Limisphaerales,Limisphaeraceae,Limisphaera
Bacteroidota,Flavobacteriia,Flavobacteriales,Flavobacteriaceae,Rasiella
Pseudomonadota,Alphaproteobacteria,Rhodobacterales,Paracoccaceae,Pikeienuella
Cyanobacteriota,NA,NA,NA,Adonisia
Pseudomonadota,Alphaproteobacteria,Sphingomonadales,Sphingosinicellaceae,Sandarakinorhabdus
Actinomycetota,Actinomycetes,Mycobacteriales,NA,Fodinicola
Pseudomonadota,Alphaproteobacteria,Rhodobacterales,Roseobacteraceae,Falsiruegeria
Pseudomonadota,Alphaproteobacteria,Rhodobacterales,Paracoccaceae,Pseudotabrizicola
Pseudomonadota,Gammaproteobacteria,Chromatiales,Chromatiaceae,Thiorhodococcus
Bacteroidota,Bacteroidia,Marinilabiliales,Prolixibacteraceae,Mangrovibacterium
Cyanobacteriota,Cyanophyceae,Nostocales,Tolypothrichaceae,Hassalia
Actinomycetota,Actinomycetes,Micrococcales,Microbacteriaceae,Galbitalea
Actinomycetota,Actinomycetes,Micrococcales,Microbacteriaceae,Diaminobutyricibacter
Bacteroidota,Flavobacteriia,Flavobacteriales,Cryomorphaceae,Cryomorpha
Bacteroidota,Flavobacteriia,Flavobacteriales,Flavobacteriaceae,Leptobacterium
Bacteroidota,Flavobacteriia,Flavobacteriales,Flavobacteriaceae,Spongiivirga
Bacillota,Clostridia,Peptostreptococcales,Anaerovoracaceae,Aminipila
Pseudomonadota,Gammaproteobacteria,Cellvibrionales,Halieaceae,Kineobactrum
Bacteroidota,Bacteroidia,Marinilabiliales,Prolixibacteraceae,Draconibacterium
Bacillota,Erysipelotrichia,Erysipelotrichales,Erysipelotrichaceae,Amedibacterium
Bacillota,Clostridia,Eubacteriales,Oscillospiraceae,Flavonifractor
Verrucomicrobiota,Opitutia,Puniceicoccales,Oceanipulchritudinaceae,Oceanipulchritudo
Pseudomonadota,Betaproteobacteria,Burkholderiales,Alcaligenaceae,Sheuella
Pseudomonadota,Gammaproteobacteria,Chromatiales,Wenzhouxiangellaceae,Wenzhouxiangella
Pseudomonadota,Betaproteobacteria,Neisseriales,Neisseriaceae,Crenobacter
Planctomycetota,Planctomycetia,Pirellulales,Pirellulaceae,Candidatus Laterigemmans
Planctomycetota,Planctomycetia,Gemmatales,Gemmataceae,Tuwongella
Bacillota,Clostridia,Eubacteriales,NA,Anaerotalea
Pseudomonadota,Gammaproteobacteria,Enterobacterales,Pectobacteriaceae,Acerihabitans
Cyanobacteriota,Cyanophyceae,Leptolyngbyales,Leptolyngbyaceae,Myxacorys
Bacillota,Bacilli,Bacillales,Paenibacillaceae,Chengkuizengella
Actinomycetota,Actinomycetes,Geodermatophilales,Geodermatophilaceae,Goekera
Cyanobacteriota,Cyanophyceae,Synechococcales,Petrachlorosaceae,Petrachloros
Bacteroidota,Chitinophagia,Chitinophagales,Chitinophagaceae,Sediminibacterium
Pseudomonadota,Gammaproteobacteria,Thiotrichales,Thiotrichaceae,Beggiatoa
Fusobacteriota,Fusobacteriia,Fusobacteriales,Leptotrichiaceae,Leptotrichia
Pseudomonadota,Betaproteobacteria,Rhodocyclales,Fluviibacteraceae,Fluviibacter
Pseudomonadota,Betaproteobacteria,Nitrosomonadales,Sulfuricellaceae,Sulfuriferula
Thermotogota,Thermotogae,Mesoaciditogales,Mesoaciditogaceae,Athalassotoga
Bacillota,Clostridia,Eubacteriales,Desulfallaceae,Sporotomaculum
Pseudomonadota,Alphaproteobacteria,Rhodobacterales,Paracoccaceae,Algicella
Pseudomonadota,Alphaproteobacteria,Rhodobacterales,Paracoccaceae,Stagnihabitans
Bacteroidota,Cytophagia,Cytophagales,Hymenobacteraceae,Nibribacter
Pseudomonadota,Gammaproteobacteria,Cellvibrionales,Halieaceae,Aequoribacter
Bacillota,Clostridia,Eubacteriales,Clostridiaceae,Isachenkonia
Bacteroidota,Flavobacteriia,Flavobacteriales,Cryomorphaceae,Acidiluteibacter
Pseudomonadota,Betaproteobacteria,Burkholderiales,NA,Xylophilus
Kiritimatiellota,Tichowtungiia,Tichowtungiales,Tichowtungiaceae,Tichowtungia
Bacteroidota,Flavobacteriia,Flavobacteriales,Flavobacteriaceae,Poritiphilus
Actinomycetota,Actinomycetes,Streptosporangiales,Streptosporangiaceae,Herbidospora
Pseudomonadota,Alphaproteobacteria,Rhodospirillales,Acetobacteraceae,Rhodovarius
Bacillota,Clostridia,Eubacteriales,Heliobacteriaceae,Heliomicrobium
Pseudomonadota,Alphaproteobacteria,Hyphomicrobiales,Propylenellaceae,Propylenella
Actinomycetota,Actinomycetes,Micrococcales,Intrasporangiaceae,Ornithinibacter
Thermodesulfobacteriota,Desulfovibrionia,Desulfovibrionales,Desulfovibrionaceae,Solidesulfovibrio
Pseudomonadota,Betaproteobacteria,Neisseriales,Chromobacteriaceae,Aquitalea
Cyanobacteriota,Cyanophyceae,Nostocales,Nostocaceae,Trichormus
Pseudomonadota,Alphaproteobacteria,Rickettsiales,Anaplasmataceae,Neorickettsia
Bacteroidota,Bacteroidia,Marinilabiliales,Prolixibacteraceae,Sunxiuqinia
Actinomycetota,Actinomycetes,Micrococcales,Promicromonosporaceae,Puerhibacterium
Cyanobacteriota,Cyanophyceae,Oscillatoriales,Microcoleaceae,Sodalinema
Pseudomonadota,Alphaproteobacteria,Rhodobacterales,Roseobacteraceae,Profundibacterium
Bacteroidota,Sphingobacteriia,Sphingobacteriales,Sphingobacteriaceae,Hufsiella
Actinomycetota,Actinomycetes,Sporichthyales,Sporichthyaceae,Epidermidibacterium
Pseudomonadota,Alphaproteobacteria,Rhodobacterales,Paracoccaceae,Oceanomicrobium
Pseudomonadota,Betaproteobacteria,Nitrosomonadales,Nitrosomonadaceae,Nitrosomonas
Pseudomonadota,Betaproteobacteria,Neisseriales,Neisseriaceae,Craterilacuibacter
Bacillota,Erysipelotrichia,Erysipelotrichales,Erysipelotrichaceae,Copranaerobaculum
Bacillota,Clostridia,Lachnospirales,Lachnospiraceae,Sporofaciens
Pseudomonadota,Alphaproteobacteria,Rhodobacterales,Paracoccaceae,Kangsaoukella
Pseudomonadota,Alphaproteobacteria,Sphingomonadales,Erythrobacteraceae,Allopontixanthobacter
Pseudomonadota,Alphaproteobacteria,Sphingomonadales,Erythrobacteraceae,Altericroceibacterium
Pseudomonadota,Alphaproteobacteria,Sphingomonadales,Erythrobacteraceae,Alteraurantiacibacter
Pseudomonadota,Alphaproteobacteria,Sphingomonadales,Erythrobacteraceae,Parapontixanthobacter
Pseudomonadota,Gammaproteobacteria,Oceanospirillales,Oceanospirillaceae,Nitrincola
Pseudomonadota,Gammaproteobacteria,Thiotrichales,Francisellaceae,Pseudofrancisella
Pseudomonadota,Alphaproteobacteria,Rhodobacterales,Roseobacteraceae,Litoreibacter
Pseudomonadota,Alphaproteobacteria,Hyphomicrobiales,Xanthobacteraceae,Starkeya
Pseudomonadota,Betaproteobacteria,Rhodocyclales,Zoogloeaceae,Cognatazoarcus
Pseudomonadota,Gammaproteobacteria,Enterobacterales,Budviciaceae,Budvicia
Bacteroidota,Cytophagia,Cytophagales,Cyclobacteriaceae,Lunatibacter
Bacillota,Clostridia,Eubacteriales,Desulfitobacteriaceae,Dehalobacter
Bdellovibrionota,Oligoflexia,Silvanigrellales,Silvanigrellaceae,Pigmentibacter
Pseudomonadota,Alphaproteobacteria,Caulobacterales,Caulobacteraceae,Terricaulis
Spirochaetota,Spirochaetia,Spirochaetales,Rectinemataceae,Rectinema
Bacillota,Clostridia,Lachnospirales,Defluviitaleaceae,Defluviitalea
Pseudomonadota,Alphaproteobacteria,Hyphomicrobiales,Aurantimonadaceae,Antarcticirhabdus
Pseudomonadota,Alphaproteobacteria,Rhodobacterales,Paracoccaceae,Chachezhania
Pseudomonadota,Gammaproteobacteria,Thiotrichales,Fastidiosibacteraceae,Caedibacter
Pseudomonadota,Gammaproteobacteria,Pasteurellales,Pasteurellaceae,Ursidibacter
Pseudomonadota,Betaproteobacteria,NA,Casimicrobiaceae,Casimicrobium
Actinomycetota,Actinomycetes,Propionibacteriales,Propionibacteriaceae,Auraticoccus
Bacteroidota,Chitinophagia,Chitinophagales,Chitinophagaceae,Phnomibacter
Bacillota,Clostridia,Eubacteriales,Syntrophomonadaceae,Candidatus Syntrophocurvum
Actinomycetota,Actinomycetes,Micrococcales,Cellulomonadaceae,Pseudactinotalea
Fusobacteriota,Fusobacteriia,Fusobacteriales,Leptotrichiaceae,Oceanivirga
Bacillota,Bacilli,Bacillales,Gemellaceae,Gemella
Pseudomonadota,Gammaproteobacteria,Enterobacterales,Pectobacteriaceae,Dickeya
Planctomycetota,Planctomycetia,Planctomycetales,Planctomycetaceae,Gimesia
Bacillota,Bacilli,Bacillales,Bacillaceae,Terrilactibacillus
Pseudomonadota,Gammaproteobacteria,Oceanospirillales,Hahellaceae,Sansalvadorimonas
Pseudomonadota,Alphaproteobacteria,Rhodospirillales,Kiloniellaceae,Curvivirga
Bacteroidota,Cytophagia,Cytophagales,Fulvivirgaceae,Xanthovirga
Pseudomonadota,Gammaproteobacteria,Enterobacterales,Enterobacteriaceae,Intestinirhabdus
Pseudomonadota,Gammaproteobacteria,Thiotrichales,Piscirickettsiaceae,Piscirickettsia
Actinomycetota,Actinomycetes,Actinomycetales,Actinomycetaceae,Scrofimicrobium
Bacillota,Clostridia,Eubacteriales,Clostridiaceae,Inconstantimicrobium
Bacillota,Clostridia,Lachnospirales,Lachnospiraceae,Eisenbergiella
Bacillota,Erysipelotrichia,Erysipelotrichales,Erysipelotrichaceae,Stecheria
Bacillota,Clostridia,Eubacteriales,Eubacteriaceae,Pseudoramibacter
Bacillota,Clostridia,Lachnospirales,Lachnospiraceae,Oliverpabstia
Bacillota,Clostridia,Lachnospirales,Lachnospiraceae,Velocimicrobium
Bacillota,Clostridia,Lachnospirales,Lachnospiraceae,Bilifractor
Bacillota,Clostridia,Eubacteriales,Eubacteriales Family XIII. Incertae Sedis,Hornefia
Bacillota,Clostridia,Eubacteriales,Eubacteriales Family XIII. Incertae Sedis,Baileyella
Bacillota,Erysipelotrichia,Erysipelotrichales,Coprobacillaceae,Sharpea
Spirochaetota,Spirochaetia,Spirochaetales,Spirochaetaceae,Bullifex
Bacillota,Negativicutes,Selenomonadales,Selenomonadaceae,Anaerovibrio
Lentisphaerota,Lentisphaeria,Victivallales,Victivallaceae,Victivallis
Thermodesulfobacteriota,Desulfobacteria,Desulfobacterales,Desulfosarcinaceae,Desulfosarcina
Pseudomonadota,Gammaproteobacteria,Pasteurellales,Pasteurellaceae,Otariodibacter
Bacteroidota,Bacteroidia,Bacteroidales,Muribaculaceae,Sodaliphilus
Actinomycetota,Actinomycetes,Pseudonocardiales,Pseudonocardiaceae,Allosaccharopolyspora
Pseudomonadota,Gammaproteobacteria,Chromatiales,Chromatiaceae,Thermochromatium
Bacteroidota,Chitinophagia,Chitinophagales,Chitinophagaceae,Foetidibacter
Actinomycetota,Acidimicrobiia,Acidimicrobiales,Iamiaceae,Actinomarinicola
Pseudomonadota,Gammaproteobacteria,Oceanospirillales,Litorivicinaceae,Litorivicinus
Bacillota,Bacilli,Lactobacillales,Lactobacillaceae,Loigolactobacillus
Bacillota,Clostridia,Eubacteriales,Heliobacteriaceae,Heliorestis
Bacillota,Bacilli,Bacillales,Bacillaceae,Salinibacillus
Actinomycetota,Actinomycetes,Propionibacteriales,Propionibacteriaceae,Raineyella
Pseudomonadota,Betaproteobacteria,Burkholderiales,Alcaligenaceae,Bordetella
Planctomycetota,Planctomycetia,Pirellulales,Pirellulaceae,Roseimaritima
Bacteroidota,Bacteroidia,Marinilabiliales,Prolixibacteraceae,Prolixibacter
Pseudomonadota,Alphaproteobacteria,Hyphomicrobiales,Rhizobiaceae,Endobacterium
Actinomycetota,Actinomycetes,Micrococcales,Intrasporangiaceae,Ornithinicoccus
Actinomycetota,Actinomycetes,Geodermatophilales,Geodermatophilaceae,Cumulibacter
Pseudomonadota,Alphaproteobacteria,Hyphomicrobiales,Segnochrobactraceae,Segnochrobactrum
Bdellovibrionota,Oligoflexia,Silvanigrellales,Silvanigrellaceae,Silvanigrella
Pseudomonadota,Gammaproteobacteria,Methylococcales,Methylococcaceae,Candidatus Methylospira
Pseudomonadota,Gammaproteobacteria,Pseudomonadales,Pseudomonadaceae,Azotobacter
Pseudomonadota,Gammaproteobacteria,Cardiobacteriales,Ostreibacteriaceae,Ostreibacterium
Bacillota,Clostridia,Eubacteriales,Eubacteriaceae,Alkalibaculum
Actinomycetota,Actinomycetes,Micrococcales,Intrasporangiaceae,Segeticoccus
Bacteroidota,Flavobacteriia,Flavobacteriales,Flavobacteriaceae,Flavicella
Bacteroidota,Chitinophagia,Chitinophagales,Chitinophagaceae,Agriterribacter
Bacteroidota,Cytophagia,Cytophagales,Cytophagaceae,Rudanella
Planctomycetota,Planctomycetia,Pirellulales,Lacipirellulaceae,Lacipirellula
Cyanobacteriota,Cyanophyceae,Oscillatoriales,Microcoleaceae,Arthrospira
Bacteroidota,Bacteroidia,Bacteroidales,Prevotellaceae,Pseudoprevotella
Bacteroidota,Flavobacteriia,Flavobacteriales,Flavobacteriaceae,Patiriisocius
Planctomycetota,Candidatus Uabimicrobiia,Candidatus Uabimicrobiales,Candidatus Uabimicrobiaceae,Candidatus Uabimicrobium
Chloroflexota,Ktedonobacteria,Thermogemmatisporales,Thermogemmatisporaceae,Thermogemmatispora
Bacteroidota,Flavobacteriia,Flavobacteriales,Phaeocystidibacteraceae,Phaeocystidibacter
Pseudomonadota,Gammaproteobacteria,Alteromonadales,Moritellaceae,Moritella
Actinomycetota,Actinomycetes,Micrococcales,Ornithinimicrobiaceae,Serinicoccus
Pseudomonadota,Betaproteobacteria,Burkholderiales,Oxalobacteraceae,Lacisediminimonas
Actinomycetota,Coriobacteriia,Eggerthellales,Eggerthellaceae,Ellagibacter
Bacillota,Clostridia,Lachnospirales,Lachnospiraceae,Candidatus Galacturonibacter
Bacteroidota,Flavobacteriia,Flavobacteriales,Salibacteraceae,Salibacter
Bacteroidota,Chitinophagia,Chitinophagales,Chitinophagaceae,Rhizosphaericola
Thermodesulfobacteriota,Desulfuromonadia,Geobacterales,Geobacteraceae,Oryzomonas
Bacteroidota,Bacteroidia,Bacteroidales,Muribaculaceae,Heminiphilus
Pseudomonadota,Alphaproteobacteria,Rhodospirillales,Dongiaceae,Hypericibacter
Pseudomonadota,Gammaproteobacteria,Chromatiales,Wenzhouxiangellaceae,Marinihelvus
Bacteroidota,Chitinophagia,Chitinophagales,Chitinophagaceae,Ginsengibacter
Pseudomonadota,Alphaproteobacteria,Rhodobacterales,Paracoccaceae,Histidinibacterium
Pseudomonadota,Gammaproteobacteria,Enterobacterales,Pectobacteriaceae,Affinibrenneria
Bacillota,Bacilli,Lactobacillales,Lactobacillaceae,Schleiferilactobacillus
Pseudomonadota,Gammaproteobacteria,Enterobacterales,Yersiniaceae,Ewingella
Pseudomonadota,Gammaproteobacteria,Enterobacterales,Morganellaceae,Morganella
Actinomycetota,Actinomycetes,Micrococcales,Microbacteriaceae,Planctomonas
Pseudomonadota,Alphaproteobacteria,Hyphomicrobiales,Rhabdaerophilaceae,Rhabdaerophilum
Bacillota,Bacilli,Lactobacillales,Lactobacillaceae,Paucilactobacillus
Pseudomonadota,Alphaproteobacteria,Maricaulales,Maricaulaceae,Alkalicaulis
Pseudomonadota,Alphaproteobacteria,Hyphomicrobiales,Blastochloridaceae,Blastochloris
Planctomycetota,Planctomycetia,Pirellulales,Pirellulaceae,Roseiconus
Bacteroidota,Chitinophagia,Chitinophagales,Chitinophagaceae,Taibaiella
Verrucomicrobiota,NA,NA,NA,Methylacidimicrobium
Actinomycetota,Actinomycetes,Micrococcales,Micrococcaceae,Zafaria
Actinomycetota,Actinomycetes,Pseudonocardiales,Pseudonocardiaceae,Solihabitans
Pseudomonadota,Alphaproteobacteria,Rhodobacterales,Roseobacteraceae,Lutimaribacter
Bacillota,Clostridia,Eubacteriales,Oscillospiraceae,Thermoclostridium
Bacillota,Negativicutes,Selenomonadales,Sporomusaceae,Propionispora
Pseudomonadota,Alphaproteobacteria,Hyphomicrobiales,Pleomorphomonadaceae,Pleomorphomonas
Pseudomonadota,Alphaproteobacteria,Rhodobacterales,Roseobacteraceae,Roseivivax
Planctomycetota,Planctomycetia,Pirellulales,Pirellulaceae,Rubripirellula
Pseudomonadota,Gammaproteobacteria,Cellvibrionales,Halieaceae,Pseudohalioglobus
Pseudomonadota,Alphaproteobacteria,Rhodobacterales,Paracoccaceae,Pukyongiella
Pseudomonadota,Alphaproteobacteria,Rhodobacterales,Paracoccaceae,Aquicoccus
Bacteroidota,Flavobacteriia,Flavobacteriales,Flavobacteriaceae,Pareuzebyella
Deferribacterota,Deferribacteres,Deferribacterales,Deferribacteraceae,Deferribacter
Bacillota,Bacilli,Bacillales,Pasteuriaceae,Pasteuria
Spirochaetota,Spirochaetia,Spirochaetales,Spirochaetaceae,Oceanispirochaeta
Spirochaetota,Spirochaetia,Spirochaetales,Spirochaetaceae,Thiospirochaeta
Pseudomonadota,Alphaproteobacteria,Rhodospirillales,Acetobacteraceae,Formicincola
Actinomycetota,Actinomycetes,Mycobacteriales,Nocardiaceae,Spelaeibacter
Pseudomonadota,Betaproteobacteria,Rhodocyclales,Rhodocyclaceae,Oryzomicrobium
Bacillota,Clostridia,Thermoanaerobacterales,Thermoanaerobacteraceae,Calorimonas
Planctomycetota,Planctomycetia,Gemmatales,Gemmataceae,Limnoglobus
Pseudomonadota,Alphaproteobacteria,Rickettsiales,Rickettsiaceae,Candidatus Sneabacter
Pseudomonadota,Alphaproteobacteria,Holosporales,Holosporaceae,Candidatus Nesciobacter
Pseudomonadota,Alphaproteobacteria,Holosporales,Holosporaceae,Candidatus Cytomitobacter
Bacillota,Clostridia,Peptostreptococcales,Peptostreptococcaceae,Peptacetobacter
Bacillota,Clostridia,Thermosediminibacterales,Thermosediminibacteraceae,Thermosediminibacter
Bacillota,Clostridia,Eubacteriales,Desulfallaceae,Desulfallas
Thermodesulfobacteriota,Desulfuromonadia,Desulfuromonadales,Geothermobacteraceae,Geothermobacter
Bacillota,Clostridia,Eubacteriales,NA,Evtepia
Planctomycetota,Planctomycetia,Pirellulales,Pirellulaceae,Mariniblastus
Bacteroidota,Flavobacteriia,Flavobacteriales,Flavobacteriaceae,Seonamhaeicola
Bacillota,Clostridia,Lachnospirales,Lachnospiraceae,Murimonas
Bacillota,Clostridia,Eubacteriales,Clostridiaceae,Sarcina
Pseudomonadota,Gammaproteobacteria,Legionellales,Coxiellaceae,Aquicella
Pseudomonadota,Gammaproteobacteria,Oceanospirillales,Halomonadaceae,Aidingimonas
Planctomycetota,Planctomycetia,Pirellulales,Lacipirellulaceae,Bythopirellula
Pseudomonadota,Gammaproteobacteria,Cellvibrionales,Halieaceae,Parahaliea
Actinomycetota,Actinomycetes,Kineosporiales,Kineosporiaceae,Quadrisphaera
Pseudomonadota,Alphaproteobacteria,Hyphomicrobiales,NA,Vineibacter
Bacillota,Bacilli,Bacillales,Bacillaceae,Cerasibacillus
Pseudomonadota,Gammaproteobacteria,Lysobacterales,Lysobacteraceae,Vulcaniibacterium
Pseudomonadota,Gammaproteobacteria,Lysobacterales,Lysobacteraceae,Alkalisalibacterium
Pseudomonadota,Hydrogenophilia,NA,NA,Pelomicrobium
Thermodesulfobacteriota,Desulfovibrionia,Desulfovibrionales,Desulfovibrionaceae,Salidesulfovibrio
Bacteroidota,Bacteroidia,Bacteroidales,Prevotellaceae,Paraprevotella
Actinomycetota,Coriobacteriia,Eggerthellales,Eggerthellaceae,Enteroscipio
Actinomycetota,Coriobacteriia,Eggerthellales,Eggerthellaceae,Arabiibacter
Campylobacterota,Epsilonproteobacteria,Campylobacterales,Arcobacteraceae,Malaciobacter
Actinomycetota,Actinomycetes,Micrococcales,Dermabacteraceae,Dermabacter
Pseudomonadota,Alphaproteobacteria,Hyphomicrobiales,Devosiaceae,Youhaiella
Bacteroidota,Flavobacteriia,Flavobacteriales,Flavobacteriaceae,Subsaximicrobium
NA,Deltaproteobacteria,Bradymonadales,Lujinxingiaceae,Lujinxingia
Bacteroidota,Flavobacteriia,Flavobacteriales,Luteibaculaceae,Luteibaculum
Actinomycetota,Actinomycetes,Glycomycetales,Glycomycetaceae,Stackebrandtia
Bacteroidota,Flavobacteriia,Flavobacteriales,Flavobacteriaceae,Antarcticibacterium
NA,Deltaproteobacteria,Bradymonadales,Microvenatoraceae,Microvenator
Pseudomonadota,Alphaproteobacteria,Rickettsiales,Candidatus Deianiraeaceae,Candidatus Deianiraea
Bacteroidota,Saprospiria,Saprospirales,Haliscomenobacteraceae,Phaeodactylibacter
Bacteroidota,Flavobacteriia,Flavobacteriales,Vicingaceae,Vicingus
Verrucomicrobiota,Verrucomicrobiia,Verrucomicrobiales,Verrucomicrobiaceae,Brevifollis
Pseudomonadota,Alphaproteobacteria,Rhodospirillales,Rhodospirillaceae,Pararhodospirillum
Bacteroidota,Chitinophagia,Chitinophagales,Chitinophagaceae,Segetibacter
Bacillota,Bacilli,Bacillales,Bacillaceae,Halolactibacillus
Bacillota,Bacilli,Lactobacillales,Carnobacteriaceae,Alkalibacterium
Pseudomonadota,Gammaproteobacteria,Oceanospirillales,Halomonadaceae,Halovibrio
Deinococcota,Deinococci,Thermales,Thermaceae,Oceanithermus
Deinococcota,Deinococci,Thermales,Thermaceae,Meiothermus
Fusobacteriota,Fusobacteriia,Fusobacteriales,Leptotrichiaceae,Pseudoleptotrichia
Bacillota,Bacilli,Bacillales,Planococcaceae,Kurthia
Pseudomonadota,Gammaproteobacteria,Oceanospirillales,Halomonadaceae,Bisbaumannia
Bacillota,Bacilli,Bacillales,Planococcaceae,Rummeliibacillus
Pseudomonadota,Alphaproteobacteria,Rhodospirillales,Acetobacteraceae,Swaminathania
Bacteroidota,Chitinophagia,Chitinophagales,Chitinophagaceae,Flavisolibacter
Pseudomonadota,Gammaproteobacteria,Oceanospirillales,Halomonadaceae,Pistricoccus
Pseudomonadota,Alphaproteobacteria,Rhodobacterales,Paracoccaceae,Puniceibacterium
Cyanobacteriota,Cyanophyceae,Chroococcales,Halothecacae,Euhalothece
Planctomycetota,Planctomycetia,Pirellulales,Pirellulaceae,Novipirellula
Planctomycetota,Planctomycetia,Pirellulales,Pirellulaceae,Allorhodopirellula
Planctomycetota,Planctomycetia,Planctomycetales,Planctomycetaceae,Symmachiella
Planctomycetota,Planctomycetia,Pirellulales,Lacipirellulaceae,Botrimarina
Planctomycetota,Planctomycetia,Pirellulales,Lacipirellulaceae,Pseudobythopirellula
Planctomycetota,Planctomycetia,Pirellulales,Lacipirellulaceae,Posidoniimonas
Planctomycetota,Planctomycetia,Planctomycetales,Planctomycetaceae,Thalassoglobus
Actinomycetota,Actinomycetes,Micrococcales,Microbacteriaceae,Humibacter
Pseudomonadota,Alphaproteobacteria,Rhodobacterales,Paracoccaceae,Qingshengfaniella
Actinomycetota,Actinomycetes,Micrococcales,Dermacoccaceae,Leekyejoonella
Bacteroidota,Flavobacteriia,Flavobacteriales,Weeksellaceae,Apibacter
Cyanobacteriota,Cyanophyceae,Nostocales,Calotrichaceae,Dulcicalothrix
Actinomycetota,Actinomycetes,Micrococcales,Dermacoccaceae,Rudaeicoccus
Actinomycetota,Actinomycetes,Micrococcales,Intrasporangiaceae,Marihabitans
Deferribacterota,Deferribacteres,Deferribacterales,Geovibrionaceae,Seleniivibrio
Actinomycetota,Actinomycetes,Streptosporangiales,Treboniaceae,Trebonia
Cyanobacteriota,Cyanophyceae,Pleurocapsales,Hyellaceae,Hyella
Actinomycetota,Coriobacteriia,Coriobacteriales,Coriobacteriaceae,Enorma
Planctomycetota,Planctomycetia,Pirellulales,Pirellulaceae,Rosistilla
Planctomycetota,Planctomycetia,Planctomycetales,Planctomycetaceae,Planctopirus
Planctomycetota,Planctomycetia,Pirellulales,Pirellulaceae,Aureliella
Planctomycetota,Planctomycetia,Pirellulales,Pirellulaceae,Lignipirellula
Planctomycetota,Planctomycetia,Pirellulales,Lacipirellulaceae,Pirellulimonas
Planctomycetota,Planctomycetia,Planctomycetales,Planctomycetaceae,Polystyrenella
Planctomycetota,Phycisphaerae,Phycisphaerales,Phycisphaeraceae,Mucisphaera
Planctomycetota,Planctomycetia,Planctomycetales,Planctomycetaceae,Maioricimonas
Planctomycetota,Phycisphaerae,Phycisphaerales,Phycisphaeraceae,Poriferisphaera
Planctomycetota,Planctomycetia,Gemmatales,Gemmataceae,Urbifossiella
Planctomycetota,Planctomycetia,Planctomycetales,Planctomycetaceae,Calycomorphotria
Planctomycetota,Planctomycetia,Planctomycetales,Planctomycetaceae,Caulifigura
Planctomycetota,Planctomycetia,Planctomycetales,Planctomycetaceae,Stratiformator
Planctomycetota,Planctomycetia,Pirellulales,Lacipirellulaceae,Adhaeretor
Pseudomonadota,Betaproteobacteria,Burkholderiales,Comamonadaceae,Extensimonas
Pseudomonadota,Gammaproteobacteria,Oceanospirillales,Pleioneaceae,Pleionea
Verrucomicrobiota,Opitutia,Opitutales,Opitutaceae,Rariglobus
Pseudomonadota,Betaproteobacteria,Burkholderiales,Alcaligenaceae,Verticiella
Bacteroidota,Flavobacteriia,Flavobacteriales,Crocinitomicaceae,Fluviicola
Pseudomonadota,Alphaproteobacteria,Hyphomicrobiales,Rhodoligotrophaceae,Rhodoligotrophos
Pseudomonadota,Alphaproteobacteria,Rhodobacterales,Paracoccaceae,Paroceanicella
Pseudomonadota,Gammaproteobacteria,Alteromonadales,Alteromonadaceae,Catenovulum
Pseudomonadota,Alphaproteobacteria,Rhodospirillales,Rhodospirillaceae,Ferrovibrio
Pseudomonadota,Alphaproteobacteria,Sphingomonadales,Sphingosinicellaceae,Glacieibacterium
Pseudomonadota,Gammaproteobacteria,Oceanospirillales,Pleioneaceae,Aliikangiella
Pseudomonadota,Gammaproteobacteria,Cellvibrionales,Cellvibrionaceae,Exilibacterium
Pseudomonadota,Alphaproteobacteria,Rhodospirillales,Rhodospirillaceae,Denitrobaculum
Bacteroidota,Flavobacteriia,Flavobacteriales,Flavobacteriaceae,Changchengzhania
Pseudomonadota,Betaproteobacteria,Burkholderiales,Comamonadaceae,Rhodoferax
Aquificota,Aquificia,Desulfurobacteriales,Desulfurobacteriaceae,Balnearium
Bacillota,Bacilli,Bacillales,Thermoactinomycetaceae,Melghirimyces
Pseudomonadota,Gammaproteobacteria,Enterobacterales,Enterobacteriaceae,Pseudescherichia
Actinomycetota,Actinomycetes,Cryptosporangiales,Cryptosporangiaceae,Cryptosporangium
Bdellovibrionota,Bacteriovoracia,Bacteriovoracales,Bacteriovoracaceae,Bacteriovorax
Actinomycetota,Actinomycetes,Micrococcales,Microbacteriaceae,Rhodoglobus
Pseudomonadota,Alphaproteobacteria,Rhodospirillales,Acetobacteraceae,Oecophyllibacter
Actinomycetota,Actinomycetes,Micrococcales,Intrasporangiaceae,Humibacillus
Actinomycetota,Actinomycetes,Streptosporangiales,Nocardiopsaceae,Haloactinospora
Pseudomonadota,Alphaproteobacteria,Rhodobacterales,Paracoccaceae,Roseinatronobacter
Actinomycetota,Actinomycetes,Streptosporangiales,Streptosporangiaceae,Thermopolyspora
Actinomycetota,Actinomycetes,Micrococcales,Microbacteriaceae,Klugiella
Bacteroidota,Sphingobacteriia,Sphingobacteriales,Sphingobacteriaceae,Arcticibacter
Actinomycetota,Actinomycetes,NA,NA,Halopolyspora
Actinomycetota,Actinomycetes,Micrococcales,Rarobacteraceae,Rarobacter
Actinomycetota,Actinomycetes,Propionibacteriales,Propionibacteriaceae,Propioniferax
Actinomycetota,Actinomycetes,Micrococcales,Intrasporangiaceae,Oryzihumus
Actinomycetota,Actinomycetes,Micrococcales,Microbacteriaceae,Homoserinimonas
Actinomycetota,Actinomycetes,Micrococcales,Dermacoccaceae,Yimella
Actinomycetota,Actinomycetes,Micrococcales,Intrasporangiaceae,Lapillicoccus
Bacteroidota,Flavobacteriia,Flavobacteriales,Flavobacteriaceae,Haloflavibacter
Actinomycetota,Actinomycetes,Micrococcales,Kytococcaceae,Kytococcus
Pseudomonadota,Alphaproteobacteria,Rhodospirillales,Acetobacteraceae,Swingsia
NA,Deltaproteobacteria,Bradymonadales,Bradymonadaceae,Persicimonas
Bacteroidota,Flavobacteriia,Flavobacteriales,Flavobacteriaceae,Paucihalobacter
Candidatus Kryptoniota,NA,NA,NA,Candidatus Thermokryptus
Pseudomonadota,Gammaproteobacteria,Alteromonadales,Colwelliaceae,Litorilituus
Pseudomonadota,Betaproteobacteria,Burkholderiales,Sphaerotilaceae,Methylibium
Pseudomonadota,Alphaproteobacteria,Sphingomonadales,Sphingosinicellaceae,Sandaracinobacter
Pseudomonadota,Gammaproteobacteria,Oceanospirillales,Oceanospirillaceae,Maribrevibacterium
Pseudomonadota,Alphaproteobacteria,Emcibacterales,Emcibacteraceae,Emcibacter
Pseudomonadota,Alphaproteobacteria,Emcibacterales,Emcibacteraceae,Paremcibacter
Campylobacterota,Epsilonproteobacteria,Nautiliales,Nautiliaceae,Caminibacter
Pseudomonadota,Betaproteobacteria,Nitrosomonadales,Methylophilaceae,Candidatus Methylopumilus
Actinomycetota,Actinomycetes,Micrococcales,Beutenbergiaceae,Miniimonas
Chlorobiota,Chlorobiia,Chlorobiales,Chlorobiaceae,Chlorobaculum
Pseudomonadota,Gammaproteobacteria,Methylococcales,Methylococcaceae,Methylotetracoccus
Bacteroidota,Flavobacteriia,Flavobacteriales,Flavobacteriaceae,Mesohalobacter
Bacteroidota,Flavobacteriia,Flavobacteriales,Flavobacteriaceae,Aggregatimonas
Pseudomonadota,Gammaproteobacteria,Methylococcales,Methylococcaceae,Methylotuvimicrobium
Actinomycetota,Actinomycetes,Propionibacteriales,Propionibacteriaceae,Acidipropionibacterium
Pseudomonadota,Alphaproteobacteria,Emcibacterales,Emcibacteraceae,Luteithermobacter
Actinomycetota,Actinomycetes,Micrococcales,Microbacteriaceae,Rhodoluna
Pseudomonadota,Alphaproteobacteria,Rhodospirillales,Acetobacteraceae,Lichenicoccus
Verrucomicrobiota,Verrucomicrobiia,Verrucomicrobiales,Verrucomicrobiaceae,Phragmitibacter
Bacillota,Culicoidibacteria,Culicoidibacterales,Culicoidibacteraceae,Culicoidibacter
Bacillota,Clostridia,Eubacteriales,Clostridiaceae,Haloimpatiens
Candidatus Saccharibacteria,Candidatus Saccharimonadia,Candidatus Nanosynbacterales,Candidatus Nanosynbacteraceae,Candidatus Nanosynbacter
Pseudomonadota,Gammaproteobacteria,Enterobacterales,Enterobacteriaceae,Jejubacter
Bacillota,Bacilli,Bacillales,Bacillaceae,Halalkalibacterium (ex Joshi et al. 2022)
Actinomycetota,Actinomycetes,Mycobacteriales,Nocardiaceae,Prescottella
Actinomycetota,Actinomycetes,Pseudonocardiales,Pseudonocardiaceae,Gandjariella
Pseudomonadota,Betaproteobacteria,Burkholderiales,Sphaerotilaceae,Rubrivivax
Chloroflexota,Ktedonobacteria,Ktedonobacterales,Thermosporotrichaceae,Thermosporothrix
Cyanobacteriota,Cyanophyceae,Nodosilineales,Nodosilineaceae,Halomicronema
Thermodesulfobacteriota,Syntrophobacteria,Syntrophobacterales,Syntrophobacteraceae,Desulfoglaeba
Pseudomonadota,Alphaproteobacteria,Rhodobacterales,Paracoccaceae,Pseudorhodobacter
Bacteroidota,Chitinophagia,Chitinophagales,Chitinophagaceae,Ilyomonas
Pseudomonadota,Alphaproteobacteria,Hyphomicrobiales,Phreatobacteraceae,Phreatobacter
Pseudomonadota,Alphaproteobacteria,Sphingomonadales,Sphingomonadaceae,Hankyongella
Bacteroidota,Flavobacteriia,Flavobacteriales,Flavobacteriaceae,Pontimicrobium
Actinomycetota,Coriobacteriia,Coriobacteriales,Coriobacteriaceae,Parvibacter
Actinomycetota,Actinomycetes,Mycobacteriales,Mycobacteriaceae,Mycobacteroides
Pseudomonadota,Gammaproteobacteria,Alteromonadales,Alteromonadaceae,Hydrocarboniclastica
Pseudomonadota,Betaproteobacteria,Burkholderiales,Comamonadaceae,Lampropedia
Pseudomonadota,Alphaproteobacteria,Rhodobacterales,Roseobacteraceae,Pacificoceanicola
Bacteroidota,Bacteroidia,Bacteroidales,Muribaculaceae,Muribaculum
Pseudomonadota,Alphaproteobacteria,Rhodobacterales,Paracoccaceae,Aliishimia
Actinomycetota,Actinomycetes,Micrococcales,Microbacteriaceae,Glaciibacter
Pseudomonadota,Betaproteobacteria,Rhodocyclales,Zoogloeaceae,Pseudothauera
Pseudomonadota,Gammaproteobacteria,Oceanospirillales,Halomonadaceae,Onishia
Pseudomonadota,Gammaproteobacteria,Alteromonadales,Alteromonadaceae,Ningiella
Bacteroidota,Bacteroidia,Bacteroidales,Muribaculaceae,Lepagella
Bacillota,Erysipelotrichia,Erysipelotrichales,Erysipelotrichaceae,Dubosiella
Actinomycetota,Coriobacteriia,Coriobacteriales,Atopobiaceae,Muricaecibacterium
Bacillota,Clostridia,Lachnospirales,Lachnospiraceae,Petralouisia
Actinomycetota,Actinomycetes,Micrococcales,Beutenbergiaceae,Serinibacter
Pseudomonadota,Gammaproteobacteria,Oceanospirillales,Natronospirillaceae,Natronospirillum
Thermotogota,Thermotogae,Petrotogales,Petrotogaceae,Geotoga
Pseudomonadota,Alphaproteobacteria,Rhodospirillales,Acetobacteraceae,Crenalkalicoccus
Pseudomonadota,Gammaproteobacteria,Chromatiales,Ectothiorhodospiraceae,Candidatus Macondimonas
Bacillota,Tissierellia,Tissierellales,Tissierellaceae,Soehngenia
Pseudomonadota,Betaproteobacteria,Nitrosomonadales,Methylophilaceae,Methylotenera
Pseudomonadota,Alphaproteobacteria,Hyphomonadales,Hyphomonadaceae,Vitreimonas
Pseudomonadota,Gammaproteobacteria,Pasteurellales,Pasteurellaceae,Muribacter
Pseudomonadota,Gammaproteobacteria,Chromatiales,Chromatiaceae,Nitrosococcus
Bacillota,Bacilli,Bacillales,Bacillaceae,Filobacillus
Synergistota,Synergistia,Synergistales,Aminobacteriaceae,Aminivibrio
Pseudomonadota,Gammaproteobacteria,Thiohalomonadales,Thiohalophilaceae,Thiohalophilus
Bacteroidota,Flavobacteriia,Flavobacteriales,Flavobacteriaceae,Meridianimaribacter
Bacteroidota,Chitinophagia,Chitinophagales,Chitinophagaceae,Dinghuibacter
Fusobacteriota,Fusobacteriia,Fusobacteriales,Fusobacteriaceae,Hypnocyclicus
Pseudomonadota,Gammaproteobacteria,Nevskiales,Nevskiaceae,Panacagrimonas
Actinomycetota,Acidimicrobiia,Acidimicrobiales,Ilumatobacteraceae,Ilumatobacter
Pseudomonadota,Alphaproteobacteria,Rhodobacterales,Roseobacteraceae,Pelagimonas
Pseudomonadota,Gammaproteobacteria,NA,NA,Halospina
Actinomycetota,Actinomycetes,Micrococcales,Microbacteriaceae,Amnibacterium
Bacillota,Clostridia,Eubacteriales,Clostridiaceae,Fonticella
Pseudomonadota,Alphaproteobacteria,Hyphomicrobiales,Methylobacteriaceae,Enterovirga
Pseudomonadota,Betaproteobacteria,Burkholderiales,Burkholderiaceae,Hydromonas
Pseudomonadota,Gammaproteobacteria,Pasteurellales,Pasteurellaceae,Mesocricetibacter
Pseudomonadota,Alphaproteobacteria,Rhodobacterales,Paracoccaceae,Phaeovulum
Actinomycetota,Actinomycetes,Streptosporangiales,Nocardiopsaceae,Actinorugispora
Bacillota,Bacilli,Bacillales,Bacillaceae,Aureibacillus
Bacillota,Clostridia,Peptostreptococcales,Anaerovoracaceae,Aminicella
Bacteroidota,Flavobacteriia,Flavobacteriales,Flavobacteriaceae,Zeaxanthinibacter
Actinomycetota,Actinomycetes,Pseudonocardiales,Pseudonocardiaceae,Labedaea
Pseudomonadota,Alphaproteobacteria,Hyphomicrobiales,Pleomorphomonadaceae,Oharaeibacter
Actinomycetota,Actinomycetes,Propionibacteriales,Propionibacteriaceae,Enemella
Pseudomonadota,Gammaproteobacteria,Chromatiales,Chromatiaceae,Candidatus Thiosymbion
Pseudomonadota,Gammaproteobacteria,Orbales,Orbaceae,Candidatus Schmidhempelia
Bacillota,Bacilli,Lactobacillales,Lactobacillaceae,Acetilactobacillus
Pseudomonadota,Alphaproteobacteria,Rhodobacterales,Paracoccaceae,Fluviibacterium
Pseudomonadota,Alphaproteobacteria,Rhodobacterales,Paracoccaceae,Antarcticimicrobium
Pseudomonadota,Betaproteobacteria,Burkholderiales,Oxalobacteraceae,Sapientia
Pseudomonadota,Alphaproteobacteria,Rhodospirillales,Acetobacteraceae,Dankookia
Pseudomonadota,Alphaproteobacteria,Hyphomicrobiales,Rhizobiaceae,Pseudohoeflea
Pseudomonadota,Alphaproteobacteria,Rhodospirillales,Acetobacteraceae,Paracraurococcus
Candidatus Cloacimonadota,Candidatus Cloacimonadia,Candidatus Cloacimonadales,Candidatus Cloacimonadaceae,Candidatus Syntrophosphaera
Bacillota,Tissierellia,Tissierellales,Sporanaerobacteraceae,Sporanaerobacter
Bacteroidota,Cytophagia,Cytophagales,Spirosomataceae,Arundinibacter
Bacteroidota,Chitinophagia,Chitinophagales,Chitinophagaceae,Pseudocnuella
Pseudomonadota,Betaproteobacteria,Nitrosomonadales,Sulfuricellaceae,Sulfurirhabdus
Pseudomonadota,Betaproteobacteria,Burkholderiales,Alcaligenaceae,Paralcaligenes
Pseudomonadota,Alphaproteobacteria,Hyphomicrobiales,Tepidamorphaceae,Tepidamorphus
Pseudomonadota,Alphaproteobacteria,Hyphomicrobiales,Xanthobacteraceae,Aquabacter
Bacillota,Clostridia,Lachnospirales,Lachnospiraceae,Muricomes
Bacteroidota,Sphingobacteriia,Sphingobacteriales,Sphingobacteriaceae,Anseongella
Bdellovibrionota,Oligoflexia,Oligoflexales,Pseudobacteriovoracaceae,Pseudobacteriovorax
Pseudomonadota,Alphaproteobacteria,Rhodospirillales,Acetobacteraceae,Acidomonas
Pseudomonadota,Gammaproteobacteria,Pasteurellales,Pasteurellaceae,Nicoletella
Bacillota,Clostridia,Peptostreptococcales,Thermotaleaceae,Marinisporobacter
Actinomycetota,Actinomycetes,Pseudonocardiales,Pseudonocardiaceae,Actinocrispum
Bacteroidota,Bacteroidia,Marinilabiliales,Marinilabiliaceae,Natronoflexus
Bacillota,Clostridia,Lachnospirales,Lachnospiraceae,Extibacter
Bacteroidota,Chitinophagia,Chitinophagales,Chitinophagaceae,Flaviaesturariibacter
Pseudomonadota,Gammaproteobacteria,Lysobacterales,Rhodanobacteraceae,Pseudofulvimonas
Pseudomonadota,Gammaproteobacteria,Enterobacterales,Bruguierivoracaceae,Biostraticola
Bacillota,Erysipelotrichia,Erysipelotrichales,Coprobacillaceae,Longibaculum
Bacillota,Bacilli,Bacillales,Bacillaceae,Melghiribacillus
Bacillota,Bacilli,Bacillales,Bacillaceae,Tepidibacillus
Pseudomonadota,Gammaproteobacteria,Pasteurellales,Pasteurellaceae,Testudinibacter
Pseudomonadota,Gammaproteobacteria,Enterobacterales,Pectobacteriaceae,Samsonia
Pseudomonadota,Betaproteobacteria,Burkholderiales,Burkholderiaceae,Paucimonas
Pseudomonadota,Gammaproteobacteria,Lysobacterales,Rhodanobacteraceae,Dokdonella
Pseudomonadota,Gammaproteobacteria,Chromatiales,Chromatiaceae,Thiobaca
Bacillota,Clostridia,Eubacteriales,NA,Natranaerovirga
Verrucomicrobiota,Spartobacteria,Chthoniobacterales,Chthoniobacteraceae,Chthoniobacter
Bacillota,Bacilli,Bacillales,Thermoactinomycetaceae,Hazenella
Pseudomonadota,Alphaproteobacteria,Rhodospirillales,Magnetovibrionaceae,Varunaivibrio
Bacillota,Bacilli,Bacillales,Thermoactinomycetaceae,Baia
Bacillota,Clostridia,Eubacteriales,Heliobacteriaceae,Heliophilum
Pseudomonadota,Alphaproteobacteria,Rhodothalassiales,Rhodothalassiaceae,Rhodothalassium
Pseudomonadota,Gammaproteobacteria,NA,Candidatus Competibacteraceae,Plasticicumulans
Bacillota,Bacilli,Bacillales,Bacillaceae,Thermolongibacillus
Pseudomonadota,Gammaproteobacteria,Pasteurellales,Pasteurellaceae,Cricetibacter
Bacillota,Clostridia,Lachnospirales,Lachnospiraceae,Frisingicoccus
Actinomycetota,Actinomycetes,Pseudonocardiales,Pseudonocardiaceae,Tamaricihabitans
Bacillota,NA,NA,NA,Hydrogenispora
Pseudomonadota,Gammaproteobacteria,Cellvibrionales,Halieaceae,Chromatocurvus
Bacteroidota,Bacteroidia,Bacteroidales,Rikenellaceae,Acetobacteroides
Bacillota,Clostridia,Eubacteriales,Oscillospiraceae,Harryflintia
Bacillota,Negativicutes,Selenomonadales,Sporomusaceae,Anaerospora
Bacteroidota,Sphingobacteriia,Sphingobacteriales,Sphingobacteriaceae,Albibacterium
Acidobacteriota,Terriglobia,Terriglobales,Acidobacteriaceae,Acidipila
Pseudomonadota,Gammaproteobacteria,Pasteurellales,Pasteurellaceae,Lonepinella
Aquificota,Aquificia,Desulfurobacteriales,Desulfurobacteriaceae,Phorcysia
Pseudomonadota,Gammaproteobacteria,Chromatiales,Ectothiorhodospiraceae,Thiogranum
Pseudomonadota,Gammaproteobacteria,Thiotrichales,Thiotrichaceae,Cocleimonas
Pseudomonadota,Betaproteobacteria,Nitrosomonadales,Thiobacillaceae,Parasulfuritortus
Pseudomonadota,Gammaproteobacteria,Alteromonadales,Psychromonadaceae,Corallincola
Actinomycetota,Actinomycetes,Bifidobacteriales,Bifidobacteriaceae,Alloscardovia
Pseudomonadota,Alphaproteobacteria,Hyphomicrobiales,Ahrensiaceae,Roseitalea
Bacteroidota,Cytophagia,Cytophagales,Leadbetterellaceae,Jiulongibacter
Pseudomonadota,Alphaproteobacteria,Rhodobacterales,Paracoccaceae,Haematobacter
Pseudomonadota,Alphaproteobacteria,Hyphomicrobiales,Ancalomicrobiaceae,Siculibacillus
Pseudomonadota,Alphaproteobacteria,Hyphomicrobiales,Lichenihabitantaceae,Lichenihabitans
Pseudomonadota,Betaproteobacteria,Nitrosomonadales,Sterolibacteriaceae,Sulfuricystis
Actinomycetota,Nitriliruptoria,Egibacterales,Egibacteraceae,Egibacter
Actinomycetota,Actinomycetes,Micrococcales,Microbacteriaceae,Glaciihabitans
Bacillota,Clostridia,Eubacteriales,NA,Intestinimonas
Bacillota,Clostridia,Eubacteriales,Clostridiaceae,Senegalia
Bacteroidota,Sphingobacteriia,Sphingobacteriales,Sphingobacteriaceae,Olivibacter
Bacillota,Clostridia,Peptostreptococcales,Anaerovoracaceae,Bacilliculturomica
Actinomycetota,Nitriliruptoria,Egicoccales,Egicoccaceae,Egicoccus
Pseudomonadota,Gammaproteobacteria,NA,NA,Candidatus Nardonella
Bacteroidota,Chitinophagia,Chitinophagales,Chitinophagaceae,Pseudobacter
Pseudomonadota,Alphaproteobacteria,Magnetococcales,Candidatus Magnetaquicoccaceae,Candidatus Magnetaquicoccus
Actinomycetota,Actinomycetes,Micromonosporales,Micromonosporaceae,Krasilnikovia
Actinomycetota,Actinomycetes,Micrococcales,Microbacteriaceae,Microterricola
Pseudomonadota,Gammaproteobacteria,Moraxellales,Moraxellaceae,Fluviicoccus
Pseudomonadota,Betaproteobacteria,Burkholderiales,NA,Rivibacter
Bacteroidota,Bacteroidia,Marinilabiliales,Marinifilaceae,Ancylomarina
Bacillota,Clostridia,Lachnospirales,Lachnospiraceae,Cuneatibacter
Pseudomonadota,Betaproteobacteria,Burkholderiales,Alcaligenaceae,Kerstersia
Bacteroidota,Cytophagia,Cytophagales,Cyclobacteriaceae,Cecembia
Actinomycetota,Actinomycetes,Pseudonocardiales,Pseudonocardiaceae,Herbihabitans
Actinomycetota,Actinomycetes,Micrococcales,Promicromonosporaceae,Xylanimonas
Pseudomonadota,Alphaproteobacteria,Holosporales,Candidatus Paracaedibacteraceae,Candidatus Finniella
Pseudomonadota,NA,Rickettsiales,NA,NA
Chloroflexota,Ktedonobacteria,Ktedonobacterales,Ktedonosporobacteraceae,Ktedonosporobacter
Pseudomonadota,Gammaproteobacteria,Lysobacterales,Lysobacteraceae,Pseudolysobacter
Pseudomonadota,Gammaproteobacteria,Vibrionales,Vibrionaceae,Aliivibrio
Pseudomonadota,Betaproteobacteria,Burkholderiales,Alcaligenaceae,Pollutimonas
Pseudomonadota,Betaproteobacteria,Burkholderiales,Alcaligenaceae,Allopusillimonas
Bacteroidota,Flavobacteriia,Flavobacteriales,Crocinitomicaceae,Brumimicrobium
Candidatus Saccharibacteria,Candidatus Nanosyncoccalia,Candidatus Nanogingivales,Candidatus Nanogingivalaceae,Candidatus Nanogingivalis
Mycoplasmatota,Mollicutes,Acholeplasmatales,Acholeplasmataceae,Haploplasma
Mycoplasmatota,NA,Mycoplasmoidales,Mycoplasmoidaceae,Malacoplasma
Actinomycetota,Actinomycetes,Jiangellales,Jiangellaceae,Haloactinopolyspora
Pseudomonadota,Gammaproteobacteria,Steroidobacterales,Steroidobacteraceae,Peristeroidobacter
Candidatus Saccharibacteria,Candidatus Nanoperiomorbia,Candidatus Nanoperiomorbales,Candidatus Nanoperiomorbaceae,Candidatus Nanoperiomorbus
Candidatus Saccharibacteria,Candidatus Nanosyncoccalia,Candidatus Nanosyncoccales,Candidatus Nanosyncoccacae,Candidatus Nanosyncoccus
Bacillota,Clostridia,Eubacteriales,Clostridiaceae,Anaerophilus
Chloroflexota,Chloroflexia,Chloroflexales,Oscillochloridaceae,Oscillochloris
Bacteroidota,Bacteroidia,Bacteroidales,Dysgonomonadaceae,Seramator
Bacillota,Clostridia,Eubacteriales,Xylanivirgaceae,Xylanivirga
Pseudomonadota,Alphaproteobacteria,Hyphomicrobiales,Lichenihabitantaceae,Lichenibacterium
Pseudomonadota,Alphaproteobacteria,Hyphomicrobiales,Beijerinckiaceae,Methylovirgula
Actinomycetota,Coriobacteriia,Coriobacteriales,Coriobacteriaceae,Senegalimassilia
Bacillota,Clostridia,Christensenellales,Christensenellaceae,Candidatus Borkfalkia
Acidobacteriota,Terriglobia,Terriglobales,Acidobacteriaceae,Silvibacterium
Verrucomicrobiota,Opitutia,Opitutales,Opitutaceae,Oleiharenicola
Thermotogota,Thermotogae,Thermotogales,Fervidobacteriaceae,Fervidobacterium
Pseudomonadota,Gammaproteobacteria,Vibrionales,Vibrionaceae,Veronia
Campylobacterota,Epsilonproteobacteria,Campylobacterales,Arcobacteraceae,Candidatus Marinarcus
Bacillota,Bacilli,Bacillales,Paenibacillaceae,Longirhabdus
Bacillota,Tissierellia,Tissierellales,Acidilutibacteraceae,Acidilutibacter
Candidatus Omnitrophota,NA,NA,NA,Candidatus Velamenicoccus
Bacillota,Tissierellia,Tissierellales,Tissierellaceae,Gudongella
Actinomycetota,Actinomycetes,Micrococcales,Microbacteriaceae,Labedella
Pseudomonadota,Alphaproteobacteria,Rhodobacterales,Paracoccaceae,Falsigemmobacter
Bacteroidota,Cytophagia,Cytophagales,Hymenobacteraceae,Botryobacter
Pseudomonadota,Alphaproteobacteria,Hyphomicrobiales,Afifellaceae,Afifella
Pseudomonadota,Alphaproteobacteria,Rhodobacterales,Paracoccaceae,Sinirhodobacter
Pseudomonadota,Alphaproteobacteria,Rhodobacterales,Roseobacteraceae,Mesobaculum
Pseudomonadota,Alphaproteobacteria,Rhodobacterales,Paracoccaceae,Solirhodobacter
Bacillota,Tissierellia,Tissierellales,Peptoniphilaceae,Anaerosphaera
Bacteroidota,Cytophagia,Cytophagales,Flectobacillaceae,Sandaracinomonas
Pseudomonadota,Alphaproteobacteria,Rhodospirillales,Rhodospirillaceae,Hwanghaeella
Pseudomonadota,Gammaproteobacteria,Thiohalomonadales,Thiohalomonadaceae,Sulfurivermis
Pseudomonadota,Alphaproteobacteria,Rhodobacterales,Paracoccaceae,Alexandriicola
Pseudomonadota,Alphaproteobacteria,Rhodobacterales,Paracoccaceae,Nioella
Pseudomonadota,Alphaproteobacteria,Hyphomicrobiales,Devosiaceae,Arsenicitalea
Cyanobacteriota,Cyanophyceae,Chroococcidiopsidales,Chroococcidiopsidaceae,Chroococcidiopsis
Bacteroidota,Chitinophagia,Chitinophagales,Chitinophagaceae,Pseudoflavitalea
Bacteroidota,Chitinophagia,Chitinophagales,Chitinophagaceae,Gynurincola
Bacillota,Clostridia,Halanaerobiales,NA,Anoxybacter
Bacteroidota,Cytophagia,Cytophagales,Chryseotaleaceae,Chryseotalea
Pseudomonadota,Alphaproteobacteria,Rhodobacterales,Paracoccaceae,Pararhodobacter
Pseudomonadota,Alphaproteobacteria,Rhodobacterales,Paracoccaceae,Silicimonas
Chloroflexota,Ktedonobacteria,Ktedonobacterales,Dictyobacteraceae,Tengunoibacter
Actinomycetota,Actinomycetes,Kitasatosporales,Streptomycetaceae,Embleya
Pseudomonadota,Betaproteobacteria,Nitrosomonadales,Thiobacillaceae,Sulfuritortus
Pseudomonadota,Gammaproteobacteria,Chromatiales,Granulosicoccaceae,Sulfuriflexus
Pseudomonadota,Gammaproteobacteria,Lysobacterales,Rhodanobacteraceae,Aerosticca
Chloroflexota,Anaerolineae,Anaerolineales,Anaerolineaceae,Pelolinea
Actinomycetota,Coriobacteriia,Coriobacteriales,Atopobiaceae,Parolsenella
Pseudomonadota,Betaproteobacteria,Burkholderiales,Burkholderiaceae,Mycoavidus
Bacillota,Negativicutes,Selenomonadales,Sporomusaceae,Methylomusa
Bacillota,Bacilli,Lactobacillales,Enterococcaceae,Melissococcus
Pseudomonadota,Gammaproteobacteria,Enterobacterales,Budviciaceae,Pragia
Actinomycetota,Actinomycetes,Propionibacteriales,Propionibacteriaceae,Propionibacterium
Bacteroidota,Flavobacteriia,Flavobacteriales,Weeksellaceae,Weeksella
Pseudomonadota,Betaproteobacteria,Burkholderiales,Burkholderiaceae,Lautropia
Pseudomonadota,Gammaproteobacteria,Cardiobacteriales,Cardiobacteriaceae,Cardiobacterium
Pseudomonadota,Alphaproteobacteria,Rickettsiales,Candidatus Midichloriaceae,Candidatus Aquarickettsia
Pseudomonadota,Alphaproteobacteria,Hyphomicrobiales,Rhizobiaceae,Georhizobium
Actinomycetota,Actinomycetes,Micrococcales,Micrococcaceae,Specibacter
Pseudomonadota,Gammaproteobacteria,Thiohalobacterales,Thiohalobacteraceae,Thiohalobacter
Bacillota,Erysipelotrichia,Erysipelotrichales,Erysipelotrichaceae,Intestinibaculum
Bacillota,Clostridia,Lachnospirales,Vallitaleaceae,Petrocella
Actinomycetota,Actinomycetes,Actinomycetales,Actinomycetaceae,Actinobaculum
Bacillota,Clostridia,Lachnospirales,Lachnospiraceae,Schaedlerella
Pseudomonadota,Betaproteobacteria,Nitrosomonadales,Sterolibacteriaceae,Sulfurisoma
Cyanobacteriota,Cyanophyceae,Chroococcales,Aphanothecaceae,Aphanothece
Bacillota,Clostridia,Lachnospirales,Lachnospiraceae,Lachnoanaerobaculum
Pseudomonadota,Alphaproteobacteria,Sphingomonadales,Erythrobacteraceae,Caenibius
Bacillota,Bacilli,Bacillales,Thermoactinomycetaceae,Staphylospora
Pseudomonadota,Betaproteobacteria,Burkholderiales,Comamonadaceae,Albitalea
Bacteroidota,Flavobacteriia,Flavobacteriales,Flavobacteriaceae,Amniculibacterium
Bacteroidota,Flavobacteriia,Flavobacteriales,Schleiferiaceae,Thermaurantimonas
Bacillota,Bacilli,Bacillales,Bacillaceae,Aquisalibacillus
Pseudomonadota,Betaproteobacteria,Burkholderiales,Comamonadaceae,Tibeticola
Cyanobacteriota,Cyanophyceae,Oscillatoriales,Oscillatoriaceae,Okeania
Bacillota,Bacilli,Bacillales,Planococcaceae,Filibacter
Spirochaetota,NA,Spirochaetales,NA,NA
Actinomycetota,Actinomycetes,Actinomycetales,Actinomycetaceae,Neoactinobaculum
Bacillota,Bacilli,Lactobacillales,Aerococcaceae,Vaginisenegalia
Bacillota,Clostridia,Thermoanaerobacterales,Thermoanaerobacteraceae,Thermodesulfitimonas
Pseudomonadota,Alphaproteobacteria,Rhodobacterales,Roseobacteraceae,Pacificibacter
Bacillota,Bacilli,Bacillales,Bacillaceae,Salisediminibacterium
Bacillota,Clostridia,Eubacteriales,Oscillospiraceae,Hydrogenoanaerobacterium
Bacillota,Bacilli,Lactobacillales,Enterococcaceae,Tetragenococcus
Pseudomonadota,Gammaproteobacteria,Salinisphaerales,Salinisphaeraceae,Salinisphaera
Pseudomonadota,Gammaproteobacteria,Cellvibrionales,Cellvibrionaceae,Marinimicrobium
Actinomycetota,Actinomycetes,Micrococcales,Microbacteriaceae,Plantibacter
Actinomycetota,Actinomycetes,Propionibacteriales,Propionibacteriaceae,Luteococcus
Actinomycetota,Actinomycetes,Micrococcales,Bogoriellaceae,Bogoriella
Bacillota,Clostridia,Lachnospirales,Lachnospiraceae,Mobilisporobacter
Actinomycetota,Actinomycetes,Micromonosporales,Micromonosporaceae,Couchioplanes
Actinomycetota,Actinomycetes,Micrococcales,Beutenbergiaceae,Salana
Pseudomonadota,Gammaproteobacteria,Chromatiales,Ectothiorhodospiraceae,Inmirania
Thermodesulfobacteriota,Syntrophobacteria,Syntrophobacterales,Syntrophobacteraceae,Desulfosoma
Pseudomonadota,Alphaproteobacteria,Rhodospirillales,Stellaceae,Stella
Actinomycetota,Actinomycetes,Streptosporangiales,Thermomonosporaceae,Actinocorallia
Pseudomonadota,Gammaproteobacteria,Nevskiales,Nevskiaceae,Stagnimonas
Pseudomonadota,Betaproteobacteria,Nitrosomonadales,Methylophilaceae,Pseudomethylobacillus
Bacillota,Erysipelotrichia,Erysipelotrichales,Erysipelotrichaceae,Absicoccus
Bacteroidota,Chitinophagia,Chitinophagales,Chitinophagaceae,Hanamia
Pseudomonadota,Gammaproteobacteria,Cellvibrionales,Halieaceae,Haliea
Bacillota,Clostridia,Lachnospirales,Lachnospiraceae,Luxibacter
Bacillota,Negativicutes,Veillonellales,Veillonellaceae,Lucifera
Pseudomonadota,Betaproteobacteria,Burkholderiales,Comamonadaceae,Corticibacter
Pseudomonadota,Betaproteobacteria,Burkholderiales,Comamonadaceae,Allofranklinella
Bacillota,Clostridia,Thermosediminibacterales,Tepidanaerobacteraceae,Biomaibacter
Bacillota,Clostridia,Eubacteriales,Maliibacteriaceae,Maliibacterium
Bacteroidota,Flavobacteriia,Flavobacteriales,Flavobacteriaceae,Dokdonia
Aquificota,Aquificia,Aquificales,Hydrogenothermaceae,Hydrogenothermus
Pseudomonadota,Alphaproteobacteria,Kordiimonadales,Kordiimonadaceae,Eilatimonas
Bacteroidota,Flavobacteriia,Flavobacteriales,Flavobacteriaceae,Ulvibacter
Pseudomonadota,Gammaproteobacteria,Cellvibrionales,Cellvibrionaceae,Umboniibacter
Pseudomonadota,Alphaproteobacteria,Rhodobacterales,Paracoccaceae,Rhodophyticola
Bacillota,Bacilli,Bacillales,Bacillaceae,Falsibacillus
Pseudomonadota,Alphaproteobacteria,Hyphomicrobiales,Notoacmeibacteraceae,Notoacmeibacter
Pseudomonadota,Gammaproteobacteria,Chromatiales,Ectothiorhodospiraceae,Alkalispirillum
Aquificota,Aquificia,Aquificales,Aquificaceae,Hydrogenivirga
Actinomycetota,Actinomycetes,Micrococcales,Micrococcaceae,Galactobacter
Actinomycetota,Actinomycetes,Micrococcales,Intrasporangiaceae,Terracoccus
Pseudomonadota,Betaproteobacteria,Rhodocyclales,Azonexaceae,Azonexus
Pseudomonadota,Gammaproteobacteria,Orbales,Orbaceae,Orbus
Pseudomonadota,Gammaproteobacteria,Enterobacterales,Enterobacteriaceae,Yokenella
Pseudomonadota,Alphaproteobacteria,Rhodospirillales,Oceanibaculaceae,Oceanibaculum
Aquificota,Aquificia,Desulfurobacteriales,Desulfurobacteriaceae,Thermovibrio
Bacillota,Bacilli,Bacillales,Bacillales Family X. Incertae Sedis,Brockia
Actinomycetota,Actinomycetes,Micrococcales,Microbacteriaceae,Gryllotalpicola
Bacteroidota,Flavobacteriia,Flavobacteriales,Flavobacteriaceae,Ulvibacterium
Pseudomonadota,Gammaproteobacteria,Alteromonadales,Alteromonadaceae,Alginatibacterium
Bacteroidota,Flavobacteriia,Flavobacteriales,Flavobacteriaceae,Ichthyenterobacterium
Bacillota,Bacilli,Bacillales,Sporolactobacillaceae,Sinobaca
Pseudomonadota,Gammaproteobacteria,Oceanospirillales,Halomonadaceae,Zymobacter
Bacillota,Tissierellia,Tissierellales,Thermohalobacteraceae,Thermohalobacter
Bacillota,Clostridia,Peptostreptococcales,Caminicellaceae,Caminicella
Bacteroidota,Sphingobacteriia,Sphingobacteriales,Sphingobacteriaceae,Pelobium
Bacteroidota,Chitinophagia,Chitinophagales,Chitinophagaceae,Paracnuella
Actinomycetota,Actinomycetes,Streptosporangiales,Streptosporangiaceae,Bailinhaonella
Actinomycetota,Actinomycetes,Motilibacterales,Vallicoccaceae,Vallicoccus
Pseudomonadota,Alphaproteobacteria,Rhodospirillales,Acetobacteraceae,Oleomonas
Pseudomonadota,Gammaproteobacteria,Pasteurellales,Psittacicellaceae,Psittacicella
Bacteroidota,Cytophagia,Cytophagales,Spirosomataceae,Fibrisoma
Pseudomonadota,Gammaproteobacteria,Oceanospirillales,Saccharospirillaceae,Salinibius
Pseudomonadota,Alphaproteobacteria,Hyphomicrobiales,Cohaesibacteraceae,Cohaesibacter
Pseudomonadota,Gammaproteobacteria,Thiotrichales,Fastidiosibacteraceae,Facilibium
Deinococcota,Deinococci,Thermales,Thermaceae,Calidithermus
Pseudomonadota,Betaproteobacteria,Nitrosomonadales,Gallionellaceae,Ferriphaselus
Bacteroidota,Bacteroidia,Marinilabiliales,Prolixibacteraceae,Mariniphaga
Pseudomonadota,Alphaproteobacteria,Rhodospirillales,Rhodospirillaceae,Algihabitans
Candidatus Cryosericota,Candidatus Cryosericia,Candidatus Cryosericales,Candidatus Cryosericaceae,Candidatus Cryosericum
Bacteroidota,Flavobacteriia,Flavobacteriales,Weeksellaceae,Ornithobacterium
Chloroflexota,Anaerolineae,Aggregatilineales,Aggregatilineaceae,Aggregatilinea
Pseudomonadota,Alphaproteobacteria,Rhodospirillales,Azospirillaceae,Indioceanicola
Pseudomonadota,Alphaproteobacteria,Hyphomicrobiales,Hyphomicrobiaceae,Dichotomicrobium
Mycoplasmatota,Mollicutes,Anaeroplasmatales,Anaeroplasmataceae,Anaeroplasma
Bacillota,Bacilli,Lactobacillales,Aerococcaceae,Suicoccus
Mycoplasmatota,NA,Mycoplasmatales,NA,NA
Pseudomonadota,Alphaproteobacteria,Rhodobacterales,Paracoccaceae,Profundibacter
Bacillota,Erysipelotrichia,Erysipelotrichales,Erysipelotrichaceae,Dielma
Bacillota,Erysipelotrichia,Erysipelotrichales,Erysipelotrichaceae,Holdemania
Pseudomonadota,Gammaproteobacteria,Thiotrichales,Fastidiosibacteraceae,Fastidiosibacter
Actinomycetota,Acidimicrobiia,Acidimicrobiales,Ilumatobacteraceae,Desertimonas
Actinomycetota,Actinomycetes,Micromonosporales,Micromonosporaceae,Allorhizocola
Actinomycetota,Coriobacteriia,Coriobacteriales,Atopobiaceae,Paratractidigestivibacter
Bacteroidota,Flavobacteriia,Flavobacteriales,Flavobacteriaceae,Marixanthomonas
Bacteroidota,Chitinophagia,Chitinophagales,Chitinophagaceae,Deminuibacter
Pseudomonadota,Alphaproteobacteria,Rhodospirillales,Thalassospiraceae,Thalassospira
Pseudomonadota,Alphaproteobacteria,Hyphomicrobiales,Aurantimonadaceae,Fulvimarina
Pseudomonadota,Gammaproteobacteria,Enterobacterales,Enterobacteriaceae,Candidatus Purcelliella
Fusobacteriota,Fusobacteriia,Fusobacteriales,Fusobacteriaceae,Psychrilyobacter
Pseudomonadota,Gammaproteobacteria,Moraxellales,Moraxellaceae,Paraperlucidibaca
Actinomycetota,Actinomycetes,Micrococcales,Dermacoccaceae,Calidifontibacter
Actinomycetota,Actinomycetes,Propionibacteriales,Nocardioidaceae,Thermasporomyces
Pseudomonadota,Alphaproteobacteria,Rhodobacterales,Paracoccaceae,Rhodosalinus
Bacillota,Clostridia,Peptostreptococcales,Filifactoraceae,Criibacterium
Bacillota,Clostridia,Thermoanaerobacterales,Thermoanaerobacteraceae,Ammonifex
Actinomycetota,Coriobacteriia,Coriobacteriales,Atopobiaceae,Fannyhessea
Pseudomonadota,Alphaproteobacteria,Hyphomicrobiales,Xanthobacteraceae,Pseudolabrys
Pseudomonadota,Alphaproteobacteria,Hyphomicrobiales,Nitrobacteraceae,Undibacter
NA,Candidatus Babeliae,Candidatus Babeliales,Candidatus Chromulinivoraceae,Candidatus Chromulinivorax
Pseudomonadota,Gammaproteobacteria,Enterobacterales,Hafniaceae,Enterobacillus
Pseudomonadota,Gammaproteobacteria,Pasteurellales,Pasteurellaceae,Phocoenobacter
Pseudomonadota,Alphaproteobacteria,Hyphomicrobiales,Stappiaceae,Pannonibacter
Pseudomonadota,Gammaproteobacteria,Cardiobacteriales,Cardiobacteriaceae,Suttonella
Pseudomonadota,Gammaproteobacteria,Pasteurellales,Pasteurellaceae,Canicola
Pseudomonadota,Gammaproteobacteria,Legionellales,Legionellaceae,Fluoribacter
Pseudomonadota,Betaproteobacteria,Neisseriales,Neisseriaceae,Bergeriella
Bacteroidota,Flavobacteriia,Flavobacteriales,Flavobacteriaceae,Marinirhabdus
Balneolota,Balneolia,Balneolales,Cyclonatronaceae,Cyclonatronum
Actinomycetota,Actinomycetes,Kitasatosporales,Streptomycetaceae,Peterkaempfera
Pseudomonadota,Alphaproteobacteria,Rhodospirillales,Acetobacteraceae,Acidibrevibacterium
Pseudomonadota,Gammaproteobacteria,Moraxellales,Moraxellaceae,Aquirhabdus
Actinomycetota,Thermoleophilia,Gaiellales,Gaiellaceae,Gaiella
Pseudomonadota,Betaproteobacteria,Burkholderiales,Comamonadaceae,Pseudacidovorax
Pseudomonadota,Alphaproteobacteria,Rhodobacterales,Paracoccaceae,Alkalilacustris
Bacteroidota,Cytophagia,Cytophagales,Cyclobacteriaceae,Pleomorphovibrio
Bdellovibrionota,Bacteriovoracia,Bacteriovoracales,Halobacteriovoraceae,Halobacteriovorax
Pseudomonadota,Gammaproteobacteria,Lysobacterales,Rhodanobacteraceae,Mizugakiibacter
Chloroflexota,Anaerolineae,Anaerolineales,Anaerolineaceae,Anaerolinea
Chloroflexota,Anaerolineae,Anaerolineales,Anaerolineaceae,Bellilinea
Actinomycetota,Nitriliruptoria,Euzebyales,Euzebyaceae,Euzebya
Pseudomonadota,Alphaproteobacteria,Rhodospirillales,Rhodospirillaceae,Ferruginivarius
Actinomycetota,Actinomycetes,Propionibacteriales,Propionibacteriaceae,Desertihabitans
Chlamydiota,Chlamydiia,Parachlamydiales,Candidatus Parilichlamydiaceae,Candidatus Similichlamydia
Pseudomonadota,Betaproteobacteria,Burkholderiales,Burkholderiaceae,Ephemeroptericola
Pseudomonadota,Gammaproteobacteria,Chromatiales,Ectothiorhodospiraceae,Thioalbus
Bacillota,Bacilli,Bacillales,Bacillaceae,Saliterribacillus
Bacillota,Clostridia,Eubacteriales,Oscillospiraceae,Anaerobacterium
Bacteroidota,Flavobacteriia,Flavobacteriales,Schleiferiaceae,Schleiferia
Bacteroidota,Flavobacteriia,Flavobacteriales,Flavobacteriaceae,Oceanihabitans
Pseudomonadota,Alphaproteobacteria,Rhodospirillales,Azospirillaceae,Oleisolibacter
Pseudomonadota,Gammaproteobacteria,Oceanospirillales,Oceanospirillaceae,Marinospirillum
Actinomycetota,Actinomycetes,Streptosporangiales,Nocardiopsaceae,Marinitenerispora
Pseudomonadota,Betaproteobacteria,Burkholderiales,Alcaligenaceae,Parvibium
Pseudomonadota,Gammaproteobacteria,Enterobacterales,Enterobacteriaceae,Edaphovirga
Acidobacteriota,Terriglobia,Terriglobales,Acidobacteriaceae,Acidisarcina
Actinomycetota,Actinomycetes,Streptosporangiales,Streptosporangiaceae,Spongiactinospora
Verrucomicrobiota,Verrucomicrobiia,Verrucomicrobiales,Verrucomicrobiaceae,Roseimicrobium
Pseudomonadota,Betaproteobacteria,Burkholderiales,Alcaligenaceae,Eoetvoesiella
Pseudomonadota,Alphaproteobacteria,Hyphomicrobiales,Roseiarcaceae,Roseiarcus
Bacillota,Bacilli,Bacillales,Thermoactinomycetaceae,Thermoflavimicrobium
Bacteroidota,Sphingobacteriia,Sphingobacteriales,Sphingobacteriaceae,Nubsella
Thermotogota,Thermotogae,Kosmotogales,Kosmotogaceae,Mesotoga
Bacteroidota,Cytophagia,Cytophagales,Fulvivirgaceae,Pseudochryseolinea
Pseudomonadota,Gammaproteobacteria,Alteromonadales,Alteromonadaceae,Algibacillus
Actinomycetota,Actinomycetes,Micrococcales,Dermacoccaceae,Branchiibius
Pseudomonadota,Alphaproteobacteria,Rhodospirillales,Magnetospirillaceae,Paramagnetospirillum
Pseudomonadota,Gammaproteobacteria,Aeromonadales,Succinivibrionaceae,Anaerobiospirillum
Bacillota,Clostridia,Eubacteriales,Acutalibacteraceae,Hydrogeniiclostridium
Pseudomonadota,Alphaproteobacteria,Rhodobacterales,Paracoccaceae,Oceanibium
Pseudomonadota,Gammaproteobacteria,Pasteurellales,Pasteurellaceae,Mergibacter
Actinomycetota,Actinomycetes,Micrococcales,Jonesiaceae,Jonesia
Pseudomonadota,Gammaproteobacteria,Enterobacterales,Budviciaceae,Leminorella
Candidatus Bipolaricaulota,Candidatus Bipolaricaulia,Candidatus Bipolaricaulales,Candidatus Bipolaricaulaceae,Candidatus Bipolaricaulis
Pseudomonadota,Gammaproteobacteria,Oceanospirillales,Alcanivoracaceae,Isoalcanivorax
Bacteroidota,Cytophagia,Cytophagales,Leadbetterellaceae,Arcticibacterium
Bacteroidota,Flavobacteriia,Flavobacteriales,Flavobacteriaceae,Confluentibacter
NA,Deltaproteobacteria,Bradymonadales,Bradymonadaceae,Bradymonas
Pseudomonadota,Alphaproteobacteria,Rhodobacterales,Paracoccaceae,Phycocomes
Bacteroidota,Bacteroidia,Marinilabiliales,Marinilabiliaceae,Breznakibacter
Pseudomonadota,Alphaproteobacteria,Rhodospirillales,Acetobacteraceae,Humitalea
Pseudomonadota,Alphaproteobacteria,Hyphomicrobiales,Aestuariivirgaceae,Aestuariivirga
Bacteroidota,Flavobacteriia,Flavobacteriales,Crocinitomicaceae,Putridiphycobacter
Cyanobacteriota,Cyanophyceae,Acaryochloridales,Acaryochloridaceae,Acaryochloris
Pseudomonadota,Betaproteobacteria,Rhodocyclales,Zoogloeaceae,Parazoarcus
Pseudomonadota,Alphaproteobacteria,Rhodobacterales,Paracoccaceae,Litorivita
Bacteroidota,Bacteroidia,Bacteroidales,Porphyromonadaceae,Sanguibacteroides
Bacillota,Bacilli,Bacillales,Bacillaceae,Pseudogracilibacillus
Pseudomonadota,Betaproteobacteria,Neisseriales,Aquaspirillaceae,Rivihabitans
Bacillota,Bacilli,Bacillales,Bacillaceae,Streptohalobacillus
Bacillota,Clostridia,Lachnospirales,Lachnospiraceae,Lachnotalea
Pseudomonadota,Gammaproteobacteria,Nevskiales,Nevskiaceae,Sinimarinibacterium
Pseudomonadota,Gammaproteobacteria,Oceanospirillales,Balneatrichaceae,Pokkaliibacter
Actinomycetota,Actinomycetes,Micrococcales,Microbacteriaceae,Aurantimicrobium
Pseudomonadota,Alphaproteobacteria,Rhodobacterales,Paracoccaceae,Meridianimarinicoccus
Pseudomonadota,Gammaproteobacteria,Thiotrichales,Thiotrichaceae,Leucothrix
Pseudomonadota,Gammaproteobacteria,Chromatiales,Oceanococcaceae,Abyssibacter
Bacteroidota,Cytophagia,Cytophagales,Flammeovirgaceae,Sediminitomix
Fibrobacterota,Fibrobacteria,Fibrobacterales,Fibrobacteraceae,Hallerella
Bacteroidota,Flavobacteriia,Flavobacteriales,Flavobacteriaceae,Xanthomarina
Pseudomonadota,Gammaproteobacteria,Alteromonadales,Alteromonadaceae,Saliniradius
Bacillota,Bacilli,Bacillales,Bacillaceae,Pueribacillus
Pseudomonadota,Alphaproteobacteria,Rhodobacterales,Roseobacteraceae,Thalassobacter
Bacteroidota,Bacteroidia,Bacteroidales,Balneicellaceae,Balneicella
Pseudomonadota,Gammaproteobacteria,Pseudomonadales,Marinobacteraceae,Tamilnaduibacter
Bacillota,Tissierellia,NA,NA,Ezakiella
Bacteroidota,Sphingobacteriia,Sphingobacteriales,Sphingobacteriaceae,Pararcticibacter
Pseudomonadota,Alphaproteobacteria,Maricaulales,Maricaulaceae,Hyphobacterium
Pseudomonadota,Alphaproteobacteria,Rhodobacterales,Roseobacteraceae,Salibaculum
Pseudomonadota,Alphaproteobacteria,Rickettsiales,Rickettsiaceae,Orientia
Actinomycetota,Actinomycetes,Actinomycetales,Actinomycetaceae,Ancrocorticia
Pseudomonadota,Betaproteobacteria,Burkholderiales,Alcaligenaceae,Corticimicrobacter
Pseudomonadota,Alphaproteobacteria,Hyphomicrobiales,Rhizobiaceae,Metarhizobium
Bacteroidota,Bacteroidia,Marinilabiliales,Marinilabiliaceae,Marinilabilia
Pseudomonadota,Alphaproteobacteria,Rhodobacterales,Paracoccaceae,Albibacillus
Pseudomonadota,Alphaproteobacteria,Hyphomicrobiales,Methylocystaceae,Methylosinus
Pseudomonadota,Betaproteobacteria,Nitrosomonadales,Methylophilaceae,Novimethylophilus
Pseudomonadota,Gammaproteobacteria,Enterobacterales,Erwiniaceae,Buchnera
Pseudomonadota,Gammaproteobacteria,Oceanospirillales,NA,Pelagibaculum
Verrucomicrobiota,Opitutia,Opitutales,Opitutaceae,Ereboglobus
Bacillota,Erysipelotrichia,Erysipelotrichales,Erysipelotrichaceae,Lactimicrobium
Pseudomonadota,Alphaproteobacteria,Rhodobacterales,Paracoccaceae,Ascidiaceihabitans
Pseudomonadota,Alphaproteobacteria,Rhodobacterales,Paracoccaceae,Pseudoprimorskyibacter
Pseudomonadota,Gammaproteobacteria,Aeromonadales,Aeromonadaceae,Dongshaea
Pseudomonadota,Betaproteobacteria,NA,NA,Candidatus Kinetoplastibacterium
Pseudomonadota,Alphaproteobacteria,Rhodobacterales,Paracoccaceae,Pelagivirga
Pseudomonadota,Alphaproteobacteria,Rhodobacterales,Paracoccaceae,Thalassorhabdomicrobium
Pseudomonadota,Gammaproteobacteria,Alteromonadales,Alteromonadaceae,Saccharobesus
Thermodesulfobiota,Thermodesulfobiia,Thermodesulfobiales,Thermodesulfobiaceae,Thermodesulfobium
Bacillota,Bacilli,Bacillales,Planococcaceae,Metalysinibacillus
Pseudomonadota,Alphaproteobacteria,Rhodobacterales,Paracoccaceae,Allosediminivita
Pseudomonadota,Alphaproteobacteria,Hyphomicrobiales,Stappiaceae,Breoghania
Pseudomonadota,Gammaproteobacteria,Nevskiales,Nevskiaceae,Stenotrophobium
Pseudomonadota,Betaproteobacteria,Neisseriales,Aquaspirillaceae,Microvirgula
Pseudomonadota,Gammaproteobacteria,Moraxellales,Moraxellaceae,Agitococcus
Bacillota,Bacilli,Bacillales,Planococcaceae,Metasolibacillus
Candidatus Methylomirabilota,Candidatus Methylomirabilia,Candidatus Methylomirabilales,Candidatus Methylomirabilaceae,Candidatus Methylomirabilis
Bacteroidota,Bacteroidia,Bacteroidales,Tannerellaceae,Tannerella
Bacteroidota,Bacteroidia,Bacteroidales,Muribaculaceae,Paramuribaculum
Pseudomonadota,Gammaproteobacteria,Enterobacterales,Enterobacteriaceae,Pluralibacter
Pseudomonadota,Gammaproteobacteria,Lysobacterales,Rhodanobacteraceae,Ahniella
Pseudomonadota,Alphaproteobacteria,Rickettsiales,Rickettsiaceae,Candidatus Phycorickettsia
Bacillota,Bacilli,Bacillales,Bacillaceae,Salsuginibacillus
Actinomycetota,Actinomycetes,Streptosporangiales,Nocardiopsaceae,Murinocardiopsis
Bacillota,Clostridia,Eubacteriales,NA,Massilistercora
Pseudomonadota,Betaproteobacteria,Burkholderiales,Comamonadaceae,Pulveribacter
Bacillota,Clostridia,Eubacteriales,Acutalibacteraceae,Pseudoruminococcus
Pseudomonadota,Alphaproteobacteria,Sphingomonadales,Sphingomonadaceae,Allosphingosinicella
Pseudomonadota,Gammaproteobacteria,Oceanospirillales,Halomonadaceae,Phytohalomonas
Cyanobacteriota,Cyanophyceae,Gomontiellales,Chamaesiphonaceae,Chamaesiphon
Cyanobacteriota,Cyanophyceae,Synechococcales,Merismopediaceae,Merismopedia
Cyanobacteriota,Cyanophyceae,Leptolyngbyales,Leptolyngbyaceae,Stenomitos
Cyanobacteriota,Cyanophyceae,Leptolyngbyales,Leptolyngbyaceae,Phormidesmis
Pseudomonadota,Alphaproteobacteria,Rhodobacterales,Roseobacteraceae,Aliiruegeria
Actinomycetota,Actinomycetes,Geodermatophilales,Antricoccaceae,Antricoccus
Pseudomonadota,Alphaproteobacteria,Rhodobacterales,Roseobacteraceae,Hasllibacter
Pseudomonadota,Betaproteobacteria,Burkholderiales,Alcaligenaceae,Jezberella
Bacteroidota,Cytophagia,Cytophagales,Cyclobacteriaceae,Mongoliibacter
Actinomycetota,Actinomycetes,Streptosporangiales,NA,Allonocardiopsis
Actinomycetota,Actinomycetes,Micromonosporales,Micromonosporaceae,Pseudosporangium
Bacillota,Bacilli,Bacillales,Thermoactinomycetaceae,Planifilum
Mycoplasmatota,Mollicutes,Entomoplasmatales,Entomoplasmataceae,Mesoplasma
Bacillota,Clostridia,Eubacteriales,Oscillospiraceae,Fastidiosipila
Myxococcota,Myxococcia,Myxococcales,NA,Enhygromyxa
Pseudomonadota,Betaproteobacteria,Burkholderiales,Comamonadaceae,Malikia
Pseudomonadota,Betaproteobacteria,Burkholderiales,Oxalobacteraceae,Solimicrobium
Abditibacteriota,Abditibacteriia,Abditibacteriales,Abditibacteriaceae,Abditibacterium
Bacillota,Erysipelotrichia,Erysipelotrichales,Erysipelotrichaceae,Anaerolactibacter
Bacteroidota,Flavobacteriia,Flavobacteriales,Flavobacteriaceae,Pukyongia
Actinomycetota,Actinomycetes,Propionibacteriales,Nocardioidaceae,Micropruina
Bacillota,Clostridia,Eubacteriales,Oscillospiraceae,Neobittarella
Verrucomicrobiota,Verrucomicrobiia,Verrucomicrobiales,Rubritaleaceae,Rubritalea
Bacteroidota,Flavobacteriia,Flavobacteriales,Flavobacteriaceae,Aureicoccus
Bacteroidota,Chitinophagia,Chitinophagales,Chitinophagaceae,Flavipsychrobacter
Pseudomonadota,Betaproteobacteria,Neisseriales,Neisseriaceae,Simonsiella
Actinomycetota,Actinomycetes,Micrococcales,Microbacteriaceae,Pontimonas
Bacillota,Bacilli,Bacillales,Bacillaceae,Pradoshia
Bacteroidota,Flavobacteriia,Flavobacteriales,Flavobacteriaceae,Aureitalea
Pseudomonadota,Alphaproteobacteria,Parvularculales,Parvularculaceae,Marinicaulis
Pseudomonadota,Gammaproteobacteria,Moraxellales,Moraxellaceae,Amnimonas
Bacteroidota,Cytophagia,Cytophagales,Cytophagaceae,Siphonobacter
Pseudomonadota,Alphaproteobacteria,Rhodospirillales,Acetobacteraceae,Rhodopila
Cyanobacteriota,Cyanophyceae,Nostocales,Aphanizomenonaceae,Cuspidothrix
Bacillota,Clostridia,Eubacteriales,Desulfocucumaceae,Desulfocucumis
Pseudomonadota,Alphaproteobacteria,Holosporales,Holosporaceae,Holospora
Mycoplasmatota,Mollicutes,Entomoplasmatales,Entomoplasmataceae,Entomoplasma
Actinomycetota,Actinomycetes,Micrococcales,Microbacteriaceae,Terrimesophilobacter
Pseudomonadota,Alphaproteobacteria,Rhodobacterales,Paracoccaceae,Albidovulum
Acidobacteriota,Terriglobia,Terriglobales,Acidobacteriaceae,Bryocella
Pseudomonadota,Alphaproteobacteria,Rhodobacterales,Paracoccaceae,Jhaorihella
Bacillota,Clostridia,Eubacteriales,Clostridiaceae,Caloramator
Bacteroidota,Flavobacteriia,Flavobacteriales,Weeksellaceae,Halpernia
Thermotogota,Thermotogae,Petrotogales,Petrotogaceae,Petrotoga
Spirochaetota,Spirochaetia,Spirochaetales,Spirochaetaceae,Alkalispirochaeta
Pseudomonadota,Gammaproteobacteria,Enterobacterales,Enterobacteriaceae,Superficieibacter
Pseudomonadota,Gammaproteobacteria,Cellvibrionales,Cellvibrionaceae,Agarilytica
Bacillota,Clostridia,Lachnospirales,Lachnospiraceae,Herbinix
Actinomycetota,Coriobacteriia,Eggerthellales,Eggerthellaceae,Rubneribacter
Pseudomonadota,Alphaproteobacteria,Hyphomicrobiales,Aurantimonadaceae,Mangrovicella
Pseudomonadota,Betaproteobacteria,Neisseriales,Neisseriaceae,Aquella
Bacillota,Bacilli,Bacillales,Bacillaceae,Alteribacillus
Bacteroidota,Bacteroidia,Bacteroidales,Prevotellaceae,Metaprevotella
Bacillota,Erysipelotrichia,Erysipelotrichales,Erysipelotrichaceae,Galactobacillus
Bacillota,Erysipelotrichia,Erysipelotrichales,Erysipelotrichaceae,Massilicoli
Bacillota,Clostridia,Monoglobales,Monoglobaceae,Monoglobus
Pseudomonadota,Betaproteobacteria,Rhodocyclales,Zoogloeaceae,Pseudazoarcus
Bacillota,Bacilli,Lactobacillales,Aerococcaceae,Dolosicoccus
Pseudomonadota,Alphaproteobacteria,Rhodobacterales,Paracoccaceae,Acidimangrovimonas
Pseudomonadota,Alphaproteobacteria,Rhodobacterales,Paracoccaceae,Kandeliimicrobium
Pseudomonadota,Alphaproteobacteria,Rhodospirillales,Azospirillaceae,Niveispirillum
Pseudomonadota,Gammaproteobacteria,Pseudomonadales,Ketobacteraceae,Ketobacter
Pseudomonadota,Gammaproteobacteria,Enterobacterales,Yersiniaceae,Chimaeribacter
Bacillota,Clostridia,Eubacteriales,Oscillospiraceae,Pygmaiobacter
Bacillota,Clostridia,Eubacteriales,Oscillospiraceae,Marasmitruncus
Bacillota,Bacilli,Lactobacillales,Aerococcaceae,Falseniella
Pseudomonadota,Gammaproteobacteria,Pasteurellales,Pasteurellaceae,Necropsobacter
Pseudomonadota,Alphaproteobacteria,Rhodospirillales,Rhodospirillaceae,Telmatospirillum
Bacillota,Bacilli,Bacillales,Bacillaceae,Halalkalibacillus
Bacteroidota,Cytophagia,Cytophagales,Raineyaceae,Raineya
Pseudomonadota,Betaproteobacteria,Burkholderiales,Comamonadaceae,Macromonas
Pseudomonadota,Gammaproteobacteria,Chromatiales,Chromatiaceae,Thiodictyon
Bacteroidota,Flavobacteriia,Flavobacteriales,Flavobacteriaceae,Avrilella
Bacillota,Bacilli,Bacillales,Alicyclobacillaceae,Kyrpidia
Mycoplasmatota,Mollicutes,Entomoplasmatales,NA,Williamsoniiplasma
Pseudomonadota,Alphaproteobacteria,Minwuiales,Minwuiaceae,Minwuia
Actinomycetota,Actinomycetes,Bifidobacteriales,Bifidobacteriaceae,Pseudoscardovia
Actinomycetota,Actinomycetes,Micrococcales,Microbacteriaceae,Compostimonas
Pseudomonadota,Alphaproteobacteria,Rhodobacterales,Paracoccaceae,Brevirhabdus
Bacteroidota,Chitinophagia,Chitinophagales,Chitinophagaceae,Thermoflavifilum
Actinomycetota,Actinomycetes,Micrococcales,Microbacteriaceae,Diaminobutyricimonas
Pseudomonadota,Alphaproteobacteria,Rhodobacterales,Roseobacteraceae,Epibacterium
Pseudomonadota,Gammaproteobacteria,Pasteurellales,Pasteurellaceae,Conservatibacter
Pseudomonadota,Gammaproteobacteria,Pasteurellales,Pasteurellaceae,Caviibacterium
Bacillota,Clostridia,Eubacteriales,Peptococcaceae,Candidatus Formimonas
Pseudomonadota,Alphaproteobacteria,Hyphomicrobiales,Pleomorphomonadaceae,Hartmannibacter
Nitrospirota,Nitrospiria,Nitrospirales,Nitrospiraceae,Leptospirillum
Bacillota,Clostridia,Lachnospirales,Lachnospiraceae,Konateibacter
Cyanobacteriota,Cyanophyceae,Oscillatoriales,Microcoleaceae,Tychonema
Bacillota,Clostridia,Lachnospirales,Lachnospiraceae,Sporanaerobium
Bacillota,Bacilli,Bacillales,Bacillaceae,Fredinandcohnia
Planctomycetota,Planctomycetia,Pirellulales,Pirellulaceae,Rhodopirellula
Pseudomonadota,Alphaproteobacteria,Hyphomicrobiales,Notoacmeibacteraceae,Zhengella
Bacillota,Clostridia,Eubacteriales,Oscillospiraceae,Scatolibacter
Bacillota,Tissierellia,Tissierellales,Peptoniphilaceae,Urinicoccus
Pseudomonadota,Alphaproteobacteria,Candidatus Pelagibacterales,NA,Candidatus Fonsibacter
Bacteroidota,Saprospiria,Saprospirales,Lewinellaceae,Flavilitoribacter
Pseudomonadota,Gammaproteobacteria,Alteromonadales,Alteromonadaceae,Lacimicrobium
Actinomycetota,Actinomycetes,Propionibacteriales,Nocardioidaceae,Propionicimonas
Rhodothermota,Rhodothermia,Rhodothermales,Salisaetaceae,Longibacter
Rhodothermota,Rhodothermia,Rhodothermales,Salisaetaceae,Longimonas
Chlamydiota,Chlamydiia,Parachlamydiales,Criblamydiaceae,Estrella
Pseudomonadota,Alphaproteobacteria,Rhodobacterales,Paracoccaceae,Monaibacterium
Chloroflexota,Chloroflexia,Chloroflexales,Oscillochloridaceae,Candidatus Viridilinea
Bacteroidota,Flavobacteriia,Flavobacteriales,Flavobacteriaceae,Sediminicola
Pseudomonadota,Gammaproteobacteria,Pseudomonadales,Marinobacteraceae,Mangrovitalea
Pseudomonadota,Alphaproteobacteria,Rhodobacterales,Paracoccaceae,Pacificitalea
Pseudomonadota,Alphaproteobacteria,Rhodospirillales,Novispirillaceae,Caenispirillum
Bacillota,Clostridia,Lachnospirales,Lachnospiraceae,Pseudobutyrivibrio
Bacillota,Bacilli,Bacillales,Bacillaceae,Terribacillus
Actinomycetota,Actinomycetes,Candidatus Nanopelagicales,Candidatus Nanopelagicaceae,Candidatus Nanopelagicus
Planctomycetota,Candidatus Brocadiia,Candidatus Brocadiales,Candidatus Scalinduaceae,Candidatus Scalindua
Aquificota,Aquificia,Aquificales,Aquificaceae,Hydrogenobacter
Bacteroidota,Flavobacteriia,Flavobacteriales,Ichthyobacteriaceae,Ichthyobacterium
Pseudomonadota,Alphaproteobacteria,Rhodobacterales,Paracoccaceae,Pseudothioclava
Pseudomonadota,Gammaproteobacteria,Chromatiales,Chromatiaceae,Candidatus Nitrosoglobus
Pseudomonadota,Gammaproteobacteria,Acidiferrobacterales,Acidiferrobacteraceae,Sulfuricaulis
Pseudomonadota,Gammaproteobacteria,Acidiferrobacterales,Acidiferrobacteraceae,Sulfurifustis
Pseudomonadota,Alphaproteobacteria,Hyphomicrobiales,Nitrobacteraceae,Variibacter
Actinomycetota,Actinomycetes,Pseudonocardiales,Pseudonocardiaceae,Actinosynnema
Campylobacterota,Epsilonproteobacteria,Nautiliales,Nautiliaceae,Lebetimonas
Pseudomonadota,Gammaproteobacteria,Cellvibrionales,Cellvibrionaceae,Agaribacterium
Verrucomicrobiota,Opitutia,Opitutales,Opitutaceae,Nibricoccus
Myxococcota,Myxococcia,Myxococcales,Archangiaceae,Melittangium
Bacillota,Bacilli,Bacillales,Bacillaceae,Salimicrobium
Pseudomonadota,Gammaproteobacteria,Enterobacterales,Yersiniaceae,Gibbsiella
Actinomycetota,Actinomycetes,Candidatus Nanopelagicales,Candidatus Nanopelagicaceae,Candidatus Planktophila
Pseudomonadota,Betaproteobacteria,Burkholderiales,Comamonadaceae,Vandammella
Rhodothermota,Rhodothermia,Rhodothermales,Rubricoccaceae,Rubrivirga
Pseudomonadota,Gammaproteobacteria,Alteromonadales,Ferrimonadaceae,Paraferrimonas
Planctomycetota,Planctomycetia,Pirellulales,Thermoguttaceae,Thermogutta
Bacillota,Clostridia,Peptostreptococcales,Thermotaleaceae,Anaeromicrobium
Actinomycetota,Actinomycetes,Micrococcales,Dermatophilaceae,Dermatophilus
Chloroflexota,Ardenticatenia,Candidatus Promineifilales,Candidatus Promineifilaceae,Candidatus Promineifilum
Bacillota,Bacilli,Bacillales,Planococcaceae,Tetzosporium
Bacillota,Bacilli,Bacillales,Bacillaceae,Lottiidibacillus
Rhodothermota,Rhodothermia,Rhodothermales,Rubricoccaceae,Rubricoccus
Cyanobacteriota,Cyanophyceae,Synechococcales,Synechococcaceae,Vulcanococcus
Bacillota,Clostridia,Eubacteriales,Oscillospiraceae,Petroclostridium
Pseudomonadota,Gammaproteobacteria,Cardiobacteriales,Ignatzschineriaceae,Wohlfahrtiimonas
Pseudomonadota,Alphaproteobacteria,Rhodospirillales,Rhodospirillaceae,Elstera
Actinomycetota,Actinomycetes,Propionibacteriales,Propionibacteriaceae,Parenemella
Bacillota,Bacilli,Bacillales,Thermoactinomycetaceae,Paludifilum
Pseudomonadota,Betaproteobacteria,Burkholderiales,NA,Thiomonas
Bacillota,Bacilli,Bacillales,Bacillaceae,Domibacillus
Pseudomonadota,Alphaproteobacteria,Rhodobacterales,Paracoccaceae,Boseongicola
Pseudomonadota,Alphaproteobacteria,Rhodobacterales,Paracoccaceae,Maliponia
Pseudomonadota,Alphaproteobacteria,Rhodobacterales,Paracoccaceae,Flavimaricola
Bacillota,Clostridia,Eubacteriales,Oscillospiraceae,Massiliimalia
Actinomycetota,Actinomycetes,Pseudonocardiales,Pseudonocardiaceae,Actinoalloteichus
Bacillota,Clostridia,Eubacteriales,Peptococcaceae,Dehalobacterium
Pseudomonadota,Betaproteobacteria,Nitrosomonadales,Nitrosomonadaceae,Nitrosospira
Pseudomonadota,Alphaproteobacteria,Parvularculales,Parvularculaceae,Amphiplicatus
Pseudomonadota,Alphaproteobacteria,Rhodobacterales,Roseobacteraceae,Antarctobacter
Thermodesulfobacteriota,Desulfovibrionia,Desulfovibrionales,Desulfovibrionaceae,Humidesulfovibrio
Pseudomonadota,Alphaproteobacteria,Rhodospirillales,Rhodovibrionaceae,Tistlia
Bacteroidota,Cytophagia,Cytophagales,Reichenbachiellaceae,Ekhidna
Pseudomonadota,Alphaproteobacteria,Rhodobacterales,Roseobacteraceae,Tropicimonas
Bacillota,Clostridia,Peptostreptococcales,Natronincolaceae,Anaerovirgula
Pseudomonadota,Gammaproteobacteria,Vibrionales,Vibrionaceae,Paraphotobacterium
Bacillota,Clostridia,Natranaerobiales,Natranaerobiaceae,Natranaerobius
Pseudomonadota,Gammaproteobacteria,Chromatiales,Granulosicoccaceae,Granulosicoccus
Bacteroidota,Bacteroidia,Marinilabiliales,Marinilabiliaceae,Geofilum
Pseudomonadota,Alphaproteobacteria,Rhodobacterales,Paracoccaceae,Marinibacterium
Pseudomonadota,Gammaproteobacteria,Methylococcales,Methylococcaceae,Methylovulum
Chloroflexota,Thermoflexia,Thermoflexales,Thermoflexaceae,Thermoflexus
Pseudomonadota,Alphaproteobacteria,Geminicoccales,Geminicoccaceae,Arboricoccus
Bacillota,Clostridia,Moorellales,Calderihabitantaceae,Calderihabitans
Bacteroidota,Bacteroidia,Marinilabiliales,Marinilabiliaceae,Alkalitalea
Bacillota,Clostridia,Eubacteriales,Acutalibacteraceae,Acutalibacter
Planctomycetota,Planctomycetia,Gemmatales,Gemmataceae,Fimbriiglobus
Chloroflexota,Anaerolineae,Anaerolineales,Anaerolineaceae,Brevefilum
Bacillota,Bacilli,Bacillales,Thermoactinomycetaceae,Marininema
Bacillota,Clostridia,Eubacteriales,Eubacteriaceae,Garciella
Bacillota,Bacilli,Bacillales,Planococcaceae,Indiicoccus
Pseudomonadota,Gammaproteobacteria,Enterobacterales,Erwiniaceae,Tatumella
Pseudomonadota,Gammaproteobacteria,Oceanospirillales,Oleiphilaceae,Oleiphilus
Bacillota,Erysipelotrichia,Erysipelotrichales,Erysipelotrichaceae,Massilimicrobiota
Bacillota,Clostridia,Eubacteriales,Butyricicoccaceae,Intestinibacillus
Pseudomonadota,Gammaproteobacteria,Methylococcales,Crenotrichaceae,Crenothrix
Pseudomonadota,Gammaproteobacteria,Thiotrichales,NA,Thioflexithrix
Pseudomonadota,Alphaproteobacteria,Hyphomicrobiales,NA,Pseudorhodoplanes
Campylobacterota,Desulfurellia,Desulfurellales,Desulfurellaceae,Desulfurella
Pseudomonadota,Alphaproteobacteria,Rhodospirillales,Kiloniellaceae,Kiloniella
Pseudomonadota,Alphaproteobacteria,Rhodobacterales,Roseobacteraceae,Pseudoruegeria
Pseudomonadota,Alphaproteobacteria,Rhodobacterales,Paracoccaceae,Aquimixticola
Pseudomonadota,Alphaproteobacteria,Sneathiellales,Sneathiellaceae,Oceanibacterium
Pseudomonadota,Alphaproteobacteria,Rhodobacterales,Roseobacteraceae,Roseisalinus
Pseudomonadota,Alphaproteobacteria,Rhodobacterales,Paracoccaceae,Pseudooctadecabacter
Pseudomonadota,Alphaproteobacteria,Rhodobacterales,Roseobacteraceae,Ketogulonicigenium
Pseudomonadota,Alphaproteobacteria,Holosporales,Caedimonadaceae,Candidatus Nucleicultrix
Pseudomonadota,Gammaproteobacteria,Cellvibrionales,Spongiibacteraceae,Oceanicoccus
Planctomycetota,Phycisphaerae,Sedimentisphaerales,Sedimentisphaeraceae,Sedimentisphaera
Bacteroidota,Bacteroidia,Bacteroidales,Porphyromonadaceae,Massilibacteroides
Actinomycetota,Actinomycetes,Micrococcales,Microbacteriaceae,Agreia
Pseudomonadota,Alphaproteobacteria,Magnetococcales,Magnetococcaceae,Magnetofaba
Pseudomonadota,Alphaproteobacteria,Caulobacterales,Caulobacteraceae,Aquidulcibacter
Pseudomonadota,Alphaproteobacteria,Rhodobacterales,Paracoccaceae,Planktotalea
Pseudomonadota,Betaproteobacteria,Burkholderiales,Alcaligenaceae,Derxia
Pseudomonadota,Gammaproteobacteria,Alteromonadales,Colwelliaceae,Cognaticolwellia
Pseudomonadota,Betaproteobacteria,Neisseriales,Chromobacteriaceae,Pseudogulbenkiania
Pseudomonadota,Gammaproteobacteria,Orbales,Orbaceae,Gilliamella
Actinomycetota,Actinomycetes,Micrococcales,Microbacteriaceae,Cnuibacter
Actinomycetota,Actinomycetes,Streptosporangiales,Streptosporangiaceae,Thermoactinospora
Thermodesulfobacteriota,Desulfobacteria,Desulfobacterales,Desulfobacteraceae,Desulfocicer
Bacillota,Clostridia,Eubacteriales,Oscillospiraceae,Papillibacter
Pseudomonadota,Betaproteobacteria,Neisseriales,Chitinibacteraceae,Andreprevotia
Thermodesulfobacteriota,Syntrophobacteria,Syntrophobacterales,Syntrophobacteraceae,Desulfacinum
Bacillota,Clostridia,Moorellales,Moorellaceae,Thermanaeromonas
Bacillota,Clostridia,Eubacteriales,Peptococcaceae,Desulfonispora
Campylobacterota,Epsilonproteobacteria,Nautiliales,Nitratiruptoraceae,Nitratiruptor
Pseudomonadota,Gammaproteobacteria,Chromatiales,Oceanococcaceae,Oceanococcus
Spirochaetota,Spirochaetia,Spirochaetales,Spirochaetaceae,Marispirochaeta
Pseudomonadota,Alphaproteobacteria,Hyphomicrobiales,Rhizobiaceae,Xaviernesmea
Pseudomonadota,Gammaproteobacteria,Lysobacterales,Rhodanobacteraceae,Metallibacterium
Thermodesulfobacteriota,Desulfobacteria,Desulfobacterales,Desulfobacteraceae,Desulfamplus
Pseudomonadota,Gammaproteobacteria,Enterobacterales,Enterobacteriaceae,Candidatus Riesia
Pseudomonadota,Gammaproteobacteria,Methylococcales,Methylococcaceae,Methyloprofundus
Planctomycetota,Candidatus Brocadiia,Candidatus Brocadiales,Candidatus Brocadiaceae,Candidatus Brocadia
Aquificota,Aquificia,Aquificales,Aquificaceae,Thermocrinis
Actinomycetota,Coriobacteriia,Eggerthellales,Eggerthellaceae,Phoenicibacter
Bacillota,Clostridia,Eubacteriales,Oscillospiraceae,Provencibacterium
Bacillota,Bacilli,Bacillales,Bacillaceae,Marinococcus
Actinomycetota,Actinomycetes,Micrococcales,Promicromonosporaceae,Krasilnikoviella
Actinomycetota,Actinomycetes,Micrococcales,Microbacteriaceae,Okibacterium
Bacillota,Clostridia,Peptostreptococcales,Caminicellaceae,Maledivibacter
Bacteroidota,Cytophagia,Cytophagales,Fulvivirgaceae,Ohtaekwangia
Bacteroidota,Sphingobacteriia,Sphingobacteriales,Sphingobacteriaceae,Daejeonella
Bacteroidota,Flavobacteriia,Flavobacteriales,Weeksellaceae,Soonwooa
Bacillota,Clostridia,Peptostreptococcales,Tepidibacteraceae,Alkalithermobacter
Pseudomonadota,Alphaproteobacteria,Hyphomicrobiales,Nitrobacteraceae,Nitrobacter
Bacillota,Bacilli,Bacillales,Alicyclobacillaceae,Ferroacidibacillus
Thermodesulfobacteriota,Desulfobacteria,Desulfobacterales,Desulfococcaceae,Desulfococcus
Actinomycetota,Actinomycetes,Streptosporangiales,Nocardiopsaceae,Marinactinospora
Bacillota,Clostridia,Halanaerobiales,Halobacteroidaceae,Selenihalanaerobacter
Thermodesulfobacteriota,Desulfovibrionia,Desulfovibrionales,Desulfovibrionaceae,Paucidesulfovibrio
Bacillota,Bacilli,Lactobacillales,Enterococcaceae,Pilibacter
Bacillota,Clostridia,Eubacteriales,Clostridiales Family XVI. Incertae Sedis,Carboxydocella
Pseudomonadota,Alphaproteobacteria,Hyphomicrobiales,NA,Enhydrobacter
Bacillota,Erysipelotrichia,Erysipelotrichales,Erysipelotrichaceae,Anaerorhabdus
Pseudomonadota,Alphaproteobacteria,Hyphomicrobiales,Aurantimonadaceae,Consotaella
Bacillota,Bacilli,Bacillales,Bacillaceae,Litchfieldia
Pseudomonadota,Gammaproteobacteria,Chromatiales,Sedimenticolaceae,Thiosocius
Planctomycetota,Phycisphaerae,Sedimentisphaerales,Anaerohalosphaeraceae,Anaerohalosphaera
Pseudomonadota,Gammaproteobacteria,Enterobacterales,Erwiniaceae,Izhakiella
Pseudomonadota,Alphaproteobacteria,Rhodospirillales,Acetobacteraceae,Neoasaia
Bacillota,Bacilli,Bacillales,Thermoactinomycetaceae,Novibacillus
Bacillota,Bacilli,Bacillales,Sporolactobacillaceae,Caenibacillus
Pseudomonadota,Gammaproteobacteria,Chromatiales,Ectothiorhodospiraceae,Thioalkalivibrio
Pseudomonadota,Gammaproteobacteria,Alteromonadales,Colwelliaceae,Pseudocolwellia
Planctomycetota,Phycisphaerae,Sedimentisphaerales,Sedimentisphaeraceae,Limihaloglobus
Bacillota,Clostridia,Peptostreptococcales,Anaerovoracaceae,Mobilibacterium
Bacillota,Bacilli,Bacillales,Abyssicoccaceae,Abyssicoccus
Thermodesulfobacteriota,Desulfovibrionia,Desulfovibrionales,Desulfovibrionaceae,Mailhella
Planctomycetota,Planctomycetia,Planctomycetales,Planctomycetaceae,Fuerstiella
Actinomycetota,Actinomycetes,Frankiales,Frankiaceae,Pseudofrankia
Pseudomonadota,Gammaproteobacteria,Moraxellales,Moraxellaceae,Alkanindiges
Pseudomonadota,Gammaproteobacteria,Chromatiales,Ectothiorhodospiraceae,Acidihalobacter
Bacillota,NA,NA,NA,Negativibacillus
Pseudomonadota,Gammaproteobacteria,Chromatiales,Ectothiorhodospiraceae,Ectothiorhodosinus
Bacillota,Bacilli,Bacillales,Bacillaceae,Edaphobacillus
Pseudomonadota,Alphaproteobacteria,Rhodospirillales,Novispirillaceae,Insolitispirillum
Actinomycetota,Actinomycetes,Propionibacteriales,Propionibacteriaceae,Vaginimicrobium
Actinomycetota,Actinomycetes,Micrococcales,Intrasporangiaceae,Intrasporangium
Pseudomonadota,Alphaproteobacteria,Hyphomicrobiales,Salaquimonadaceae,Salaquimonas
Bacillota,Erysipelotrichia,Erysipelotrichales,Erysipelotrichaceae,Merdibacter
Bacillota,Clostridia,Thermoanaerobacterales,Thermoanaerobacteraceae,Carboxydothermus
Bacillota,Erysipelotrichia,Erysipelotrichales,Erysipelotrichaceae,Ileibacterium
Cyanobacteriota,Cyanophyceae,Oscillatoriales,Oscillatoriaceae,Moorena
Bacteroidota,Bacteroidia,Marinilabiliales,Marinilabiliaceae,Labilibacter
Bacillota,Bacilli,Lactobacillales,Lactobacillaceae,Amylolactobacillus
Actinomycetota,Actinomycetes,Actinomycetales,Actinomycetaceae,Boudabousia
Myxococcota,NA,Polyangiales,Polyangiaceae,Pajaroellobacter
Pseudomonadota,Alphaproteobacteria,Hyphomicrobiales,Pleomorphomonadaceae,Mongoliimonas
Pseudomonadota,Alphaproteobacteria,Rhodobacterales,Paracoccaceae,Vannielia
Pseudomonadota,Gammaproteobacteria,Thiotrichales,Piscirickettsiaceae,Sulfurivirga
Thermodesulfobacteriota,Desulfovibrionia,Desulfovibrionales,Desulfovibrionaceae,Halodesulfovibrio
Actinomycetota,Actinomycetes,Actinomycetales,Actinomycetaceae,Buchananella
Pseudomonadota,Alphaproteobacteria,Hyphomicrobiales,Segnochrobactraceae,Pseudoxanthobacter
Cyanobacteriota,Cyanophyceae,Chroococcales,Chroococcaceae,Chroogloeocystis
Cyanobacteriota,Cyanophyceae,Pleurocapsales,Hydrococcaceae,Hydrococcus
Bacillota,Bacilli,Lactobacillales,Carnobacteriaceae,Atopostipes
Bacillota,Clostridia,Eubacteriales,Syntrophomonadaceae,Thermosyntropha
Thermodesulfobacteriota,Desulfobacteria,Desulfobacterales,Desulfatibacillaceae,Desulfatibacillum
Bacillota,Clostridia,Thermoanaerobacterales,Thermoanaerobacteraceae,Caldanaerobius
Bacteroidota,Bacteroidia,Marinilabiliales,Prolixibacteraceae,Tangfeifania
Bacillota,Clostridia,Thermosediminibacterales,Thermosediminibacteraceae,Caldanaerovirga
Fibrobacterota,Fibrobacteria,Fibrobacterales,Fibrobacteraceae,Fibrobacter
Pseudomonadota,Gammaproteobacteria,Alteromonadales,Alteromonadaceae,Marisediminitalea
Bacillota,Clostridia,Lachnospirales,Lachnospiraceae,Hespellia
Bacillota,Bacilli,Bacillales,Thermoactinomycetaceae,Seinonella
Bacillota,Clostridia,Peptostreptococcales,Peptostreptococcaceae,Asaccharospora
Bacillota,Clostridia,Peptostreptococcales,Thermotaleaceae,Geosporobacter
Bacillota,Clostridia,Eubacteriales,Oscillospiraceae,Sporobacter
Bacillota,Clostridia,Eubacteriales,Proteinivoraceae,Anaerobranca
Bacillota,Clostridia,Peptostreptococcales,Caminicellaceae,Paramaledivibacter
Pseudomonadota,Gammaproteobacteria,Nevskiales,Nevskiaceae,Hydrocarboniphaga
Bacillota,Tissierellia,NA,NA,Dethiosulfatibacter
Bacillota,Clostridia,Lachnospirales,Lachnospiraceae,Parasporobacterium
Bacteroidota,Flavobacteriia,Flavobacteriales,Flavobacteriaceae,Pseudozobellia
Bacillota,Negativicutes,Selenomonadales,Selenomonadaceae,Schwartzia
Thermodesulfobacteriota,Desulfuromonadia,Desulfuromonadales,Geopsychrobacteraceae,Malonomonas
Pseudomonadota,Alphaproteobacteria,Rhodobacterales,Paracoccaceae,Cognatiyoonia
Bacteroidota,Flavobacteriia,Flavobacteriales,Weeksellaceae,Chishuiella
Bacteroidota,Chitinophagia,Chitinophagales,Chitinophagaceae,Cnuella
Actinomycetota,Acidimicrobiia,Acidimicrobiales,Acidimicrobiaceae,Ferrithrix
Pseudomonadota,Alphaproteobacteria,Rhodobacterales,Paracoccaceae,Cognatishimia
Bacillota,Clostridia,Eubacteriales,Clostridiaceae,Lactonifactor
Bacillota,Bacilli,Bacillales,Salinicoccaceae,Lacicoccus
Bacillota,Clostridia,Eubacteriales,Desulfitobacteriaceae,Desulfitobacterium
Cyanobacteriota,Cyanophyceae,Spirulinales,Spirulinaceae,Spirulina
Pseudomonadota,Alphaproteobacteria,Sphingomonadales,Sphingomonadaceae,Tardibacter
Pseudomonadota,Alphaproteobacteria,Rhodospirillales,Acetobacteraceae,Granulibacter
Bacteroidota,Bacteroidia,Bacteroidales,Bacteroidaceae,Mediterranea
Bacillota,NA,NA,NA,Ndongobacter
Pseudomonadota,Gammaproteobacteria,Cardiobacteriales,Cardiobacteriaceae,Rappaport
Thermodesulfobacteriota,Desulfuromonadia,Desulfuromonadales,Syntrophotaleaceae,Syntrophotalea
Myxococcota,Myxococcia,Myxococcales,Archangiaceae,Cystobacter
Calditrichota,Calditrichia,Calditrichales,Calditrichaceae,Caldithrix
Pseudomonadota,Alphaproteobacteria,Rhodobacterales,Paracoccaceae,Natronohydrobacter
Bacillota,Tissierellia,Tissierellales,Peptoniphilaceae,Murdochiella
Actinomycetota,Actinomycetes,Kitasatosporales,Streptomycetaceae,Mangrovactinospora
Bacteroidota,Flavobacteriia,Flavobacteriales,Flavobacteriaceae,Pustulibacterium
Bacteroidota,Flavobacteriia,Flavobacteriales,Crocinitomicaceae,Lishizhenia
Pseudomonadota,Alphaproteobacteria,Rhodobacterales,Roseobacteraceae,Poseidonocella
Bacillota,Clostridia,Eubacteriales,Desulfallaceae,Desulfoscipio
Pseudomonadota,Gammaproteobacteria,Thiohalospirales,Thiohalospiraceae,Thiohalospira
Bacillota,Clostridia,Peptostreptococcales,Tindalliaceae,Tindallia
Bacillota,Negativicutes,Acidaminococcales,Acidaminococcaceae,Succiniclasticum
Bacillota,Clostridia,Lachnospirales,Lachnospiraceae,Acetitomaculum
Pseudomonadota,Alphaproteobacteria,Hyphomicrobiales,Beijerinckiaceae,Methylocapsa
Bacillota,Bacilli,Lactobacillales,Carnobacteriaceae,Desemzia
Pseudomonadota,Alphaproteobacteria,Rhodobacterales,Roseobacteraceae,Tranquillimonas
Bacteroidota,Cytophagia,Cytophagales,Flectobacillaceae,Pseudarcicella
Planctomycetota,Planctomycetia,Planctomycetales,Planctomycetaceae,Planctomicrobium
Bacteroidota,Cytophagia,Cytophagales,Thermoflexibacteraceae,Thermoflexibacter
Thermodesulfobacteriota,Syntrophobacteria,Syntrophobacterales,Thermodesulforhabdaceae,Thermodesulforhabdus
Pseudomonadota,Alphaproteobacteria,Rhodobacterales,Roseobacteraceae,Nereida
Bacteroidota,Flavobacteriia,Flavobacteriales,Weeksellaceae,Algoriella
Bacteroidota,Cytophagia,Cytophagales,Flexibacteraceae,Flexibacter
Spirochaetota,Spirochaetia,Brevinematales,Brevinemataceae,Brevinema
Bacillota,Clostridia,Eubacteriales,Desulfallaceae,Desulfotruncus
Bacteroidota,Cytophagia,Cytophagales,Spirosomataceae,Arsenicibacter
Bacillota,Bacilli,Lactobacillales,Carnobacteriaceae,Pisciglobus
Pseudomonadota,Alphaproteobacteria,Rhodobacterales,Paracoccaceae,Albimonas
Bacteroidota,Chitinophagia,Chitinophagales,Chitinophagaceae,Parafilimonas
Pseudomonadota,Gammaproteobacteria,Nevskiales,Nevskiaceae,Fontimonas
Pseudomonadota,Betaproteobacteria,Neisseriales,Chitinibacteraceae,Formivibrio
Pseudomonadota,Gammaproteobacteria,Aeromonadales,Succinivibrionaceae,Ruminobacter
Actinomycetota,Actinomycetes,Geodermatophilales,Geodermatophilaceae,Trujillonella
Cyanobacteriota,Cyanophyceae,Gloeomargaritales,Gloeomargaritaceae,Gloeomargarita
Thermodesulfobacteriota,Syntrophia,Syntrophales,Syntrophaceae,Syntrophus
Bacillota,Negativicutes,Selenomonadales,Selenomonadaceae,Propionispira
Pseudomonadota,Betaproteobacteria,Burkholderiales,Comamonadaceae,Giesbergeria
Pseudomonadota,Alphaproteobacteria,Hyphomicrobiales,Afifellaceae,Faunimonas
Bacillota,Clostridia,Peptostreptococcales,Natronincolaceae,Natronincola
Pseudomonadota,Betaproteobacteria,Nitrosomonadales,Nitrosomonadaceae,Nitrosovibrio
Pseudomonadota,Alphaproteobacteria,Rhodobacterales,Paracoccaceae,Cribrihabitans
Pseudomonadota,Gammaproteobacteria,Oceanospirillales,Oceanospirillaceae,Allopseudospirillum
Bacillota,Bacilli,Bacillales,Thermoactinomycetaceae,Lihuaxuella
Pseudomonadota,Alphaproteobacteria,Rhodobacterales,Roseobacteraceae,Salinihabitans
Pseudomonadota,Alphaproteobacteria,Rhodobacterales,Roseobacteraceae,Marinovum
Pseudomonadota,Alphaproteobacteria,Rhodobacterales,Paracoccaceae,Oceanicella
Pseudomonadota,Betaproteobacteria,Burkholderiales,Comamonadaceae,Brachymonas
Bacillota,Bacilli,Lactobacillales,Carnobacteriaceae,Isobaculum
Bacillota,Bacilli,Bacillales,Staphylococcaceae,Aliicoccus
Pseudomonadota,Gammaproteobacteria,Enterobacterales,Thorselliaceae,Thorsellia
Actinomycetota,Actinomycetes,Micrococcales,Dermatophilaceae,Austwickia
Bacillota,Erysipelotrichia,Erysipelotrichales,Erysipelotrichaceae,Traorella
Bacillota,Clostridia,Eubacteriales,Oscillospiraceae,Angelakisella
Bacillota,Clostridia,Eubacteriales,Oscillospiraceae,Merdimmobilis
Bacteroidota,Bacteroidia,Bacteroidales,Rikenellaceae,Tidjanibacter
Actinomycetota,Thermoleophilia,Thermoleophilales,Thermoleophilaceae,Thermoleophilum
Bacteroidota,Bacteroidia,Bacteroidales,Rikenellaceae,Millionella
Bacillota,Clostridia,Peptostreptococcales,Anaerovoracaceae,Alterileibacterium
Pseudomonadota,Alphaproteobacteria,Rhodobacterales,Roseobacteraceae,Citreimonas
Bacillota,Clostridia,Lachnospirales,Lachnospiraceae,Lachnobacterium
Bacillota,Tissierellia,Tissierellales,Tepidimicrobiaceae,Tepidimicrobium
Bacteroidota,Bacteroidia,Bacteroidales,Dysgonomonadaceae,Petrimonas
Pseudomonadota,Alphaproteobacteria,Rhodobacterales,Roseobacteraceae,Lentibacter
Pseudomonadota,Alphaproteobacteria,Rhodobacterales,Paracoccaceae,Rubrimonas
Bacteroidota,Bacteroidia,Bacteroidales,Prevotellaceae,Prevotellamassilia
Pseudomonadota,Alphaproteobacteria,Rhodobacterales,Paracoccaceae,Allgaiera
Bacillota,Clostridia,Eubacteriales,NA,Proteiniborus
Thermodesulfobacteriota,Desulfuromonadia,Desulfuromonadales,Geopsychrobacteraceae,Desulfuromusa
Bacteroidota,Chitinophagia,Chitinophagales,Chitinophagaceae,Hydrobacter
Bacteroidota,Cytophagia,Cytophagales,Cytophagaceae,Rhodonellum
Synergistota,Synergistia,Synergistales,Acetomicrobiaceae,Acetomicrobium
Actinomycetota,Coriobacteriia,Coriobacteriales,Atopobiaceae,Parafannyhessea
Thermodesulfobacteriota,Desulfobacteria,Desulfobacterales,Desulfobacteraceae,Desulfobacula
Pseudomonadota,Betaproteobacteria,Burkholderiales,Burkholderiaceae,Chitinasiproducens
Actinomycetota,Actinomycetes,Propionibacteriales,Nocardioidaceae,Friedmanniella
Thermodesulfobacteriota,Desulfovibrionia,Desulfovibrionales,Desulfovibrionaceae,Maridesulfovibrio
Bacillota,Clostridia,Halanaerobiales,Halarsenatibacteraceae,Halarsenatibacter
Pseudomonadota,Alphaproteobacteria,Hyphomicrobiales,Kaistiaceae,Bauldia
Pseudomonadota,Alphaproteobacteria,Rhodospirillales,Rhodospirillaceae,Rhodospira
Bacteroidota,Flavobacteriia,Flavobacteriales,Flavobacteriaceae,Pricia
Bacteroidota,Bacteroidia,Bacteroidales,Williamwhitmaniaceae,Williamwhitmania
Bacillota,Bacilli,Bacillales,Bacillaceae,Natribacillus
Actinomycetota,Actinomycetes,Pseudonocardiales,Pseudonocardiaceae,Allokutzneria
Pseudomonadota,Alphaproteobacteria,Hyphomicrobiales,Hyphomicrobiaceae,Filomicrobium
Pseudomonadota,Alphaproteobacteria,Rhodospirillales,Rhodospirillaceae,Roseospirillum
Bacteroidota,Flavobacteriia,Flavobacteriales,Flavobacteriaceae,Kriegella
Bacillota,Bacilli,Bacillales,Bacillaceae,Pelagirhabdus
Actinomycetota,Actinomycetes,Streptosporangiales,Thermomonosporaceae,Thermostaphylospora
Bacillota,Clostridia,Eubacteriales,Oscillospiraceae,Acetanaerobacterium
Bacillota,Negativicutes,Selenomonadales,Sporomusaceae,Dendrosporobacter
Bacillota,Negativicutes,Veillonellales,Veillonellaceae,Allisonella
Bacillota,Negativicutes,Selenomonadales,Sporomusaceae,Sporolituus
Pseudomonadota,Betaproteobacteria,Burkholderiales,Comamonadaceae,Oryzisolibacter
Bacillota,Clostridia,Eubacteriales,Peptococcaceae,Peptococcus
Pseudomonadota,Alphaproteobacteria,Rhodospirillales,Rhodovibrionaceae,Limimonas
Pseudomonadota,Alphaproteobacteria,Rhodobacterales,Paracoccaceae,Meinhardsimonia
Bacillota,Bacilli,Bacillales,Bacillaceae,Tenuibacillus
Bacillota,Tissierellia,Tissierellales,Gottschalkiaceae,Andreesenia
Thermodesulfobacteriota,Desulfovibrionia,Desulfovibrionales,Desulfonatronaceae,Desulfonatronum
Thermodesulfobacteriota,Desulfovibrionia,Desulfovibrionales,Desulfonauticaceae,Desulfonauticus
Pseudomonadota,Gammaproteobacteria,Lysobacterales,Rhodanobacteraceae,Aquimonas
Bacillota,Clostridia,Peptostreptococcales,Acidaminobacteraceae,Acidaminobacter
Pseudomonadota,Gammaproteobacteria,Thiohalomonadales,Thiohalomonadaceae,Thiohalomonas
Pseudomonadota,Gammaproteobacteria,Chromatiales,Ectothiorhodospiraceae,Halofilum
Actinomycetota,Actinomycetes,Frankiales,Frankiaceae,Parafrankia
Bacillota,Bacilli,Lactobacillales,Streptococcaceae,Floricoccus
Pseudomonadota,Alphaproteobacteria,Rhodospirillales,Acetobacteraceae,Kozakia
Bacteroidota,Flavobacteriia,Flavobacteriales,Flavobacteriaceae,Urechidicola
Bacteroidota,Flavobacteriia,Flavobacteriales,Crocinitomicaceae,Crocinitomix
Pseudomonadota,Gammaproteobacteria,Alteromonadales,Alteromonadaceae,Glaciecola
Bacillota,Clostridia,Lachnospirales,Lachnospiraceae,Merdimonas
Bacillota,Clostridia,Lachnospirales,Lachnospiraceae,Robinsoniella
Bacillota,Clostridia,Lachnospirales,Lachnospiraceae,Anaerobium
Bacillota,Clostridia,Eubacteriales,Clostridiaceae,Massilioclostridium
Bdellovibrionota,Oligoflexia,Oligoflexales,Oligoflexaceae,Oligoflexus
Thermodesulfobacteriota,Desulfovibrionia,Desulfovibrionales,Desulfoplanaceae,Desulfoplanes
Cyanobacteriota,Cyanophyceae,Desertifilales,Desertifilaceae,Desertifilum
Actinomycetota,Actinomycetes,Actinomycetales,Actinomycetaceae,Pauljensenia
Verrucomicrobiota,Opitutia,Opitutales,Opitutaceae,Lacunisphaera
Pseudomonadota,Alphaproteobacteria,Rhodospirillales,Magnetovibrionaceae,Magnetovibrio
Bacillota,Desulfuribacillia,Desulfuribacillales,Desulfuribacillaceae,Desulfuribacillus
Bacillota,Tissierellia,Tissierellales,Thermohalobacteraceae,Caloranaerobacter
Bacillota,Bacilli,Bacillales,Bacillaceae,Vulcanibacillus
Bacillota,Negativicutes,Veillonellales,Veillonellaceae,Colibacter
Pseudomonadota,Alphaproteobacteria,Hyphomicrobiales,Hyphomicrobiaceae,Methyloceanibacter
Pseudomonadota,Alphaproteobacteria,Rhodobacterales,Paracoccaceae,Neptunicoccus
Pseudomonadota,Gammaproteobacteria,Chromatiales,Sedimenticolaceae,Candidatus Thiodiazotropha
Pseudomonadota,Gammaproteobacteria,Oceanospirillales,NA,Terasakiispira
Pseudomonadota,Alphaproteobacteria,Hyphomicrobiales,Hyphomicrobiaceae,Methyloligella
Bacillota,Bacilli,Bacillales,Listeriaceae,Brochothrix
Pseudomonadota,Alphaproteobacteria,Hyphomicrobiales,Salinarimonadaceae,Saliniramus
Synergistota,Synergistia,Synergistales,Synergistaceae,Cloacibacillus
Bacillota,Bacilli,Bacillales,Planococcaceae,Caryophanon
Pseudomonadota,Gammaproteobacteria,Immundisolibacterales,Immundisolibacteraceae,Immundisolibacter
Bacillota,Clostridia,Halanaerobiales,Halobacteroidaceae,Orenia
Pseudomonadota,Alphaproteobacteria,Sphingomonadales,Erythrobacteraceae,Paraurantiacibacter
Thermodesulfobacteriota,Dissulfuribacteria,Dissulfuribacterales,Dissulfuribacteraceae,Dissulfuribacter
Pseudomonadota,Alphaproteobacteria,Hyphomonadales,Hyphomonadaceae,Candidatus Viadribacter
Bacteroidota,Bacteroidia,Bacteroidales,Odoribacteraceae,Culturomica
Pseudomonadota,Gammaproteobacteria,Woeseiales,Woeseiaceae,Woeseia
Pseudomonadota,Gammaproteobacteria,Pseudomonadales,Perlucidibacaceae,Perlucidibaca
Bacillota,Clostridia,Eubacteriales,Oscillospiraceae,Neglectibacter
Bacteroidota,Bacteroidia,Bacteroidales,Prevotellaceae,Leyella
Bacteroidota,Flavobacteriia,Flavobacteriales,Flavobacteriaceae,Vaginella
Pseudomonadota,Gammaproteobacteria,Chromatiales,Halothiobacillaceae,Halothiobacillus
Actinomycetota,Coriobacteriia,Coriobacteriales,Coriobacteriaceae,Olegusella
Bacillota,Negativicutes,Veillonellales,Veillonellaceae,Massilibacillus
Bacillota,Clostridia,Eubacteriales,Desulfotomaculaceae,Desulfotomaculum
Bacillota,Bacilli,Bacillales,Bacillales Family X. Incertae Sedis,Hydrogenibacillus
Bacillota,Clostridia,Peptostreptococcales,Anaerovoracaceae,Emergencia
Actinomycetota,Actinomycetes,Actinomycetales,Actinomycetaceae,Peptidiphaga
Chloroflexota,Chloroflexia,Chloroflexales,Chloroflexaceae,Chloroflexus
Verrucomicrobiota,Opitutia,Opitutales,Opitutaceae,Termitidicoccus
Bacillota,Clostridia,Lachnospirales,Lachnospiraceae,Bariatricus
Actinomycetota,Actinomycetes,Mycobacteriales,Nocardiaceae,Aldersonia
Actinomycetota,Coriobacteriia,Eggerthellales,Eggerthellaceae,Denitrobacterium
Thermodesulfobacteriota,Thermodesulfobacteria,Thermodesulfobacteriales,Thermodesulfatatoraceae,Thermodesulfatator
Bacteroidota,Flavobacteriia,Flavobacteriales,Flavobacteriaceae,Cochleicola
Thermotogota,Thermotogae,Kosmotogales,Kosmotogaceae,Kosmotoga
Pseudomonadota,Betaproteobacteria,Burkholderiales,NA,Candidatus Ichthyocystis
Actinomycetota,Actinomycetes,Micrococcales,Dermabacteraceae,Devriesea
Acidobacteriota,Vicinamibacteria,Vicinamibacterales,Vicinamibacteraceae,Luteitalea
Bacteroidota,Bacteroidia,Bacteroidales,Paludibacteraceae,Paludibacter
Verrucomicrobiota,Terrimicrobiia,Terrimicrobiales,Terrimicrobiaceae,Terrimicrobium
Pseudomonadota,Alphaproteobacteria,Rhodospirillales,Novispirillaceae,Haematospirillum
Bacillota,Negativicutes,Selenomonadales,Sporomusaceae,Anaerosporomusa
Pseudomonadota,Alphaproteobacteria,Maricaulales,Maricaulaceae,Euryhalocaulis
Bacillota,Clostridia,Thermosediminibacterales,Thermosediminibacteraceae,Thermovenabulum
Pseudomonadota,Gammaproteobacteria,Enterobacterales,Enterobacteriaceae,Candidatus Mikella
Pseudomonadota,Gammaproteobacteria,Enterobacterales,Enterobacteriaceae,Candidatus Hoaglandella
Pseudomonadota,Gammaproteobacteria,Enterobacterales,Enterobacteriaceae,Candidatus Gullanella
Pseudomonadota,Gammaproteobacteria,Enterobacterales,Enterobacteriaceae,Candidatus Doolittlea
Actinomycetota,Actinomycetes,Propionibacteriales,Propionibacteriaceae,Propionimicrobium
Thermodesulfobacteriota,Desulfovibrionia,Desulfovibrionales,Desulfovibrionaceae,Bilophila
Pseudomonadota,Betaproteobacteria,Burkholderiales,Comamonadaceae,Curvibacter
Bacillota,Clostridia,Eubacteriales,Peptococcaceae,Desulfolucanica
Candidatus Saccharibacteria,Candidatus Saccharimonadia,Candidatus Saccharimonadales,Candidatus Saccharimonadaceae,Candidatus Saccharimonas
Bacillota,Tissierellia,Tissierellales,Thermohalobacteraceae,Caldisalinibacter
Pseudomonadota,Gammaproteobacteria,Enterobacterales,Enterobacteriaceae,Pseudenterobacter
Thermodesulfobacteriota,Desulfuromonadia,Desulfuromonadales,Geopsychrobacteraceae,Geopsychrobacter
Pseudomonadota,Alphaproteobacteria,Hyphomicrobiales,Beijerinckiaceae,Methyloferula
Pseudomonadota,Gammaproteobacteria,Thiotrichales,Piscirickettsiaceae,Cycloclasticus
Bacillota,Bacilli,Bacillales,Bacillaceae,Caldibacillus
Actinomycetota,Actinomycetes,Micromonosporales,Micromonosporaceae,Salinispora
Pseudomonadota,Alphaproteobacteria,Maricaulales,Maricaulaceae,Woodsholea
Bacillota,Negativicutes,Acidaminococcales,Acidaminococcaceae,Succinispira
Actinomycetota,Actinomycetes,Sporichthyales,Sporichthyaceae,Sporichthya
Pseudomonadota,Betaproteobacteria,Nitrosomonadales,Sterolibacteriaceae,Sterolibacterium
Bacillota,NA,NA,NA,NA
Pseudomonadota,Alphaproteobacteria,Rhodobacterales,Roseobacteraceae,Falsihalocynthiibacter
Actinomycetota,Coriobacteriia,Coriobacteriales,Atopobiaceae,Atopobium
Pseudomonadota,Gammaproteobacteria,Pseudomonadales,Ventosimonadaceae,Ventosimonas
Verrucomicrobiota,Opitutia,Opitutales,Opitutaceae,Cephaloticoccus
Thermodesulfobacteriota,Candidatus Desulfofervidia,Candidatus Desulfofervidales,Candidatus Desulfofervidaceae,Candidatus Desulfofervidus
Pseudomonadota,Alphaproteobacteria,Rhodospirillales,Novispirillaceae,Novispirillum
Actinomycetota,Actinomycetes,Streptosporangiales,Streptosporangiaceae,Microtetraspora
Bacillota,Erysipelotrichia,Erysipelotrichales,Erysipelotrichaceae,Faecalibaculum
Bacillota,Clostridia,Thermosediminibacterales,Thermosediminibacteraceae,Fervidicola
Bacillota,Clostridia,Peptostreptococcales,Thermotaleaceae,Thermotalea
Actinomycetota,Actinomycetes,Micrococcales,NA,Timonella
Bacillota,Tissierellia,NA,NA,Kallipyga
Bacillota,Clostridia,Eubacteriales,Clostridiaceae,Abyssisolibacter
Fusobacteriota,Fusobacteriia,Fusobacteriales,Leptotrichiaceae,Pseudostreptobacillus
Pseudomonadota,Alphaproteobacteria,Hyphomicrobiales,Phyllobacteriaceae,Paramesorhizobium
Chloroflexota,Anaerolineae,Anaerolineales,Anaerolineaceae,Longilinea
Pseudomonadota,Gammaproteobacteria,Aeromonadales,Succinivibrionaceae,Succinimonas
Pseudomonadota,Alphaproteobacteria,Hyphomonadales,Hyphomonadaceae,Hirschia
Spirochaetota,Spirochaetia,Spirochaetales,Spirochaetaceae,Sediminispirochaeta
Pseudomonadota,Alphaproteobacteria,Rhodospirillales,Acetobacteraceae,Saccharibacter
Pseudomonadota,Gammaproteobacteria,Lysobacterales,Rhodanobacteraceae,Rudaea
Coprothermobacterota,Coprothermobacteria,Coprothermobacterales,Coprothermobacteraceae,Coprothermobacter
Actinomycetota,Actinomycetes,Mycobacteriales,Gordoniaceae,Millisia
Actinomycetota,Actinomycetes,Micrococcales,Intrasporangiaceae,Kribbia
Actinomycetota,Actinomycetes,Propionibacteriales,Propionibacteriaceae,Granulicoccus
Pseudomonadota,Gammaproteobacteria,Chromatiales,Ectothiorhodospiraceae,Arhodomonas
Bacillota,Negativicutes,Selenomonadales,Sporomusaceae,Anaeromusa
Pseudomonadota,Gammaproteobacteria,Alteromonadales,Pseudoalteromonadaceae,Algicola
Pseudomonadota,Alphaproteobacteria,Hyphomicrobiales,Ahrensiaceae,Ahrensia
Bacillota,Bacilli,Lactobacillales,Carnobacteriaceae,Allofustis
Pseudomonadota,Alphaproteobacteria,Rhodobacterales,Neomegalonemataceae,Neomegalonema
Pseudomonadota,Betaproteobacteria,Nitrosomonadales,Thiobacillaceae,Thiobacillus
Thermodesulfobacteriota,Thermodesulfobacteria,Thermodesulfobacteriales,Thermodesulfobacteriaceae,Caldimicrobium
Pseudomonadota,Betaproteobacteria,Nitrosomonadales,Sterolibacteriaceae,Methyloversatilis
Pseudomonadota,Gammaproteobacteria,Methylococcales,Methylococcaceae,Methylosarcina
Thermosulfidibacterota,Thermosulfidibacteria,Thermosulfidibacterales,Thermosulfidibacteraceae,Thermosulfidibacter
Pseudomonadota,Gammaproteobacteria,Thiotrichales,Thiofilaceae,Thiofilum
Bacteroidota,Saprospiria,Saprospirales,Lewinellaceae,Lewinella
Bacteroidota,Cytophagia,Cytophagales,Flammeovirgaceae,Flexithrix
Bacteroidota,Cytophagia,Cytophagales,Cytophagaceae,Cytophaga
Actinomycetota,Actinomycetes,Micromonosporales,Micromonosporaceae,Catelliglobosispora
Pseudomonadota,Gammaproteobacteria,Chromatiales,Chromatiaceae,Lamprocystis
Actinomycetota,Actinomycetes,Pseudonocardiales,Pseudonocardiaceae,Sciscionella
Pseudomonadota,Gammaproteobacteria,Thiotrichales,Fastidiosibacteraceae,Fangia
Bacillota,Limnochordia,Limnochordales,Limnochordaceae,Limnochorda
Actinomycetota,Actinomycetes,Mycobacteriales,Gordoniaceae,Jongsikchunia
Actinomycetota,Actinomycetes,Kitasatosporales,Carbonactinosporaceae,Carbonactinospora
Actinomycetota,Actinomycetes,Mycobacteriales,Nocardiaceae,Smaragdicoccus
Pseudomonadota,Gammaproteobacteria,Oceanospirillales,Hahellaceae,Hahella
Actinomycetota,Actinomycetes,Micrococcales,Dermacoccaceae,Demetria
Actinomycetota,Actinomycetes,Micrococcales,Micrococcaceae,Acaricomes
Balneolota,Balneolia,Balneolales,Balneolaceae,Balneola
Bacillota,Clostridia,Eubacteriales,Desulfurisporaceae,Desulfurispora
Nitrospirota,Nitrospiria,Nitrospirales,Nitrospiraceae,Candidatus Magnetominusculus
Pseudomonadota,Gammaproteobacteria,Thiotrichales,Thiolinaceae,Thiolinea
Pseudomonadota,Alphaproteobacteria,Maricaulales,Robiginitomaculaceae,Robiginitomaculum
Candidatus Kryptoniota,NA,NA,NA,Candidatus Chrysopegis
Candidatus Kryptoniota,NA,NA,NA,Candidatus Kryptonium
Bacteroidota,Cytophagia,Cytophagales,Cesiribacteraceae,Nafulsella
Cyanobacteriota,Cyanophyceae,Prochlorotrichales,Prochlorotrichaceae,Prochlorothrix
Cyanobacteriota,Cyanophyceae,Oscillatoriales,Microcoleaceae,Baaleninema
Cyanobacteriota,Cyanophyceae,Nostocales,Fortieaceae,Fortiea
Pseudomonadota,Gammaproteobacteria,Alteromonadales,Alteromonadaceae,Gayadomonas
Cyanobacteriota,Cyanophyceae,Nostocales,Symphyonemataceae,Mastigocladopsis
Cyanobacteriota,Cyanophyceae,Nodosilineales,Nodosilineaceae,Nodosilinea
Cyanobacteriota,Cyanophyceae,Chroococcales,Geminocystaceae,Geminocystis
Fusobacteriota,Fusobacteriia,Fusobacteriales,Leptotrichiaceae,Caviibacter
Actinomycetota,Actinomycetes,Micrococcales,Dermatophilaceae,Piscicoccus
Bacillota,Erysipelotrichia,Erysipelotrichales,Coprobacillaceae,Coprobacillus
Nitrospirota,Thermodesulfovibrionia,Thermodesulfovibrionales,Thermodesulfovibrionaceae,Thermodesulfovibrio
Cyanobacteriota,Cyanophyceae,Nostocales,Chlorogloeopsidaceae,Chlorogloeopsis
Cyanobacteriota,Cyanophyceae,Nostocales,Hapalosiphonaceae,Fischerella
Planctomycetota,Planctomycetia,Gemmatales,Gemmataceae,Zavarzinella
Bacillota,Clostridia,Eubacteriales,Oscillospiraceae,Fournierella
Actinomycetota,Coriobacteriia,Eggerthellales,Eggerthellaceae,Hugonella
Pseudomonadota,Gammaproteobacteria,Enterobacterales,Enterobacteriaceae,Entomohabitans
Bacteroidota,Cytophagia,Cytophagales,NA,Solirubrum
Pseudomonadota,Alphaproteobacteria,Rhodobacterales,Roseobacteraceae,Pseudoponticoccus
Candidatus Kryptoniota,NA,NA,NA,Candidatus Kryptobacter
Bacillota,Bacilli,Bacillales,Paenibacillaceae,Gorillibacterium
Pseudomonadota,Gammaproteobacteria,Enterobacterales,Enterobacteriaceae,Candidatus Moranella
Synergistota,Synergistia,Synergistales,Aminobacteriaceae,Fretibacterium
Cyanobacteriota,Cyanophyceae,Nostocales,Hapalosiphonaceae,Mastigocoleus
Acidobacteriota,Terriglobia,Terriglobales,Acidobacteriaceae,Terracidiphilus
Bacteroidota,Flavobacteriia,Flavobacteriales,NA,Candidatus Karelsulcia
Thermodesulfobacteriota,Desulfobacteria,Desulfobacterales,Desulfobacteraceae,Desulfotignum
Bacteroidota,Bacteroidia,Bacteroidales,Salinivirgaceae,Salinivirga
Bacillota,Bacilli,Lactobacillales,Lactobacillaceae,Holzapfeliella
Bacteroidota,Bacteroidia,Bacteroidales,NA,Candidatus Symbiothrix
Thermodesulfobacteriota,Desulfarculia,Desulfarculales,Desulfarculaceae,Dethiosulfatarculus
Pseudomonadota,Gammaproteobacteria,Methylococcales,Methylococcaceae,Methyloglobulus
Bacteroidota,Cytophagia,Cytophagales,Cesiribacteraceae,Cesiribacter
Pseudomonadota,Betaproteobacteria,Neisseriales,Chromobacteriaceae,Gulbenkiania
Bdellovibrionota,Bdellovibrionia,Bdellovibrionales,Pseudobdellovibrionaceae,Pseudobdellovibrio
Elusimicrobiota,Endomicrobiia,Endomicrobiales,Endomicrobiaceae,Candidatus Endomicrobiellum
Candidatus Cloacimonadota,Candidatus Cloacimonadia,Candidatus Cloacimonadales,Candidatus Cloacimonadaceae,Candidatus Cloacimonas
Bacillota,Tissierellia,Tissierellales,Peptoniphilaceae,Lagierella
Bacillota,Erysipelotrichia,Erysipelotrichales,Coprobacillaceae,Eggerthia
Bacillota,Clostridia,Eubacteriales,Clostridiaceae,Desnuesiella
Pseudomonadota,Gammaproteobacteria,Thiohalorhabdales,Thiohalorhabdaceae,Thiohalorhabdus
Thermodesulfobacteriota,Desulfobulbia,Desulfobulbales,Desulfocapsaceae,Desulfocapsa
Bacillota,Bacilli,Bacillales,Bacillaceae,Massilibacterium
Bacillota,Bacilli,Bacillales,Bacillaceae,Numidum
Thermodesulfobacteriota,Desulfovibrionia,Desulfovibrionales,Desulfovibrionaceae,Lawsonia
Cyanobacteriota,Cyanophyceae,Pleurocapsales,Dermocarpellaceae,Stanieria
Cyanobacteriota,Cyanophyceae,Nostocales,Nostocaceae,Cylindrospermum
Bacillota,Clostridia,Halanaerobiales,Halobacteroidaceae,Halobacteroides
Pseudomonadota,Gammaproteobacteria,Chromatiales,Chromatiaceae,Thioflavicoccus
Planctomycetota,Planctomycetia,Isosphaerales,Isosphaeraceae,Singulisphaera
Pseudomonadota,Alphaproteobacteria,Rhodospirillales,Rhodospirillaceae,Candidatus Endolissoclinum
Cyanobacteriota,Cyanophyceae,Synechococcales,Synechococcaceae,Dactylococcopsis
Cyanobacteriota,Cyanophyceae,Chroococcales,Geminocystaceae,Cyanobacterium
Bacillota,Clostridia,Eubacteriales,Clostridiaceae,Oxobacter
Cyanobacteriota,Cyanophyceae,Coleofasciculales,Coleofasciculaceae,Allocoleopsis
Cyanobacteriota,Cyanophyceae,Gomontiellales,Gomontiellaceae,Crinalium
Bacillota,Bacilli,Lactobacillales,Carnobacteriaceae,Alloiococcus
Thermodesulfobacteriota,Desulfuromonadia,Geobacterales,Geobacteraceae,Geotalea
Bacillota,Clostridia,Lachnospirales,Cellulosilyticaceae,Cellulosilyticum
Bacillota,Clostridia,Eubacteriales,Syntrophomonadaceae,Syntrophomonas
Bacteroidota,Flavobacteriia,Flavobacteriales,Flavobacteriaceae,Pseudalgibacter
Pseudomonadota,Gammaproteobacteria,Alteromonadales,Alteromonadaceae,Aliiglaciecola
Bacillota,Bacilli,Lactobacillales,Enterococcaceae,Catellicoccus
Bacteroidota,Flavobacteriia,Flavobacteriales,Flavobacteriaceae,Croceitalea
Chloroflexota,Ardenticatenia,Ardenticatenales,Ardenticatenaceae,Ardenticatena
Chloroflexota,Anaerolineae,Anaerolineales,Anaerolineaceae,Thermanaerothrix
Chloroflexota,Anaerolineae,Anaerolineales,Anaerolineaceae,Ornatilinea
Chloroflexota,Anaerolineae,Anaerolineales,Anaerolineaceae,Levilinea
Bacillota,Clostridia,Eubacteriales,NA,Neofamilia
Pseudomonadota,Betaproteobacteria,Neisseriales,Chitinibacteraceae,Amantichitinum
Pseudomonadota,Gammaproteobacteria,NA,NA,Candidatus Thioglobus
Actinomycetota,Actinomycetes,Mycobacteriales,Lawsonellaceae,Lawsonella
Bacillota,Clostridia,Peptostreptococcales,Thermotaleaceae,Inediibacterium
Bacillota,Clostridia,Lachnospirales,Lachnospiraceae,Niameybacter
Bacteroidota,Bacteroidia,Bacteroidales,Porphyromonadaceae,Lascolabacillus
Pseudomonadota,Gammaproteobacteria,NA,NA,Candidatus Pseudothioglobus
Actinomycetota,Actinomycetes,Bifidobacteriales,Bifidobacteriaceae,Scardovia
Bacillota,Clostridia,Eubacteriales,Thermincolaceae,Thermincola
Myxococcota,NA,Polyangiales,Labilitrichaceae,Labilithrix
Myxococcota,Myxococcia,Myxococcales,Vulgatibacteraceae,Vulgatibacter
Pseudomonadota,Alphaproteobacteria,Rhodobacterales,Paracoccaceae,Aestuariivita
Bacillota,Clostridia,Eubacteriales,Oscillospiraceae,Pseudobacteroides
Bacillota,Clostridia,Eubacteriales,Acutalibacteraceae,Anaeromassilibacillus
Cyanobacteriota,Cyanophyceae,Chroococcales,Aphanothecaceae,Crocosphaera
Actinomycetota,Actinomycetes,Micrococcales,Dermacoccaceae,Luteipulveratus
Acidobacteriota,Blastocatellia,Blastocatellales,Pyrinomonadaceae,Pyrinomonas
Pseudomonadota,Gammaproteobacteria,Enterobacterales,Enterobacteriaceae,Candidatus Westeberhardia
Bacillota,Clostridia,Eubacteriales,Clostridiales Family XVII. Incertae Sedis,Thermaerobacter
Thermodesulfobacteriota,Desulfomonilia,Desulfomonilales,Desulfomonilaceae,Desulfomonile
Spirochaetota,Spirochaetia,Leptospirales,Leptospiraceae,Turneriella
Bacillota,Clostridia,Thermoanaerobacterales,Thermoanaerobacteraceae,Thermacetogenium
Chrysiogenota,Chrysiogenia,Chrysiogenales,Chrysiogenaceae,Desulfurispirillum
Pseudomonadota,Alphaproteobacteria,Rickettsiales,Candidatus Midichloriaceae,Candidatus Midichloria
Chlamydiota,Chlamydiia,Parachlamydiales,Parachlamydiaceae,Parachlamydia
Chlamydiota,Chlamydiia,Parachlamydiales,Simkaniaceae,Simkania
Pseudomonadota,Alphaproteobacteria,Rhodobacterales,Roseobacteraceae,Oceaniovalibus
Bacteroidota,Bacteroidia,Bacteroidales,Lentimicrobiaceae,Lentimicrobium
Chloroflexota,Anaerolineae,Anaerolineales,Anaerolineaceae,Flexilinea
Bacillota,Tissierellia,Tissierellales,Gottschalkiaceae,Gottschalkia
Myxococcota,NA,Polyangiales,Polyangiaceae,Chondromyces
Pseudomonadota,Betaproteobacteria,Burkholderiales,Sutterellaceae,Dakarella
Planctomycetota,Planctomycetia,Planctomycetales,Planctomycetaceae,Schlesneria
Thermomicrobiota,Thermomicrobia,Sphaerobacterales,Sphaerobacteraceae,Nitrolancea
Pseudomonadota,Gammaproteobacteria,Oceanospirillales,Halomonadaceae,Candidatus Carsonella
Pseudomonadota,Gammaproteobacteria,Oceanospirillales,Halomonadaceae,Candidatus Portiera
Bacteroidota,Cytophagia,Cytophagales,Bernardetiaceae,Bernardetia
Caldisericota,Caldisericia,Caldisericales,Caldisericaceae,Caldisericum
Planctomycetota,Phycisphaerae,Phycisphaerales,Phycisphaeraceae,Phycisphaera
Ignavibacteriota,Ignavibacteria,Ignavibacteriales,Melioribacteraceae,Melioribacter
Chloroflexota,Caldilineae,Caldilineales,Caldilineaceae,Caldilinea
Pseudomonadota,Gammaproteobacteria,Methylococcales,Methylococcaceae,Methylomicrobium
Bacteroidota,Cytophagia,Cytophagales,Cyclobacteriaceae,Nitritalea
Pseudomonadota,Alphaproteobacteria,Rhodospirillales,Rhodospirillaceae,Rhodospirillum
Ignavibacteriota,Ignavibacteria,Ignavibacteriales,Ignavibacteriaceae,Ignavibacterium
Spirochaetota,Spirochaetia,Leptospirales,Leptospiraceae,Leptonema
Actinomycetota,Actinomycetes,Micrococcales,Intrasporangiaceae,Nostocoides
Chloroflexota,Anaerolineae,Anaerolineales,Anaerolineaceae,Leptolinea
Bacteroidota,Saprospiria,Saprospirales,Saprospiraceae,Saprospira
Bacillota,Bacilli,Bacillales,Bacillaceae,Rubeoparvulum
Pseudomonadota,Gammaproteobacteria,Enterobacterales,Erwiniaceae,Wigglesworthia
Actinomycetota,Actinomycetes,Bifidobacteriales,Bifidobacteriaceae,Parascardovia
Bacteroidota,Flavobacteriia,Flavobacteriales,Owenweeksiaceae,Owenweeksia
Bacillota,Clostridia,Peptostreptococcales,Filifactoraceae,Filifactor
Thermodesulfobacteriota,Desulfovibrionia,Desulfovibrionales,Desulfovibrionaceae,Desulfocurvibacter
Elusimicrobiota,Endomicrobiia,Endomicrobiales,Endomicrobiaceae,Endomicrobium
Actinomycetota,Actinomycetes,Frankiales,Frankiaceae,Protofrankia
Kiritimatiellota,Kiritimatiellia,Kiritimatiellales,Kiritimatiellaceae,Kiritimatiella
Myxococcota,NA,Polyangiales,Sandaracinaceae,Sandaracinus
Bacillota,Clostridia,Lachnospirales,Lachnospiraceae,Stomatobaculum
Bacteroidota,Bacteroidia,Marinilabiliales,Marinilabiliaceae,Thermophagus
Bacteroidota,Flavobacteriia,Flavobacteriales,Flavobacteriaceae,Ochrovirga
Bacillota,Negativicutes,Veillonellales,Veillonellaceae,Anaeroglobus
Actinomycetota,Actinomycetes,Streptosporangiales,Nocardiopsaceae,Allosalinactinospora
Pseudomonadota,Gammaproteobacteria,Enterobacterales,Hafniaceae,Obesumbacterium
Synergistota,Synergistia,Synergistales,Synergistaceae,Thermanaerovibrio
Bacillota,Clostridia,Peptostreptococcales,Filifactoraceae,Peptoanaerobacter
Cyanobacteriota,Cyanophyceae,Oscillatoriales,Sirenicapillariaceae,Limnospira
Actinomycetota,Nitriliruptoria,Nitriliruptorales,Nitriliruptoraceae,Nitriliruptor
Mycoplasmatota,Mollicutes,Acholeplasmatales,Acholeplasmataceae,Alteracholeplasma
Bacillota,Clostridia,Lachnospirales,Lachnospiraceae,Johnsonella
Pseudomonadota,Betaproteobacteria,Burkholderiales,Comamonadaceae,Alicycliphilus
Pseudomonadota,Alphaproteobacteria,Rhodospirillales,Acetobacteraceae,Acidisphaera
Pseudomonadota,Alphaproteobacteria,Rhodospirillales,Acetobacteraceae,Tanticharoenia
Pseudomonadota,Gammaproteobacteria,Methylococcales,Methylococcaceae,Methylocucumis
Pseudomonadota,Gammaproteobacteria,Enterobacterales,Yersiniaceae,Chania
Thermotogota,Thermotogae,Petrotogales,Petrotogaceae,Defluviitoga
Cyanobacteriota,Cyanophyceae,Chroococcidiopsidales,Aliterellaceae,Aliterella
Actinomycetota,Acidimicrobiia,Acidimicrobiales,Acidimicrobiaceae,Acidithrix
Actinomycetota,Acidimicrobiia,Acidimicrobiales,Acidimicrobiaceae,Ferrimicrobium
Bacillota,Clostridia,Thermoanaerobacterales,Thermoanaerobacterales Family III. Incertae Sedis,Syntrophaceticus
Pseudomonadota,Betaproteobacteria,Burkholderiales,Burkholderiaceae,Candidatus Glomeribacter
Bacillota,Bacilli,Bacillales,Thermoactinomycetaceae,Risungbinella
Bdellovibrionota,Bdellovibrionia,Bdellovibrionales,Pseudobdellovibrionaceae,Micavibrio
Bacteroidota,Flavobacteriia,Flavobacteriales,Flavobacteriaceae,Siansivirga
Pseudomonadota,Gammaproteobacteria,Oceanospirillales,Saccharospirillaceae,Gynuella
Bacteroidota,Bacteroidia,Marinilabiliales,Marinilabiliaceae,Anaerophaga
Pseudomonadota,Gammaproteobacteria,Thiotrichales,Piscirickettsiaceae,Thiomicrospira
Thermodesulfobacteriota,Desulfovibrionia,Desulfovibrionales,Desulfonatronovibrionaceae,Desulfonatronovibrio
Pseudomonadota,Gammaproteobacteria,Methylococcales,Methylococcaceae,Methyloterricola
Pseudomonadota,Betaproteobacteria,Nitrosomonadales,Sterolibacteriaceae,Rugosibacter
Pseudomonadota,Alphaproteobacteria,Holosporales,Candidatus Paracaedibacteraceae,Candidatus Odyssella
Spirochaetota,Spirochaetia,Spirochaetales,Breznakiellaceae,Gracilinema
Bacillota,Negativicutes,Selenomonadales,Sporomusaceae,Acetonema
Thermotogota,Thermotogae,Thermotogales,Thermotogaceae,Pseudothermotoga
Bacillota,Clostridia,Eubacteriales,Oscillospiraceae,Ethanoligenens
Thermodesulfobacteriota,Thermodesulfobacteria,Thermodesulfobacteriales,Thermodesulfobacteriaceae,Thermodesulfobacterium
Deferribacterota,Deferribacteres,Deferribacterales,Flexistipitaceae,Flexistipes
Bacillota,Clostridia,Eubacteriales,Oscillospiraceae,Mageeibacillus
Bacillota,Negativicutes,Selenomonadales,Selenomonadaceae,Centipeda
Spirochaetota,Spirochaetia,Spirochaetales,Breznakiellaceae,Leadbettera
Pseudomonadota,Betaproteobacteria,Burkholderiales,Comamonadaceae,Hylemonella
Bacillota,Clostridia,Thermoanaerobacterales,Thermoanaerobacterales Family IV. Incertae Sedis,Mahella
Bacteroidota,Saprospiria,Saprospirales,Haliscomenobacteraceae,Haliscomenobacter
Bacillota,Clostridia,Eubacteriales,Desulfitobacteriaceae,Syntrophobotulus
Planctomycetota,Planctomycetia,Isosphaerales,Isosphaeraceae,Isosphaera
Campylobacterota,Epsilonproteobacteria,Campylobacterales,Sulfurovaceae,Nitratifractor
Campylobacterota,Epsilonproteobacteria,Campylobacterales,Sulfurimonadaceae,Sulfuricurvum
Deferribacterota,Deferribacteres,Deferribacterales,Calditerrivibrionaceae,Calditerrivibrio
Bacteroidota,Cytophagia,Cytophagales,Leadbetterellaceae,Leadbetterella
Fusobacteriota,Fusobacteriia,Fusobacteriales,Fusobacteriaceae,Ilyobacter
Cyanobacteriota,Cyanophyceae,Chroococcales,Aphanothecaceae,Gloeothece
Pseudomonadota,Betaproteobacteria,Nitrosomonadales,Gallionellaceae,Gallionella
Bacillota,Clostridia,Halanaerobiales,Halobacteroidaceae,Acetohalobium
Thermodesulfobacteriota,Desulfarculia,Desulfarculales,Desulfarculaceae,Desulfarculus
Spirochaetota,Spirochaetia,Spirochaetales,Sphaerochaetaceae,Parasphaerochaeta
Actinomycetota,Coriobacteriia,Coriobacteriales,Coriobacteriaceae,Coriobacterium
Deinococcota,Deinococci,Thermales,Thermaceae,Marinithermus
Thermodesulfobacteriota,Desulfobaccia,Desulfobaccales,Desulfobaccaceae,Desulfobacca
Bacteroidota,Flavobacteriia,Flavobacteriales,Flavobacteriaceae,Croceibacter
Campylobacterota,Epsilonproteobacteria,Campylobacterales,Helicobacteraceae,Wolinella
Actinomycetota,Actinomycetes,Micrococcales,Tropherymataceae,Tropheryma
Cyanobacteriota,Cyanophyceae,Synechococcales,Prochlorococcaceae,Parasynechococcus
Pseudomonadota,Alphaproteobacteria,Rhodobacterales,Paracoccaceae,Polymorphum
Bacteroidota,Sphingobacteriia,Sphingobacteriales,Sphingobacteriaceae,Pseudopedobacter
Campylobacterota,Desulfurellia,Desulfurellales,Hippeaceae,Hippea
Synergistota,Synergistia,Synergistales,Synergistaceae,Aminomonas
Pseudomonadota,Gammaproteobacteria,Aeromonadales,Succinivibrionaceae,Succinatimonas
Chloroflexota,Dehalococcoidia,Dehalococcoidales,Dehalococcoidaceae,Dehalococcoides
Bacillota,Erysipelotrichia,Erysipelotrichales,Erysipelotrichaceae,Beduini
Pseudomonadota,Betaproteobacteria,Burkholderiales,Comamonadaceae,Serpentinimonas
Pseudomonadota,Gammaproteobacteria,Enterobacterales,Enterobacteriaceae,Candidatus Tachikawaea
Thermotogota,Thermotogae,Thermotogales,Thermotogaceae,Thermotoga
Pseudomonadota,Betaproteobacteria,Nitrosomonadales,Sterolibacteriaceae,Sulfuritalea
Pseudomonadota,Gammaproteobacteria,Chromatiales,Sedimenticolaceae,Thiolapillus
Pseudomonadota,Gammaproteobacteria,Enterobacterales,Enterobacteriaceae,Candidatus Ishikawella
Actinomycetota,Actinomycetes,Propionibacteriales,Propionibacteriaceae,Nigerium
Bacillota,Clostridia,Eubacteriales,NA,Candidatus Soleaferrea
Pseudomonadota,Alphaproteobacteria,Rickettsiales,Candidatus Midichloriaceae,Candidatus Jidaibacter
Bacillota,Bacilli,Lactobacillales,Aerococcaceae,Eremococcus
Verrucomicrobiota,Verrucomicrobiia,Verrucomicrobiales,Verrucomicrobiaceae,Verrucomicrobium
Actinomycetota,Actinomycetes,Propionibacteriales,Nocardioidaceae,Pimelobacter
Bacillota,Erysipelotrichia,Erysipelotrichales,Erysipelotrichaceae,Bulleidia
Cyanobacteriota,Cyanophyceae,Leptolyngbyales,Neosynechococcaceae,Neosynechococcus
Pseudomonadota,Alphaproteobacteria,Sphingomonadales,Sphingomonadaceae,Citromicrobium
Pseudomonadota,Gammaproteobacteria,Pasteurellales,Pasteurellaceae,Chelonobacter
Thermodesulfobacteriota,Desulfovibrionia,Desulfovibrionales,Desulfonatronovibrionaceae,Desulfonatronospira
Bacillota,Dethiobacteria,Dethiobacterales,Dethiobacteraceae,Dethiobacter
Actinomycetota,Coriobacteriia,Coriobacteriales,Atopobiaceae,Lancefieldella
Pseudomonadota,Gammaproteobacteria,Cellvibrionales,Halieaceae,Pseudohaliea
Aquificota,Aquificia,Aquificales,Hydrogenothermaceae,Sulfurihydrogenibium
Verrucomicrobiota,Verrucomicrobiia,Limisphaerales,NA,Pedosphaera
Pseudomonadota,Alphaproteobacteria,Holosporales,Candidatus Paracaedibacteraceae,Candidatus Paracaedibacter
Pseudomonadota,Gammaproteobacteria,NA,NA,Candidatus Palibaumannia
Myxococcota,NA,Nannocystales,Nannocystaceae,Plesiocystis
Chlamydiota,Chlamydiia,Parachlamydiales,Criblamydiaceae,Criblamydia
Bacteroidota,Flavobacteriia,Flavobacteriales,Flavobacteriaceae,Altibacter
Bacteroidota,Cytophagia,Cytophagales,Microscillaceae,Microscilla
Bacillota,Negativicutes,Selenomonadales,Sporomusaceae,Thermosinus
Pseudomonadota,Betaproteobacteria,Neisseriales,Neisseriaceae,Stenoxybacter
Thermotogota,Thermotogae,Mesoaciditogales,Mesoaciditogaceae,Mesoaciditoga
Pseudomonadota,Alphaproteobacteria,Hyphomicrobiales,Beijerinckiaceae,Beijerinckia
Actinomycetota,Actinomycetes,Kitasatosporales,Streptomycetaceae,Phaeacidiphilus
Thermomicrobiota,Thermomicrobia,NA,NA,Thermorudis
Pseudomonadota,Zetaproteobacteria,Mariprofundales,NA,Ghiorsea
Pseudomonadota,Betaproteobacteria,Burkholderiales,Alcaligenaceae,Basilea
Pseudomonadota,Alphaproteobacteria,Holosporales,Holosporaceae,Candidatus Hepatobacter
Pseudomonadota,Alphaproteobacteria,Rhodobacterales,Paracoccaceae,Paenirhodobacter
Pseudomonadota,Alphaproteobacteria,Hyphomicrobiales,Parvibaculaceae,Tepidicaulis
Pseudomonadota,Gammaproteobacteria,Methylococcales,Methylococcaceae,Methylomarinum
Pseudomonadota,Gammaproteobacteria,Nevskiales,Algiphilaceae,Algiphilus
Bacillota,Clostridia,Lachnospirales,Lachnospiraceae,Kineothrix
Armatimonadota,Fimbriimonadia,Fimbriimonadales,Fimbriimonadaceae,Fimbriimonas
Pseudomonadota,Alphaproteobacteria,Rhodospirillales,Acetobacteraceae,Parasaccharibacter
Synergistota,Synergistia,Synergistales,Dethiosulfovibrionaceae,Jonquetella
Actinomycetota,Actinomycetes,Streptosporangiales,Thermomonosporaceae,Spirillospora
Bacillota,Clostridia,Lachnospirales,Lachnospiraceae,Shuttleworthella
Bacteroidota,Cytophagia,Cytophagales,Cytophagaceae,Anditalea
Nitrospirota,Thermodesulfovibrionia,Thermodesulfovibrionales,Candidatus Magnetobacteriaceae,Candidatus Magnetobacterium
Synergistota,Synergistia,Synergistales,Synergistaceae,Synergistes
Pseudomonadota,Gammaproteobacteria,Nevskiales,Nevskiaceae,Nevskia
Bacillota,Clostridia,Eubacteriales,Peptococcaceae,Desulfofalx
Thermodesulfobacteriota,Desulfovibrionia,Desulfovibrionales,Desulfovibrionaceae,Desulfohalovibrio
Pseudomonadota,Gammaproteobacteria,Nevskiales,Nevskiaceae,Polycyclovorans
Thermodesulfobacteriota,Desulfuromonadia,Desulfuromonadales,Desulfuromonadaceae,Pelobacter
Bacteroidota,Flavobacteriia,Flavobacteriales,NA,Candidatus Walczuchella
Pseudomonadota,Gammaproteobacteria,Cellvibrionales,Halieaceae,Luminiphilus
Acidobacteriota,Terriglobia,Bryobacterales,Bryobacteraceae,Bryobacter
Cyanobacteriota,Cyanophyceae,Coleofasciculales,Coleofasciculaceae,Coleofasciculus
Bacillota,Clostridia,Eubacteriales,Eubacteriaceae,Anaerofustis
Pseudomonadota,Alphaproteobacteria,Hyphomicrobiales,Parvibaculaceae,Candidatus Phaeomarinobacter
Pseudomonadota,Alphaproteobacteria,Rhodobacterales,Roseobacteraceae,Oceanicola
Pseudomonadota,Gammaproteobacteria,Chromatiales,Ectothiorhodospiraceae,Nitrococcus
Acidobacteriota,Terriglobia,Terriglobales,Acidobacteriaceae,Pseudacidobacterium
Actinomycetota,Actinomycetes,Micrococcales,Micrococcaceae,Haematomicrobium
Bacillota,Clostridia,Peptostreptococcales,Peptostreptococcaceae,Metaclostridioides
Acidobacteriota,Thermoanaerobaculia,Thermoanaerobaculales,Thermoanaerobaculaceae,Thermoanaerobaculum
Pseudomonadota,Alphaproteobacteria,Rhodospirillales,Rhodovibrionaceae,Fodinicurvata
Chlamydiota,Chlamydiia,Parachlamydiales,Waddliaceae,Waddlia
Deinococcota,Deinococci,Trueperales,Trueperaceae,Truepera
Bacillota,Clostridia,Eubacteriales,Syntrophomonadaceae,Syntrophothermus
Thermodesulfobacteriota,Desulfobulbia,Desulfobulbales,Desulfobulbaceae,Desulfurivibrio
Deinococcota,Deinococci,Thermales,Thermaceae,Allomeiothermus
Actinomycetota,Actinomycetes,Mycobacteriales,Segniliparaceae,Segniliparus
Bacillota,Erysipelotrichia,Erysipelotrichales,Coprobacillaceae,Kandleria
Pseudomonadota,Gammaproteobacteria,Oceanospirillales,Halomonadaceae,Halotalea
Pseudomonadota,Betaproteobacteria,Burkholderiales,Alcaligenaceae,Brackiella
Thermodesulfobacteriota,Desulfovibrionia,Desulfovibrionales,Desulfohalobiaceae,Desulfovermiculus
Bacillota,Clostridia,Moorellales,Desulfitibacteraceae,Desulfitibacter
Bacillota,Tissierellia,Tissierellales,Thermohalobacteraceae,Clostridiisalibacter
Pseudomonadota,Gammaproteobacteria,Oceanospirillales,Balneatrichaceae,Balneatrix
Bacillota,Clostridia,Eubacteriales,Clostridiaceae,Fervidicella
Pseudomonadota,Gammaproteobacteria,Chromatiales,Chromatiaceae,Imhoffiella
Mycoplasmatota,Mollicutes,Mycoplasmatales,Candidatus Hepatoplasmataceae,Candidatus Hepatoplasma
Synergistota,Synergistia,Synergistales,Aminobacteriaceae,Aminobacterium
Pseudomonadota,Alphaproteobacteria,Candidatus Puniceispirillales,Candidatus Puniceispirillaceae,Candidatus Puniceispirillum
Pseudomonadota,Betaproteobacteria,Nitrosomonadales,Gallionellaceae,Sideroxydans
Deferribacterota,Deferribacteres,Deferribacterales,Geovibrionaceae,Denitrovibrio
Cyanobacteriota,Cyanophyceae,Chroococcales,Aphanothecaceae,Candidatus Atelocyanobacterium
Planctomycetota,Planctomycetia,Pirellulales,Pirellulaceae,Pirellula
Chloroflexota,NA,NA,NA,Thermobaculum
Thermomicrobiota,Thermomicrobia,Sphaerobacterales,Sphaerobacteraceae,Sphaerobacter
Fusobacteriota,Fusobacteriia,Fusobacteriales,Leptotrichiaceae,Sebaldella
Myxococcota,NA,Haliangiales,Kofleriaceae,Haliangium
Pseudomonadota,Gammaproteobacteria,NA,Candidatus Competibacteraceae,Candidatus Contendobacter
Actinomycetota,Actinomycetes,Glycomycetales,Glycomycetaceae,Haloglycomyces
Pseudomonadota,Gammaproteobacteria,Oceanospirillales,Halomonadaceae,Carnimonas
Bacillota,Bacilli,Lactobacillales,Carnobacteriaceae,Atopobacter
Chloroflexota,Chloroflexia,Kallotenuales,Kallotenuaceae,Kallotenue
Synergistota,Synergistia,Synergistales,Aminiphilaceae,Aminiphilus
Thermodesulfobacteriota,Deferrisomatia,Deferrisomatales,Deferrisomataceae,Deferrisoma
Gemmatimonadota,Gemmatimonadia,Gemmatimonadales,Gemmatimonadaceae,Gemmatirosa
Pseudomonadota,Gammaproteobacteria,Pasteurellales,Pasteurellaceae,Bibersteinia
Acidobacteriota,Holophagae,Holophagales,Holophagaceae,Holophaga
Thermodesulfobacteriota,Desulfovibrionia,Desulfovibrionales,Desulfovibrionaceae,Desulfocurvus
Bacillota,Bacilli,Lactobacillales,Aerococcaceae,Hutsoniella
Bacteroidota,Bacteroidia,Marinilabiliales,Marinilabiliaceae,Alkaliflexus
Bacillota,Clostridia,Halanaerobiales,Halobacteroidaceae,Halonatronum
NA,Candidatus Babeliae,Candidatus Babeliales,Candidatus Babeliaceae,Candidatus Babela
Thermodesulfobacteriota,Syntrophorhabdia,Syntrophorhabdales,Syntrophorhabdaceae,Syntrophorhabdus
Bacillota,Tissierellia,Tissierellales,Tepidimicrobiaceae,Schnuerera
Bacillota,Bacilli,Bacillales,Bacillales Family X. Incertae Sedis,Thermicanus
Pseudomonadota,Gammaproteobacteria,Cellvibrionales,Halieaceae,Congregibacter
Spirochaetota,Spirochaetia,Spirochaetales,Spirochaetaceae,Salinispira
Bacillota,Clostridia,Eubacteriales,NA,Levyella
Bacillota,Clostridia,Peptostreptococcales,Peptostreptococcaceae,Faecalimicrobium
Pseudomonadota,Alphaproteobacteria,Sphingomonadales,Zymomonadaceae,Zymomonas
Pseudomonadota,Alphaproteobacteria,Hyphomicrobiales,Tepidamorphaceae,Lutibaculum
Bacillota,Bacilli,Bacillales,Bacillaceae,Paucisalibacillus
Bacteroidota,Cytophagia,Cytophagales,Cyclobacteriaceae,Indibacter
Verrucomicrobiota,Opitutia,Opitutales,Opitutaceae,Geminisphaera
Pseudomonadota,Betaproteobacteria,Burkholderiales,Comamonadaceae,Candidatus Symbiobacter
Fibrobacterota,Chitinivibrionia,Chitinivibrionales,Chitinivibrionaceae,Chitinivibrio
Cyanobacteriota,Cyanophyceae,Chroococcales,Aphanothecaceae,Rubidibacter
Pseudomonadota,Betaproteobacteria,Nitrosomonadales,Sulfuricellaceae,Sulfuricella
Chrysiogenota,Chrysiogenia,Chrysiogenales,Chrysiogenaceae,Chrysiogenes
Pseudomonadota,Alphaproteobacteria,NA,NA,Candidatus Micropelagos
Thermodesulfobacteriota,Desulfovibrionia,Desulfovibrionales,Desulfovibrionaceae,Megalodesulfovibrio
Mycoplasmatota,Mollicutes,Haloplasmatales,Haloplasmataceae,Haloplasma
Bacillota,Bacilli,Bacillales,Sporolactobacillaceae,Tuberibacillus
Bacillota,Negativicutes,Selenomonadales,Sporomusaceae,Anaeroarcus
Bacteroidota,Cytophagia,Cytophagales,Microscillaceae,Eisenibacter
Thermodesulfobacteriota,Desulfobacteria,Desulfobacterales,Desulfatirhabdiaceae,Desulfatirhabdium
Pseudomonadota,Alphaproteobacteria,Hyphomicrobiales,Devosiaceae,Cucumibacter
Pseudomonadota,Betaproteobacteria,Rhodocyclales,Rhodocyclaceae,Azovibrio
Bacillota,Bacilli,Lactobacillales,Carnobacteriaceae,Atopococcus
Pseudomonadota,Gammaproteobacteria,Alteromonadales,Alteromonadaceae,Aliagarivorans
Bacillota,Clostridia,Thermoanaerobacterales,Thermoanaerobacteraceae,Desulfovirgula
Pseudomonadota,Gammaproteobacteria,Alteromonadales,Alteromonadaceae,Aestuariibacter
Pseudomonadota,Gammaproteobacteria,Lysobacterales,Lysobacteraceae,Silanimonas
Pseudomonadota,Alphaproteobacteria,Maricaulales,Robiginitomaculaceae,Hellea
Actinomycetota,Actinomycetes,Pseudonocardiales,Pseudonocardiaceae,Thermocrispum
Bacteroidota,Bacteroidia,Bacteroidales,Rikenellaceae,Rikenella
Bacteroidota,Cytophagia,Cytophagales,Cytophagaceae,Sporocytophaga
Bacillota,Clostridia,Peptostreptococcales,Anaerovoracaceae,Anaerovorax
Thermodesulfobacteriota,Desulfobacteria,Desulfobacterales,Desulforegulaceae,Desulforegula
Bacillota,Bacilli,Lactobacillales,Carnobacteriaceae,Lacticigenium
Pseudomonadota,Alphaproteobacteria,Rhodospirillales,Acetobacteraceae,Rubritepida
Pseudomonadota,Acidithiobacillia,Acidithiobacillales,Thermithiobacillaceae,Thermithiobacillus
Pseudomonadota,Alphaproteobacteria,Rhodobacterales,Roseobacteraceae,Sediminimonas
Bacillota,Clostridia,Peptostreptococcales,Filifactoraceae,Proteocatella
Actinomycetota,Actinomycetes,Propionibacteriales,Nocardioidaceae,Propionicicella
Pseudomonadota,Betaproteobacteria,Neisseriales,Aquaspirillaceae,Laribacter
Bacteroidota,Cytophagia,Cytophagales,Bernardetiaceae,Hugenholtzia
Thermodesulfobacteriota,Desulfobacteria,Desulfatiglandales,Desulfatiglandaceae,Desulfatiglans
Actinomycetota,Acidimicrobiia,Acidimicrobiales,Microthrixaceae,Candidatus Microthrix
Bacillota,Erysipelotrichia,Erysipelotrichales,Erysipelotrichaceae,Candidatus Stoquefichus
Pseudomonadota,Betaproteobacteria,NA,NA,Candidatus Profftella
Thermodesulfobacteriota,Desulfobulbia,Desulfobulbales,Desulfocapsaceae,Desulfotalea
Thermodesulfobacteriota,Desulfovibrionia,Desulfovibrionales,Desulfohalobiaceae,Desulfohalobium
Bacillota,Clostridia,Eubacteriales,Peptococcaceae,Desulfofarcimen
Actinomycetota,Coriobacteriia,Eggerthellales,Eggerthellaceae,Cryptobacterium
Actinomycetota,Acidimicrobiia,Acidimicrobiales,Acidimicrobiaceae,Acidimicrobium
Actinomycetota,Actinomycetes,Micrococcales,Beutenbergiaceae,Beutenbergia
Acidobacteriota,Terriglobia,Terriglobales,Acidobacteriaceae,Acidobacterium
Cyanobacteriota,Cyanophyceae,Chroococcales,Aphanothecaceae,Rippkaea
Campylobacterota,Epsilonproteobacteria,Nautiliales,Nautiliaceae,Nautilia
Thermomicrobiota,Thermomicrobia,Thermomicrobiales,Thermomicrobiaceae,Thermomicrobium
Dictyoglomota,Dictyoglomia,Dictyoglomales,Dictyoglomaceae,Dictyoglomus
Chlorobiota,Chlorobiia,Chlorobiales,Chlorobiaceae,Pelodictyon
Bacteroidota,Cytophagia,Cytophagales,Amoebophilaceae,Candidatus Amoebophilus
Chlorobiota,Chlorobiia,Chlorobiales,Chloroherpetonaceae,Chloroherpeton
Bacillota,Clostridia,Halanaerobiales,Halothermotrichaceae,Halothermothrix
Thermodesulfobacteriota,Desulfobacteria,Desulfobacterales,Desulfobacteraceae,Desulforapulum
Bacillota,Clostridia,Eubacteriales,Clostridiaceae,Thermobrachium
Elusimicrobiota,Elusimicrobia,Elusimicrobiales,Elusimicrobiaceae,Elusimicrobium
Verrucomicrobiota,Opitutia,Opitutales,Opitutaceae,Opitutus
Armatimonadota,Chthonomonadia,Chthonomonadales,Chthonomonadaceae,Chthonomonas
Thermodesulfobacteriota,Desulfovibrionia,Desulfovibrionales,Desulfovibrionaceae,Alkalidesulfovibrio
Pseudomonadota,Gammaproteobacteria,Pseudomonadales,Pseudomonadaceae,Denitrificimonas
Bacillota,Bacilli,Lactobacillales,Enterococcaceae,Bavariicoccus
Pseudomonadota,Gammaproteobacteria,Methylococcales,Methylothermaceae,Methylohalobius
Pseudomonadota,Gammaproteobacteria,Pasteurellales,Pasteurellaceae,Histophilus
Deferribacterota,Deferribacteres,Deferribacterales,Geovibrionaceae,Limisalsivibrio
Actinomycetota,Actinomycetes,Micrococcales,Micrococcaceae,Yaniella
Pseudomonadota,Alphaproteobacteria,Hyphomonadales,Hyphomonadaceae,Ponticaulis
Pseudomonadota,Betaproteobacteria,Neisseriales,Aquaspirillaceae,Aquaspirillum
Actinomycetota,Actinomycetes,Micrococcales,Micrococcaceae,Renibacterium
Pseudomonadota,Alphaproteobacteria,Maricaulales,Maricaulaceae,Oceanicaulis
Thermodesulfobacteriota,Desulfobacteria,Desulfobacterales,Desulfobacteraceae,Desulfospira
Rhodothermota,Rhodothermia,Rhodothermales,Salisaetaceae,Salisaeta
Thermodesulfobacteriota,Desulfobacteria,Desulfobacterales,Desulfosudaceae,Desulfosudis
Pseudomonadota,Alphaproteobacteria,Rhodobacterales,Roseobacteraceae,Dinoroseobacter
Chloroflexota,Chloroflexia,Chloroflexales,Roseiflexaceae,Roseiflexus
Cyanobacteriota,Cyanophyceae,Synechococcales,Prochlorococcaceae,Prochlorococcus
Pseudomonadota,Gammaproteobacteria,Cardiobacteriales,Cardiobacteriaceae,Dichelobacter
Actinomycetota,Actinomycetes,Acidothermales,Acidothermaceae,Acidothermus
Thermodesulfobacteriota,Syntrophobacteria,Syntrophobacterales,Syntrophobacteraceae,Syntrophobacter
Pseudomonadota,Alphaproteobacteria,Magnetococcales,Magnetococcaceae,Magnetococcus
Pseudomonadota,Gammaproteobacteria,Chromatiales,Ectothiorhodospiraceae,Alkalilimnicola
Acidobacteriota,Terriglobia,Terriglobales,Candidatus Korobacteraceae,Candidatus Korobacter
Pseudomonadota,Gammaproteobacteria,Cellvibrionales,Cellvibrionaceae,Saccharophagus
Thermodesulfobacteriota,Desulfovibrionia,Desulfovibrionales,Desulfovibrionaceae,Oleidesulfovibrio
Cyanobacteriota,Cyanophyceae,Acaryochloridales,Thermosynechococcaceae,Thermosynechococcus
Bacteroidota,Bacteroidia,Bacteroidales,NA,Candidatus Azobacteroides
Pseudomonadota,Gammaproteobacteria,NA,NA,Candidatus Vesicomyosocius
Bacillota,Tissierellia,Tissierellales,Peptoniphilaceae,Finegoldia
Aquificota,Aquificia,Aquificales,Aquificaceae,Aquifex
Bacillota,Clostridia,Thermoanaerobacterales,Thermoanaerobacteraceae,Caldanaerobacter
