species,accession_number,genus,mutations
Abiotrophia defectiva,GCF_013267415.1,Abiotrophia,"912G, 912G, 912G, 912G"
Absicoccus porci,GCF_003725415.1,Absicoccus,"885A, 912G, 885A, 912G, 885A, 912G, 885A, 912G, 885A, 912G"
Abyssalbus ytuae,GCF_022807975.1,Abyssalbus,885A
Abyssogena phaseoliformis symbiont,GCF_016592595.1,Abyssogena,912G
Acaricomes phytoseiuli,GCF_000376245.1,Acaricomes,"523C, 523C"
Acetatifactor aquisgranensis,GCF_943193215.1,Acetatifactor,523C
Acetivibrio saccincola,GCF_002844395.1,Acetivibrio,"885A, 885A, 885A"
Acetoanaerobium sticklandii,GCF_000196455.1,Acetoanaerobium,885A
Acetobacter peroxydans,GCF_006539345.1,Acetobacter,885A
Acetobacter suratthaniensis,GCF_026239995.1,Acetobacter,885A
Acetobacterium carbinolicum,GCF_047456275.1,Acetobacterium,"885A, 885A, 885A, 885A, 885A"
Acetobacterium fimetarium,GCF_014284475.1,Acetobacterium,885A
Acetobacterium malicum,GCF_047456285.1,Acetobacterium,"885A, 885A, 885A, 885A, 885A"
Acetobacterium wieringae,GCF_023700225.1,Acetobacterium,"885A, 523C, 523C, 885A, 523C"
Acetobacterium woodii,GCF_000247605.1,Acetobacterium,"885A, 885A, 885A, 885A"
Acholeplasma brassicae,GCF_000967915.1,Acholeplasma,885A
Acholeplasma oculi,GCF_900444665.1,Acholeplasma,"912G, 912G"
Achromobacter deleyi,GCF_902859705.1,Achromobacter,912G
Achromobacter insolitus,GCF_900637265.1,Achromobacter,"912G, 912G"
Achromobacter kerstersii,GCF_902859595.1,Achromobacter,912G
Achromobacter marplatensis,GCF_902859635.1,Achromobacter,912G
Achromobacter piechaudii,GCF_902859685.1,Achromobacter,912G
Achromobacter seleniivolatilans,GCF_030864005.1,Achromobacter,912G
Achromobacter spanius,GCF_002812705.1,Achromobacter,"912G, 912G, 912G"
Acidicapsa acidisoli,GCF_025685625.1,Acidicapsa,523C
Acidicapsa dinghuensis,GCF_025685685.1,Acidicapsa,523C
Acidicapsa ligni,GCF_025685655.1,Acidicapsa,523C
Acididesulfobacillus acetoxydans,GCF_902729405.1,Acididesulfobacillus,"885A, 885A, 885A"
Acidihalobacter ferrooxydans,GCF_001975725.1,Acidihalobacter,"912G, 913G"
Acidipila rosea,GCF_004339725.1,Acidipila,523C
Acidipropionibacterium acidipropionici,GCF_001441165.1,Acidipropionibacterium,"912G, 913G, 912G, 913G, 912G, 913G, 912G, 913G"
Acidipropionibacterium jensenii,GCF_005890135.1,Acidipropionibacterium,"912G, 913G, 912G, 913G, 912G, 913G"
Acidisarcina polymorpha,GCF_003330725.1,Acidisarcina,523C
Acidisphaera rubrifaciens,GCF_000964365.1,Acidisphaera,"912G, 913G"
Acidithiobacillus albertensis,GCF_001931655.1,Acidithiobacillus,"885A, 885A"
Acidithiobacillus concretivorus,GCF_018853445.1,Acidithiobacillus,885A
Acidithiobacillus ferrianus,GCF_010378095.2,Acidithiobacillus,"885A, 885A"
Acidithiobacillus ferridurans,GCF_003966655.1,Acidithiobacillus,"885A, 885A"
Acidithiobacillus ferriphilus,GCF_028215975.1,Acidithiobacillus,"885A, 885A"
Acidithiobacillus ferrivorans,GCF_016250455.1,Acidithiobacillus,885A
Acidithiobacillus ferrooxidans,GCF_000021485.1,Acidithiobacillus,"885A, 885A"
Acidithiobacillus ferruginosus,GCF_018854495.2,Acidithiobacillus,"885A, 885A"
Acidithiobacillus marinus,GCF_002847505.1,Acidithiobacillus,885A
Acidithiobacillus montserratensis,GCF_018853465.2,Acidithiobacillus,"885A, 885A"
Acidithiobacillus sulfurivorans,GCF_018853815.1,Acidithiobacillus,885A
Acidithiobacillus thiooxidans,GCF_009662475.1,Acidithiobacillus,"885A, 885A"
Acidobacterium capsulatum,GCF_000022565.1,Acidobacterium,523C
Acidomonas methanolica,GCF_004346035.1,Acidomonas,"912G, 913G"
Acinetobacter amyesii,GCF_023499985.1,Acinetobacter,"523C, 885A"
Acinetobacter brisouii,GCF_000488275.1,Acinetobacter,"523C, 523C, 523C, 523C, 523C, 523C, 523C"
Acinetobacter chengduensis,GCF_003664645.1,Acinetobacter,523C
Acinetobacter colistiniresistens,GCF_000413935.1,Acinetobacter,"912G, 913G"
Acinetobacter dispersus,GCF_009884975.1,Acinetobacter,"523C, 523C, 523C, 523C, 523C, 523C"
Acinetobacter entericus,GCF_026168575.1,Acinetobacter,523C
Acinetobacter gandensis,GCF_001678755.1,Acinetobacter,523C
Acinetobacter gerneri,GCF_000368565.1,Acinetobacter,"523C, 523C, 523C, 523C, 523C"
Acinetobacter guerrae,GCF_009372255.1,Acinetobacter,523C
Acinetobacter indicus,GCF_009914475.1,Acinetobacter,"523C, 523C, 523C, 523C"
Acinetobacter junii,GCF_018336855.1,Acinetobacter,"523C, 912G, 523C, 912G"
Acinetobacter lanii,GCF_011578285.1,Acinetobacter,"912G, 912G"
Acinetobacter larvae,GCF_001704115.1,Acinetobacter,"523C, 523C, 523C, 523C, 523C, 523C, 523C"
Acinetobacter pragensis,GCF_001605895.1,Acinetobacter,523C
Acinetobacter schindleri,GCF_010918895.1,Acinetobacter,"523C, 523C, 523C, 523C, 523C"
Acinetobacter sedimenti,GCF_022601685.1,Acinetobacter,523C
Acinetobacter septicus,GCF_019355975.1,Acinetobacter,"523C, 523C, 523C, 523C, 523C"
Acinetobacter silvestris,GCF_002135235.1,Acinetobacter,523C
Acinetobacter stercoris,GCF_900323515.1,Acinetobacter,"523C, 885A, 912G"
Acinetobacter suaedae,GCF_008630915.1,Acinetobacter,"523C, 523C, 523C, 523C, 523C, 523C"
Acinetobacter towneri,GCF_017498585.1,Acinetobacter,"912G, 913G"
Acinetobacter ursingii,GCF_000369885.1,Acinetobacter,"523C, 523C"
Acinetobacter wanghuae,GCF_009557235.1,Acinetobacter,"523C, 523C, 523C, 523C, 523C, 523C"
Actinacidiphila acididurans,GCF_016918855.1,Actinacidiphila,885A
Actinacidiphila acidipaludis,GCF_019890725.1,Actinacidiphila,885A
Actinacidiphila glaucinigra,GCF_035918135.1,Actinacidiphila,"885A, 885A, 885A, 885A, 885A, 885A"
Actinoallomurus acaciae,GCF_042429965.1,Actinoallomurus,913G
Actinoallomurus rhizosphaericola,GCF_024055675.1,Actinoallomurus,"912G, 913G"
Actinoallomurus soli,GCF_024055715.1,Actinoallomurus,"912G, 913G"
Actinoallomurus spadix,GCF_024055725.1,Actinoallomurus,912G
Actinocorallia cavernae,GCF_039540695.1,Actinocorallia,"885A, 885A, 885A, 885A, 885A, 885A, 885A"
Actinocorallia libanotica,GCF_039525175.1,Actinocorallia,913G
Actinocorallia populi,GCF_002995495.1,Actinocorallia,913G
Actinokineospora auranticolor,GCF_041897805.1,Actinokineospora,"885A, 885A, 885A"
Actinokineospora enzanensis,GCF_000374445.1,Actinokineospora,885A
Actinokineospora iranica,GCF_900101685.1,Actinokineospora,885A
Actinokineospora xionganensis,GCF_014323725.1,Actinokineospora,885A
Actinomadura bangladeshensis,GCF_039529495.1,Actinomadura,912G
Actinomadura chokoriensis,GCF_039529475.1,Actinomadura,912G
Actinomadura citrea,GCF_013409045.1,Actinomadura,"912G, 912G, 912G, 912G, 912G"
Actinomadura craniellae,GCF_003289645.1,Actinomadura,912G
Actinomadura darangshiensis,GCF_004349235.1,Actinomadura,913G
Actinomadura geliboluensis,GCF_043197915.1,Actinomadura,912G
Actinomadura graeca,GCF_019175365.1,Actinomadura,"913G, 913G, 913G, 913G, 913G"
Actinomadura hibisca,GCF_001552635.1,Actinomadura,912G
Actinomadura keratinilytica,GCF_039539665.1,Actinomadura,912G
Actinomadura kijaniata,GCF_001552175.1,Actinomadura,912G
Actinomadura latina,GCF_001552195.1,Actinomadura,912G
Actinomadura macra,GCF_001552215.1,Actinomadura,913G
Actinomadura macrotermitis,GCF_009604375.1,Actinomadura,912G
Actinomadura madurae,GCF_047130825.1,Actinomadura,"912G, 912G"
Actinomadura meyerae,GCF_900188445.1,Actinomadura,"912G, 912G"
Actinomadura monticuli,GCF_041463655.1,Actinomadura,912G
Actinomadura parmotrematis,GCF_019458805.1,Actinomadura,"912G, 913G"
Actinomadura rayongensis,GCF_009831215.1,Actinomadura,912G
Actinomadura roseirufa,GCF_900659635.1,Actinomadura,912G
Actinomadura rubteroloni,GCF_002911665.1,Actinomadura,912G
Actinomadura rupiterrae,GCF_024172125.1,Actinomadura,"912G, 913G, 912G, 913G, 912G, 913G, 912G, 913G, 912G, 913G"
Actinomadura soli,GCF_005889715.1,Actinomadura,913G
Actinomyces acetigenes,GCF_031296635.1,Actinomyces,"912G, 913G"
Actinomyces bovis,GCF_900444995.1,Actinomyces,"523C, 912G"
Actinomyces faecalis,GCF_013184985.2,Actinomyces,"523C, 912G, 523C, 912G, 523C, 912G"
Actinomyces haliotis,GCF_015355765.1,Actinomyces,"523C, 912G"
Actinomyces marmotae,GCF_013177295.1,Actinomyces,"912G, 912G, 912G"
Actinomyces naeslundii,GCF_016127855.1,Actinomyces,"523C, 523C, 523C"
Actinomyces oris,GCF_016127955.1,Actinomyces,523C
Actinomyces procaprae,GCF_004798665.1,Actinomyces,"912G, 913G"
Actinomyces radicidentis,GCF_001553565.1,Actinomyces,"912G, 912G, 912G"
Actinomycetospora atypica,GCF_042653685.1,Actinomycetospora,"912G, 913G"
Actinomycetospora chiangmaiensis,GCF_000379625.1,Actinomycetospora,"912G, 913G"
Actinomycetospora corticicola,GCF_013409505.1,Actinomycetospora,"912G, 913G, 912G, 913G, 912G, 913G"
Actinomycetospora lutea,GCF_028737205.1,Actinomycetospora,885A
Actinomycetospora termitidis,GCF_030286555.1,Actinomycetospora,885A
Actinophytocola glycyrrhizae,GCF_042653545.1,Actinophytocola,"912G, 913G"
Actinopolyspora erythraea,GCF_002263515.1,Actinopolyspora,523C
Actinopolyspora mortivallis,GCF_000384035.1,Actinopolyspora,"912G, 912G, 912G"
Actinorugispora endophytica,GCF_004363075.1,Actinorugispora,912G
Actinotalea subterranea,GCF_008364845.1,Actinotalea,885A
Adhaeretor mobilis,GCF_007741515.1,Adhaeretor,523C
Adhaeribacter aquaticus,GCF_000473365.1,Adhaeribacter,913G
Adhaeribacter radiodurans,GCF_014075995.1,Adhaeribacter,"913G, 913G, 913G"
Adhaeribacter rhizoryzae,GCF_008629685.1,Adhaeribacter,913G
Adlercreutzia hattorii,GCF_011405655.1,Adlercreutzia,"523C, 912G, 913G, 523C, 912G, 913G, 523C, 912G, 913G"
Adlercreutzia mucosicola,GCF_000422625.1,Adlercreutzia,"523C, 912G, 913G"
Aedoeadaptatus coli,GCF_900343085.1,Aedoeadaptatus,885A
Aedoeadaptatus coxii,GCF_001553115.1,Aedoeadaptatus,885A
Aedoeadaptatus pacaensis,GCF_900088125.1,Aedoeadaptatus,"885A, 885A, 885A"
Aedoeadaptatus urinae,GCF_900155585.1,Aedoeadaptatus,885A
Aequorivita xiaoshiensis,GCF_022008395.1,Aequorivita,885A
Aeromicrobium fastidiosum,GCF_017876595.1,Aeromicrobium,"523C, 523C"
Aeromicrobium piscarium,GCF_007421815.1,Aeromicrobium,913G
Aestuariimicrobium kwangyangense,GCF_000421525.1,Aestuariimicrobium,523C
Aestuariivivens insulae,GCF_022662195.1,Aestuariivivens,912G
Aestuariivivens sediminicola,GCF_022662015.1,Aestuariivivens,"912G, 913G"
Agaribacillus aureus,GCF_030442055.1,Agaribacillus,"885A, 885A"
Agathobaculum ammoniilyticum,GCF_025567315.1,Agathobaculum,523C
Agathobaculum faecis,GCF_014287995.1,Agathobaculum,523C
Agathobaculum massiliense,GCF_900291975.1,Agathobaculum,"523C, 523C, 523C"
Aggregatimonas sangjinii,GCF_005943945.1,Aggregatimonas,"885A, 912G, 913G, 885A, 912G, 913G"
Agrilactobacillus composti,GCF_001436375.1,Agrilactobacillus,"912G, 913G"
Agrilactobacillus fermenti,GCF_047943045.1,Agrilactobacillus,912G
Agrococcus citreus,GCF_039527715.1,Agrococcus,523C
Agrococcus jejuensis,GCF_900099705.1,Agrococcus,"885A, 885A"
Agrococcus sediminis,GCF_007923295.1,Agrococcus,523C
Agrococcus terreus,GCF_014645235.1,Agrococcus,523C
Agrococcus versicolor,GCF_039531815.1,Agrococcus,885A
Agromyces agglutinans,GCF_009647605.1,Agromyces,912G
Agromyces albus,GCF_004134825.1,Agromyces,523C
Agromyces allii,GCF_009749385.1,Agromyces,912G
Agromyces archimandritae,GCF_018024495.1,Agromyces,"912G, 913G, 912G, 913G"
Agromyces atrinae,GCF_013407835.1,Agromyces,"523C, 523C"
Agromyces aurantiacus,GCF_016907355.1,Agromyces,"912G, 912G"
Agromyces bauzanensis,GCF_014645655.1,Agromyces,885A
Agromyces cavernae,GCF_021044935.1,Agromyces,"912G, 913G"
Agromyces cerinus,GCF_900142065.1,Agromyces,912G
Agromyces flavus,GCF_900104685.1,Agromyces,"885A, 885A"
Agromyces hippuratus,GCF_013410355.1,Agromyces,"912G, 912G, 912G"
Agromyces kandeliae,GCF_009674665.1,Agromyces,"912G, 913G"
Agromyces lapidis,GCF_009749405.1,Agromyces,912G
Agromyces mangrovi,GCF_030296695.1,Agromyces,"523C, 523C"
Agromyces mediolanus,GCF_014648575.1,Agromyces,912G
Agromyces rhizosphaerae,GCF_027925245.1,Agromyces,"523C, 523C"
Agromyces silvae,GCF_030866785.1,Agromyces,"912G, 913G, 912G, 913G"
Agromyces soli,GCF_022811605.1,Agromyces,"912G, 912G"
Agromyces tropicus,GCF_039531345.1,Agromyces,885A
Alcaligenes aquatilis,GCF_023373785.1,Alcaligenes,"523C, 885A, 523C, 885A, 523C, 885A"
Alcaligenes endophyticus,GCF_026344035.1,Alcaligenes,523C
Alcaligenes faecalis,GCF_000967305.2,Alcaligenes,"912G, 912G, 912G"
Alcaligenes nematophilus,GCF_026344155.1,Alcaligenes,912G
Alcaligenes parafaecalis,GCF_026344135.1,Alcaligenes,"523C, 885A"
Algibacter marinivivus,GCF_003143755.1,Algibacter,"912G, 913G"
Algibacter pectinivorans,GCF_900112595.1,Algibacter,"912G, 913G"
Algoriphagus algorifonticola,GCF_007655305.1,Algoriphagus,"912G, 913G"
Algoriphagus aquaeductus,GCF_003253485.1,Algoriphagus,885A
Algoriphagus hitonicola,GCF_900113375.1,Algoriphagus,"912G, 913G"
Algoriphagus jejuensis,GCF_039523455.1,Algoriphagus,885A
Algoriphagus kandeliae,GCF_004571135.1,Algoriphagus,"912G, 913G"
Algoriphagus lacus,GCF_003583985.1,Algoriphagus,885A
Algoriphagus limi,GCF_024919275.1,Algoriphagus,"912G, 913G"
Algoriphagus machipongonensis,GCF_000166275.1,Algoriphagus,"912G, 913G, 912G, 913G"
Algoriphagus namhaensis,GCF_042649705.1,Algoriphagus,"912G, 913G"
Algoriphagus oliviformis,GCF_017254915.1,Algoriphagus,885A
Algoriphagus ornithinivorans,GCF_900115305.1,Algoriphagus,523C
Algoriphagus terrigena,GCF_000429445.1,Algoriphagus,885A
Algoriphagus zhangzhouensis,GCF_004366575.1,Algoriphagus,"912G, 913G"
Alicyclobacillus cycloheptanicus,GCF_028751525.1,Alicyclobacillus,"912G, 913G, 912G, 913G, 912G, 913G, 912G, 913G, 912G, 913G, 912G, 913G"
Alicyclobacillus ferrooxydans,GCF_001399675.1,Alicyclobacillus,"912G, 913G"
Alicyclobacillus kakegawensis,GCF_001552655.1,Alicyclobacillus,"912G, 913G"
Alicyclobacillus shizuokensis,GCF_001552255.1,Alicyclobacillus,"912G, 913G"
Aliidiomarina iranensis,GCF_003987135.1,Aliidiomarina,912G
Aliidiomarina shirensis,GCF_003987345.1,Aliidiomarina,912G
Aliikangiella coralliicola,GCF_007004725.1,Aliikangiella,"885A, 912G, 913G"
Alistipes intestinihominis,GCF_040095975.1,Alistipes,"885A, 912G, 913G"
Alistipes megaguti,GCF_900604385.1,Alistipes,"885A, 885A, 885A"
Alistipes senegalensis,GCF_900624755.1,Alistipes,"885A, 912G, 913G, 885A, 912G, 913G"
Alistipes timonensis,GCF_900107675.1,Alistipes,885A
Alkalibacillus almallahensis,GCF_011761495.1,Alkalibacillus,"885A, 912G, 913G"
Alkalibacillus haloalkaliphilus,GCF_007991275.1,Alkalibacillus,912G
Alkalicoccus luteus,GCF_012034335.1,Alkalicoccus,885A
Alkalihalobacillus alcalophilus,GCF_004802515.1,Alkalihalobacillus,885A
Alkalihalobacillus pseudalcaliphilus,GCF_028610675.1,Alkalihalobacillus,885A
Alkalihalobacillus trypoxylicola,GCF_001592025.1,Alkalihalobacillus,885A
Alkalihalobacterium bogoriense,GCF_000621445.1,Alkalihalobacterium,"885A, 913G"
Alkaliphilus metalliredigens,GCF_000016985.1,Alkaliphilus,"885A, 885A, 885A, 885A, 885A, 885A, 885A, 885A, 885A, 885A"
Alkaliphilus oremlandii,GCF_000018325.1,Alkaliphilus,"885A, 885A, 885A, 885A, 885A, 885A, 885A, 885A"
Alkalispirochaeta americana,GCF_900156105.1,Alkalispirochaeta,912G
Alkalispirochaeta sphaeroplastigenens,GCF_002916695.1,Alkalispirochaeta,912G
Alkalithermobacter thermoalcaliphilus,GCF_001584565.1,Alkalithermobacter,"523C, 523C, 885A, 885A, 523C, 885A"
Alkanindiges hydrocarboniclasticus,GCF_001982605.1,Alkanindiges,913G
Alloacidobacterium dinghuense,GCF_014274465.1,Alloacidobacterium,523C
Alloalcanivorax gelatiniphagus,GCF_005938655.1,Alloalcanivorax,912G
Alloalcanivorax marinus,GCF_016906305.1,Alloalcanivorax,912G
Alloalcanivorax mobilis,GCF_002864685.1,Alloalcanivorax,912G
Alloalcanivorax profundimaris,GCF_015265435.1,Alloalcanivorax,912G
Alloalcanivorax venustensis,GCF_047495515.1,Alloalcanivorax,"912G, 912G"
Allobaculum fili,GCF_020969955.1,Allobaculum,523C
Allobaculum mucilyticum,GCF_022701195.1,Allobaculum,"523C, 523C, 523C, 523C, 523C, 523C, 523C, 523C, 523C, 912G, 523C, 523C, 523C, 523C, 523C"
Allofrancisella frigidaquae,GCF_012222825.1,Allofrancisella,912G
Allopusillimonas soli,GCF_004153445.1,Allopusillimonas,523C
Allorhodopirellula heiligendammensis,GCF_007860105.1,Allorhodopirellula,"912G, 913G"
Allorhodopirellula solitaria,GCF_007859855.1,Allorhodopirellula,"912G, 913G, 912G, 913G"
Allosalinactinospora lopnorensis,GCF_000981225.1,Allosalinactinospora,912G
Alloscardovia omnicolens,GCF_000420505.1,Alloscardovia,885A
Alteribacillus bidgolensis,GCF_002886255.1,Alteribacillus,"912G, 913G, 912G, 913G, 912G, 913G, 912G, 913G, 912G, 913G, 912G, 913G, 912G, 913G, 912G, 913G"
Alteribacillus iranensis,GCF_900113025.1,Alteribacillus,"912G, 913G"
Alteribacter keqinensis,GCF_003710255.1,Alteribacter,885A
Alteribacter lacisalsi,GCF_003226345.1,Alteribacter,885A
Alteribacter salitolerans,GCF_016901055.1,Alteribacter,885A
Alterirhizorhabdus profundi,GCF_009739515.1,Alterirhizorhabdus,912G
Ameyamaea chiangmaiensis,GCF_025995235.1,Ameyamaea,"912G, 913G"
Aminiphilus circumscriptus,GCF_000526375.1,Aminiphilus,912G
Aminipila luticellarii,GCF_004103735.1,Aminipila,"912G, 912G"
Aminipila terrae,GCF_010120715.1,Aminipila,"885A, 912G, 885A, 885A, 885A, 885A"
Ammonifex thiophilus,GCF_003368535.1,Ammonifex,"912G, 913G"
Amniculibacterium aquaticum,GCF_003852705.1,Amniculibacterium,"912G, 913G"
Amphibiibacter pelophylacis,GCF_037688875.1,Amphibiibacter,523C
Amycolatopsis acidicola,GCF_007713735.2,Amycolatopsis,523C
Amycolatopsis acidiphila,GCF_021391495.1,Amycolatopsis,"523C, 523C, 523C"
Amycolatopsis aidingensis,GCF_018885265.1,Amycolatopsis,"912G, 912G"
Amycolatopsis alba,GCF_000384215.1,Amycolatopsis,"912G, 913G"
Amycolatopsis albispora,GCF_003312875.1,Amycolatopsis,"523C, 523C, 523C, 523C"
Amycolatopsis bartoniae,GCF_046603725.1,Amycolatopsis,"523C, 523C, 523C"
Amycolatopsis cihanbeyliensis,GCF_006715045.1,Amycolatopsis,"912G, 912G"
Amycolatopsis coloradensis,GCF_001953865.1,Amycolatopsis,912G
Amycolatopsis cynarae,GCF_026802195.1,Amycolatopsis,"523C, 523C, 523C, 523C"
Amycolatopsis granulosa,GCF_011758745.1,Amycolatopsis,"912G, 913G, 912G, 913G, 912G, 913G"
Amycolatopsis jejuensis,GCF_000717335.1,Amycolatopsis,523C
Amycolatopsis jiangsuensis,GCF_014204865.1,Amycolatopsis,"912G, 912G, 912G, 912G"
Amycolatopsis marina,GCF_900111885.1,Amycolatopsis,"912G, 913G"
Amycolatopsis mediterranei,GCF_000220945.1,Amycolatopsis,"912G, 912G, 912G, 912G"
Amycolatopsis nalaikhensis,GCF_030264295.1,Amycolatopsis,"912G, 913G"
Amycolatopsis oliviviridis,GCF_014654365.1,Amycolatopsis,"912G, 913G"
Amycolatopsis orientalis,GCF_000943515.2,Amycolatopsis,"912G, 912G, 912G, 912G"
Amycolatopsis palatopharyngis,GCF_003385185.1,Amycolatopsis,"912G, 913G"
Amycolatopsis panacis,GCF_003600245.1,Amycolatopsis,523C
Amycolatopsis pithecellobii,GCF_009707865.1,Amycolatopsis,912G
Amycolatopsis pittospori,GCF_013870525.1,Amycolatopsis,912G
Amycolatopsis rhizosphaerae,GCF_007713715.1,Amycolatopsis,523C
Amycolatopsis rifamycinica,GCF_000695625.1,Amycolatopsis,"912G, 913G"
Amycolatopsis saalfeldensis,GCF_900110575.1,Amycolatopsis,"912G, 913G"
Amycolatopsis sacchari,GCF_900114035.1,Amycolatopsis,523C
Amycolatopsis sulphurea,GCF_002564045.1,Amycolatopsis,"523C, 912G, 523C, 523C"
Amycolatopsis umgeniensis,GCF_014205155.1,Amycolatopsis,"912G, 912G, 912G, 912G"
Amycolatopsis vastitatis,GCF_002234595.1,Amycolatopsis,912G
Amycolatopsis viridis,GCF_011758765.1,Amycolatopsis,"912G, 913G, 912G, 913G, 912G, 913G"
Anabaena azotica,GCF_047275885.1,Anabaena,885A
Anaerocaecibacter muris,GCF_943192945.1,Anaerocaecibacter,913G
Anaerococcus faecalis,GCF_013371425.1,Anaerococcus,885A
Anaerococcus groningensis,GCF_046365465.1,Anaerococcus,885A
Anaerococcus jeddahensis,GCF_001182725.1,Anaerococcus,885A
Anaerococcus obesiensis,GCF_016599815.1,Anaerococcus,885A
Anaerococcus rubeinfantis,GCF_902375965.1,Anaerococcus,885A
Anaerococcus vaginalis,GCF_016127475.1,Anaerococcus,885A
Anaerocolumna cellulosilytica,GCF_014218335.1,Anaerocolumna,"912G, 913G, 912G, 913G, 912G, 913G, 912G, 913G, 912G, 913G, 912G, 913G"
Anaerocolumna chitinilytica,GCF_014218355.1,Anaerocolumna,"912G, 913G, 912G, 913G, 912G, 913G, 912G, 913G"
Anaerocolumna xylanovorans,GCF_900143645.1,Anaerocolumna,912G
Anaerosalibacter massiliensis,GCF_902375335.1,Anaerosalibacter,885A
Anaerotaenia torta,GCF_050433395.1,Anaerotaenia,"912G, 913G"
Andreesenia angusta,GCF_001855385.1,Andreesenia,"912G, 913G"
Aneurinibacillus soli,GCF_002355375.1,Aneurinibacillus,"523C, 523C, 523C, 523C, 523C, 523C"
Aneurinibacillus uraniidurans,GCF_028471905.1,Aneurinibacillus,"523C, 523C, 523C, 523C, 523C, 523C, 523C"
Anianabacter salinae,GCF_019061145.1,Anianabacter,523C
Anoxybacillus flavithermus,GCF_000019045.1,Anoxybacillus,523C
Anoxybacillus kestanbolensis,GCF_001996285.1,Anoxybacillus,523C
Anoxybacillus pushchinoensis,GCF_900111795.1,Anoxybacillus,523C
Anoxybacterium hadale,GCF_015243575.1,Anoxybacterium,"885A, 523C, 523C"
Anoxynatronum buryatiense,GCF_900182905.1,Anoxynatronum,523C
Anoxynatronum sibiricum,GCF_039414295.1,Anoxynatronum,523C
Antarcticirhabdus aurantiaca,GCF_009765365.1,Antarcticirhabdus,"912G, 913G"
Anthocerotibacter panamensis,GCF_018389385.1,Anthocerotibacter,"523C, 523C"
Antiquaquibacter soli,GCF_030580675.1,Antiquaquibacter,523C
Antricoccus suffuscus,GCF_003003235.1,Antricoccus,523C
Aphanothece sacrum,GCF_003864295.1,Aphanothece,"912G, 913G, 912G, 913G"
Aphanothece stagnina,GCF_046764815.1,Aphanothece,912G
Apibacter mensalis,GCF_900018365.1,Apibacter,"912G, 913G, 912G, 913G"
Aporhodopirellula aestuarii,GCF_023701485.1,Aporhodopirellula,"912G, 913G"
Aporhodopirellula rubra,GCF_014192335.1,Aporhodopirellula,"912G, 913G"
Aquabacterium fontiphilum,GCF_009909205.1,Aquabacterium,523C
Aquabacterium olei,GCF_003100395.1,Aquabacterium,"523C, 523C"
Aquabacterium soli,GCF_003933735.1,Aquabacterium,912G
Aquella oligotrophica,GCF_002892535.1,Aquella,"912G, 912G, 912G"
Aquibaculum arenosum,GCF_029222965.1,Aquibaculum,523C
Aquibaculum sediminis,GCF_040712085.1,Aquibaculum,523C
Aquimarina aquimarini,GCF_921010045.1,Aquimarina,"523C, 912G"
Aquimarina brevivitae,GCF_004216895.1,Aquimarina,"885A, 912G, 913G"
Aquimarina muelleri,GCF_014651355.1,Aquimarina,912G
Aquisalimonas lutea,GCF_030409225.1,Aquisalimonas,912G
Aquitalea aquatica,GCF_013911085.1,Aquitalea,912G
Aquitalea aquatilis,GCF_005155025.1,Aquitalea,"912G, 912G, 912G, 912G, 912G"
Aquitalea denitrificans,GCF_009856625.1,Aquitalea,"912G, 912G, 912G, 912G, 912G, 912G, 912G"
Arachidicoccus soli,GCF_003600625.1,Arachidicoccus,"885A, 885A"
Arcanobacterium canis,GCF_029625435.1,Arcanobacterium,"885A, 912G, 913G, 885A, 912G, 913G, 885A, 912G, 913G"
Arcanobacterium haemolyticum,GCF_900475915.1,Arcanobacterium,"523C, 885A, 912G, 913G, 523C, 523C"
Arcicella aurantiaca,GCF_003148625.1,Arcicella,"912G, 913G"
Arcobacter acticola,GCF_013177675.1,Arcobacter,"912G, 912G, 912G, 912G, 912G, 912G"
Arcobacter caeni,GCF_003063245.1,Arcobacter,885A
Arcobacter iocasae,GCF_042214795.1,Arcobacter,"885A, 885A, 885A, 885A"
Arcobacter nitrofigilis,GCF_000092245.1,Arcobacter,"885A, 885A, 885A, 885A"
Arcobacter peruensis,GCF_003711085.1,Arcobacter,"885A, 885A, 885A, 885A, 885A, 885A"
Arcobacter venerupis,GCF_013201665.1,Arcobacter,"885A, 885A, 885A, 885A, 885A, 885A"
Arenibacter algicola,GCF_002234495.1,Arenibacter,"885A, 885A, 885A"
Arenibacter catalasegens,GCF_002909235.1,Arenibacter,885A
Arenibacter hampyeongensis,GCF_002909255.1,Arenibacter,885A
Arenibacter palladensis,GCF_900129275.1,Arenibacter,885A
Arenibacter troitsensis,GCF_900177645.1,Arenibacter,885A
Arenimonas oryziterrae,GCF_000420545.1,Arenimonas,885A
Aridibaculum aurantiacum,GCF_017355875.1,Aridibaculum,"912G, 913G"
Aristaeella hokkaidonensis,GCF_018128945.1,Aristaeella,"885A, 885A"
Aristaeella lactis,GCF_018118585.1,Aristaeella,"912G, 913G, 885A"
Arsenicicoccus cauae,GCF_043162025.1,Arsenicicoccus,"523C, 523C"
Arsenophonus endosymbiont of Aleurodicus dispersus,GCF_900343015.1,Arsenophonus,"885A, 913G"
Arsenophonus endosymbiont of Bemisia tabaci,GCF_902713415.1,Arsenophonus,912G
Arsenophonus endosymbiont of Lipoptena cervi,GCF_964277425.1,Arsenophonus,"912G, 913G"
Arthrobacter agilis,GCF_028736055.1,Arthrobacter,"523C, 523C, 523C"
Arthrobacter alpinus,GCF_000755585.2,Arthrobacter,"523C, 912G, 912G, 912G, 912G, 912G, 912G"
Arthrobacter dokdonellae,GCF_003268655.1,Arthrobacter,"912G, 912G, 912G, 912G, 912G"
Arthrobacter livingstonensis,GCF_003219815.1,Arthrobacter,912G
Arthrobacter russicus,GCF_031454135.1,Arthrobacter,"523C, 523C"
Arthrobacter silviterrae,GCF_030813935.1,Arthrobacter,"912G, 912G, 912G"
Arthrobacter stackebrandtii,GCF_017876675.1,Arthrobacter,"523C, 523C, 523C, 523C, 523C"
Arthrobacter wenxiniae,GCF_013376105.1,Arthrobacter,912G
Arthrobacter woluwensis,GCF_900105345.1,Arthrobacter,"912G, 913G"
Arthrospiribacter ruber,GCF_019343195.1,Arthrospiribacter,"912G, 913G"
Asaia krungthepensis,GCF_025995175.1,Asaia,"912G, 913G"
Asaia lannensis,GCF_024054035.1,Asaia,"912G, 913G"
Asaia platycodi,GCF_000614545.1,Asaia,885A
Asaia prunellae,GCF_000613885.1,Asaia,"912G, 913G"
Athalassotoga saccharophila,GCF_009936215.1,Athalassotoga,"885A, 912G, 885A, 912G"
Auraticoccus cholistanensis,GCF_009742705.1,Auraticoccus,523C
Auraticoccus monumenti,GCF_900101785.1,Auraticoccus,"523C, 523C"
Aureibacillus halotolerans,GCF_004363045.1,Aureibacillus,"912G, 913G"
Aureicoccus marinus,GCF_002954325.1,Aureicoccus,885A
Austwickia chelonae,GCF_900111385.1,Austwickia,523C
Autumnicola edwardsiae,GCF_031846505.1,Autumnicola,"912G, 913G"
Autumnicola lenta,GCF_031846515.1,Autumnicola,"912G, 913G"
Autumnicola patrickiae,GCF_031846525.1,Autumnicola,"912G, 913G"
Autumnicola psychrophila,GCF_031846645.1,Autumnicola,"912G, 913G"
Azospirillum argentinense,GCF_000632475.1,Azospirillum,"523C, 523C, 523C, 523C"
Azospirillum brasilense,GCF_007827425.1,Azospirillum,"523C, 523C, 523C, 912G, 523C, 912G, 523C, 912G"
Azospirillum formosense,GCF_019780885.1,Azospirillum,"523C, 523C, 523C, 523C, 523C"
Bacilliculturomica massiliensis,GCF_900605495.1,Bacilliculturomica,523C
Bacillus aquiflavi,GCF_019915265.1,Bacillus,912G
Bacillus cihuensis,GCF_000504145.1,Bacillus,912G
Bacillus daqingensis,GCF_042654445.1,Bacillus,885A
Bacillus hominis,GCF_030348325.1,Bacillus,523C
Bacillus piscicola,GCF_022458745.1,Bacillus,"912G, 913G"
Bacillus safensis,GCF_008244765.1,Bacillus,885A
Bacillus xiapuensis,GCF_002797355.1,Bacillus,"912G, 913G"
Bacterioplanes sanyensis,GCF_014652515.1,Bacterioplanes,912G
Bacteriovorax stolpii,GCF_002872415.1,Bacteriovorax,"523C, 885A, 912G, 913G, 523C, 885A, 912G, 913G"
Bacteroides faecalis,GCF_003865075.1,Bacteroides,"912G, 912G, 912G, 912G, 912G"
Bacteroides heparinolyticus,GCF_002998535.1,Bacteroides,"885A, 885A, 885A, 885A"
Bacteroides humanifaecis,GCF_017309675.2,Bacteroides,"885A, 912G, 913G, 885A, 912G, 913G, 885A, 912G, 913G, 885A, 912G, 913G"
Bacteroides luhongzhouii,GCF_009193295.2,Bacteroides,523C
Bacteroides parvus,GCF_014287575.1,Bacteroides,"885A, 912G, 913G, 885A, 912G, 913G, 885A, 912G, 913G, 885A, 912G, 913G"
Bacteroides pyogenes,GCF_048595595.1,Bacteroides,"885A, 912G, 913G, 885A, 912G, 913G, 885A, 912G, 913G, 885A, 912G, 913G, 885A, 912G, 913G"
Bacteroides rhinocerotis,GCF_027942795.1,Bacteroides,"885A, 912G, 913G"
Bacteroides stercoris,GCF_000154525.1,Bacteroides,913G
Balneicella halophila,GCF_003096835.1,Balneicella,885A
Basilea psittacipulmonis,GCF_000743945.1,Basilea,"912G, 912G, 912G"
Bathymodiolus platifrons methanotrophic gill symbiont,GCF_002189065.1,Bathymodiolus,885A
Beduinella massiliensis,GCF_900199405.1,Beduinella,"912G, 913G, 912G, 913G, 912G, 913G, 912G, 913G"
Beduini massiliensis,GCF_000829905.1,Beduini,"912G, 913G, 912G, 913G, 912G, 913G, 912G, 913G, 912G, 913G, 912G, 913G"
Belliella alkalica,GCF_022549785.1,Belliella,"912G, 913G"
Belliella baltica,GCF_000265405.1,Belliella,"912G, 913G, 912G, 913G, 912G, 913G, 912G, 913G"
Belliella buryatensis,GCF_900188245.1,Belliella,"912G, 913G"
Belliella calami,GCF_022549695.1,Belliella,"912G, 913G"
Belliella filtrata,GCF_022549775.1,Belliella,"912G, 913G"
Belliella marina,GCF_042682445.1,Belliella,"912G, 913G"
Belliella pelovolcani,GCF_900156785.1,Belliella,"912G, 913G"
Belnapia arida,GCF_016773205.1,Belnapia,885A
Benzoatithermus flavus,GCF_037908215.1,Benzoatithermus,523C
Berryella intestinalis,GCF_000814825.1,Berryella,"523C, 523C"
Berryella wangjianweii,GCF_013201155.1,Berryella,523C
Beutenbergia cavernae,GCF_000023105.1,Beutenbergia,"523C, 523C"
Bianquea renquensis,GCF_014384895.1,Bianquea,523C
Bifidobacterium actinocoloniiforme,GCF_001263395.1,Bifidobacterium,"912G, 913G, 912G, 913G"
Bifidobacterium adolescentis,GCF_000010425.1,Bifidobacterium,912G
Bifidobacterium aerophilum,GCF_010667685.1,Bifidobacterium,523C
Bifidobacterium amazonense,GCF_018555435.2,Bifidobacterium,"523C, 523C"
Bifidobacterium angulatum,GCF_001025155.1,Bifidobacterium,"912G, 912G, 912G, 912G"
Bifidobacterium animalis,GCF_000022965.1,Bifidobacterium,885A
Bifidobacterium castoris,GCF_003952025.1,Bifidobacterium,885A
Bifidobacterium choloepi,GCF_010667615.1,Bifidobacterium,912G
Bifidobacterium colobi,GCF_018555455.1,Bifidobacterium,"912G, 913G"
Bifidobacterium criceti,GCF_002286935.1,Bifidobacterium,885A
Bifidobacterium cuniculi,GCF_000741575.1,Bifidobacterium,885A
Bifidobacterium dentium,GCF_001042595.1,Bifidobacterium,"885A, 885A, 885A, 885A"
Bifidobacterium dolichotidis,GCF_003951975.1,Bifidobacterium,885A
Bifidobacterium erythrocebi,GCF_012932675.1,Bifidobacterium,912G
Bifidobacterium felsineum,GCF_002802915.1,Bifidobacterium,912G
Bifidobacterium goeldii,GCF_003951095.1,Bifidobacterium,"912G, 913G"
Bifidobacterium italicum,GCF_002286915.1,Bifidobacterium,885A
Bifidobacterium margollesii,GCF_002860355.1,Bifidobacterium,885A
Bifidobacterium moraviense,GCF_012932365.1,Bifidobacterium,912G
Bifidobacterium moukalabense,GCF_005405645.1,Bifidobacterium,912G
Bifidobacterium myosotis,GCF_002259745.1,Bifidobacterium,"912G, 913G"
Bifidobacterium oedipodis,GCF_012932425.1,Bifidobacterium,885A
Bifidobacterium panos,GCF_012932445.1,Bifidobacterium,912G
Bifidobacterium parmae,GCF_002860365.1,Bifidobacterium,885A
Bifidobacterium platyrrhinorum,GCF_010667645.1,Bifidobacterium,"912G, 913G"
Bifidobacterium pongonis,GCF_019331805.1,Bifidobacterium,885A
Bifidobacterium pseudocatenulatum,GCF_001025215.1,Bifidobacterium,"885A, 885A, 885A, 885A, 885A, 885A"
Bifidobacterium pseudolongum,GCF_002706665.1,Bifidobacterium,"885A, 885A, 885A, 885A"
Bifidobacterium rousetti,GCF_008698235.1,Bifidobacterium,885A
Bifidobacterium ruminantium,GCF_000741365.1,Bifidobacterium,912G
Bifidobacterium santillanense,GCF_018555385.1,Bifidobacterium,885A
Bifidobacterium simiiventris,GCF_019331715.1,Bifidobacterium,523C
Bifidobacterium stellenboschense,GCF_000741785.1,Bifidobacterium,885A
Bifidobacterium tibiigranuli,GCF_009371875.1,Bifidobacterium,885A
Bifidobacterium xylocopae,GCF_003315615.1,Bifidobacterium,"912G, 913G, 912G, 913G"
Blastococcus brunescens,GCF_035320885.1,Blastococcus,"523C, 523C, 523C"
Blastococcus colisei,GCF_006717095.1,Blastococcus,"523C, 523C, 523C"
Blastococcus montanus,GCF_039679125.1,Blastococcus,"523C, 912G, 523C, 912G, 523C, 912G"
Blattabacterium clevelandi,GCF_003268615.1,Blattabacterium,"912G, 913G"
Blautia argi,GCF_003287895.1,Blautia,912G
Blautia difficilis,GCF_014297245.1,Blautia,912G
Blautia faecicola,GCF_004123145.1,Blautia,"912G, 913G, 912G, 913G, 912G, 913G, 912G, 913G"
Blochmannia endosymbiont of Polyrhachis (Hedomyrma) turneri,GCF_000973505.1,Blochmannia,"885A, 912G, 913G"
Bogoriella caseilytica,GCF_003752405.1,Bogoriella,"523C, 912G, 523C, 912G"
Bombilactobacillus bombi,GCF_964340835.1,Bombilactobacillus,"912G, 912G, 912G, 912G"
Bombilactobacillus mellis,GCF_000967245.1,Bombilactobacillus,912G
Borreliella turdi,GCF_030439285.2,Borreliella,"885A, 913G"
Botrimarina colliarenosi,GCF_007859955.1,Botrimarina,"912G, 913G"
Botrimarina hoheduenensis,GCF_007859815.1,Botrimarina,"912G, 913G"
Botrimarina mediterranea,GCF_007753265.1,Botrimarina,912G
Bovifimicola ammoniilytica,GCF_025567085.1,Bovifimicola,"912G, 913G"
Bowdeniella nasicola,GCF_001907295.1,Bowdeniella,"523C, 912G"
Brachybacterium alimentarium,GCF_002332425.1,Brachybacterium,523C
Brachybacterium epidermidis,GCF_015209585.1,Brachybacterium,"523C, 523C"
Brachybacterium halotolerans,GCF_020792675.1,Brachybacterium,"523C, 523C, 523C"
Brachybacterium kimchii,GCF_023373525.1,Brachybacterium,"523C, 523C, 523C"
Brachybacterium subflavum,GCF_009299795.1,Brachybacterium,523C
Brachymonas denitrificans,GCF_900110225.1,Brachymonas,523C
Bradymonas sediminis,GCF_003258315.1,Bradymonas,"912G, 912G, 912G, 912G, 912G"
Brenneria izadpanahii,GCF_017569925.1,Brenneria,912G
Brevibacillus fluminis,GCF_003710825.1,Brevibacillus,523C
Brevibacillus marinus,GCF_003963515.1,Brevibacillus,"912G, 912G, 912G, 912G, 912G, 912G, 912G"
Brevibacillus parabrevis,GCF_022701015.1,Brevibacillus,"912G, 912G, 912G, 912G"
Brevibacterium antiquum,GCF_016107655.1,Brevibacterium,"523C, 912G"
Brevibacterium limosum,GCF_011617705.1,Brevibacterium,912G
Brevibacterium oceani,GCF_017948325.1,Brevibacterium,912G
Brockia lithotrophica,GCF_003633725.1,Brockia,"912G, 913G"
Brotomerdimonas butyrica,GCF_025567305.1,Brotomerdimonas,885A
Brucella abortus,GCF_000369945.1,Brucella,"523C, 523C, 523C, 523C"
Brucella anthropi,GCF_015326295.1,Brucella,"523C, 523C, 523C, 523C"
Brucella canis,GCF_000018525.1,Brucella,"523C, 523C, 523C"
Brucella ceti,GCF_047324105.1,Brucella,"523C, 523C"
Brucella cytisi,GCF_038433355.1,Brucella,"523C, 523C, 523C, 523C, 523C, 523C"
Brucella inopinata,GCF_900095155.1,Brucella,"523C, 523C"
Brucella lupini,GCF_002252535.1,Brucella,523C
Brucella melitensis,GCF_000007125.1,Brucella,"523C, 523C, 523C"
Brucella microti,GCF_000022745.1,Brucella,"523C, 523C, 523C"
Brucella neotomae,GCF_900446125.1,Brucella,"523C, 523C, 523C"
Brucella ovis,GCF_000016845.1,Brucella,"523C, 523C, 523C"
Brucella pseudogrignonensis,GCF_022024335.1,Brucella,"523C, 523C, 523C, 523C, 523C"
Brucella suis,GCF_000007505.1,Brucella,"523C, 523C, 523C"
Brumimicrobium aurantiacum,GCF_003402975.1,Brumimicrobium,"885A, 912G, 913G"
Bryocella elongata,GCF_900108185.1,Bryocella,523C
Brytella acorum,GCF_029309905.1,Brytella,"912G, 913G"
Burkholderia mallei,GCF_033956065.1,Burkholderia,"912G, 912G, 912G, 912G"
Burkholderia pseudomallei,GCF_030297255.1,Burkholderia,"912G, 912G"
Burkholderia singularis,GCF_001718875.1,Burkholderia,"912G, 912G, 912G, 912G"
Burkholderia stagnalis,GCF_039848545.1,Burkholderia,"912G, 912G"
Caballeronia glathei,GCF_000751215.2,Caballeronia,912G
Caballeronia sordidicola,GCF_001544455.2,Caballeronia,912G
Caenibacillus caldisaponilyticus,GCF_002003465.1,Caenibacillus,523C
Caenimonas aquaedulcis,GCF_015831345.1,Caenimonas,912G
Caenimonas koreensis,GCF_009646335.1,Caenimonas,912G
Caenimonas soli,GCF_013155545.1,Caenimonas,912G
Caenimonas terrae,GCF_042655405.1,Caenimonas,912G
Caldalkalibacillus salinus,GCF_016745835.1,Caldalkalibacillus,912G
Caldanaerobacter subterraneus,GCF_000007085.1,Caldanaerobacter,"912G, 913G"
Caldilinea aerophila,GCF_000281175.1,Caldilinea,"912G, 913G, 912G, 913G"
Caldimicrobium thiodismutans,GCF_001548275.1,Caldimicrobium,"523C, 912G"
Caldimonas brevitalea,GCF_001017435.1,Caldimonas,"912G, 912G, 912G"
Caldimonas caldifontis,GCF_002930615.1,Caldimonas,912G
Caldimonas mangrovi,GCF_023721835.1,Caldimonas,912G
Caldimonas taiwanensis,GCF_001592165.1,Caldimonas,912G
Caldimonas thermodepolymerans,GCF_015476235.1,Caldimonas,912G
Caldisericum exile,GCF_000284335.1,Caldisericum,523C
Calditerrivibrio nitroreducens,GCF_000183405.1,Calditerrivibrio,"523C, 523C"
Calidifontibacillus erzurumensis,GCF_013303125.1,Calidifontibacillus,"912G, 913G"
Calidifontibacillus oryziterrae,GCF_000331575.1,Calidifontibacillus,"912G, 913G, 912G, 913G"
Caloramator mitchellensis,GCF_001440545.1,Caloramator,523C
Camelliibacillus cellulosilyticus,GCF_042654185.1,Camelliibacillus,523C
Candidatus Absconditicoccus praedator,GCF_021057185.1,Candidatus,"523C, 912G, 913G"
Candidatus Annandia pinicola,GCF_020541245.1,Candidatus,523C
Candidatus Arsenophonus lipoptenae,GCF_001534665.1,Candidatus,"912G, 913G"
Candidatus Blastococcus massiliensis,GCF_902375265.1,Candidatus,523C
Candidatus Blochmanniella pennsylvanica,GCF_000011745.1,Candidatus,"912G, 913G"
Candidatus Borkfalkia ceftriaxoniphila,GCF_004134775.1,Candidatus,523C
Candidatus Brevifilum fermentans,GCF_900184705.1,Candidatus,885A
Candidatus Chlorobium masyuteum,GCF_011601315.1,Candidatus,"885A, 912G, 913G, 885A, 912G, 913G"
Candidatus Curculioniphilus buchneri,GCF_964275155.1,Candidatus,"912G, 913G, 912G, 913G"
Candidatus Desulforudis audaxviator,GCF_003932015.1,Candidatus,"912G, 913G, 912G, 913G"
Candidatus Enterococcus ikei,GCF_017316105.1,Candidatus,"912G, 913G"
Candidatus Enterococcus lemimoniae,GCF_002148425.2,Candidatus,"912G, 913G, 912G, 913G, 912G, 913G, 912G, 913G"
Candidatus Enterococcus lowellii,GCF_017426705.2,Candidatus,"912G, 913G"
Candidatus Epulonipiscium viviparus,GCF_030708075.1,Candidatus,523C
Candidatus Formimonas warabiya,GCF_002777255.1,Candidatus,912G
Candidatus Hepatoplasma crinochetorum,GCF_000582535.1,Candidatus,"523C, 912G, 913G"
Candidatus Kinetoplastidibacterium blastocrithidiae,GCF_000319245.1,Candidatus,"912G, 912G, 912G"
Candidatus Kinetoplastidibacterium crithidiae,GCF_000340825.1,Candidatus,"912G, 912G, 912G"
Candidatus Kinetoplastidibacterium desouzai,GCF_000340795.1,Candidatus,"912G, 912G, 912G"
Candidatus Kinetoplastidibacterium galati,GCF_000340905.1,Candidatus,"912G, 912G, 912G"
Candidatus Kinetoplastidibacterium stringomonadis,GCF_000340865.1,Candidatus,"912G, 912G, 912G"
Candidatus Manganitrophus noduliformans,GCF_012184425.1,Candidatus,"912G, 913G"
Candidatus Megaera polyxenophila,GCF_029982035.1,Candidatus,523C
Candidatus Methylocalor cossyra,GCF_964023245.1,Candidatus,"885A, 912G, 913G"
Candidatus Methylomirabilis limnetica,GCF_003044035.1,Candidatus,"885A, 912G, 913G"
Candidatus Minimicrobia vallesae,GCF_018866205.1,Candidatus,"523C, 912G, 913G"
Candidatus Mycoplasma mahonii,GCF_030550815.1,Candidatus,523C
Candidatus Nesciobacter abundans,GCF_960610765.1,Candidatus,885A
Candidatus Nitronereus thalassa,GCF_032191465.1,Candidatus,"912G, 913G"
Candidatus Pantoea bituminis,GCF_018842675.1,Candidatus,"912G, 912G, 912G, 912G, 912G"
Candidatus Pelagisphaera phototrophica,GCF_014529625.1,Candidatus,523C
Candidatus Phytoplasma luffae,GCF_018024475.1,Candidatus,"912G, 912G"
Candidatus Phytoplasma oryzae,GCF_003263355.1,Candidatus,912G
Candidatus Phytoplasma pini,GCF_007821455.1,Candidatus,912G
Candidatus Phytoplasma sacchari,GCF_009268105.1,Candidatus,912G
Candidatus Planktophila dulcis,GCF_002287965.1,Candidatus,"912G, 913G"
Candidatus Planktophila lacus,GCF_002288325.1,Candidatus,"912G, 913G"
Candidatus Planktophila limnetica,GCF_002288365.1,Candidatus,"912G, 913G"
Candidatus Planktophila sulfonica,GCF_002288065.1,Candidatus,"912G, 913G"
Candidatus Planktophila vernalis,GCF_002288185.1,Candidatus,"912G, 913G"
Candidatus Planktophila versatilis,GCF_002288145.1,Candidatus,"912G, 913G"
Candidatus Profftella armatura,GCF_000441555.1,Candidatus,523C
Candidatus Promineifilum breve,GCF_900066015.1,Candidatus,912G
Candidatus Rhodoluna planktonica,GCF_001854225.1,Candidatus,523C
Candidatus Riesia pediculicola,GCF_000093065.1,Candidatus,"885A, 912G, 913G, 885A, 912G, 913G"
Candidatus Scalindua japonica,GCF_002443295.1,Candidatus,523C
Candidatus Seribacter sulfatis,GCF_964187635.1,Candidatus,912G
Candidatus Soleaferrea massiliensis,GCF_000820765.1,Candidatus,523C
Candidatus Thalassolituus haligoni,GCF_041222825.1,Candidatus,"912G, 912G, 912G"
Candidatus Thiodiazotropha endoloripes,GCF_001708955.1,Candidatus,912G
Candidatus Tisiphia endosymbiont of Beris chalybata,GCF_964026555.1,Candidatus,"912G, 913G"
Candidatus Tisiphia endosymbiont of Ceraclea dissimilis,GCF_964030735.1,Candidatus,"912G, 913G"
Candidatus Tisiphia endosymbiont of Dascillus cervinus,GCF_964026405.1,Candidatus,"912G, 913G"
Candidatus Tisiphia endosymbiont of Dioctria linearis,GCF_964026545.1,Candidatus,"912G, 913G"
Candidatus Tisiphia endosymbiont of Dioctria rufipes,GCF_964026595.1,Candidatus,"912G, 913G"
Candidatus Tisiphia endosymbiont of Ditula angustiorana,GCF_964026425.1,Candidatus,"912G, 913G"
Candidatus Tisiphia endosymbiont of Empis tessellata,GCF_964031035.1,Candidatus,"912G, 913G"
Candidatus Tisiphia endosymbiont of Hybos culiciformis,GCF_964030975.1,Candidatus,"912G, 913G"
Candidatus Tisiphia endosymbiont of Melanophora roralis,GCF_964026575.1,Candidatus,"912G, 913G"
Candidatus Tisiphia endosymbiont of Metellina segmentata,GCF_964030715.1,Candidatus,"912G, 913G"
Candidatus Tisiphia endosymbiont of Micropterix aruncella,GCF_965178575.1,Candidatus,"912G, 913G"
Candidatus Tisiphia endosymbiont of Myopa tessellatipennis,GCF_964031105.1,Candidatus,"912G, 913G"
Candidatus Tisiphia endosymbiont of Mystacides longicornis,GCF_964031095.1,Candidatus,"912G, 913G"
Candidatus Tisiphia endosymbiont of Nedyus quadrimaculatus,GCF_964059235.1,Candidatus,"912G, 913G"
Candidatus Tisiphia endosymbiont of Nemotelus uliginosus,GCF_964264755.1,Candidatus,"912G, 913G"
Candidatus Tisiphia endosymbiont of Neophilaenus lineatus,GCF_964264975.1,Candidatus,"912G, 913G"
Candidatus Tisiphia endosymbiont of Oplodontha viridula,GCF_964264865.1,Candidatus,"912G, 913G"
Candidatus Tisiphia endosymbiont of Parasteatoda lunata,GCF_964030955.1,Candidatus,"912G, 913G"
Candidatus Tisiphia endosymbiont of Piscicola geometra,GCF_964026415.1,Candidatus,"912G, 913G"
Candidatus Tisiphia endosymbiont of Psammoecus bipunctatus,GCF_964264915.1,Candidatus,"912G, 913G"
Candidatus Tisiphia endosymbiont of Ptychoptera albimana,GCF_964026605.1,Candidatus,"912G, 913G"
Candidatus Tisiphia endosymbiont of Sialis lutaria,GCF_964026535.1,Candidatus,"912G, 913G"
Candidatus Tisiphia endosymbiont of Stenodema calcarata,GCF_964030695.1,Candidatus,"912G, 913G"
Candidatus Tisiphia endosymbiont of Temnostethus pusillus,GCF_964264675.1,Candidatus,"912G, 913G"
Candidatus Tisiphia endosymbiont of Thecophora atra,GCF_964026395.1,Candidatus,"912G, 913G"
Candidatus Tisiphia endosymbiont of Xenochironomus xenolabis,GCF_964264705.1,Candidatus,"912G, 913G"
Candidatus Velamenicoccus archaeovorus,GCF_004102945.1,Candidatus,"523C, 912G"
Candidatus Walczuchella endosymbiont of Icerya purchasi,GCF_964030875.1,Candidatus,885A
Candidatus Walczuchella monophlebidarum,GCF_000709555.1,Candidatus,523C
Canibacter oris,GCF_014197205.1,Canibacter,"885A, 912G, 913G, 885A, 912G, 913G, 885A, 912G, 913G"
Canibacter zhoujuaniae,GCF_011752005.1,Canibacter,"885A, 885A"
Canibacter zhuwentaonis,GCF_018531145.1,Canibacter,523C
Canicola haemoglobinophilus,GCF_900450725.1,Canicola,"912G, 912G, 912G, 912G, 912G, 912G"
Capillibacterium thermochitinicola,GCF_013664685.1,Capillibacterium,523C
Capnocytophaga bilenii,GCF_017565765.1,Capnocytophaga,523C
Capnocytophaga canis,GCF_043187445.1,Capnocytophaga,"912G, 912G, 912G"
Capnocytophaga gingivalis,GCF_002302415.1,Capnocytophaga,"912G, 912G, 912G"
Capnocytophaga leadbetteri,GCF_003054025.1,Capnocytophaga,523C
Capnocytophaga ochracea,GCF_000023285.1,Capnocytophaga,"523C, 523C, 523C, 523C"
Capnocytophaga sputigena,GCF_002302495.1,Capnocytophaga,"523C, 523C, 523C"
Carbonactinospora thermoautotrophica,GCF_001543895.1,Carbonactinospora,"912G, 913G, 912G, 912G"
Carboxydocella sporoproducens,GCF_900167165.1,Carboxydocella,"885A, 912G"
Carboxydothermus pertinax,GCF_001950255.1,Carboxydothermus,885A
Cardinium endosymbiont of Bemisia tabaci,GCF_004300865.1,Cardinium,"912G, 913G"
Cardinium endosymbiont of Culicoides punctatus,GCF_004354815.1,Cardinium,913G
Carnobacterium alterfunditum,GCF_900143105.1,Carnobacterium,"912G, 913G, 912G, 913G, 912G, 913G, 912G, 913G, 912G, 913G, 912G, 913G, 912G, 913G, 912G, 913G"
Carnobacterium divergens,GCF_900446755.1,Carnobacterium,885A
Carnobacterium gallinarum,GCF_000744375.1,Carnobacterium,"912G, 913G, 912G, 913G, 912G, 913G, 912G, 913G, 912G, 913G, 912G, 913G"
Carnobacterium inhibens,GCF_000493735.1,Carnobacterium,"912G, 913G, 912G, 913G, 912G, 913G, 912G, 913G"
Carnobacterium jeotgali,GCF_000745125.1,Carnobacterium,"912G, 913G, 912G, 913G, 912G, 913G, 912G, 913G, 912G, 913G, 912G, 913G, 912G, 913G, 912G, 913G"
Castellaniella caeni,GCF_001592225.1,Castellaniella,912G
Cecembia calidifontis,GCF_004216715.1,Cecembia,"912G, 913G, 912G, 913G, 912G, 913G, 912G, 913G"
Cecembia lonarensis,GCF_000298295.1,Cecembia,"912G, 913G"
Cecembia rubra,GCF_003014575.1,Cecembia,"912G, 913G"
Cedecea neteri,GCF_002393445.1,Cedecea,885A
Celerinatantimonas diazotrophica,GCF_914590485.1,Celerinatantimonas,"912G, 913G, 912G, 913G, 912G, 913G, 912G, 913G, 912G, 913G, 912G, 913G"
Cellulomonas aerilata,GCF_007991755.1,Cellulomonas,"885A, 912G, 913G"
Cellulomonas alba,GCF_030362835.1,Cellulomonas,"885A, 912G, 913G"
Cellulomonas cellasea,GCF_006538745.1,Cellulomonas,"885A, 912G, 913G"
Cellulomonas chengniuliangii,GCF_024508335.1,Cellulomonas,"885A, 912G, 913G, 885A, 912G, 913G, 885A, 912G, 913G"
Cellulomonas dongxiuzhuiae,GCF_018623035.1,Cellulomonas,"885A, 912G, 913G, 885A, 912G, 913G"
Cellulomonas flavigena,GCF_000092865.1,Cellulomonas,"523C, 523C"
Cellulomonas iranensis,GCF_030814735.1,Cellulomonas,"523C, 523C"
Cellulomonas massiliensis,GCF_000312005.1,Cellulomonas,"885A, 912G, 913G"
Cellulomonas palmilytica,GCF_021590045.1,Cellulomonas,"885A, 912G, 913G, 885A, 912G, 913G"
Cellulomonas persica,GCF_007989825.1,Cellulomonas,"885A, 912G, 913G"
Cellulomonas soli,GCF_013409305.1,Cellulomonas,"885A, 912G, 913G, 885A, 912G, 913G"
Cellulomonas timonensis,GCF_900046455.1,Cellulomonas,"885A, 912G, 913G, 885A, 912G, 913G, 885A, 912G, 913G, 885A, 912G, 913G, 885A, 912G, 913G"
Cellulomonas uda,GCF_011759685.1,Cellulomonas,"885A, 912G, 913G"
Cellulomonas xiejunii,GCF_024508315.1,Cellulomonas,"523C, 523C"
Cellulosilyticum lentocellum,GCF_000178835.2,Cellulosilyticum,"913G, 523C, 523C, 913G, 523C, 913G, 523C, 523C, 523C"
Cellulosispirillum alkaliphilum,GCF_029688955.1,Cellulosispirillum,523C
Cerasicoccus arenae,GCF_016595555.1,Cerasicoccus,"912G, 913G"
Cerasicoccus fimbriatus,GCF_027257155.1,Cerasicoccus,"912G, 913G"
Cerasicoccus frondis,GCF_031296915.1,Cerasicoccus,"912G, 913G"
Chengkuizengella marina,GCF_009910845.1,Chengkuizengella,885A
Chengkuizengella sediminis,GCF_010078385.1,Chengkuizengella,885A
Chitinibacter bivalviorum,GCF_013403565.1,Chitinibacter,"912G, 912G, 912G, 912G, 912G, 912G, 912G, 912G"
Chitinibacter fontanus,GCF_013423785.1,Chitinibacter,"912G, 912G, 912G, 912G, 912G, 912G"
Chitinibacter mangrovi,GCF_040047665.1,Chitinibacter,"912G, 912G, 912G, 912G, 912G, 912G, 912G"
Chitinilyticum piscinae,GCF_015223195.1,Chitinilyticum,912G
Chitinimonas lacunae,GCF_042650885.1,Chitinimonas,"912G, 912G, 912G, 912G"
Chitiniphilus purpureus,GCF_025642115.1,Chitiniphilus,"912G, 912G, 912G"
Chitinolyticbacter meiyuanensis,GCF_008033135.1,Chitinolyticbacter,"912G, 912G, 912G, 912G"
Chitinophaga agri,GCF_010093065.1,Chitinophaga,"885A, 912G"
Chitinophaga fulva,GCF_012927205.1,Chitinophaga,"912G, 913G"
Chitinophaga oryzae,GCF_012516355.1,Chitinophaga,"885A, 912G, 913G"
Chitinophaga sedimenti,GCF_023156195.1,Chitinophaga,"912G, 913G"
Chloracidobacterium thermophilum,GCF_000226295.1,Chloracidobacterium,523C
Chlorobium ferrooxidans,GCF_000168715.1,Chlorobium,"885A, 912G, 913G"
Chlorobium limicola,GCF_000020465.1,Chlorobium,"913G, 913G"
Chlorobium phaeobacteroides,GCF_000015125.1,Chlorobium,"913G, 913G"
Chlorobium phaeovibrioides,GCF_003968655.1,Chlorobium,913G
Chloroflexus aurantiacus,GCF_000018865.1,Chloroflexus,"885A, 885A"
Chondrinema litorale,GCF_026250525.1,Chondrinema,"885A, 885A, 885A"
Christiangramia fulva,GCF_003024155.1,Christiangramia,"912G, 913G, 912G, 913G, 912G, 913G"
Christiangramia sabulilitoris,GCF_007050985.1,Christiangramia,523C
Christiangramia salexigens,GCF_001889005.1,Christiangramia,"523C, 523C, 523C"
Christiangramia sediminis,GCF_020552705.1,Christiangramia,523C
Chromobacterium alkanivorans,GCF_016937655.1,Chromobacterium,912G
Chromobacterium alticapitis,GCF_002924365.1,Chromobacterium,912G
Chromobacterium aquaticum,GCF_021129195.1,Chromobacterium,912G
Chromobacterium haemolyticum,GCF_009936155.1,Chromobacterium,"912G, 912G, 912G, 912G, 912G, 912G, 912G, 912G"
Chromobacterium piscinae,GCF_042430095.1,Chromobacterium,912G
Chromobacterium rhizoryzae,GCF_020544465.1,Chromobacterium,"912G, 912G, 912G, 912G, 912G, 912G, 912G, 912G"
Chromobacterium sphagni,GCF_001855575.1,Chromobacterium,"912G, 912G, 912G, 912G, 912G, 912G, 912G, 912G"
Chromobacterium subtsugae,GCF_036320555.1,Chromobacterium,"912G, 912G, 912G, 912G, 912G, 912G, 912G, 912G"
Chromobacterium vaccinii,GCF_001855275.1,Chromobacterium,"912G, 912G, 912G, 912G, 912G, 912G, 912G, 912G"
Chromobacterium violaceum,GCF_016890085.1,Chromobacterium,"912G, 912G, 912G, 912G, 912G, 912G, 912G, 912G"
Chroococcidiopsis cubana,GCF_003991895.1,Chroococcidiopsis,912G
Chroococcidiopsis thermalis,GCF_000317125.1,Chroococcidiopsis,"912G, 912G, 912G"
Chryseobacterium arachidis,GCF_900129245.1,Chryseobacterium,912G
Chryseobacterium camelliae,GCF_002770595.1,Chryseobacterium,"523C, 912G, 913G, 523C, 912G, 913G, 523C, 912G, 913G, 523C, 912G, 913G"
Chryseobacterium gilvum,GCF_025628965.1,Chryseobacterium,912G
Chryseobacterium manosquense,GCF_014623485.1,Chryseobacterium,913G
Chryseobacterium nakagawai,GCF_900637665.1,Chryseobacterium,885A
Chryseobacterium profundimaris,GCF_900182825.1,Chryseobacterium,"523C, 912G, 913G"
Chryseobacterium salviniae,GCF_035819015.1,Chryseobacterium,"523C, 912G, 913G, 523C, 912G, 913G"
Chryseobacterium takakiae,GCF_900129385.1,Chryseobacterium,"523C, 912G, 913G"
Citrobacter meridianamericanus,GCF_041320245.1,Citrobacter,"912G, 912G, 912G, 912G, 912G"
Citrobacter portucalensis,GCF_023374935.1,Citrobacter,912G
Cloacibacterium normanense,GCF_003860565.1,Cloacibacterium,"885A, 912G, 885A, 912G"
Cloacibacterium rupense,GCF_014645495.1,Cloacibacterium,912G
Clostridioides difficile,GCF_018885085.1,Clostridioides,"885A, 885A, 885A, 885A, 885A, 885A, 885A, 885A, 885A, 885A, 885A, 885A"
Clostridium aceticum,GCF_001042715.1,Clostridium,"885A, 885A"
Clostridium aminobutyricum,GCF_017255415.1,Clostridium,"885A, 885A"
Clostridium argentinense,GCF_002074155.1,Clostridium,"885A, 885A"
Clostridium beijerinckii,GCF_018223745.1,Clostridium,"885A, 885A, 885A, 885A, 885A, 885A, 885A"
Clostridium butyricum,GCF_014131795.1,Clostridium,"885A, 885A, 885A, 885A, 885A, 885A, 885A, 885A, 885A, 885A, 885A, 885A"
Clostridium chromiireducens,GCF_003575225.1,Clostridium,"885A, 885A, 885A, 885A, 885A, 885A, 885A"
Clostridium culturomicium,GCF_000821305.1,Clostridium,"912G, 913G, 912G, 913G, 912G, 913G, 912G, 913G"
Clostridium diolis,GCF_008705175.1,Clostridium,"885A, 885A, 885A, 885A, 885A, 885A, 885A, 885A, 885A, 885A, 885A, 885A, 885A"
Clostridium grantii,GCF_900129965.1,Clostridium,885A
Clostridium innocuum,GCF_012317185.1,Clostridium,"523C, 523C, 523C, 885A, 912G, 523C"
Clostridium manihotivorum,GCF_004015185.1,Clostridium,"523C, 885A, 885A"
Clostridium mediterraneense,GCF_900091705.1,Clostridium,"523C, 523C, 523C, 523C, 523C, 523C, 523C, 523C, 523C"
Clostridium omnivorum,GCF_026012015.1,Clostridium,"885A, 885A, 885A, 885A, 885A, 885A, 885A, 885A, 885A, 885A, 885A"
Clostridium puniceum,GCF_002006345.1,Clostridium,885A
Clostridium saccharobutylicum,GCF_000473995.1,Clostridium,"885A, 885A, 885A, 885A, 885A, 885A, 885A, 885A, 885A, 885A, 885A, 885A"
Clostridium saccharoperbutylacetonicum,GCF_000340885.1,Clostridium,"885A, 885A, 885A, 885A, 885A, 885A, 885A, 885A, 885A, 885A, 885A"
Clostridium scatologenes,GCF_000968375.1,Clostridium,"912G, 913G"
Clostridium sediminicola,GCF_050402865.1,Clostridium,885A
Clostridium sulfidigenes,GCF_000732635.1,Clostridium,"912G, 913G"
Clostridium taeniosporum,GCF_001735765.2,Clostridium,"885A, 885A"
Clostridium tunisiense,GCF_000300195.1,Clostridium,"912G, 913G"
Cnuibacter physcomitrellae,GCF_002096055.1,Cnuibacter,"912G, 912G"
Cohnella algarum,GCF_016937515.1,Cohnella,523C
Cohnella candidum,GCF_003713065.1,Cohnella,"523C, 523C, 523C, 523C, 523C, 523C, 523C, 523C"
Cohnella hashimotonis,GCF_030014955.1,Cohnella,"885A, 912G, 885A, 912G, 885A, 912G, 885A, 912G, 885A, 912G, 885A, 912G, 885A, 912G, 885A, 912G"
Cohnella herbarum,GCF_012849095.1,Cohnella,"913G, 523C"
Cohnella hongkongensis,GCF_042654645.1,Cohnella,913G
Cohnella mopanensis,GCF_022352055.1,Cohnella,523C
Cohnella nanjingensis,GCF_014212125.1,Cohnella,"885A, 912G"
Cohnella rhizosphaerae,GCF_029525575.1,Cohnella,"885A, 912G, 885A, 912G"
Collimonas silvisoli,GCF_018305005.1,Collimonas,912G
Comamonas antarctica,GCF_013363755.1,Comamonas,"912G, 912G"
Comamonas faecalis,GCF_039538025.1,Comamonas,912G
Comamonas flocculans,GCF_007954405.1,Comamonas,"912G, 912G, 912G"
Comamonas fluminis,GCF_019186805.1,Comamonas,"912G, 912G, 912G, 912G, 912G, 912G, 912G"
Comamonas halotolerans,GCF_030162935.1,Comamonas,912G
Comamonas kerstersii,GCF_002056725.1,Comamonas,"912G, 912G, 912G, 912G, 912G"
Comamonas odontotermitis,GCF_020080045.1,Comamonas,"912G, 912G, 912G"
Comamonas resistens,GCF_030064165.1,Comamonas,"912G, 912G, 912G, 912G, 912G, 912G, 912G, 912G"
Comamonas testosteroni,GCF_016599875.1,Comamonas,912G
Comamonas trifloxystrobinivorans,GCF_043359985.1,Comamonas,"912G, 913G"
Commensalibacter communis,GCF_947179105.1,Commensalibacter,912G
Commensalibacter melissae,GCF_003691365.1,Commensalibacter,"912G, 912G, 912G, 912G"
Commensalibacter nepenthis,GCF_029953305.1,Commensalibacter,"912G, 912G, 912G, 912G"
Commensalibacter oyaizuii,GCF_029953265.1,Commensalibacter,"912G, 912G, 912G, 912G"
Companilactobacillus mindensis,GCF_007992055.1,Companilactobacillus,523C
Compostimonas suwonensis,GCF_002797855.1,Compostimonas,523C
Conexibacter arvalis,GCF_014199525.1,Conexibacter,885A
Conexibacter stalactiti,GCF_033542075.1,Conexibacter,885A
Coprobacter secundus,GCF_015097275.1,Coprobacter,"912G, 913G, 912G, 913G, 912G, 913G, 912G, 913G, 912G, 913G"
Coprococcus aceti,GCF_025567285.1,Coprococcus,523C
Coprococcus eutactus,GCF_025149915.1,Coprococcus,"523C, 523C, 523C, 523C, 523C"
Coprothermobacter platensis,GCF_000378005.1,Coprothermobacter,"912G, 913G, 912G, 913G"
Coprothermobacter proteolyticus,GCF_000020945.1,Coprothermobacter,"912G, 913G, 912G, 913G"
Corallococcus coralloides,GCF_000255295.1,Corallococcus,912G
Corallococcus llansteffanensis,GCF_003612055.1,Corallococcus,912G
Corallococcus praedator,GCF_003612125.1,Corallococcus,912G
Corallococcus sicarius,GCF_003611735.1,Corallococcus,912G
Corallococcus silvisoli,GCF_009909145.1,Corallococcus,912G
Corallococcus soli,GCF_014930455.1,Corallococcus,912G
Corallococcus terminator,GCF_003611635.1,Corallococcus,912G
Coriobacterium glomerans,GCF_000195315.1,Coriobacterium,"523C, 885A"
Corticimicrobacter populi,GCF_003123725.1,Corticimicrobacter,523C
Corynebacterium accolens,GCF_023520795.1,Corynebacterium,523C
Corynebacterium afermentans,GCF_030408375.1,Corynebacterium,"523C, 523C, 523C, 523C"
Corynebacterium aquatimens,GCF_030408395.1,Corynebacterium,"912G, 913G, 912G, 913G, 912G, 913G"
Corynebacterium bouchesdurhonense,GCF_900078305.2,Corynebacterium,"523C, 912G, 913G, 523C, 912G, 913G"
Corynebacterium bovis,GCF_003932295.1,Corynebacterium,"523C, 912G"
Corynebacterium canis,GCF_030408595.1,Corynebacterium,"912G, 913G"
Corynebacterium caspium,GCF_030440555.1,Corynebacterium,"912G, 913G, 912G, 913G, 912G, 913G, 912G, 913G"
Corynebacterium confusum,GCF_030408715.1,Corynebacterium,"912G, 913G, 912G, 913G, 912G, 913G, 912G, 913G"
Corynebacterium coyleae,GCF_019048165.1,Corynebacterium,"912G, 912G"
Corynebacterium cystitidis,GCF_900187295.1,Corynebacterium,"912G, 913G, 912G, 913G, 912G, 913G, 912G, 913G"
Corynebacterium durum,GCF_030408675.1,Corynebacterium,"912G, 913G, 912G, 913G, 912G, 913G, 912G, 913G"
Corynebacterium faecium,GCF_027257105.1,Corynebacterium,523C
Corynebacterium felinum,GCF_030408755.1,Corynebacterium,"912G, 913G, 912G, 913G, 912G, 913G, 912G, 913G, 912G, 913G, 912G, 913G"
Corynebacterium flavescens,GCF_001941465.1,Corynebacterium,"912G, 913G"
Corynebacterium freiburgense,GCF_030408815.1,Corynebacterium,"523C, 523C, 523C, 523C, 523C"
Corynebacterium freneyi,GCF_019047805.1,Corynebacterium,"912G, 912G, 912G, 912G"
Corynebacterium glaucum,GCF_030408855.1,Corynebacterium,"523C, 523C, 523C, 523C"
Corynebacterium guangdongense,GCF_030408915.1,Corynebacterium,"912G, 912G, 912G, 912G, 912G"
Corynebacterium haemomassiliense,GCF_013978595.1,Corynebacterium,"912G, 912G"
Corynebacterium hansenii,GCF_030408795.1,Corynebacterium,"912G, 913G, 912G, 913G, 912G, 913G, 912G, 913G"
Corynebacterium heidelbergense,GCF_028609845.1,Corynebacterium,"912G, 913G, 912G, 913G, 912G, 913G"
Corynebacterium ihumii,GCF_028609825.1,Corynebacterium,"523C, 523C, 523C"
Corynebacterium imitans,GCF_900187215.1,Corynebacterium,"912G, 912G, 912G, 912G"
Corynebacterium kozikiae,GCF_024580965.1,Corynebacterium,"912G, 913G"
Corynebacterium lehmanniae,GCF_027570055.1,Corynebacterium,912G
Corynebacterium liangguodongii,GCF_003070865.1,Corynebacterium,"912G, 912G, 912G, 912G"
Corynebacterium lizhenjunii,GCF_011038655.2,Corynebacterium,"523C, 912G, 913G"
Corynebacterium lujinxingii,GCF_014490555.1,Corynebacterium,912G
Corynebacterium marambiense,GCF_016342275.1,Corynebacterium,"523C, 912G, 913G"
Corynebacterium mustelae,GCF_001020985.1,Corynebacterium,"912G, 912G, 912G, 912G"
Corynebacterium mycetoides,GCF_900103625.1,Corynebacterium,"912G, 912G, 912G, 912G"
Corynebacterium pilosum,GCF_900447205.1,Corynebacterium,"912G, 913G, 912G, 913G"
Corynebacterium pseudodiphtheriticum,GCF_000688415.1,Corynebacterium,"912G, 913G"
Corynebacterium pseudokroppenstedtii,GCF_030486685.2,Corynebacterium,"912G, 912G, 912G"
Corynebacterium qintianiae,GCF_011038645.2,Corynebacterium,912G
Corynebacterium renale,GCF_900478035.1,Corynebacterium,"912G, 912G, 912G, 912G"
Corynebacterium resistens,GCF_000177535.2,Corynebacterium,"523C, 912G"
Corynebacterium riegelii,GCF_001263755.1,Corynebacterium,"523C, 912G, 913G, 523C, 912G, 913G"
Corynebacterium rouxii,GCF_902702935.1,Corynebacterium,"885A, 885A"
Corynebacterium simulans,GCF_001586235.1,Corynebacterium,"912G, 912G, 912G, 912G"
Corynebacterium stationis,GCF_001941345.1,Corynebacterium,"523C, 523C, 523C, 523C, 523C"
Corynebacterium suranareeae,GCF_002355155.1,Corynebacterium,"912G, 913G, 523C, 912G, 913G, 523C, 912G, 913G, 523C, 912G, 913G"
Corynebacterium uberis,GCF_020616335.1,Corynebacterium,"912G, 912G, 912G, 912G"
Corynebacterium ureicelerivorans,GCF_000747315.1,Corynebacterium,523C
Corynebacterium urinipleomorphum,GCF_900155535.1,Corynebacterium,"912G, 913G"
Corynebacterium yudongzhengii,GCF_003065405.1,Corynebacterium,"523C, 523C, 523C, 523C"
Costertonia aggregata,GCF_013402795.1,Costertonia,"885A, 912G, 913G, 885A, 912G, 913G, 885A, 912G, 913G"
Coxiella endosymbiont of Ornithodoros amblus,GCF_019425495.1,Coxiella,523C
Coxiella-like endosymbiont,GCF_002871095.1,Coxiella-like,"885A, 912G, 913G"
Crassaminicella profunda,GCF_019884785.1,Crassaminicella,"523C, 523C, 523C, 523C, 523C, 523C, 523C, 523C, 523C, 523C, 523C, 523C, 523C"
Crassaminicella thermophila,GCF_008152325.1,Crassaminicella,"913G, 523C, 523C, 885A, 523C, 912G, 523C, 885A, 523C, 885A, 523C"
Craterilacuibacter sinensis,GCF_009831765.1,Craterilacuibacter,912G
Crenobacter caeni,GCF_010435965.1,Crenobacter,912G
Crenobacter intestini,GCF_004919095.1,Crenobacter,912G
Crenobacter luteus,GCF_001619695.1,Crenobacter,912G
Crenobacter oryzisoli,GCF_030385785.1,Crenobacter,"912G, 912G, 912G, 912G, 912G"
Croceivirga lutea,GCF_014235875.1,Croceivirga,912G
Croceivirga thetidis,GCF_012272815.1,Croceivirga,"912G, 913G"
Cronobacter turicensis,GCF_041222865.1,Cronobacter,"885A, 913G"
Cruoricaptor ignavus,GCF_014961145.1,Cruoricaptor,"885A, 885A"
Cryobacterium algoritolerans,GCF_004402785.1,Cryobacterium,523C
Cryobacterium aureum,GCF_002954245.1,Cryobacterium,523C
Cryobacterium breve,GCF_004402375.1,Cryobacterium,523C
Cryobacterium cheniae,GCF_004403395.1,Cryobacterium,523C
Cryobacterium flavum,GCF_004402625.1,Cryobacterium,523C
Cryobacterium frigoriphilum,GCF_004403305.1,Cryobacterium,523C
Cryobacterium fucosi,GCF_004403515.1,Cryobacterium,523C
Cryobacterium gelidum,GCF_004403985.1,Cryobacterium,523C
Cryobacterium glaciale,GCF_004402535.1,Cryobacterium,523C
Cryobacterium inferilacus,GCF_019599185.1,Cryobacterium,523C
Cryobacterium levicorallinum,GCF_007992355.1,Cryobacterium,523C
Cryobacterium luteum,GCF_004402515.1,Cryobacterium,523C
Cryobacterium lyxosi,GCF_004403345.1,Cryobacterium,523C
Cryobacterium mannosilyticum,GCF_004402705.1,Cryobacterium,523C
Cryobacterium melibiosiphilum,GCF_003602235.1,Cryobacterium,523C
Cryobacterium psychrophilum,GCF_004365915.1,Cryobacterium,"523C, 523C, 523C, 523C"
Cryobacterium roopkundense,GCF_014200405.1,Cryobacterium,"523C, 523C, 523C, 523C"
Cryobacterium sandaracinum,GCF_004403415.1,Cryobacterium,523C
Cryobacterium shii,GCF_004402595.1,Cryobacterium,523C
Culturomica massiliensis,GCF_900091655.1,Culturomica,"913G, 913G, 913G"
Cuneatibacter caecimuris,GCF_004216775.1,Cuneatibacter,523C
Cupriavidus neocaledonicus,GCF_900250125.1,Cupriavidus,913G
Curtobacterium aetherium,GCF_018885305.1,Curtobacterium,"523C, 523C, 523C, 523C"
Curtobacterium ammoniigenes,GCF_001571045.1,Curtobacterium,523C
Curtobacterium aurantiacum,GCF_018598405.1,Curtobacterium,523C
Curtobacterium caseinilyticum,GCF_030363035.1,Curtobacterium,523C
Curtobacterium citreum,GCF_006715175.1,Curtobacterium,"523C, 523C, 523C, 523C"
Curtobacterium citri,GCF_030362955.1,Curtobacterium,523C
Curtobacterium flaccumfaciens,GCF_024925425.1,Curtobacterium,"523C, 523C, 523C"
Curtobacterium luteum,GCF_016907595.1,Curtobacterium,"523C, 523C, 523C"
Curtobacterium oceanosedimentum,GCF_040545555.1,Curtobacterium,523C
Curtobacterium poinsettiae,GCF_047226435.1,Curtobacterium,"523C, 523C, 523C"
Curtobacterium pusillum,GCF_014138325.1,Curtobacterium,523C
Curtobacterium salicis,GCF_011759505.1,Curtobacterium,523C
Curtobacterium subtropicum,GCF_030362975.1,Curtobacterium,523C
Curvibacter cyanobacteriorum,GCF_028649475.1,Curvibacter,912G
Curvibacter delicatus,GCF_001592265.1,Curvibacter,912G
Curvibacter gracilis,GCF_000518645.1,Curvibacter,912G
Curvibacter microcysteis,GCF_028649455.1,Curvibacter,912G
Curvibacter soli,GCF_029211125.1,Curvibacter,912G
Cyclobacterium jeungdonense,GCF_010994275.1,Cyclobacterium,"912G, 913G"
Cyclobacterium plantarum,GCF_011290685.1,Cyclobacterium,"912G, 913G"
Cyclobacterium roseum,GCF_010119225.1,Cyclobacterium,"912G, 913G"
Cyclobacterium salsum,GCF_010119245.1,Cyclobacterium,"912G, 913G"
Cyclobacterium xiamenense,GCF_900109255.1,Cyclobacterium,"912G, 913G"
Cyclonatronum proteinivorum,GCF_003353065.1,Cyclonatronum,"523C, 523C, 523C"
Cylindrospermum stagnale,GCF_000317535.1,Cylindrospermum,912G
Cytobacillus purgationiresistens,GCF_030813235.1,Cytobacillus,"912G, 913G"
Dakarella massiliensis,GCF_001182045.1,Dakarella,"523C, 523C"
Deefgea chitinilytica,GCF_016881405.1,Deefgea,912G
Deefgea salmonis,GCF_020531905.1,Deefgea,912G
Deefgea tanakiae,GCF_019665765.1,Deefgea,"912G, 912G, 912G, 912G, 912G, 912G, 912G"
Deferrivibrio essentukiensis,GCF_020480685.1,Deferrivibrio,912G
Defluviitalea saccharophila,GCF_038396635.1,Defluviitalea,"912G, 912G, 912G, 912G, 885A, 912G, 912G, 912G, 912G"
Defluviitoga tunisiensis,GCF_000953715.1,Defluviitoga,"912G, 913G, 912G, 913G, 912G, 913G"
Deinococcus altitudinis,GCF_045784255.1,Deinococcus,"523C, 912G, 523C, 912G, 523C, 912G"
Deinococcus deserti,GCF_000020685.1,Deinococcus,"523C, 912G, 523C, 912G, 523C, 912G, 523C, 912G"
Deinococcus enclensis,GCF_030804085.1,Deinococcus,"523C, 885A, 912G, 913G"
Deinococcus ficus,GCF_003444775.1,Deinococcus,"523C, 885A, 912G, 913G, 523C, 885A, 912G, 913G, 523C, 885A, 912G, 913G"
Deinococcus metalli,GCF_042648985.1,Deinococcus,"523C, 913G"
Dellaglioa kimchii,GCF_046115505.1,Dellaglioa,"912G, 913G, 912G, 913G, 912G, 913G, 912G, 913G, 912G, 913G"
Demequina salsinemoris,GCF_000974805.1,Demequina,885A
Denitratimonas tolerans,GCF_037203605.1,Denitratimonas,"912G, 913G"
Denitrificimonas halotolerans,GCF_034259425.1,Denitrificimonas,885A
Dermatobacter hominis,GCF_020715685.1,Dermatobacter,523C
Derxia lacustris,GCF_002105195.1,Derxia,"913G, 913G, 913G"
Desmospora profundinema,GCF_031454155.1,Desmospora,"885A, 912G, 913G"
Desulfacinum hydrothermale,GCF_900176285.1,Desulfacinum,"912G, 913G, 912G, 913G"
Desulfarculus baarsii,GCF_000143965.1,Desulfarculus,523C
Desulfatirhabdium butyrativorans,GCF_000429925.1,Desulfatirhabdium,"912G, 913G"
Desulfatitalea alkaliphila,GCF_022968795.1,Desulfatitalea,523C
Desulfatitalea tepidiphila,GCF_001293685.1,Desulfatitalea,523C
Desulfitibacter alkalitolerans,GCF_000620305.1,Desulfitibacter,"912G, 912G, 912G"
Desulfitobacterium chlororespirans,GCF_900143285.1,Desulfitobacterium,"912G, 913G"
Desulfitobacterium dehalogenans,GCF_000243155.2,Desulfitobacterium,"912G, 913G, 912G, 913G"
Desulfitobacterium hafniense,GCF_000021925.1,Desulfitobacterium,"912G, 913G, 912G, 913G, 912G, 913G, 912G, 913G"
Desulfitobacterium metallireducens,GCF_000231405.2,Desulfitobacterium,"912G, 913G, 912G, 913G, 912G, 913G, 912G, 913G, 912G, 913G, 912G, 913G, 912G, 913G, 912G, 913G"
Desulfobacca acetoxidans,GCF_000195295.1,Desulfobacca,912G
Desulfobacter hydrogenophilus,GCF_004319545.1,Desulfobacter,"912G, 913G, 912G, 913G, 912G, 913G, 912G, 913G, 912G, 913G"
Desulfobacula phenolica,GCF_900105645.1,Desulfobacula,523C
Desulfobulbus elongatus,GCF_000621145.1,Desulfobulbus,"912G, 912G, 912G, 912G"
Desulfocapsa sulfexigens,GCF_000341395.1,Desulfocapsa,"885A, 913G, 885A, 913G, 885A, 913G"
Desulfocicer vacuolatum,GCF_900176365.1,Desulfocicer,"885A, 913G"
Desulfofundulus kuznetsovii,GCF_000214705.1,Desulfofundulus,"523C, 885A, 912G"
Desulfohalobium retbaense,GCF_000024325.1,Desulfohalobium,"885A, 912G, 913G, 885A, 912G, 913G"
Desulfomarina profundi,GCF_019703855.1,Desulfomarina,"885A, 885A, 885A"
Desulfonatronospira thiodismutans,GCF_000174435.1,Desulfonatronospira,"912G, 912G"
Desulfonauticus submarinus,GCF_900104045.1,Desulfonauticus,"885A, 912G, 913G, 885A, 912G, 913G"
Desulfonema ishimotonii,GCF_003851005.1,Desulfonema,"523C, 523C, 523C, 523C"
Desulfopila inferna,GCF_016919005.1,Desulfopila,"885A, 912G"
Desulfoprunum benzoelyticum,GCF_014201505.1,Desulfoprunum,"885A, 913G"
Desulforamulus ruminis,GCF_000215085.1,Desulforamulus,"885A, 913G"
Desulforegula conservatrix,GCF_000426225.1,Desulforegula,523C
Desulforhopalus singaporensis,GCF_900104445.1,Desulforhopalus,"885A, 913G"
Desulforhopalus vacuolatus,GCF_016918505.1,Desulforhopalus,"885A, 912G"
Desulfosarcina alkanivorans,GCF_009688945.1,Desulfosarcina,"523C, 523C"
Desulfosarcina cetonica,GCF_001311845.1,Desulfosarcina,523C
Desulfosarcina ovata,GCF_009688985.1,Desulfosarcina,"523C, 523C"
Desulfosarcina variabilis,GCF_048565275.1,Desulfosarcina,"523C, 523C"
Desulfosarcina widdelii,GCF_009688965.1,Desulfosarcina,"523C, 523C"
Desulfosediminicola flagellatus,GCF_005116655.2,Desulfosediminicola,"885A, 913G, 885A, 913G, 885A, 913G, 885A, 913G, 885A, 913G, 885A, 913G, 885A, 913G"
Desulfosediminicola ganghwensis,GCF_005116675.2,Desulfosediminicola,"885A, 913G, 885A, 913G, 885A, 913G, 885A, 913G, 885A, 913G, 885A, 913G"
Desulfosporosinus acididurans,GCF_001029285.1,Desulfosporosinus,"912G, 913G"
Desulfosporosinus acidiphilus,GCF_000255115.2,Desulfosporosinus,"912G, 913G"
Desulfosporosinus meridiei,GCF_000231385.2,Desulfosporosinus,"523C, 523C"
Desulfosporosinus orientis,GCF_000235605.1,Desulfosporosinus,"912G, 913G, 912G, 913G, 912G, 913G, 912G, 913G, 912G, 913G"
Desulfosporosinus paludis,GCF_045689965.1,Desulfosporosinus,"912G, 913G, 912G, 913G, 912G, 913G, 912G, 913G, 912G, 913G, 912G, 913G, 912G, 913G, 912G, 913G, 912G, 913G"
Desulfosporosinus shakirovi,GCF_020595055.1,Desulfosporosinus,"912G, 913G"
Desulfosporosinus youngiae,GCF_000244895.1,Desulfosporosinus,"523C, 523C, 885A, 912G, 913G, 523C, 523C"
Desulfosudis oleivorans,GCF_000018405.1,Desulfosudis,523C
Desulfotalea psychrophila,GCF_000025945.1,Desulfotalea,"912G, 912G, 912G, 912G, 912G"
Desulfotomaculum nigrificans,GCF_000214435.1,Desulfotomaculum,"885A, 912G, 885A, 912G, 885A, 912G, 885A, 912G, 885A, 912G, 885A, 912G"
Desulfovermiculus halophilus,GCF_000620765.1,Desulfovermiculus,885A
Desulfovibrio desulfuricans,GCF_017815575.1,Desulfovibrio,912G
Desulfuribacillus stibiiarsenatis,GCF_001742305.1,Desulfuribacillus,"885A, 912G"
Desulfurispira natronophila,GCF_014203025.1,Desulfurispira,"523C, 885A"
Desulfuromusa kysingii,GCF_900107645.1,Desulfuromusa,523C
Dethiobacter alkaliphilus,GCF_000174415.1,Dethiobacter,523C
Dethiosulfovibrio peptidovorans,GCF_000172975.1,Dethiosulfovibrio,"523C, 912G, 523C, 912G, 523C, 912G, 523C, 912G, 523C, 912G"
Dethiosulfovibrio salsuginis,GCF_900177735.1,Dethiosulfovibrio,"523C, 912G"
Dialister invisus,GCF_000160055.1,Dialister,"912G, 912G"
Dialister pneumosintes,GCF_003570845.1,Dialister,523C
Diaphorobacter limosus,GCF_033100095.1,Diaphorobacter,912G
Dickeya aquatica,GCF_900095885.1,Dickeya,912G
Dictyobacter alpinus,GCF_003967575.1,Dictyobacter,"885A, 885A, 885A, 885A, 912G, 913G, 885A, 885A"
Dictyobacter arantiisoli,GCF_008326305.1,Dictyobacter,885A
Dictyobacter formicarum,GCF_016587435.1,Dictyobacter,"885A, 885A, 885A, 885A, 885A, 885A"
Dictyobacter kobayashii,GCF_003967555.1,Dictyobacter,"885A, 885A, 523C"
Dictyoglomus thermophilum,GCF_000020965.1,Dictyoglomus,"912G, 913G"
Dietzia aerolata,GCF_042685785.1,Dietzia,"912G, 912G, 912G"
Dietzia alimentaria,GCF_000226215.1,Dietzia,"912G, 913G"
Dietzia aurantiaca,GCF_021033825.1,Dietzia,523C
Dietzia maris,GCF_044542495.1,Dietzia,523C
Dietzia natronolimnaea,GCF_039525805.1,Dietzia,912G
Dietzia psychralcaliphila,GCF_003096095.1,Dietzia,"912G, 912G, 912G"
Dissulfurirhabdus thermomarina,GCF_012979235.1,Dissulfurirhabdus,"912G, 913G"
Dokdonia sinensis,GCF_003688895.1,Dokdonia,"912G, 913G"
Domibacillus tundrae,GCF_000970675.1,Domibacillus,523C
Dongshaea marina,GCF_003072645.1,Dongshaea,"913G, 913G"
Dubosiella newyorkensis,GCF_001945605.1,Dubosiella,"885A, 912G"
Duganella zoogloeoides,GCF_034479515.1,Duganella,"912G, 912G, 912G"
Duncaniella muricolitica,GCF_910574735.1,Duncaniella,885A
Dyadobacter arcticus,GCF_011762185.1,Dyadobacter,"912G, 913G"
Dyadobacter bucti,GCF_005869225.1,Dyadobacter,"885A, 912G, 913G"
Dyadobacter chenwenxiniae,GCF_022869785.1,Dyadobacter,"912G, 913G, 912G, 913G, 912G, 913G"
Dyadobacter diqingensis,GCF_024220585.1,Dyadobacter,523C
Dyadobacter fanqingshengii,GCF_023822005.2,Dyadobacter,"912G, 913G, 912G, 913G"
Dyadobacter koreensis,GCF_900108855.1,Dyadobacter,"912G, 913G"
Dyadobacter pollutisoli,GCF_026625565.1,Dyadobacter,"912G, 913G, 912G, 913G"
Dyadobacter soli,GCF_900101885.1,Dyadobacter,"912G, 913G"
Dyella acidiphila,GCF_014863405.1,Dyella,523C
Dyella agri,GCF_044904705.1,Dyella,523C
Dyella caseinilytica,GCF_016865235.1,Dyella,"523C, 523C"
Dyella dinghuensis,GCF_003977615.1,Dyella,"523C, 523C"
Dyella flagellata,GCF_030160275.1,Dyella,"912G, 913G"
Dyella humicola,GCF_026283945.1,Dyella,523C
Dyella mobilis,GCF_030160315.1,Dyella,523C
Dyella nitratireducens,GCF_014642835.1,Dyella,523C
Dyella psychrodurans,GCF_003363265.1,Dyella,523C
Dyella telluris,GCF_014297575.1,Dyella,523C
Echinicola salinicaeni,GCF_014280965.1,Echinicola,"912G, 913G"
Echinicola soli,GCF_006575665.1,Echinicola,"912G, 913G, 912G, 913G, 912G, 913G, 912G, 913G"
Edaphobacter acidisoli,GCF_014642855.1,Edaphobacter,523C
Edaphobacter aggregans,GCF_000745965.1,Edaphobacter,523C
Edaphobacter bradus,GCF_025685645.1,Edaphobacter,523C
Edaphobacter dinghuensis,GCF_014640335.1,Edaphobacter,523C
Edaphobacter modestus,GCF_004217555.1,Edaphobacter,523C
Edaphobacter paludis,GCF_039993895.1,Edaphobacter,523C
Eggerthella sinensis,GCF_003339815.1,Eggerthella,"912G, 913G"
Eggerthia catenaformis,GCF_000340375.1,Eggerthia,"912G, 912G, 912G, 912G, 912G, 913G"
Eleftheria terrae,GCF_030419005.1,Eleftheria,"912G, 912G, 912G, 912G"
Emticicia aquatilis,GCF_014644295.1,Emticicia,885A
Endozoicomonas ascidiicola,GCF_001646945.1,Endozoicomonas,"912G, 913G"
Engelhardtia mirabilis,GCF_007748095.1,Engelhardtia,"885A, 912G, 913G"
Enterobacter asburiae,GCF_007035805.1,Enterobacter,912G
Enterocloster citroniae,GCF_040545455.1,Enterocloster,912G
Enterococcus caccae,GCF_000394055.1,Enterococcus,"912G, 913G, 912G, 913G"
Enterococcus columbae,GCF_000407225.1,Enterococcus,523C
Enterococcus haemoperoxidus,GCF_000393995.1,Enterococcus,523C
Enterococcus phoeniculicola,GCF_000394035.1,Enterococcus,"912G, 913G, 912G, 913G"
Enterococcus ratti,GCF_001886195.1,Enterococcus,"912G, 913G"
Enterococcus rotai,GCF_001465345.1,Enterococcus,"912G, 913G"
Enterococcus saccharolyticus,GCF_029023825.1,Enterococcus,"523C, 885A"
Enterococcus silesiacus,GCF_001886225.1,Enterococcus,"912G, 913G"
Enterococcus timonensis,GCF_900104595.1,Enterococcus,"912G, 913G"
Enterococcus ureasiticus,GCF_001730285.1,Enterococcus,"912G, 913G"
Enterococcus ureilyticus,GCF_001730315.1,Enterococcus,"912G, 913G"
Entomomonas moraniae,GCF_003991975.1,Entomomonas,"912G, 913G"
Entomoplasma freundtii,GCF_002804205.1,Entomoplasma,"912G, 912G"
Entomospira entomophila,GCF_028748125.1,Entomospira,"523C, 523C"
Entomospira nematocerorum,GCF_028748105.1,Entomospira,"523C, 523C"
Ephemeroptericola cinctiostellae,GCF_003339525.1,Ephemeroptericola,"523C, 523C, 523C, 523C"
Erwinia pyri,GCF_030758455.1,Erwinia,"912G, 912G, 912G"
Exiguobacterium aurantiacum,GCF_000702585.1,Exiguobacterium,885A
Exiguobacterium marinum,GCF_000620845.1,Exiguobacterium,"885A, 885A, 885A, 885A, 885A, 885A"
Faecalibacterium butyricigenerans,GCF_020687345.1,Faecalibacterium,885A
Faecalibacterium langellae,GCF_002549775.1,Faecalibacterium,"912G, 913G"
Faecalibacterium tardum,GCF_040096515.1,Faecalibacterium,885A
Faecalicoccus pleomorphus,GCF_900459315.1,Faecalicoccus,"885A, 912G, 885A, 912G, 885A, 912G"
Faecalimicrobium dakarense,GCF_000499525.1,Faecalimicrobium,523C
Faucicola mancuniensis,GCF_046523945.1,Faucicola,"913G, 885A, 913G, 885A, 913G"
Fenollaria massiliensis,GCF_023347705.1,Fenollaria,"523C, 523C, 523C, 523C"
Fenollaria sporofastidiosus,GCF_943169635.2,Fenollaria,"523C, 523C, 523C, 523C"
Ferrimonas balearica,GCF_000148645.1,Ferrimonas,912G
Fervidicola ferrireducens,GCF_001562425.1,Fervidicola,523C
Fervidobacterium nodosum,GCF_000017545.1,Fervidobacterium,"885A, 912G, 913G, 885A, 912G, 913G"
Fervidobacterium thailandense,GCF_001719065.1,Fervidobacterium,"885A, 912G, 913G"
Fibrella rubiginis,GCF_017353185.1,Fibrella,"912G, 913G"
Fibrisoma limi,GCF_000296815.2,Fibrisoma,"885A, 912G, 913G, 885A, 912G, 913G, 885A, 912G, 913G"
Fibrisoma montanum,GCF_003583365.1,Fibrisoma,523C
Filifactor villosus,GCF_042652965.1,Filifactor,"523C, 885A"
Flagellimonas aequoris,GCF_003584165.1,Flagellimonas,"885A, 912G, 913G, 885A, 912G, 913G, 885A, 912G, 913G, 885A, 912G, 913G"
Flagellimonas flava,GCF_900129665.1,Flagellimonas,"885A, 885A"
Flagellimonas hadalis,GCF_007785775.2,Flagellimonas,"885A, 912G, 913G"
Flagellimonas hymeniacidonis,GCF_008040165.1,Flagellimonas,885A
Flagellimonas iocasae,GCF_042682725.1,Flagellimonas,"885A, 912G, 913G"
Flagellimonas oceani,GCF_011068285.1,Flagellimonas,523C
Flagellimonas pacifica,GCF_900215465.1,Flagellimonas,885A
Flagellimonas pelagia,GCF_003584135.1,Flagellimonas,"885A, 912G, 913G, 885A, 912G, 913G, 885A, 912G, 913G, 885A, 912G, 913G"
Flagellimonas sediminis,GCF_010500845.1,Flagellimonas,"885A, 912G, 913G"
Flammeovirga agarivorans,GCF_012641475.1,Flammeovirga,912G
Flammeovirga aprica,GCF_012844305.1,Flammeovirga,"912G, 913G"
Flammeovirga kamogawensis,GCF_018736065.1,Flammeovirga,"523C, 523C, 523C, 523C, 523C, 523C, 523C, 523C, 523C, 523C"
Flammeovirga pacifica,GCF_000807855.2,Flammeovirga,912G
Flammeovirga pectinis,GCF_003970675.1,Flammeovirga,"523C, 523C, 523C, 523C, 523C, 523C, 523C, 523C, 523C, 523C"
Flammeovirga yaeyamensis,GCF_018736045.1,Flammeovirga,"912G, 912G, 912G, 912G, 912G, 912G, 912G, 912G"
Flaviflexus ciconiae,GCF_003971195.1,Flaviflexus,"885A, 912G, 913G, 885A, 912G, 913G, 885A, 912G, 913G"
Flavilitoribacter nigricans,GCF_002646595.1,Flavilitoribacter,"912G, 913G"
Flaviramulus multivorans,GCF_021728415.1,Flaviramulus,"912G, 913G"
Flavobacterium acetivorans,GCF_020911885.1,Flavobacterium,"912G, 913G, 912G, 913G, 912G, 913G, 912G, 913G, 912G, 913G, 912G, 913G"
Flavobacterium aerium,GCF_030766725.1,Flavobacterium,912G
Flavobacterium agrisoli,GCF_016522065.1,Flavobacterium,912G
Flavobacterium akiainvivens,GCF_001278115.1,Flavobacterium,"885A, 912G, 913G, 885A, 912G, 913G"
Flavobacterium algoris,GCF_048158525.1,Flavobacterium,"912G, 913G"
Flavobacterium algoritolerans,GCF_030010385.1,Flavobacterium,"912G, 913G"
Flavobacterium ammonificans,GCF_020886115.1,Flavobacterium,"912G, 913G, 912G, 913G, 912G, 913G"
Flavobacterium amnicola,GCF_004122165.1,Flavobacterium,"912G, 913G"
Flavobacterium anhuiense,GCF_001705175.1,Flavobacterium,"912G, 913G, 912G, 913G, 912G, 913G, 912G, 913G, 912G, 913G"
Flavobacterium aquariorum,GCF_003254745.1,Flavobacterium,"912G, 913G"
Flavobacterium aquaticum,GCF_003259835.1,Flavobacterium,"912G, 913G"
Flavobacterium aquatile,GCF_000757385.1,Flavobacterium,"912G, 913G"
Flavobacterium aquidurense,GCF_002217195.1,Flavobacterium,"912G, 913G"
Flavobacterium aquiphilum,GCF_027111335.1,Flavobacterium,"912G, 913G, 912G, 913G, 912G, 913G, 912G, 913G, 912G, 913G"
Flavobacterium arabinosi,GCF_048158725.1,Flavobacterium,"912G, 913G"
Flavobacterium araucananum,GCF_003148525.1,Flavobacterium,"912G, 913G"
Flavobacterium arcticum,GCF_003344925.1,Flavobacterium,"885A, 912G, 913G, 885A, 912G, 913G, 885A, 912G, 913G"
Flavobacterium ardleyense,GCF_033547075.1,Flavobacterium,"885A, 885A, 885A, 885A, 885A"
Flavobacterium aureirubrum,GCF_038739835.1,Flavobacterium,"912G, 913G"
Flavobacterium bizetiae,GCF_024271895.1,Flavobacterium,"912G, 913G, 912G, 913G, 912G, 913G, 912G, 913G, 912G, 913G, 912G, 913G, 912G, 913G"
Flavobacterium bomense,GCF_003970355.1,Flavobacterium,"912G, 913G"
Flavobacterium branchiicola,GCF_042652705.1,Flavobacterium,"912G, 913G"
Flavobacterium calami,GCF_038290035.1,Flavobacterium,"912G, 913G"
Flavobacterium caseinilyticum,GCF_004349085.1,Flavobacterium,"912G, 913G"
Flavobacterium cheonanense,GCF_039539185.1,Flavobacterium,912G
Flavobacterium cheongpyeongense,GCF_003202435.1,Flavobacterium,"912G, 913G"
Flavobacterium chilense,GCF_900142685.1,Flavobacterium,"912G, 913G"
Flavobacterium chuncheonense,GCF_042686145.1,Flavobacterium,912G
Flavobacterium chungangense,GCF_000735715.2,Flavobacterium,"912G, 913G"
Flavobacterium chungnamense,GCF_039539165.1,Flavobacterium,912G
Flavobacterium circumlabens,GCF_004345565.1,Flavobacterium,"912G, 913G"
Flavobacterium collinsii,GCF_946903285.1,Flavobacterium,"912G, 913G, 912G, 913G, 912G, 913G, 912G, 913G, 912G, 913G"
Flavobacterium commune,GCF_001857965.1,Flavobacterium,"912G, 913G, 912G, 913G, 912G, 913G, 912G, 913G, 912G, 913G"
Flavobacterium crassostreae,GCF_001831475.1,Flavobacterium,"912G, 913G, 912G, 912G, 913G, 912G, 912G, 912G, 912G"
Flavobacterium cryoconiti,GCF_048158645.1,Flavobacterium,"912G, 913G"
Flavobacterium cupreum,GCF_003996965.1,Flavobacterium,"912G, 913G"
Flavobacterium cupriresistens,GCF_020911925.1,Flavobacterium,"912G, 913G, 912G, 913G, 912G, 913G, 912G, 913G, 912G, 913G, 912G, 913G, 912G, 913G, 912G, 913G"
Flavobacterium cutihirudinis,GCF_003385895.1,Flavobacterium,"912G, 913G"
Flavobacterium cyanobacteriorum,GCF_002251835.1,Flavobacterium,"885A, 912G, 913G"
Flavobacterium defluvii,GCF_900129555.1,Flavobacterium,"912G, 913G"
Flavobacterium difficile,GCF_011392115.1,Flavobacterium,523C
Flavobacterium eburneipallidum,GCF_027111355.2,Flavobacterium,"912G, 913G, 912G, 913G, 912G, 913G"
Flavobacterium erciyesense,GCF_018069925.1,Flavobacterium,"912G, 913G"
Flavobacterium facile,GCF_036321945.1,Flavobacterium,"912G, 913G, 912G, 913G"
Flavobacterium faecale,GCF_003076455.1,Flavobacterium,"912G, 913G, 912G, 913G, 912G, 913G, 912G, 913G, 912G, 913G, 912G, 913G"
Flavobacterium flabelliforme,GCF_017948675.1,Flavobacterium,"912G, 913G"
Flavobacterium flavigenum,GCF_027111255.2,Flavobacterium,"912G, 913G, 912G, 913G, 912G, 913G, 912G, 913G, 912G, 913G"
Flavobacterium flavipigmentatum,GCF_020911905.1,Flavobacterium,"912G, 913G, 912G, 913G, 912G, 913G, 912G, 913G, 912G, 913G"
Flavobacterium flevense,GCF_900142775.1,Flavobacterium,"912G, 913G"
Flavobacterium fluviale,GCF_003312915.1,Flavobacterium,"912G, 913G, 912G, 913G, 912G, 913G, 912G, 913G, 912G, 913G, 912G, 913G"
Flavobacterium fluviatile,GCF_010645065.1,Flavobacterium,"912G, 913G"
Flavobacterium fluvii,GCF_900129545.1,Flavobacterium,"912G, 913G"
Flavobacterium frigidimaris,GCF_002217275.1,Flavobacterium,"912G, 913G"
Flavobacterium frigoritolerans,GCF_025847275.1,Flavobacterium,"912G, 913G"
Flavobacterium fryxellicola,GCF_900143245.1,Flavobacterium,"912G, 913G"
Flavobacterium galactosi,GCF_048158585.1,Flavobacterium,"912G, 913G"
Flavobacterium galactosidilyticum,GCF_020911945.1,Flavobacterium,"912G, 913G, 912G, 913G, 912G, 913G, 912G, 913G, 912G, 913G"
Flavobacterium geliluteum,GCF_017948595.1,Flavobacterium,"912G, 913G"
Flavobacterium glaciei,GCF_003350545.1,Flavobacterium,"912G, 913G"
Flavobacterium glycines,GCF_900100165.1,Flavobacterium,"912G, 913G"
Flavobacterium granuli,GCF_003003155.1,Flavobacterium,"912G, 913G"
Flavobacterium humi,GCF_004745595.1,Flavobacterium,"912G, 913G, 912G, 913G"
Flavobacterium hydatis,GCF_002217335.1,Flavobacterium,"912G, 913G"
Flavobacterium hydrophilum,GCF_003202405.1,Flavobacterium,"912G, 913G"
Flavobacterium jejuense,GCF_006491595.2,Flavobacterium,912G
Flavobacterium kayseriense,GCF_014305095.1,Flavobacterium,"912G, 913G"
Flavobacterium lacustre,GCF_027474525.2,Flavobacterium,"912G, 913G, 912G, 913G, 912G, 913G, 912G, 913G"
Flavobacterium laiguense,GCF_003097655.1,Flavobacterium,"912G, 913G"
Flavobacterium limi,GCF_010645075.1,Flavobacterium,"912G, 913G"
Flavobacterium limicola,GCF_003634755.1,Flavobacterium,"912G, 913G"
Flavobacterium limnophilum,GCF_027111315.2,Flavobacterium,"912G, 912G, 913G, 912G, 912G, 913G, 912G, 913G, 912G, 913G, 912G"
Flavobacterium lipolyticum,GCF_020905335.1,Flavobacterium,"912G, 913G, 912G, 913G, 912G, 913G, 912G, 913G, 912G, 913G, 912G, 913G, 912G, 913G, 912G, 913G"
Flavobacterium lotistagni,GCF_011392125.1,Flavobacterium,"912G, 913G"
Flavobacterium luteum,GCF_008806775.1,Flavobacterium,885A
Flavobacterium macrobrachii,GCF_014486675.1,Flavobacterium,"912G, 913G"
Flavobacterium magnesitis,GCF_041729735.1,Flavobacterium,"912G, 913G"
Flavobacterium maritimum,GCF_040049085.1,Flavobacterium,"912G, 913G"
Flavobacterium melibiosi,GCF_048158545.1,Flavobacterium,"912G, 913G"
Flavobacterium muglaense,GCF_014305155.1,Flavobacterium,"912G, 913G"
Flavobacterium nitratireducens,GCF_029625335.1,Flavobacterium,"912G, 913G, 912G, 913G, 912G, 913G, 912G, 913G, 912G, 913G"
Flavobacterium notoginsengisoli,GCF_042686225.1,Flavobacterium,885A
Flavobacterium oncorhynchi,GCF_002217355.1,Flavobacterium,"912G, 913G"
Flavobacterium ovatum,GCF_040703125.1,Flavobacterium,"912G, 913G, 912G, 913G, 912G, 913G, 912G, 913G, 912G, 913G, 912G, 913G"
Flavobacterium pallidum,GCF_003097535.1,Flavobacterium,"912G, 913G, 912G, 913G, 912G, 913G"
Flavobacterium panacagri,GCF_030378165.1,Flavobacterium,"912G, 913G, 912G, 913G, 912G, 913G, 912G, 913G, 912G, 913G, 912G, 913G, 912G, 913G"
Flavobacterium panici,GCF_024499525.1,Flavobacterium,"912G, 913G, 912G, 913G, 912G, 913G, 912G, 913G, 912G, 913G"
Flavobacterium pectinovorum,GCF_900142715.1,Flavobacterium,"912G, 913G"
Flavobacterium petrolei,GCF_003314435.2,Flavobacterium,"912G, 913G"
Flavobacterium piscis,GCF_001686925.1,Flavobacterium,"912G, 913G"
Flavobacterium piscisymbiosum,GCF_020905295.1,Flavobacterium,"912G, 913G, 912G, 913G, 912G, 913G, 912G, 913G, 912G, 913G, 912G, 913G, 912G, 913G"
Flavobacterium plantiphilum,GCF_046000495.1,Flavobacterium,"912G, 913G"
Flavobacterium plurextorum,GCF_024638035.1,Flavobacterium,"912G, 913G, 912G, 913G, 912G, 913G, 912G, 913G, 912G, 913G, 912G, 913G"
Flavobacterium pokkalii,GCF_014596575.1,Flavobacterium,"912G, 913G"
Flavobacterium poyangense,GCF_011751075.1,Flavobacterium,"912G, 913G"
Flavobacterium praedii,GCF_026810365.1,Flavobacterium,"912G, 913G, 912G, 913G, 912G, 913G, 912G, 913G, 912G, 913G, 912G, 913G"
Flavobacterium profundi,GCF_006491645.1,Flavobacterium,"885A, 912G, 913G"
Flavobacterium psychrophilum,GCF_013343195.2,Flavobacterium,"885A, 885A, 885A, 885A, 885A, 885A"
Flavobacterium pygoscelis,GCF_023162025.1,Flavobacterium,"912G, 913G, 912G, 913G"
Flavobacterium ranwuense,GCF_004349315.1,Flavobacterium,"912G, 913G"
Flavobacterium reichenbachii,GCF_000737685.1,Flavobacterium,"912G, 913G"
Flavobacterium resistens,GCF_900182645.1,Flavobacterium,"912G, 913G"
Flavobacterium rhamnosiphilum,GCF_004349195.1,Flavobacterium,"912G, 913G"
Flavobacterium saccharophilum,GCF_900142735.1,Flavobacterium,"912G, 913G"
Flavobacterium sandaracinum,GCF_004349135.1,Flavobacterium,"912G, 913G"
Flavobacterium sediminilitoris,GCF_023008245.1,Flavobacterium,"912G, 912G, 912G"
Flavobacterium sediminis,GCF_003148385.1,Flavobacterium,"885A, 912G, 913G"
Flavobacterium segetis,GCF_900129575.1,Flavobacterium,"912G, 913G"
Flavobacterium seoulense,GCF_000695795.1,Flavobacterium,"912G, 913G"
Flavobacterium shii,GCF_025847235.1,Flavobacterium,"912G, 913G"
Flavobacterium soyae,GCF_045348165.1,Flavobacterium,"912G, 913G, 912G, 913G, 912G, 913G, 912G, 913G"
Flavobacterium succinicans,GCF_900114945.1,Flavobacterium,"912G, 913G"
Flavobacterium sufflavum,GCF_004016525.1,Flavobacterium,912G
Flavobacterium suncheonense,GCF_000430025.1,Flavobacterium,"885A, 912G, 913G"
Flavobacterium taihuense,GCF_019351435.1,Flavobacterium,"912G, 913G"
Flavobacterium terrigena,GCF_900108955.1,Flavobacterium,"912G, 913G"
Flavobacterium tibetense,GCF_003293845.1,Flavobacterium,"912G, 912G, 912G"
Flavobacterium undicola,GCF_009909155.2,Flavobacterium,"912G, 913G"
Flavobacterium urumqiense,GCF_900108015.1,Flavobacterium,"912G, 913G"
Flavobacterium weaverense,GCF_003688495.1,Flavobacterium,"912G, 913G"
Flavobacterium xylosi,GCF_042787345.1,Flavobacterium,"912G, 913G"
Flavobacterium zhairuonense,GCF_004352915.1,Flavobacterium,"912G, 913G"
Flavobacterium zhoui,GCF_042787235.1,Flavobacterium,"912G, 913G"
Flavobacterium zubiriense,GCF_041729725.1,Flavobacterium,"912G, 913G"
Flexithrix dorotheae,GCF_000379765.1,Flexithrix,"885A, 885A"
Flintibacter muris,GCF_943192995.1,Flintibacter,"885A, 912G, 913G"
Flintibacter porci,GCF_041925195.1,Flintibacter,"885A, 912G, 913G"
Floricoccus penangensis,GCF_001832885.1,Floricoccus,"523C, 912G, 913G"
Floricoccus tropicus,GCF_001832905.1,Floricoccus,"523C, 912G, 913G"
Fluviispira multicolorata,GCF_009208585.1,Fluviispira,"885A, 912G, 885A, 912G, 885A, 912G"
Fluviispira sanaruensis,GCF_004295685.1,Fluviispira,"885A, 912G, 885A, 912G, 885A, 912G, 885A, 912G, 885A, 912G"
Fodinibius salipaludis,GCF_002287075.1,Fodinibius,"912G, 913G"
Formivibrio citricus,GCF_900115065.1,Formivibrio,912G
Fortiea contorta,GCF_000332295.1,Fortiea,912G
Francisella marina,GCF_008369785.1,Francisella,912G
Frigoribacterium endophyticum,GCF_011759585.1,Frigoribacterium,"912G, 913G"
Frondihabitans australicus,GCF_003634555.1,Frondihabitans,"523C, 523C"
Frondihabitans sucicola,GCF_030296615.1,Frondihabitans,"523C, 523C"
Fructilactobacillus lindneri,GCF_001702115.1,Fructilactobacillus,"885A, 912G"
Fructobacillus americanaquae,GCF_024029775.1,Fructobacillus,"885A, 912G, 885A, 912G, 885A, 912G, 885A, 912G"
Fructobacillus cardui,GCF_963580785.1,Fructobacillus,"885A, 912G"
Fructobacillus evanidus,GCF_963580165.1,Fructobacillus,"885A, 912G"
Fructobacillus fructosus,GCF_963580325.1,Fructobacillus,"912G, 913G"
Fulvivirga sedimenti,GCF_020328055.1,Fulvivirga,"912G, 913G, 912G, 913G"
Fusicatenibacter saccharivorans,GCF_027667425.1,Fusicatenibacter,912G
Galactobacillus timonensis,GCF_900240265.1,Galactobacillus,"912G, 912G"
Galbitalea soli,GCF_010686725.1,Galbitalea,523C
Gallaecimonas xiamenensis,GCF_000299915.1,Gallaecimonas,912G
Gallibacterium anatis,GCF_000772265.1,Gallibacterium,"885A, 912G, 913G"
Gallibacterium salpingitidis,GCF_030517105.1,Gallibacterium,"885A, 912G, 913G, 912G, 913G, 885A, 912G, 913G"
Gangjinia marincola,GCF_039523415.1,Gangjinia,"523C, 885A"
Gaopeijia maritima,GCF_038095605.1,Gaopeijia,523C
Gaoshiqia sediminis,GCF_025907915.1,Gaoshiqia,885A
Garciella nitratireducens,GCF_900167305.1,Garciella,885A
Garicola koreensis,GCF_039543925.1,Garicola,523C
Gellertiella hungarica,GCF_014197145.1,Gellertiella,523C
Gemella haemolysans,GCF_008692995.1,Gemella,"885A, 912G"
Gemella massiliensis,GCF_900120125.1,Gemella,"885A, 912G, 885A, 912G"
Gemella morbillorum,GCF_900476045.1,Gemella,"885A, 912G, 885A, 912G, 885A, 912G, 885A, 912G"
Gemmata obscuriglobus,GCF_003149495.1,Gemmata,"885A, 912G, 913G"
Gemmata palustris,GCF_017939745.1,Gemmata,"912G, 913G"
Geobacillus kaustophilus,GCF_000009785.1,Geobacillus,"523C, 523C, 523C, 523C, 523C, 523C, 523C"
Geobacillus stearothermophilus,GCF_030339115.1,Geobacillus,523C
Geobacillus subterraneus,GCF_001618685.1,Geobacillus,523C
Geobacillus thermoleovorans,GCF_001610955.1,Geobacillus,"523C, 523C, 523C, 523C, 523C, 523C, 523C"
Geobacillus vulcani,GCF_000733845.1,Geobacillus,"523C, 523C, 523C, 523C, 523C, 523C, 523C, 523C"
Geobacillus zalihae,GCF_030414215.1,Geobacillus,"523C, 523C, 523C, 523C, 523C, 523C"
Geobacter grbiciae,GCF_018531165.1,Geobacter,523C
Geobacter soli,GCF_000816575.1,Geobacter,"912G, 913G, 912G, 913G"
Geobacter sulfurreducens,GCF_000007985.2,Geobacter,"523C, 912G, 913G, 523C, 912G, 913G"
Geodermatophilus africanus,GCF_900107105.1,Geodermatophilus,523C
Geodermatophilus arenarius,GCF_042654585.1,Geodermatophilus,523C
Geodermatophilus bullaregiensis,GCF_016907675.1,Geodermatophilus,"885A, 885A, 885A"
Geodermatophilus chilensis,GCF_002802985.1,Geodermatophilus,523C
Geodermatophilus maliterrae,GCF_041018925.1,Geodermatophilus,523C
Geodermatophilus obscurus,GCF_000025345.1,Geodermatophilus,"523C, 523C, 523C"
Geodermatophilus siccatus,GCF_900103785.1,Geodermatophilus,523C
Geofilum rhodophaeum,GCF_002210225.1,Geofilum,"523C, 912G, 913G"
Geomesophilobacter sediminis,GCF_016458275.1,Geomesophilobacter,523C
Georgenia daeguensis,GCF_039537705.1,Georgenia,523C
Georgenia deserti,GCF_042680605.1,Georgenia,912G
Georgenia faecalis,GCF_003710105.1,Georgenia,"523C, 523C"
Georgenia sunbinii,GCF_036421875.1,Georgenia,523C
Georgenia wangjunii,GCF_036421975.1,Georgenia,523C
Georgenia wutianyii,GCF_006349365.1,Georgenia,"523C, 523C, 523C"
Geotalea uraniireducens,GCF_000016745.1,Geotalea,"912G, 913G, 912G, 913G"
Geothermobacter ehrlichii,GCF_008124615.1,Geothermobacter,885A
Gillisia marina,GCF_000258765.1,Gillisia,523C
Gilvimarinus chinensis,GCF_000377745.1,Gilvimarinus,"523C, 912G, 523C, 912G, 523C, 912G, 523C, 912G"
Gilvimarinus japonicus,GCF_042847215.1,Gilvimarinus,"912G, 912G, 912G"
Glaciibacter psychrotolerans,GCF_013410665.1,Glaciibacter,"912G, 912G, 912G"
Glaciibacter superstes,GCF_000421145.1,Glaciibacter,"912G, 912G, 912G"
Glaciihabitans tibetensis,GCF_003003265.1,Glaciihabitans,523C
Gloeobacter morelensis,GCF_021018745.1,Gloeobacter,912G
Gloeobacter violaceus,GCF_000011385.1,Gloeobacter,912G
Gloeothece citriformis,GCF_000021825.1,Gloeothece,"912G, 912G, 912G"
Gluconacetobacter aggeris,GCF_014174395.1,Gluconacetobacter,"912G, 913G"
Gluconacetobacter asukensis,GCF_014174375.1,Gluconacetobacter,"912G, 913G"
Gluconacetobacter diazotrophicus,GCF_000021325.1,Gluconacetobacter,"912G, 913G, 912G, 913G, 912G, 913G, 912G, 913G"
Gluconacetobacter dulcium,GCF_014174165.1,Gluconacetobacter,"912G, 913G"
Gluconacetobacter liquefaciens,GCF_003350405.1,Gluconacetobacter,"912G, 913G"
Gluconacetobacter sacchari,GCF_014174255.1,Gluconacetobacter,"912G, 913G"
Gluconacetobacter takamatsuzukensis,GCF_014174275.1,Gluconacetobacter,"912G, 913G"
Gluconacetobacter tumulicola,GCF_014174215.1,Gluconacetobacter,"912G, 913G"
Glycomyces albidus,GCF_009451885.1,Glycomyces,523C
Glycomyces artemisiae,GCF_003002955.1,Glycomyces,523C
Glycomyces mayteni,GCF_042428885.1,Glycomyces,523C
Glycomyces salinus,GCF_016428645.1,Glycomyces,"912G, 913G"
Goekera deserti,GCF_010077965.1,Goekera,523C
Gordonia aichiensis,GCF_000332975.1,Gordonia,523C
Gordonia effusa,GCF_000241305.1,Gordonia,523C
Gordonia hankookensis,GCF_014673215.1,Gordonia,523C
Gordonia hydrophobica,GCF_038024885.1,Gordonia,"523C, 523C, 523C"
Gordonia jacobaea,GCF_001186365.1,Gordonia,523C
Gordonia jinghuaiqii,GCF_014041935.1,Gordonia,885A
Gordonia otitidis,GCF_020735545.1,Gordonia,"523C, 523C"
Gordonia paraffinivorans,GCF_900683595.1,Gordonia,"523C, 523C, 523C, 523C"
Gordonia pseudamarae,GCF_025273675.1,Gordonia,"523C, 523C, 523C, 523C"
Gordonia spumicola,GCF_009932475.1,Gordonia,"523C, 523C, 523C, 523C"
Gordonia sputi,GCF_000248055.1,Gordonia,885A
Gordonibacter pamelaeae,GCF_003340385.1,Gordonibacter,523C
Gordonibacter urolithinfaciens,GCF_042855405.1,Gordonibacter,"523C, 523C, 523C"
Gottschalkia acidurici,GCF_000299355.1,Gottschalkia,523C
Gramella jeungdoensis,GCF_023805255.1,Gramella,"885A, 912G, 913G"
Granulicella aggregans,GCF_025685565.1,Granulicella,523C
Granulicella arctica,GCF_025685605.1,Granulicella,523C
Granulicella mallensis,GCF_000178955.2,Granulicella,523C
Granulicella paludicola,GCF_025685545.1,Granulicella,523C
Granulicella pectinivorans,GCF_900114625.1,Granulicella,523C
Granulicella rosea,GCF_900188085.1,Granulicella,"523C, 523C"
Granulicella sibirica,GCF_004115155.1,Granulicella,"523C, 523C"
Granulicella tundricola,GCF_000178975.2,Granulicella,523C
Gryllotalpicola ginsengisoli,GCF_000419445.1,Gryllotalpicola,523C
Gudongella oleilytica,GCF_004101785.1,Gudongella,885A
Gulosibacter bifidus,GCF_001570925.1,Gulosibacter,"912G, 913G"
Gulosibacter faecalis,GCF_000381765.1,Gulosibacter,912G
Gulosibacter massiliensis,GCF_900626105.1,Gulosibacter,"523C, 523C"
Gulosibacter molinativorax,GCF_003010915.2,Gulosibacter,"912G, 523C, 523C"
Guyparkeria halophila,GCF_034479635.1,Guyparkeria,"912G, 913G, 912G, 913G"
Guyparkeria hydrothermalis,GCF_023555375.1,Guyparkeria,"912G, 913G, 912G, 913G"
Halalkalibacillus sediminis,GCF_002844535.1,Halalkalibacillus,912G
Halalkalibacter akibai,GCF_000513135.1,Halalkalibacter,885A
Halalkalibacter alkaliphilus,GCF_023555415.1,Halalkalibacter,"912G, 913G"
Halalkalibacter lacteus,GCF_036663595.1,Halalkalibacter,885A
Halalkalibacter okhensis,GCF_000787375.1,Halalkalibacter,"912G, 913G"
Halalkalibacter urbisdiaboli,GCF_002156385.1,Halalkalibacter,"885A, 885A"
Halalkalibacter wakoensis,GCF_000513095.1,Halalkalibacter,523C
Halalkalibacterium halodurans,GCF_005671335.1,Halalkalibacterium,"912G, 913G, 912G, 913G, 912G, 913G, 912G, 913G, 912G, 913G, 912G, 913G, 912G, 913G, 912G, 913G"
Halalkalibacterium ligniniphilum,GCF_000334155.1,Halalkalibacterium,"912G, 913G"
Halarcobacter anaerophilus,GCF_006459125.1,Halarcobacter,"885A, 885A, 885A, 885A"
Haliangium ochraceum,GCF_000024805.1,Haliangium,"912G, 912G"
Hallerella succinigenes,GCF_002797675.1,Hallerella,"912G, 913G, 912G, 913G, 912G, 913G"
Haloactinospora alba,GCF_006717075.1,Haloactinospora,"912G, 912G, 912G, 912G, 912G"
Halobacillus amylolyticus,GCF_022921115.1,Halobacillus,"885A, 912G, 885A, 912G, 885A, 912G, 885A, 912G, 885A, 912G, 885A, 912G"
Halobacillus halophilus,GCF_000284515.1,Halobacillus,"885A, 912G, 885A, 912G, 885A, 912G, 885A, 912G, 885A, 912G, 885A, 912G, 885A, 912G"
Halobacillus hunanensis,GCF_900166655.1,Halobacillus,"885A, 912G, 885A, 912G, 885A, 912G"
Halobacillus ihumii,GCF_902726645.1,Halobacillus,"885A, 912G, 885A, 912G, 885A, 912G, 885A, 912G, 885A, 912G, 885A, 912G"
Halobacillus locisalis,GCF_013694105.1,Halobacillus,"885A, 912G"
Halobacillus mangrovi,GCF_002097535.1,Halobacillus,"885A, 912G, 885A, 912G, 885A, 912G, 885A, 912G, 885A, 912G, 885A, 912G, 885A, 912G"
Halobacillus massiliensis,GCF_900166625.1,Halobacillus,"885A, 912G, 885A, 912G, 885A, 912G, 885A, 912G, 885A, 912G, 885A, 912G, 885A, 912G, 885A, 912G"
Halobacillus naozhouensis,GCF_029714185.1,Halobacillus,"885A, 912G, 885A, 912G, 885A, 912G, 885A, 912G, 885A, 912G, 885A, 912G, 885A, 912G"
Halobacillus salinarum,GCF_022919095.1,Halobacillus,"885A, 912G, 885A, 912G, 885A, 912G"
Halobacillus shinanisalinarum,GCF_022919835.1,Halobacillus,"885A, 912G, 885A, 912G, 885A, 912G, 885A, 912G, 885A, 912G, 885A, 912G, 885A, 912G, 885A, 912G"
Halobacillus yeomjeoni,GCF_020171525.1,Halobacillus,"885A, 912G"
Halobacteriovorax vibrionivorans,GCF_003346865.1,Halobacteriovorax,523C
Halocynthiibacter halioticoli,GCF_025802015.1,Halocynthiibacter,523C
Haloechinothrix alba,GCF_900188115.1,Haloechinothrix,"912G, 913G"
Halomarinibacterium sedimenti,GCF_019312585.1,Halomarinibacterium,"885A, 912G, 913G"
Halomonas hydrothermalis,GCF_011399095.1,Halomonas,885A
Halomonas qinghailakensis,GCF_025820815.1,Halomonas,523C
Halorhodospira abdelmalekii,GCF_016583625.1,Halorhodospira,913G
Halorhodospira halochloris,GCF_002356555.2,Halorhodospira,"912G, 912G"
Halorhodospira halophila,GCF_000015585.1,Halorhodospira,"912G, 912G"
Halosquirtibacter xylanolyticus,GCF_019856515.1,Halosquirtibacter,"885A, 885A, 885A, 885A, 885A, 885A, 885A, 885A, 885A, 885A, 885A"
Halotia branconii,GCF_029953635.1,Halotia,"912G, 912G, 912G"
Halpernia humi,GCF_900108025.1,Halpernia,912G
Haoranjiania flava,GCF_025631005.1,Haoranjiania,885A
Helcococcus kunzii,GCF_000245755.1,Helcococcus,"523C, 523C"
Helcococcus ovis,GCF_004524775.2,Helcococcus,"523C, 523C"
Helcococcus sueciensis,GCF_000423145.1,Helcococcus,885A
Helicobacter ibis,GCF_027859255.1,Helicobacter,912G
Helicobacter mehlei,GCF_007280785.1,Helicobacter,912G
Helicobacter pylori,GCF_025998455.1,Helicobacter,523C
Helicobacter salomonis,GCF_900197775.1,Helicobacter,"912G, 913G"
Heliorestis acidaminivorans,GCF_008933955.1,Heliorestis,885A
Herbiconiux aconitum,GCF_024979235.1,Herbiconiux,"885A, 885A"
Herbiconiux flava,GCF_027922025.1,Herbiconiux,523C
Herbiconiux ginsengi,GCF_900107435.1,Herbiconiux,885A
Herbiconiux moechotypicola,GCF_024979255.1,Herbiconiux,523C
Herbiconiux solani,GCF_001571005.1,Herbiconiux,885A
Herbidospora solisilvae,GCF_009901565.1,Herbidospora,913G
Herbinix luporum,GCF_900070325.1,Herbinix,"912G, 912G, 912G, 912G"
Herpetosiphon llansteffanensis,GCF_003205875.1,Herpetosiphon,885A
Hespellia stercorisuis,GCF_900142165.1,Hespellia,912G
Heyndrickxia coagulans,GCF_000832905.1,Heyndrickxia,523C
Heyndrickxia ginsengihumi,GCF_011008565.1,Heyndrickxia,"912G, 913G"
Heyndrickxia vini,GCF_016772275.1,Heyndrickxia,523C
Hippea maritima,GCF_000194135.1,Hippea,"912G, 913G, 912G, 913G"
Holdemanella hominis,GCF_014306155.1,Holdemanella,"885A, 912G"
Holdemanella porci,GCF_009696075.1,Holdemanella,"885A, 912G"
Holophaga foetida,GCF_000242615.2,Holophaga,912G
Holospora elegans,GCF_000648275.1,Holospora,885A
Holospora undulata,GCF_000388175.3,Holospora,885A
Holzapfeliella floricola,GCF_001436605.1,Holzapfeliella,"912G, 913G"
Holzapfeliella saturejae,GCF_037546065.1,Holzapfeliella,"912G, 913G, 912G, 913G, 912G, 913G, 912G, 913G"
Homoserinimonas aerilata,GCF_006716125.1,Homoserinimonas,"523C, 523C"
Homoserinimonas hongtaonis,GCF_003113315.1,Homoserinimonas,523C
Hornefia butyriciproducens,GCF_009695915.1,Hornefia,885A
Hornefia porci,GCF_001940235.1,Hornefia,"885A, 885A, 885A"
Huijunlia imazamoxiresistens,GCF_037132455.1,Huijunlia,"912G, 913G"
Humibacter albus,GCF_000421825.1,Humibacter,"523C, 523C, 523C"
Humisphaera borealis,GCF_015169395.1,Humisphaera,523C
Hwanghaeella grinnelliae,GCF_004005845.1,Hwanghaeella,523C
Hydrobacter penzbergensis,GCF_900106985.1,Hydrobacter,"912G, 913G"
Hydrogenibacillus schlegelii,GCF_001653195.1,Hydrogenibacillus,"912G, 913G"
Hydrogenimonas leucolamina,GCF_040436365.1,Hydrogenimonas,"912G, 912G, 912G"
Hymenobacter cavernae,GCF_014641455.1,Hymenobacter,"523C, 912G"
Hymenobacter humi,GCF_042665855.1,Hymenobacter,"885A, 912G, 913G, 885A, 912G, 913G, 885A, 912G, 913G"
Hymenobacter metallilatus,GCF_003944705.1,Hymenobacter,"912G, 913G"
Hymenobacter rubidus,GCF_016734815.1,Hymenobacter,"885A, 912G, 913G"
Hypericibacter terrae,GCF_008728855.1,Hypericibacter,"523C, 523C"
Hyphomicrobium album,GCF_009708035.1,Hyphomicrobium,912G
Hyunsoonleella aestuarii,GCF_006148925.1,Hyunsoonleella,"912G, 913G, 912G, 913G"
Hyunsoonleella aquatilis,GCF_014270105.1,Hyunsoonleella,"912G, 913G"
Hyunsoonleella flava,GCF_004310325.1,Hyunsoonleella,912G
Hyunsoonleella ulvae,GCF_016827605.1,Hyunsoonleella,912G
Ideonella aquatica,GCF_018069755.1,Ideonella,"523C, 523C"
Ideonella azotifigens,GCF_021043325.1,Ideonella,523C
Ideonella benzenivorans,GCF_020387415.1,Ideonella,523C
Ideonella margarita,GCF_038066635.1,Ideonella,523C
Ideonella oryzae,GCF_024055665.1,Ideonella,523C
Ideonella paludis,GCF_018069865.1,Ideonella,523C
Ignatzschineria rhizosphaerae,GCF_022655595.1,Ignatzschineria,"912G, 912G, 912G, 912G, 912G, 912G"
Ignavigranum ruoffiae,GCF_023195815.2,Ignavigranum,"885A, 885A, 885A"
Imtechella halotolerans,GCF_028743515.2,Imtechella,"523C, 523C, 523C"
Inconstantimicrobium porci,GCF_009696465.1,Inconstantimicrobium,523C
Indibacter alkaliphilus,GCF_000295935.2,Indibacter,"912G, 913G"
Inediibacterium massiliense,GCF_001282725.1,Inediibacterium,"523C, 885A, 523C, 885A, 523C, 885A"
Inhella crocodyli,GCF_004004565.1,Inhella,523C
Inhella gelatinilytica,GCF_016093295.1,Inhella,523C
Inhella inkyongensis,GCF_005952805.1,Inhella,"523C, 523C, 523C, 523C"
Intestinibacter bartlettii,GCF_025148965.1,Intestinibacter,"885A, 885A, 885A, 885A, 885A, 885A, 885A, 885A, 885A, 523C, 913G, 523C, 885A"
Intestinicryptomonas porci,GCF_033971905.1,Intestinicryptomonas,"912G, 913G"
Iodobacter fluviatilis,GCF_900451195.1,Iodobacter,"885A, 913G, 885A, 913G, 885A, 913G, 912G, 913G, 885A, 913G, 885A, 913G"
Iodobacter violaceini,GCF_011601265.1,Iodobacter,912G
Isachenkonia alkalipeptolytica,GCF_009910325.1,Isachenkonia,885A
Isoptericola croceus,GCF_029382255.1,Isoptericola,523C
Isosphaera pallida,GCF_000186345.1,Isosphaera,"885A, 912G, 912G, 912G"
Janthinobacterium aestuarii,GCF_036885605.1,Janthinobacterium,"912G, 912G, 912G, 912G, 912G, 912G, 912G, 912G"
Janthinobacterium kumbetense,GCF_023703445.1,Janthinobacterium,912G
Janthinobacterium lividum,GCF_013372045.1,Janthinobacterium,"912G, 912G, 912G, 912G, 912G, 912G, 912G, 912G"
Janthinobacterium psychrotolerans,GCF_001677885.1,Janthinobacterium,912G
Janthinobacterium rivuli,GCF_029690045.1,Janthinobacterium,"912G, 912G, 912G, 912G, 912G, 912G, 912G, 912G"
Janthinobacterium svalbardensis,GCF_002327145.1,Janthinobacterium,"912G, 912G, 913G, 912G, 912G, 912G, 912G, 912G, 913G, 912G"
Janthinobacterium tructae,GCF_006517255.1,Janthinobacterium,"912G, 912G, 912G, 912G, 912G, 912G, 912G, 912G, 913G"
Jatrophihabitans endophyticus,GCF_900129455.1,Jatrophihabitans,523C
Jeotgalibaca arthritidis,GCF_011100465.1,Jeotgalibaca,"885A, 912G, 885A, 912G, 885A, 912G, 885A, 912G, 885A, 912G, 885A, 912G"
Jeotgalibaca ciconiae,GCF_003955755.1,Jeotgalibaca,"885A, 912G"
Jeotgalibaca porci,GCF_011299095.1,Jeotgalibaca,"885A, 912G, 885A, 912G, 885A, 912G, 885A, 912G, 885A, 912G, 885A, 912G"
Jeotgalicoccus marinus,GCF_000425825.1,Jeotgalicoccus,523C
Jonquetella anthropi,GCF_000161995.1,Jonquetella,523C
Kallipyga gabonensis,GCF_001286805.1,Kallipyga,"885A, 885A"
Kangiella japonica,GCF_039523535.1,Kangiella,523C
Kineococcus aurantiacus,GCF_013409345.1,Kineococcus,"885A, 885A, 885A, 885A"
Kineococcus endophyticus,GCF_040796495.1,Kineococcus,885A
Kineococcus gynurae,GCF_042433995.1,Kineococcus,"912G, 913G"
Kineococcus gypseus,GCF_050871305.1,Kineococcus,912G
Kineococcus radiotolerans,GCF_000017305.1,Kineococcus,"885A, 885A, 885A, 885A"
Kineococcus siccus,GCF_009906795.1,Kineococcus,885A
Kineothrix alysoides,GCF_000732725.1,Kineothrix,"912G, 913G, 912G, 913G, 912G, 913G, 912G, 913G"
Kineothrix sedimenti,GCF_039134705.1,Kineothrix,"912G, 913G, 912G, 913G, 912G, 913G, 912G, 913G"
Kinneretia aquatilis,GCF_002885975.1,Kinneretia,"912G, 912G"
Kistimonas asteriae,GCF_018263925.1,Kistimonas,"912G, 913G"
Kitasatospora acidiphila,GCF_006636205.1,Kitasatospora,885A
Kitasatospora brasiliensis,GCF_032654805.1,Kitasatospora,885A
Kitasatospora camelliae,GCF_040571325.1,Kitasatospora,885A
Kitasatospora cathayae,GCF_027627435.1,Kitasatospora,"885A, 885A, 885A, 885A, 885A, 885A, 885A, 885A, 885A, 885A, 885A"
Kitasatospora cineracea,GCF_003814885.1,Kitasatospora,"885A, 885A, 885A, 885A, 885A, 885A, 885A, 885A"
Kitasatospora cinereorecta,GCF_039533705.1,Kitasatospora,885A
Kitasatospora fiedleri,GCF_948472415.1,Kitasatospora,"885A, 885A, 885A, 885A"
Kitasatospora griseola,GCF_044999035.1,Kitasatospora,"885A, 885A, 885A, 885A, 885A, 885A, 885A, 885A, 885A, 885A"
Kitasatospora hibisci,GCF_043950205.1,Kitasatospora,"885A, 885A, 885A, 885A, 885A, 885A, 885A, 885A, 885A, 885A"
Kitasatospora paracochleata,GCF_024172095.1,Kitasatospora,"885A, 885A, 885A, 885A, 885A, 885A, 885A, 885A, 885A, 885A"
Kitasatospora phosalacinea,GCF_000716545.1,Kitasatospora,885A
Kitasatospora purpeofusca,GCF_036010405.1,Kitasatospora,"885A, 885A, 885A"
Kitasatospora viridis,GCF_007829815.1,Kitasatospora,"885A, 885A, 885A, 885A, 885A, 885A, 885A, 885A, 885A"
Klebsiella pneumoniae,GCF_000240185.1,Klebsiella,"523C, 885A, 885A, 885A, 885A, 523C, 523C, 885A"
Klenkia brasiliensis,GCF_900100695.1,Klenkia,523C
Klenkia taihuensis,GCF_900112525.1,Klenkia,523C
Klenkia terrae,GCF_037083865.1,Klenkia,523C
Kocuria oxytropis,GCF_040981195.1,Kocuria,"912G, 913G"
Kordia jejudonensis,GCF_001005315.1,Kordia,523C
Kordia zhangzhouensis,GCF_001005305.1,Kordia,885A
Kozakia baliensis,GCF_001787355.1,Kozakia,"912G, 913G, 912G, 913G, 912G, 913G, 912G, 913G, 912G, 913G"
Kribbella kalugense,GCF_004365875.1,Kribbella,"912G, 913G"
Kroppenstedtia eburnea,GCF_013282215.1,Kroppenstedtia,"912G, 885A, 912G, 913G"
Kroppenstedtia pulmonis,GCF_013265585.1,Kroppenstedtia,"885A, 912G, 913G"
Kroppenstedtia sanguinis,GCF_042680165.1,Kroppenstedtia,"885A, 912G, 913G"
Ktedonobacter racemifer,GCF_000178855.1,Ktedonobacter,"885A, 885A, 885A, 885A, 885A, 885A, 885A, 885A"
Ktedonobacter robiniae,GCF_016587375.1,Ktedonobacter,"885A, 885A, 885A, 885A, 885A, 885A, 885A"
Ktedonospora formicarum,GCF_016587355.1,Ktedonospora,"523C, 523C, 523C, 523C, 523C, 523C"
Kurthia sibirica,GCF_007989725.1,Kurthia,"912G, 913G"
Kyrpidia spormannii,GCF_002804065.1,Kyrpidia,"912G, 913G, 912G, 913G, 912G, 913G, 912G, 913G, 912G, 913G"
Kyrpidia tusciae,GCF_000092905.1,Kyrpidia,"912G, 913G, 912G, 913G, 912G, 913G, 912G, 913G, 912G, 913G"
Laceyella tengchongensis,GCF_900182735.1,Laceyella,"885A, 912G, 913G"
Lachnoclostridium phytofermentans,GCF_000018685.1,Lachnoclostridium,"912G, 913G, 912G, 913G"
Lachnospira eligens,GCF_000146185.1,Lachnospira,"912G, 913G"
Lachnospira intestinalis,GCF_040096395.1,Lachnospira,523C
Lacibacter cauensis,GCF_007830055.1,Lacibacter,"885A, 885A, 885A, 885A"
Lacipirellula limnantheis,GCF_007746075.1,Lacipirellula,523C
Lacipirellula parvula,GCF_009177095.1,Lacipirellula,523C
Lacticaseibacillus camelliae,GCF_001436615.1,Lacticaseibacillus,"912G, 913G"
Lacticaseibacillus daqingensis,GCF_003946115.1,Lacticaseibacillus,"912G, 913G"
Lacticaseibacillus hegangensis,GCF_003946465.1,Lacticaseibacillus,"912G, 913G"
Lacticaseibacillus jixiensis,GCF_042847315.1,Lacticaseibacillus,"912G, 913G"
Lacticaseibacillus kribbianus,GCF_020180945.1,Lacticaseibacillus,"912G, 913G, 912G, 913G"
Lacticaseibacillus manihotivorans,GCF_009184845.1,Lacticaseibacillus,"912G, 913G, 912G, 913G, 912G, 913G, 912G, 913G, 912G, 913G"
Lacticaseibacillus porcinae,GCF_003946305.1,Lacticaseibacillus,"912G, 913G"
Lactiplantibacillus carotarum,GCF_947539765.1,Lactiplantibacillus,"912G, 913G, 912G, 913G, 912G, 913G"
Lactiplantibacillus plajomi,GCF_005405405.1,Lactiplantibacillus,"912G, 913G"
Lactobacillus delbrueckii,GCF_001888925.1,Lactobacillus,"523C, 523C, 523C, 523C, 523C, 523C, 523C, 523C, 523C"
Lactobacillus selangorensis,GCF_001437205.1,Lactobacillus,"912G, 913G"
Lactococcus fujiensis,GCF_002441655.1,Lactococcus,"885A, 912G"
Lactococcus hircilactis,GCF_009601015.1,Lactococcus,"885A, 912G"
Lactococcus protaetiae,GCF_006965445.1,Lactococcus,"885A, 912G"
Lancefieldella rimae,GCF_000174015.1,Lancefieldella,"912G, 913G"
Lapidilactobacillus bayanensis,GCF_003946695.1,Lapidilactobacillus,"912G, 913G"
Lapidilactobacillus concavus,GCF_007989025.1,Lapidilactobacillus,"912G, 913G"
Lapidilactobacillus dextrinicus,GCF_008831385.1,Lapidilactobacillus,"912G, 913G, 912G, 913G, 912G, 913G, 912G, 913G, 912G, 913G"
Lapidilactobacillus gannanensis,GCF_003946675.1,Lapidilactobacillus,"912G, 913G"
Lapidilactobacillus mulanensis,GCF_003946215.1,Lapidilactobacillus,"912G, 913G"
Lapidilactobacillus wuchangensis,GCF_003946645.1,Lapidilactobacillus,"912G, 913G"
Larkinella bovis,GCF_042655385.1,Larkinella,885A
Larkinella knui,GCF_003858645.1,Larkinella,885A
Larkinella terrae,GCF_009668025.1,Larkinella,"885A, 912G, 913G"
Latilactobacillus fuchuensis,GCF_900258455.1,Latilactobacillus,"912G, 913G"
Lautropia mirabilis,GCF_900637555.1,Lautropia,"913G, 913G, 913G, 913G"
Lawsonella clevelandensis,GCF_001293125.1,Lawsonella,"523C, 523C"
Lebetimonas natsushimae,GCF_002335445.1,Lebetimonas,"912G, 912G"
Leeuwenhoekiella blandensis,GCF_000152985.1,Leeuwenhoekiella,"912G, 913G"
Legionella clemsonensis,GCF_002240035.1,Legionella,"885A, 885A"
Legionella drancourtii,GCF_000162755.2,Legionella,"912G, 913G"
Legionella geestiana,GCF_004571195.1,Legionella,"912G, 912G, 912G"
Legionella londiniensis,GCF_900452755.1,Legionella,"912G, 912G, 912G"
Legionella micdadei,GCF_000953635.1,Legionella,"912G, 912G, 912G"
Legionella oakridgensis,GCF_001467925.1,Legionella,"912G, 913G"
Legionella quinlivanii,GCF_001467975.1,Legionella,"912G, 913G"
Legionella santicrucis,GCF_001468135.1,Legionella,"912G, 913G"
Legionella shakespearei,GCF_001468025.1,Legionella,"912G, 913G"
Legionella spiritensis,GCF_900186965.1,Legionella,"912G, 913G, 912G, 913G, 912G, 913G"
Legionella tunisiensis,GCF_000308315.1,Legionella,"912G, 913G"
Leifsonia aquatica,GCF_014190775.1,Leifsonia,885A
Leifsonia kafniensis,GCF_039538945.1,Leifsonia,912G
Leifsonia naganoensis,GCF_013410615.1,Leifsonia,885A
Leifsonia shinshuensis,GCF_013410375.1,Leifsonia,885A
Leifsonia soli,GCF_013408745.1,Leifsonia,885A
Leifsonia stereocauli,GCF_038432415.1,Leifsonia,912G
Leifsonia virtsii,GCF_030433675.1,Leifsonia,885A
Leifsonia williamsii,GCF_030433685.1,Leifsonia,"885A, 885A"
Leifsonia xyli,GCF_000470775.1,Leifsonia,885A
Lentihominibacter faecis,GCF_014306095.1,Lentihominibacter,885A
Lentihominibacter hominis,GCF_014385065.1,Lentihominibacter,885A
Lentilactobacillus buchneri,GCF_018314255.1,Lentilactobacillus,"912G, 913G, 912G, 913G, 912G, 913G, 912G, 913G"
Lentilactobacillus diolivorans,GCF_001434255.1,Lentilactobacillus,"912G, 913G"
Lentilactobacillus kosonis,GCF_003864335.1,Lentilactobacillus,"912G, 913G"
Lentilactobacillus parabuchneri,GCF_014879295.1,Lentilactobacillus,"912G, 913G, 912G, 913G"
Lentilactobacillus rapi,GCF_001436255.1,Lentilactobacillus,"912G, 913G"
Lentilactobacillus sunkii,GCF_001435575.1,Lentilactobacillus,"912G, 913G"
Lentilactobacillus terminaliae,GCF_026913205.2,Lentilactobacillus,"912G, 913G, 912G, 913G, 912G, 913G, 912G, 913G, 912G, 913G, 912G, 913G"
Lentisalinibacter sediminis,GCF_040706615.1,Lentisalinibacter,912G
Leptogranulimonas caecicola,GCF_023168405.1,Leptogranulimonas,"912G, 913G, 912G, 913G, 912G, 913G"
Leptospira alexanderi,GCF_000243815.2,Leptospira,523C
Leptothrix discophora,GCF_030705305.1,Leptothrix,912G
Leptotrichia buccalis,GCF_000023905.1,Leptotrichia,"912G, 912G, 912G, 912G, 912G"
Leptotrichia hongkongensis,GCF_007990635.1,Leptotrichia,"523C, 523C, 523C"
Leptotrichia massiliensis,GCF_900104625.1,Leptotrichia,"912G, 912G, 912G, 912G, 912G"
Leptotrichia rugosa,GCF_041200005.1,Leptotrichia,523C
Leptotrichia trevisanii,GCF_007990365.1,Leptotrichia,523C
Leptotrichia wadei,GCF_007990545.2,Leptotrichia,"912G, 913G"
Leucobacter chironomi,GCF_000421845.1,Leucobacter,"885A, 885A"
Leucobacter chromiireducens,GCF_016758195.1,Leucobacter,523C
Leucobacter chromiiresistens,GCF_900102345.1,Leucobacter,"523C, 523C, 523C"
Leucobacter chromiisoli,GCF_016522505.1,Leucobacter,523C
Leucobacter denitrificans,GCF_014396385.1,Leucobacter,"912G, 912G"
Leucobacter edaphi,GCF_016522535.1,Leucobacter,912G
Leucobacter exalbidus,GCF_017834145.1,Leucobacter,"912G, 912G, 912G, 912G, 912G, 912G"
Leucobacter iarius,GCF_039530105.1,Leucobacter,523C
Leucobacter luti,GCF_004217175.1,Leucobacter,523C
Leucobacter manosquensis,GCF_018304845.1,Leucobacter,"523C, 523C, 523C"
Leucobacter ruminantium,GCF_017565705.1,Leucobacter,912G
Leucobacter salsicius,GCF_000350525.1,Leucobacter,"912G, 912G, 912G"
Leucobacter soli,GCF_910593785.1,Leucobacter,912G
Leucobacter tardus,GCF_017583045.1,Leucobacter,912G
Leucobacter weissii,GCF_017565745.1,Leucobacter,912G
Leuconostoc fallax,GCF_004354645.1,Leuconostoc,"912G, 913G, 912G, 913G, 912G, 913G, 912G, 913G, 912G, 913G"
Leuconostoc lactis,GCF_007954605.1,Leuconostoc,"912G, 913G"
Leucothrix mucor,GCF_000419525.1,Leucothrix,"912G, 913G, 912G, 913G"
Levilactobacillus acidifarinae,GCF_001434835.1,Levilactobacillus,"912G, 913G"
Levilactobacillus andaensis,GCF_016861695.1,Levilactobacillus,"912G, 913G"
Levilactobacillus angrenensis,GCF_003946085.1,Levilactobacillus,"912G, 913G"
Levilactobacillus brevis,GCF_900475625.1,Levilactobacillus,"912G, 913G, 912G, 913G, 912G, 913G, 912G, 913G, 912G, 913G"
Levilactobacillus cerevisiae,GCF_964062745.1,Levilactobacillus,"912G, 913G, 912G, 913G, 912G, 913G, 912G, 913G, 912G, 913G, 912G, 913G"
Levilactobacillus fuyuanensis,GCF_003946395.1,Levilactobacillus,"912G, 913G"
Levilactobacillus hammesii,GCF_001434395.1,Levilactobacillus,"912G, 913G"
Levilactobacillus huananensis,GCF_003946145.1,Levilactobacillus,"912G, 913G"
Levilactobacillus humaensis,GCF_024345185.1,Levilactobacillus,"912G, 913G"
Levilactobacillus koreensis,GCF_001050435.1,Levilactobacillus,"912G, 913G, 912G, 913G, 912G, 913G, 912G, 913G, 912G, 913G, 912G, 913G"
Levilactobacillus lanxiensis,GCF_016861655.1,Levilactobacillus,"912G, 913G"
Levilactobacillus lettrarii,GCF_044053885.1,Levilactobacillus,"912G, 913G, 912G, 913G, 912G, 913G, 912G, 913G, 912G, 913G, 912G, 913G"
Levilactobacillus lindianensis,GCF_003946095.1,Levilactobacillus,"912G, 913G"
Levilactobacillus mulengensis,GCF_003946045.1,Levilactobacillus,"912G, 913G"
Levilactobacillus muriae,GCF_045862015.1,Levilactobacillus,"912G, 913G"
Levilactobacillus namurensis,GCF_007992015.1,Levilactobacillus,"912G, 913G"
Levilactobacillus parabrevis,GCF_044051715.1,Levilactobacillus,"912G, 913G, 912G, 913G, 912G, 913G, 912G, 913G, 912G, 913G, 912G, 913G"
Levilactobacillus paucivorans,GCF_001437125.1,Levilactobacillus,"912G, 913G"
Levilactobacillus senmaizukei,GCF_001592085.1,Levilactobacillus,"912G, 913G"
Levilactobacillus tangyuanensis,GCF_003946545.1,Levilactobacillus,"912G, 913G"
Levilactobacillus tongjiangensis,GCF_003946345.1,Levilactobacillus,"912G, 913G"
Levilactobacillus wangkuiensis,GCF_016861605.1,Levilactobacillus,"912G, 913G"
Levilactobacillus yonginensis,GCF_003946265.1,Levilactobacillus,"912G, 913G"
Levilactobacillus zymae,GCF_963243745.1,Levilactobacillus,"912G, 913G, 912G, 913G, 912G, 913G, 912G, 913G, 912G, 913G, 912G, 913G"
Levilinea saccharolytica,GCF_001306035.1,Levilinea,912G
Ligilactobacillus acidipiscis,GCF_900116935.1,Ligilactobacillus,912G
Lignipirellula cremea,GCF_007751035.1,Lignipirellula,885A
Limnobacter olei,GCF_029087225.1,Limnobacter,523C
Limnobacter profundi,GCF_013004065.1,Limnobacter,"523C, 523C"
Limnobacter thiooxidans,GCF_036323495.1,Limnobacter,"523C, 523C"
Limnohabitans lacus,GCF_030053395.1,Limnohabitans,523C
Limnohabitans planktonicus,GCF_001270065.2,Limnohabitans,523C
Limnohabitans radicicola,GCF_014837235.1,Limnohabitans,912G
Limosilactobacillus agrestis,GCF_014145585.1,Limosilactobacillus,"912G, 913G"
Limosilactobacillus albertensis,GCF_014145555.1,Limosilactobacillus,"912G, 913G"
Limosilactobacillus caecicola,GCF_943192935.1,Limosilactobacillus,"912G, 913G"
Limosilactobacillus frumenti,GCF_008876665.1,Limosilactobacillus,"912G, 913G, 912G, 913G, 912G, 913G, 912G, 913G"
Limosilactobacillus reuteri,GCF_003703885.1,Limosilactobacillus,"912G, 913G"
Limosilactobacillus secaliphilus,GCF_001437055.1,Limosilactobacillus,"912G, 913G"
Limosilactobacillus walteri,GCF_014830205.1,Limosilactobacillus,"912G, 913G"
Liquorilactobacillus oeni,GCF_001436275.1,Liquorilactobacillus,"912G, 913G"
Liquorilactobacillus satsumensis,GCF_001435195.1,Liquorilactobacillus,"912G, 913G"
Liquorilactobacillus sicerae,GCF_029916425.1,Liquorilactobacillus,"912G, 913G"
Liquorilactobacillus vini,GCF_001435395.1,Liquorilactobacillus,"912G, 913G"
Listeria cornellensis,GCF_000525855.1,Listeria,"912G, 913G"
Litoribacterium kuwaitense,GCF_011058155.1,Litoribacterium,"912G, 913G"
Litoribaculum gwangyangense,GCF_039543505.1,Litoribaculum,"912G, 913G"
Litorivita pollutaquae,GCF_003205515.1,Litorivita,523C
Lonepinella koalarum,GCF_042926695.1,Lonepinella,"912G, 912G, 913G"
Longimicrobium terrae,GCF_014198875.1,Longimicrobium,912G
Luethyella okanaganae,GCF_042660285.1,Luethyella,523C
Lunatimonas lonarensis,GCF_000390185.1,Lunatimonas,"912G, 913G"
Lunatimonas salinarum,GCF_017811155.1,Lunatimonas,"912G, 913G"
Luteimicrobium xylanilyticum,GCF_009429125.1,Luteimicrobium,"912G, 912G, 912G"
Luteimonas chenhongjianii,GCF_002327105.1,Luteimonas,523C
Luteimonas colneyensis,GCF_014836665.1,Luteimonas,"912G, 913G"
Luteimonas padinae,GCF_014652935.1,Luteimonas,523C
Luteimonas yindakuii,GCF_004803715.2,Luteimonas,"523C, 523C"
Luteipulveratus halotolerans,GCF_001247745.1,Luteipulveratus,"523C, 523C"
Luteitalea pratensis,GCF_001618865.1,Luteitalea,"885A, 913G"
Luteolibacter ambystomatis,GCF_018137965.1,Luteolibacter,912G
Lutibacter oricola,GCF_900106565.1,Lutibacter,"885A, 912G, 913G"
Lutibacter profundi,GCF_001543325.1,Lutibacter,"885A, 912G, 913G, 885A, 912G, 913G"
Lysinibacillus agricola,GCF_016638705.1,Lysinibacillus,"912G, 523C"
Macrococcoides caseolyticum,GCF_016028795.1,Macrococcoides,912G
Magnetococcus marinus,GCF_000014865.1,Magnetococcus,523C
Magnetospirillum fulvum,GCF_900108475.1,Magnetospirillum,523C
Magnetovibrio blakemorei,GCF_001746755.1,Magnetovibrio,523C
Magnetovirga frankeli,GCF_009497875.2,Magnetovirga,"912G, 913G, 912G, 913G"
Maioricimonas rarisocia,GCF_007747795.1,Maioricimonas,"912G, 912G"
Malaciobacter molluscorum,GCF_003544935.1,Malaciobacter,"885A, 885A, 885A, 885A, 885A, 885A"
Malaciobacter mytili,GCF_003346775.1,Malaciobacter,"885A, 885A, 885A, 885A, 885A, 885A"
Malaciobacter pacificus,GCF_004214795.1,Malaciobacter,"885A, 885A, 885A, 885A, 885A"
Malacoplasma penetrans,GCF_000011225.1,Malacoplasma,912G
Maledivibacter halophilus,GCF_900167445.1,Maledivibacter,885A
Mangrovibacterium marinum,GCF_003046625.1,Mangrovibacterium,885A
Mangrovihabitans endophyticus,GCF_014646155.1,Mangrovihabitans,523C
Maribellus comscasis,GCF_009762775.1,Maribellus,"523C, 912G, 913G, 523C, 912G, 913G"
Maribellus mangrovi,GCF_037646455.1,Maribellus,"523C, 912G, 913G"
Maribrevibacterium harenarium,GCF_006385675.1,Maribrevibacterium,"885A, 912G, 913G"
Marinactinospora thermotolerans,GCF_900167435.1,Marinactinospora,912G
Marinicella litoralis,GCF_004363335.1,Marinicella,"885A, 912G, 913G"
Marinicella marina,GCF_030065545.1,Marinicella,"885A, 912G, 913G"
Marinicella sediminis,GCF_002000055.1,Marinicella,"885A, 912G, 913G"
Mariniflexile gromovii,GCF_017814435.1,Mariniflexile,"912G, 913G"
Mariniflexile jejuense,GCF_042675665.1,Mariniflexile,"912G, 913G"
Mariniflexile litorale,GCF_031128465.2,Mariniflexile,"885A, 912G, 913G, 885A, 912G, 913G"
Mariniflexile maritimum,GCF_009746565.1,Mariniflexile,"912G, 913G"
Mariniflexile soesokkakense,GCF_039650365.1,Mariniflexile,"912G, 913G"
Mariniphaga anaerophila,GCF_900129025.1,Mariniphaga,"523C, 912G, 913G"
Mariniradius saccharolyticus,GCF_000330725.2,Mariniradius,"912G, 913G"
Mariniradius sediminis,GCF_021491425.1,Mariniradius,"912G, 913G"
Marinitoga lauensis,GCF_004135675.1,Marinitoga,"523C, 912G, 913G"
Marinobacterium sedimentorum,GCF_024267675.1,Marinobacterium,"912G, 913G"
Marinococcus halophilus,GCF_900166605.1,Marinococcus,"912G, 913G"
Marinococcus luteus,GCF_900106595.1,Marinococcus,"912G, 913G"
Marinomonas aquimarina,GCF_900089755.1,Marinomonas,"885A, 912G, 913G"
Marinomonas ostreistagni,GCF_016888445.1,Marinomonas,"885A, 912G, 913G"
Marinomonas rhodophyticola,GCF_026113935.1,Marinomonas,"885A, 912G, 913G, 885A"
Mariprofundus erugo,GCF_005818865.1,Mariprofundus,"912G, 913G"
Mariprofundus micogutta,GCF_001895085.1,Mariprofundus,"912G, 912G"
Massilia forsythiae,GCF_012849555.1,Massilia,"912G, 912G"
Massilia haematophila,GCF_042647645.1,Massilia,"912G, 912G"
Massilia oculi,GCF_003143515.1,Massilia,"912G, 912G, 912G, 912G, 912G, 912G"
Massilia polaris,GCF_012927275.1,Massilia,523C
Massilibacterium senegalense,GCF_001375675.1,Massilibacterium,"912G, 913G, 912G, 913G, 912G, 913G, 912G, 913G, 912G, 913G"
Massiliimalia massiliensis,GCF_900155615.1,Massiliimalia,523C
Massiliimalia timonensis,GCF_900186585.1,Massiliimalia,523C
Mastigocladopsis repens,GCF_000315565.1,Mastigocladopsis,912G
Mediterranea massiliensis,GCF_900128475.1,Mediterranea,"912G, 913G"
Megamonas funiformis,GCF_010669225.1,Megamonas,"912G, 913G, 912G, 913G, 912G, 913G, 912G, 913G"
Megasphaera hominis,GCF_014269395.1,Megasphaera,523C
Megasphaera hutchinsoni,GCF_001553405.1,Megasphaera,523C
Megasphaera lornae,GCF_000214495.1,Megasphaera,523C
Megasphaera sueciensis,GCF_050219315.1,Megasphaera,"912G, 912G, 912G, 912G"
Meiothermus hypogaeus,GCF_007990975.1,Meiothermus,"912G, 913G"
Melaminivora jejuensis,GCF_021249385.1,Melaminivora,"912G, 912G, 912G"
Melaminivora suipulveris,GCF_003008575.1,Melaminivora,"912G, 912G, 912G"
Melghirimyces algeriensis,GCF_900182565.1,Melghirimyces,"885A, 912G, 913G"
Merdibacter massiliensis,GCF_900155395.1,Merdibacter,885A
Mergibacter septicus,GCF_003265225.1,Mergibacter,"885A, 885A"
Mesomycoplasma lagogenitalium,GCF_029854295.1,Mesomycoplasma,"885A, 885A"
Mesomycoplasma molare,GCF_024918955.1,Mesomycoplasma,"523C, 523C"
Mesonia aestuariivivens,GCF_019311235.1,Mesonia,"912G, 913G"
Mesonia aquimarina,GCF_003667275.1,Mesonia,"912G, 913G"
Mesonia maritima,GCF_042433895.1,Mesonia,"912G, 913G"
Mesonia oceanica,GCF_902499555.1,Mesonia,523C
Mesoplasma syrphidae,GCF_002843565.1,Mesoplasma,"912G, 912G"
Mesosutterella faecium,GCF_022809315.2,Mesosutterella,"912G, 912G, 912G, 912G, 912G"
Mesosutterella multiformis,GCF_003402575.1,Mesosutterella,"523C, 523C, 523C, 523C, 523C, 523C"
Mesoterricola sediminis,GCF_030295425.1,Mesoterricola,"912G, 912G"
Mesoterricola silvestris,GCF_030295405.1,Mesoterricola,912G
Metabacillus rhizolycopersici,GCF_020075705.1,Metabacillus,885A
Metaclostridioides mangenotii,GCF_017873185.1,Metaclostridioides,"523C, 885A"
Metamycoplasma equirhinis,GCF_033546855.1,Metamycoplasma,"912G, 913G"
Metamycoplasma hominis,GCF_000767725.1,Metamycoplasma,"912G, 913G"
Metamycoplasma phocicerebrale,GCF_003383595.3,Metamycoplasma,"912G, 913G, 912G, 913G"
Metamycoplasma spumans,GCF_041026625.1,Metamycoplasma,"912G, 913G"
Methylibium petroleiphilum,GCF_000015725.1,Methylibium,912G
Methylibium rhizosphaerae,GCF_006386545.1,Methylibium,912G
Methylobacterium oryzae,GCF_000757795.1,Methylobacterium,912G
Methylococcus mesophilus,GCF_026247885.1,Methylococcus,"885A, 912G, 913G"
Methylomarinovum caldicuralii,GCF_033126985.1,Methylomarinovum,"523C, 523C"
Methylomarinovum tepidoasis,GCF_030294985.1,Methylomarinovum,"523C, 523C"
Methylomarinum roseum,GCF_030717995.2,Methylomarinum,"885A, 912G, 913G, 885A, 912G, 913G"
Methylomarinum vadi,GCF_000733935.1,Methylomarinum,"912G, 912G, 912G"
Methylomusa anaerophila,GCF_003966895.1,Methylomusa,"912G, 913G, 912G, 913G, 912G, 913G, 912G, 913G"
Methyloterricola oryzae,GCF_000934725.1,Methyloterricola,912G
Methylovulum psychrotolerans,GCF_002209385.1,Methylovulum,912G
Microaceticoccus formicicus,GCF_036321625.1,Microaceticoccus,"523C, 523C, 523C"
Microbacterium abyssi,GCF_015277895.1,Microbacterium,"523C, 523C"
Microbacterium aerolatum,GCF_007988825.1,Microbacterium,523C
Microbacterium albipurpureum,GCF_030347395.1,Microbacterium,912G
Microbacterium algihabitans,GCF_032464975.1,Microbacterium,912G
Microbacterium amylolyticum,GCF_011046975.1,Microbacterium,"523C, 523C"
Microbacterium aoyamense,GCF_023155855.1,Microbacterium,912G
Microbacterium arabinogalactanolyticum,GCF_030268005.1,Microbacterium,523C
Microbacterium aurantiacum,GCF_031625015.1,Microbacterium,912G
Microbacterium awajiense,GCF_039536545.1,Microbacterium,523C
Microbacterium azadirachtae,GCF_025583665.1,Microbacterium,"912G, 912G"
Microbacterium bandirmense,GCF_037204185.1,Microbacterium,912G
Microbacterium caowuchunii,GCF_008727755.1,Microbacterium,"912G, 912G"
Microbacterium capsulatum,GCF_030865425.1,Microbacterium,"523C, 523C, 523C, 523C"
Microbacterium commune,GCF_014836945.1,Microbacterium,523C
Microbacterium cremeum,GCF_015277855.1,Microbacterium,"912G, 912G"
Microbacterium dauci,GCF_030065535.1,Microbacterium,523C
Microbacterium deminutum,GCF_039530205.1,Microbacterium,912G
Microbacterium elymi,GCF_021582895.2,Microbacterium,912G
Microbacterium esteraromaticum,GCF_016907315.1,Microbacterium,"523C, 523C"
Microbacterium excoecariae,GCF_011326725.1,Microbacterium,"523C, 523C"
Microbacterium foliorum,GCF_003367705.1,Microbacterium,"912G, 912G"
Microbacterium forte,GCF_031885415.1,Microbacterium,"912G, 912G"
Microbacterium galbinum,GCF_023101185.1,Microbacterium,912G
Microbacterium galbum,GCF_032464915.1,Microbacterium,912G
Microbacterium gilvum,GCF_039543865.1,Microbacterium,523C
Microbacterium ginsengiterrae,GCF_015278215.1,Microbacterium,912G
Microbacterium gubbeenense,GCF_000422745.1,Microbacterium,"885A, 912G, 885A, 912G, 885A, 912G"
Microbacterium halophytorum,GCF_002970975.1,Microbacterium,523C
Microbacterium hatanonis,GCF_008017415.1,Microbacterium,912G
Microbacterium helvum,GCF_014779795.1,Microbacterium,885A
Microbacterium hydrocarbonoxydans,GCF_001552455.1,Microbacterium,912G
Microbacterium hydrothermale,GCF_004854025.1,Microbacterium,912G
Microbacterium ihumii,GCF_903645325.1,Microbacterium,"523C, 523C"
Microbacterium immunditiarum,GCF_013409785.1,Microbacterium,"523C, 523C"
Microbacterium insulae,GCF_042677065.1,Microbacterium,912G
Microbacterium istanbulense,GCF_037204145.1,Microbacterium,912G
Microbacterium jejuense,GCF_039544225.1,Microbacterium,912G
Microbacterium jiangjiandongii,GCF_030246925.1,Microbacterium,"912G, 912G"
Microbacterium koreense,GCF_042677105.1,Microbacterium,523C
Microbacterium kunmingense,GCF_023155745.1,Microbacterium,912G
Microbacterium kyungheense,GCF_006783905.1,Microbacterium,"912G, 912G, 912G"
Microbacterium lacus,GCF_039531105.1,Microbacterium,912G
Microbacterium laevaniformans,GCF_016907555.1,Microbacterium,912G
Microbacterium limosum,GCF_036324365.1,Microbacterium,912G
Microbacterium luteolum,GCF_039533965.1,Microbacterium,912G
Microbacterium luteum,GCF_015277875.1,Microbacterium,912G
Microbacterium marmarense,GCF_037204165.1,Microbacterium,912G
Microbacterium mcarthurae,GCF_046064585.1,Microbacterium,885A
Microbacterium memoriense,GCF_025398275.1,Microbacterium,912G
Microbacterium mitrae,GCF_008017445.1,Microbacterium,885A
Microbacterium nanhaiense,GCF_014646015.1,Microbacterium,523C
Microbacterium oryzae,GCF_009735645.1,Microbacterium,523C
Microbacterium panaciterrae,GCF_039541635.1,Microbacterium,523C
Microbacterium paraoxydans,GCF_900105335.1,Microbacterium,"912G, 912G"
Microbacterium phycohabitans,GCF_032464935.1,Microbacterium,912G
Microbacterium profundi,GCF_000763375.1,Microbacterium,523C
Microbacterium protaetiae,GCF_004135285.1,Microbacterium,"523C, 523C"
Microbacterium proteolyticum,GCF_014192415.1,Microbacterium,885A
Microbacterium pseudoresistens,GCF_013409745.1,Microbacterium,"523C, 523C"
Microbacterium psychrotolerans,GCF_031085295.1,Microbacterium,885A
Microbacterium pumilum,GCF_039530225.1,Microbacterium,912G
Microbacterium pygmaeum,GCF_900100885.1,Microbacterium,912G
Microbacterium resistens,GCF_021172025.1,Microbacterium,"912G, 912G"
Microbacterium rhizosphaerae,GCF_034120055.1,Microbacterium,"523C, 523C"
Microbacterium saccharophilum,GCF_007992455.1,Microbacterium,912G
Microbacterium salsuginis,GCF_012524205.1,Microbacterium,885A
Microbacterium schleiferi,GCF_036543185.1,Microbacterium,912G
Microbacterium sediminis,GCF_004564075.1,Microbacterium,"912G, 912G"
Microbacterium sorbitolivorans,GCF_003327285.1,Microbacterium,523C
Microbacterium suaedae,GCF_003254645.1,Microbacterium,523C
Microbacterium sufflavum,GCF_023101165.1,Microbacterium,912G
Microbacterium suwonense,GCF_042655325.1,Microbacterium,885A
Microbacterium telephonicum,GCF_003651225.1,Microbacterium,912G
Microbacterium tenebrionis,GCF_020682665.1,Microbacterium,523C
Microbacterium terrae,GCF_017831975.1,Microbacterium,"523C, 523C"
Microbacterium terregens,GCF_039534975.1,Microbacterium,912G
Microbacterium terricola,GCF_025758395.1,Microbacterium,912G
Microbacterium testaceum,GCF_006539145.1,Microbacterium,912G
Microbacterium thalli,GCF_028737325.1,Microbacterium,912G
Microbacterium trichothecenolyticum,GCF_000956465.1,Microbacterium,885A
Microbulbifer magnicolonia,GCF_035117725.1,Microbulbifer,912G
Micromonospora arida,GCF_042873195.1,Micromonospora,523C
Micromonospora harpali,GCF_045348645.1,Micromonospora,523C
Micromonospora lupini,GCF_000297395.2,Micromonospora,885A
Micromonospora mirobrigensis,GCF_900091555.1,Micromonospora,523C
Micromonospora profundi,GCF_011927785.1,Micromonospora,"523C, 523C, 523C"
Micromonospora salmantinae,GCF_022230905.1,Micromonospora,523C
Micromonospora siamensis,GCF_900090305.1,Micromonospora,"523C, 523C, 523C, 523C"
Micromonospora ureilytica,GCF_015751765.1,Micromonospora,"523C, 523C, 523C"
Microterricola gilva,GCF_004217495.1,Microterricola,"523C, 523C, 523C"
Microterricola pindariensis,GCF_002936985.1,Microterricola,523C
Microterricola viridarii,GCF_900104895.1,Microterricola,"523C, 523C, 523C"
Miltoncostaea oceani,GCF_018141545.1,Miltoncostaea,912G
Miniphocaeibacter massiliensis,GCF_900232905.1,Miniphocaeibacter,523C
Mixta gaviniae,GCF_002953195.1,Mixta,"912G, 912G, 912G, 912G, 912G"
Mizugakiibacter sediminis,GCF_000953855.2,Mizugakiibacter,523C
Mobilibacterium timonense,GCF_900155555.1,Mobilibacterium,"912G, 912G"
Modestobacter caceresii,GCF_000761485.1,Modestobacter,523C
Modestobacter marinus,GCF_014645755.1,Modestobacter,523C
Modestobacter versicolor,GCF_014195485.1,Modestobacter,"885A, 885A, 885A"
Mongoliibacter ruber,GCF_003003005.1,Mongoliibacter,"912G, 913G"
Mongoliitalea daihaiensis,GCF_021596945.1,Mongoliitalea,"912G, 913G"
Moraxella catarrhalis,GCF_002080125.1,Moraxella,"523C, 912G, 913G, 523C, 912G, 913G, 523C, 912G, 913G, 523C, 912G, 913G"
Moritella marina,GCF_008931805.1,Moritella,"885A, 885A, 885A, 523C, 885A, 912G, 913G, 885A, 912G"
Moryella indoligenes,GCF_030812885.1,Moryella,912G
Mucilaginibacter pedocola,GCF_002013915.1,Mucilaginibacter,"912G, 913G, 912G, 913G, 912G, 913G, 912G, 913G"
Mucilaginibacter robiniae,GCF_012849215.1,Mucilaginibacter,"885A, 913G, 885A, 913G"
Mucispirillum schaedleri,GCF_000487995.2,Mucispirillum,"523C, 885A, 523C, 885A, 523C, 885A"
Muricaecibacterium torontonense,GCF_004793925.1,Muricaecibacterium,"912G, 913G"
Muricauda lutisoli,GCF_017313105.1,Muricauda,885A
Muriicola soli,GCF_004139715.1,Muriicola,"912G, 913G"
Mycetocola lacteus,GCF_003667575.1,Mycetocola,523C
Mycetocola saprophilus,GCF_000718085.1,Mycetocola,523C
Mycetocola zhujimingii,GCF_003065425.1,Mycetocola,"912G, 912G"
Mycobacterium alsense,GCF_002086635.1,Mycobacterium,523C
Mycobacterium angelicum,GCF_025822405.1,Mycobacterium,523C
Mycobacterium arosiense,GCF_002086125.1,Mycobacterium,523C
Mycobacterium asiaticum,GCF_002086545.1,Mycobacterium,523C
Mycobacterium avium,GCF_022175585.2,Mycobacterium,523C
Mycobacterium bohemicum,GCF_002102025.1,Mycobacterium,523C
Mycobacterium bouchedurhonense,GCF_002086165.1,Mycobacterium,523C
Mycobacterium burgundiense,GCF_963378095.1,Mycobacterium,"523C, 523C"
Mycobacterium celatum,GCF_002101595.1,Mycobacterium,523C
Mycobacterium colombiense,GCF_000222105.3,Mycobacterium,523C
Mycobacterium conspicuum,GCF_010730195.1,Mycobacterium,523C
Mycobacterium cookii,GCF_010727945.1,Mycobacterium,523C
Mycobacterium holstebronense,GCF_963378105.1,Mycobacterium,"885A, 885A"
Mycobacterium intracellulare,GCF_020736005.1,Mycobacterium,523C
Mycobacterium kokjensenii,GCF_963378075.1,Mycobacterium,"885A, 885A"
Mycobacterium lacus,GCF_010731535.1,Mycobacterium,523C
Mycobacterium malmoense,GCF_019645855.1,Mycobacterium,523C
Mycobacterium mantenii,GCF_010731775.1,Mycobacterium,523C
Mycobacterium marinum,GCF_000723425.2,Mycobacterium,"523C, 523C"
Mycobacterium marseillense,GCF_002285715.1,Mycobacterium,523C
Mycobacterium nebraskense,GCF_002102255.1,Mycobacterium,523C
Mycobacterium novum,GCF_010726505.1,Mycobacterium,885A
Mycobacterium palustre,GCF_002101785.1,Mycobacterium,912G
Mycobacterium paraffinicum,GCF_025822865.1,Mycobacterium,523C
Mycobacterium paraintracellulare,GCF_000276825.1,Mycobacterium,523C
Mycobacterium pseudoshottsii,GCF_003584745.1,Mycobacterium,523C
Mycobacterium riyadhense,GCF_963853645.1,Mycobacterium,523C
Mycobacterium scrofulaceum,GCF_002086735.1,Mycobacterium,523C
Mycobacterium senriense,GCF_019668465.1,Mycobacterium,523C
Mycobacterium shottsii,GCF_010728525.1,Mycobacterium,523C
Mycobacterium szulgai,GCF_002116635.1,Mycobacterium,523C
Mycobacterium timonense,GCF_025821985.1,Mycobacterium,523C
Mycobacterium ulcerans,GCF_002355775.1,Mycobacterium,523C
Mycobacterium wendilense,GCF_963378085.1,Mycobacterium,"523C, 523C"
Mycobacterium zoologicum,GCF_020181635.2,Mycobacterium,885A
Mycolicibacillus trivialis,GCF_002102395.1,Mycolicibacillus,523C
Mycolicibacter acidiphilus,GCF_018455725.1,Mycolicibacter,885A
Mycolicibacter arupensis,GCF_002086515.1,Mycolicibacter,885A
Mycolicibacter engbaekii,GCF_002101585.1,Mycolicibacter,885A
Mycolicibacter heraklionensis,GCF_019645815.1,Mycolicibacter,885A
Mycolicibacter hiberniae,GCF_010729485.1,Mycolicibacter,"885A, 885A"
Mycolicibacter icosiumassiliensis,GCF_900078685.2,Mycolicibacter,"885A, 885A, 885A, 885A"
Mycolicibacter kumamotonensis,GCF_002086285.1,Mycolicibacter,885A
Mycolicibacter longobardus,GCF_002102265.1,Mycolicibacter,885A
Mycolicibacter minnesotensis,GCF_010731755.1,Mycolicibacter,"885A, 885A"
Mycolicibacter nonchromogenicus,GCF_002101775.1,Mycolicibacter,885A
Mycolicibacter senuensis,GCF_010723225.1,Mycolicibacter,885A
Mycolicibacter sinensis,GCF_000214155.1,Mycolicibacter,"885A, 885A"
Mycolicibacter terrae,GCF_010727125.1,Mycolicibacter,885A
Mycolicibacter virginiensis,GCF_022374935.2,Mycolicibacter,"885A, 885A"
Mycolicibacterium agri,GCF_010722915.1,Mycolicibacterium,"912G, 913G"
Mycolicibacterium brumae,GCF_025215495.1,Mycolicibacterium,"523C, 523C"
Mycolicibacterium celeriflavum,GCF_010731795.1,Mycolicibacterium,523C
Mycolicibacterium crocinum,GCF_022370635.2,Mycolicibacterium,523C
Mycolicibacterium holsaticum,GCF_019645835.1,Mycolicibacterium,"523C, 523C"
Mycolicibacterium litorale,GCF_010731695.1,Mycolicibacterium,912G
Mycolicibacterium vulneris,GCF_002104765.1,Mycolicibacterium,523C
Mycoplasma aquilae,GCF_048074525.1,Mycoplasma,523C
Mycoplasma capricolum,GCF_000012765.1,Mycoplasma,"885A, 885A"
Mycoplasma corogypsi,GCF_045276875.1,Mycoplasma,912G
Mycoplasma cottewii,GCF_024918975.1,Mycoplasma,"912G, 912G"
Mycoplasma enhydrae,GCF_025779955.1,Mycoplasma,"912G, 913G"
Mycoplasma feriruminatoris,GCF_029677705.1,Mycoplasma,"885A, 885A"
Mycoplasma leachii,GCF_000183365.1,Mycoplasma,"885A, 885A"
Mycoplasma miroungirhinis,GCF_013008815.1,Mycoplasma,"912G, 913G, 912G, 913G"
Mycoplasma mycoides,GCF_018389705.1,Mycoplasma,"885A, 885A"
Mycoplasma ovis,GCF_000508245.1,Mycoplasma,912G
Mycoplasma parvum,GCF_000477415.1,Mycoplasma,913G
Mycoplasma putrefaciens,GCF_900476175.1,Mycoplasma,"885A, 885A"
Mycoplasma struthionis,GCF_003855455.1,Mycoplasma,"885A, 885A, 885A"
Mycoplasma tauri,GCF_016925555.1,Mycoplasma,912G
Mycoplasma yeatsii,GCF_000875755.1,Mycoplasma,"912G, 912G"
Mycoplasma zalophi,GCF_025486335.1,Mycoplasma,"912G, 913G, 912G, 913G"
Mycoplasmopsis adleri,GCF_045276205.1,Mycoplasmopsis,"912G, 913G, 912G, 913G"
Mycoplasmopsis caviae,GCF_024498215.1,Mycoplasmopsis,"912G, 913G"
Mycoplasmopsis columboralis,GCF_900660675.1,Mycoplasmopsis,912G
Mycoplasmopsis cricetuli,GCF_000526955.1,Mycoplasmopsis,912G
Mycoplasmopsis fermentans,GCF_000186005.1,Mycoplasmopsis,"912G, 913G, 912G, 913G"
Mycoplasmopsis gallinarum,GCF_000621085.1,Mycoplasmopsis,"912G, 913G"
Mycoplasmopsis lipofaciens,GCF_000686585.1,Mycoplasmopsis,"912G, 913G, 912G, 913G, 912G, 913G"
Mycoplasmopsis maculosa,GCF_900660665.1,Mycoplasmopsis,"912G, 913G"
Mycoplasmopsis opalescens,GCF_000712185.1,Mycoplasmopsis,"912G, 913G"
Mycoplasmopsis pullorum,GCF_006334135.1,Mycoplasmopsis,523C
Myroides indicus,GCF_004364575.1,Myroides,"885A, 912G, 913G"
Nakamurella alba,GCF_009707545.1,Nakamurella,523C
Nakamurella antarctica,GCF_003860405.1,Nakamurella,"913G, 913G, 913G"
Nakamurella endophytica,GCF_014646215.1,Nakamurella,912G
Nakamurella lactea,GCF_000426645.1,Nakamurella,523C
Nakamurella leprariae,GCF_016918035.1,Nakamurella,523C
Nakamurella panacisegetis,GCF_900104535.1,Nakamurella,"523C, 523C"
Namhaeicola litoreus,GCF_042679565.1,Namhaeicola,"885A, 912G, 913G"
Natranaerovirga hydrolytica,GCF_004339095.1,Natranaerovirga,"912G, 913G"
Natranaerovirga pectinivora,GCF_004342165.1,Natranaerovirga,"912G, 913G"
Naumannella cuiyingiana,GCF_013408305.1,Naumannella,523C
Neoasaia chiangmaiensis,GCF_002005465.1,Neoasaia,"912G, 913G, 912G, 913G, 912G, 913G, 912G, 913G"
Neobacillus citreus,GCF_018343545.2,Neobacillus,523C
Neobacillus drentensis,GCF_001636415.1,Neobacillus,"912G, 913G"
Neoehrlichia mikurensis,GCF_024299005.1,Neoehrlichia,912G
Neolewinella agarilytica,GCF_900110645.1,Neolewinella,"912G, 913G"
Neolewinella aurantiaca,GCF_008014675.1,Neolewinella,"912G, 913G"
Neolewinella lacunae,GCF_014349155.1,Neolewinella,"912G, 913G, 912G, 913G, 912G, 913G, 912G, 913G"
Neomoorella stamsii,GCF_002995805.1,Neomoorella,523C
Neopusillimonas aestuarii,GCF_011388195.1,Neopusillimonas,"885A, 885A, 885A"
Neopusillimonas aromaticivorans,GCF_030344915.1,Neopusillimonas,523C
Neopusillimonas maritima,GCF_003576595.1,Neopusillimonas,885A
Neorhodopirellula pilleata,GCF_007859915.1,Neorhodopirellula,"912G, 913G"
Nesterenkonia halobia,GCF_039536005.1,Nesterenkonia,523C
Nesterenkonia lacusekhoensis,GCF_017876395.1,Nesterenkonia,"912G, 913G, 912G, 913G"
Nesterenkonia natronophila,GCF_003595215.1,Nesterenkonia,523C
Nevskia ramosa,GCF_000420645.1,Nevskia,"912G, 912G"
Nguyenibacter vanlangensis,GCF_038719015.1,Nguyenibacter,"912G, 913G, 912G, 913G, 912G, 913G"
Niabella soli,GCF_000243115.2,Niabella,"912G, 912G"
Nicoliella spurrieriana,GCF_023380205.1,Nicoliella,"912G, 913G, 912G, 913G, 912G, 913G, 912G, 913G, 912G, 913G"
Nigerium massiliense,GCF_000826085.1,Nigerium,"912G, 913G, 912G, 913G, 912G, 913G"
Ningiella ruwaisensis,GCF_004798935.1,Ningiella,912G
Nitrosococcus oceani,GCF_000012805.1,Nitrosococcus,"912G, 912G"
Nitrosococcus watsonii,GCF_000143085.1,Nitrosococcus,"912G, 912G"
Nitrosomonas aestuarii,GCF_003046585.1,Nitrosomonas,912G
Nitrosospira briensis,GCF_000619905.2,Nitrosospira,912G
Nitrosospira multiformis,GCF_000196355.1,Nitrosospira,885A
Nitrosovibrio tenuis,GCF_900109785.1,Nitrosovibrio,885A
Nitrospina gracilis,GCF_000341545.2,Nitrospina,912G
Nitrospina watsonii,GCF_946900835.1,Nitrospina,912G
Nitrospirillum viridazoti,GCF_000730165.1,Nitrospirillum,"912G, 913G"
Nocardia blacklockiae,GCF_015477355.1,Nocardia,523C
Nocardia cyriacigeorgica,GCF_002949635.1,Nocardia,"912G, 913G, 912G, 913G, 912G, 913G"
Nocardia pseudobrasiliensis,GCF_003350585.1,Nocardia,"912G, 913G"
Nocardia vaccinii,GCF_001613305.1,Nocardia,"912G, 913G"
Nocardioides abyssi,GCF_030412915.1,Nocardioides,523C
Nocardioides agri,GCF_009758195.1,Nocardioides,885A
Nocardioides albertanoniae,GCF_006716315.1,Nocardioides,"885A, 885A"
Nocardioides alcanivorans,GCF_021555175.1,Nocardioides,"912G, 912G, 912G"
Nocardioides alkalitolerans,GCF_000426525.1,Nocardioides,912G
Nocardioides aquaticus,GCF_018459925.1,Nocardioides,"912G, 912G"
Nocardioides aquiterrae,GCF_039526625.1,Nocardioides,912G
Nocardioides campestrisoli,GCF_013624435.2,Nocardioides,"523C, 523C, 523C"
Nocardioides caricicola,GCF_039541135.1,Nocardioides,885A
Nocardioides cremeus,GCF_030518195.1,Nocardioides,885A
Nocardioides currus,GCF_003057875.1,Nocardioides,523C
Nocardioides daphniae,GCF_014635145.1,Nocardioides,885A
Nocardioides deserti,GCF_014646035.1,Nocardioides,523C
Nocardioides dokdonensis,GCF_001653335.1,Nocardioides,"885A, 885A, 885A"
Nocardioides dongkuii,GCF_014127485.1,Nocardioides,"523C, 523C"
Nocardioides eburneiflavus,GCF_004785795.1,Nocardioides,"523C, 523C"
Nocardioides endophyticus,GCF_039543845.1,Nocardioides,912G
Nocardioides ferulae,GCF_003660455.1,Nocardioides,523C
Nocardioides flavescens,GCF_009823805.1,Nocardioides,523C
Nocardioides gilvus,GCF_003194605.1,Nocardioides,885A
Nocardioides ginsengisegetis,GCF_014138045.1,Nocardioides,"885A, 885A"
Nocardioides houyundeii,GCF_003333285.1,Nocardioides,523C
Nocardioides humi,GCF_006494775.1,Nocardioides,885A
Nocardioides humilatus,GCF_008373755.1,Nocardioides,885A
Nocardioides jejuensis,GCF_004337475.1,Nocardioides,"523C, 523C, 523C"
Nocardioides jishulii,GCF_005217835.1,Nocardioides,885A
Nocardioides limicola,GCF_016827675.1,Nocardioides,523C
Nocardioides luti,GCF_014212315.1,Nocardioides,523C
Nocardioides malaquae,GCF_015070385.1,Nocardioides,885A
Nocardioides nanhaiensis,GCF_039542785.1,Nocardioides,523C
Nocardioides nematodiphilus,GCF_020216525.1,Nocardioides,885A
Nocardioides ochotonae,GCF_011420305.2,Nocardioides,"523C, 523C, 523C"
Nocardioides panacisoli,GCF_039537325.1,Nocardioides,523C
Nocardioides panaciterrulae,GCF_013409645.1,Nocardioides,"523C, 523C, 523C"
Nocardioides pelophilus,GCF_014180685.1,Nocardioides,885A
Nocardioides salarius,GCF_016907435.1,Nocardioides,"885A, 885A, 885A"
Nocardioides stalactiti,GCF_014180715.1,Nocardioides,885A
Nocardioides szechwanensis,GCF_900103935.1,Nocardioides,"912G, 913G"
Nocardioides tweenelious,GCF_040045055.1,Nocardioides,885A
Nocardioides yefusunii,GCF_004014875.1,Nocardioides,"885A, 885A, 885A, 885A, 885A, 885A"
Nocardioides zeae,GCF_010686755.1,Nocardioides,"912G, 913G"
Nocardiopsis aegyptia,GCF_013410755.1,Nocardiopsis,"912G, 912G, 912G, 912G, 912G"
Nocardiopsis akebiae,GCF_018316795.1,Nocardiopsis,"912G, 912G, 912G, 912G, 912G"
Nocardiopsis alba,GCF_000710955.1,Nocardiopsis,"523C, 912G"
Nocardiopsis alborubida,GCF_001552695.1,Nocardiopsis,912G
Nocardiopsis algeriensis,GCF_014203695.1,Nocardiopsis,"523C, 912G"
Nocardiopsis changdeensis,GCF_018316655.1,Nocardiopsis,"912G, 912G, 912G, 912G"
Nocardiopsis codii,GCF_036327455.1,Nocardiopsis,912G
Nocardiopsis coralli,GCF_014892575.1,Nocardiopsis,912G
Nocardiopsis dassonvillei,GCF_900638215.1,Nocardiopsis,"912G, 912G, 912G, 912G, 912G"
Nocardiopsis deserti,GCF_008638355.1,Nocardiopsis,912G
Nocardiopsis eucommiae,GCF_965344335.1,Nocardiopsis,912G
Nocardiopsis exhalans,GCF_024134545.1,Nocardiopsis,"523C, 912G, 523C, 912G, 523C, 912G, 523C, 912G, 523C, 912G"
Nocardiopsis flavescens,GCF_900141985.1,Nocardiopsis,912G
Nocardiopsis ganjiahuensis,GCF_000341085.1,Nocardiopsis,912G
Nocardiopsis halotolerans,GCF_000341065.1,Nocardiopsis,912G
Nocardiopsis lucentensis,GCF_000341125.1,Nocardiopsis,912G
Nocardiopsis mangrovi,GCF_042653925.1,Nocardiopsis,912G
Nocardiopsis metallicus,GCF_014201115.1,Nocardiopsis,"912G, 912G, 912G, 912G, 912G"
Nocardiopsis quinghaiensis,GCF_008638365.1,Nocardiopsis,912G
Nocardiopsis salina,GCF_000341025.1,Nocardiopsis,912G
Nocardiopsis sinuspersici,GCF_001998325.1,Nocardiopsis,"912G, 912G, 912G, 912G, 912G"
Nocardiopsis synnemataformans,GCF_965343085.1,Nocardiopsis,912G
Nocardiopsis terrae,GCF_014651695.1,Nocardiopsis,"523C, 912G"
Nocardiopsis tropica,GCF_042660575.1,Nocardiopsis,912G
Nocardiopsis valliformis,GCF_000340985.1,Nocardiopsis,"523C, 912G"
Nocardiopsis xinjiangensis,GCF_000341145.1,Nocardiopsis,912G
Nonlabens arenilitoris,GCF_002954765.1,Nonlabens,"912G, 913G"
Nonlabens dokdonensis,GCF_000332115.1,Nonlabens,"885A, 912G, 885A, 912G"
Nonlabens ponticola,GCF_003966335.1,Nonlabens,"912G, 912G"
Nonlabens spongiae,GCF_002117125.1,Nonlabens,"912G, 913G, 912G, 913G"
Nonlabens tegetincola,GCF_002117085.1,Nonlabens,"912G, 913G, 912G, 913G, 912G, 913G"
Nonlabens ulvanivorans,GCF_032922765.1,Nonlabens,"912G, 913G, 912G, 913G, 912G, 913G, 912G, 913G"
Nonlabens xiamenensis,GCF_003865345.1,Nonlabens,912G
Nonlabens xylanidelens,GCF_002934445.1,Nonlabens,"885A, 912G"
Nonomuraea ceibae,GCF_019396325.1,Nonomuraea,913G
Nonomuraea fastidiosa,GCF_042751225.1,Nonomuraea,"523C, 523C"
Nonomuraea turkmeniaca,GCF_005889735.1,Nonomuraea,"523C, 912G, 913G"
Nostoc favosum,GCF_020829495.1,Nostoc,"523C, 912G"
Noviherbaspirillum album,GCF_035916955.1,Noviherbaspirillum,912G
Noviherbaspirillum aridicola,GCF_019656455.1,Noviherbaspirillum,912G
Noviherbaspirillum denitrificans,GCF_002211445.1,Noviherbaspirillum,912G
Noviherbaspirillum malthae,GCF_015352985.1,Noviherbaspirillum,912G
Noviherbaspirillum saxi,GCF_003591035.1,Noviherbaspirillum,"912G, 912G, 912G, 912G, 912G"
Novilysobacter ciconiae,GCF_015209725.1,Novilysobacter,"523C, 523C"
Novilysobacter erysipheiresistens,GCF_036663935.1,Novilysobacter,523C
Novipirellula artificiosorum,GCF_007860135.1,Novipirellula,913G
Novipirellula aureliae,GCF_007860185.1,Novipirellula,913G
Novipirellula galeiformis,GCF_007860095.1,Novipirellula,913G
Novosphingobium decolorationis,GCF_018417475.1,Novosphingobium,"885A, 912G, 913G"
Occultella kanbiaonis,GCF_009708215.1,Occultella,523C
Oceanisphaera arctica,GCF_002936955.1,Oceanisphaera,912G
Oceanitalea stevensii,GCF_014837105.1,Oceanitalea,523C
Oceanobacillus piezotolerans,GCF_003665065.1,Oceanobacillus,523C
Oceanobacter antarcticus,GCF_044962685.1,Oceanobacter,912G
Ohessyouella blattaphilus,GCF_024160185.1,Ohessyouella,912G
Okibacterium fritillariae,GCF_900167575.1,Okibacterium,912G
Oleiagrimonas citrea,GCF_012395255.1,Oleiagrimonas,523C
Oleiagrimonas soli,GCF_014201555.1,Oleiagrimonas,"523C, 523C"
Oligella ureolytica,GCF_016028735.1,Oligella,523C
Oligella urethralis,GCF_900454345.1,Oligella,"912G, 912G, 912G"
Orbus hercynius,GCF_003634275.1,Orbus,"912G, 913G"
Orbus wheelerorum,GCF_036251935.1,Orbus,"912G, 913G, 912G, 913G, 912G, 913G, 912G, 913G"
Orlajensenia flava,GCF_004801905.1,Orlajensenia,912G
Orlajensenia leifsoniae,GCF_004570845.1,Orlajensenia,523C
Ornithinibacillus gellani,GCF_003730295.1,Ornithinibacillus,523C
Orrella marina,GCF_003058465.1,Orrella,912G
Oscillatoria acuminata,GCF_000317105.1,Oscillatoria,912G
Ottowia caeni,GCF_050821495.1,Ottowia,912G
Paenacidovorax monticola,GCF_014489595.1,Paenacidovorax,912G
Paenactinomyces guangxiensis,GCF_016055185.1,Paenactinomyces,523C
Paenalkalicoccus suaedae,GCF_006965545.2,Paenalkalicoccus,523C
Paenarthrobacter ilicis,GCF_016907545.1,Paenarthrobacter,"523C, 523C, 523C, 523C, 523C, 523C"
Paenibacillus albiflavus,GCF_004344915.1,Paenibacillus,"523C, 885A"
Paenibacillus albus,GCF_003952225.1,Paenibacillus,"523C, 885A, 523C, 885A, 523C, 885A, 523C, 885A, 523C, 885A, 523C, 885A, 523C, 885A, 523C, 885A, 523C, 885A, 523C, 885A, 523C, 885A, 523C, 885A, 523C, 885A"
Paenibacillus algicola,GCF_005577435.1,Paenibacillus,"523C, 523C, 523C, 523C, 885A, 912G, 523C, 523C, 523C, 523C, 523C"
Paenibacillus alginolyticus,GCF_004000725.1,Paenibacillus,913G
Paenibacillus anaericanus,GCF_003994475.1,Paenibacillus,523C
Paenibacillus apiarius,GCF_017052585.1,Paenibacillus,"523C, 523C, 523C, 523C, 523C, 523C, 523C, 523C, 523C, 523C"
Paenibacillus aurantius,GCF_032268605.1,Paenibacillus,"523C, 885A, 912G"
Paenibacillus barengoltzii,GCF_000403375.2,Paenibacillus,885A
Paenibacillus borealis,GCF_000758665.1,Paenibacillus,523C
Paenibacillus bovis,GCF_001421015.2,Paenibacillus,"523C, 912G, 913G, 523C, 523C, 912G, 913G, 523C, 912G, 913G, 523C, 523C, 523C, 912G, 913G, 523C, 912G, 913G, 523C, 912G, 913G"
Paenibacillus brasilensis,GCF_009363115.1,Paenibacillus,523C
Paenibacillus campinasensis,GCF_002272015.1,Paenibacillus,"523C, 885A"
Paenibacillus castaneae,GCF_002884445.1,Paenibacillus,"523C, 523C, 523C, 523C, 523C, 523C, 523C, 523C"
Paenibacillus cellulosilyticus,GCF_013347265.1,Paenibacillus,"523C, 523C, 523C, 523C, 523C, 523C, 523C, 523C, 523C, 523C, 523C, 523C, 523C"
Paenibacillus chitinolyticus,GCF_004117095.1,Paenibacillus,"523C, 523C, 523C, 523C, 523C, 523C, 523C, 523C, 523C, 523C, 523C"
Paenibacillus chondroitinus,GCF_004000765.1,Paenibacillus,523C
Paenibacillus cisolokensis,GCF_018403665.1,Paenibacillus,523C
Paenibacillus crassostreae,GCF_001857945.1,Paenibacillus,"523C, 523C, 523C, 523C, 523C, 523C, 523C, 523C, 523C, 523C"
Paenibacillus curdlanolyticus,GCF_000179615.1,Paenibacillus,"523C, 523C, 523C, 523C, 523C, 523C, 523C, 523C, 523C"
Paenibacillus dakarensis,GCF_001373415.1,Paenibacillus,523C
Paenibacillus darwinianus,GCF_000598065.1,Paenibacillus,885A
Paenibacillus dendritiformis,GCF_021654795.1,Paenibacillus,"523C, 523C, 523C, 523C, 523C, 523C, 523C, 523C"
Paenibacillus dokdonensis,GCF_004916975.1,Paenibacillus,523C
Paenibacillus durus,GCF_000756615.1,Paenibacillus,523C
Paenibacillus elgii,GCF_029625475.1,Paenibacillus,523C
Paenibacillus foliorum,GCF_013141765.1,Paenibacillus,523C
Paenibacillus germinis,GCF_013141785.1,Paenibacillus,913G
Paenibacillus hexagrammi,GCF_021513275.1,Paenibacillus,"523C, 523C, 523C, 523C, 523C, 523C, 523C, 523C, 523C, 523C, 885A, 912G, 523C"
Paenibacillus hunanensis,GCF_034055775.1,Paenibacillus,"912G, 913G, 912G, 913G, 912G, 913G, 912G, 913G, 912G, 913G"
Paenibacillus kobensis,GCF_004000825.1,Paenibacillus,523C
Paenibacillus kribbensis,GCF_002240415.1,Paenibacillus,885A
Paenibacillus kyungheensis,GCF_028606985.1,Paenibacillus,"523C, 523C, 885A, 523C, 885A, 523C, 885A, 885A, 523C, 885A, 523C, 885A, 523C, 885A"
Paenibacillus lutimineralis,GCF_003991425.1,Paenibacillus,"523C, 523C, 523C, 523C, 523C, 523C, 523C, 523C, 523C, 523C"
Paenibacillus lutrae,GCF_009757775.1,Paenibacillus,523C
Paenibacillus macerans,GCF_900454495.1,Paenibacillus,"523C, 523C, 523C, 523C, 523C, 523C, 523C, 523C"
Paenibacillus melissococcoides,GCF_944800085.1,Paenibacillus,"523C, 523C, 523C, 523C, 523C, 523C, 523C, 523C"
Paenibacillus nuruki,GCF_963311185.1,Paenibacillus,"523C, 885A, 885A, 523C, 885A, 885A, 885A, 885A, 885A, 885A"
Paenibacillus oralis,GCF_003863965.1,Paenibacillus,"523C, 523C, 523C, 523C, 523C"
Paenibacillus phoenicis,GCF_034718895.1,Paenibacillus,"523C, 523C, 523C, 523C, 523C, 523C, 523C, 523C"
Paenibacillus phytorum,GCF_013141715.1,Paenibacillus,523C
Paenibacillus plantarum,GCF_013141695.1,Paenibacillus,"885A, 912G"
Paenibacillus planticolens,GCF_013141725.1,Paenibacillus,"885A, 912G"
Paenibacillus polygoni,GCF_030263935.1,Paenibacillus,"523C, 523C, 523C, 523C, 523C, 523C, 523C, 523C, 523C, 523C, 523C"
Paenibacillus riograndensis,GCF_000981585.1,Paenibacillus,"885A, 885A, 885A, 885A"
Paenibacillus roseus,GCF_016424485.1,Paenibacillus,"912G, 913G"
Paenibacillus sabinae,GCF_000612505.1,Paenibacillus,"523C, 885A, 912G, 523C, 523C, 885A, 912G"
Paenibacillus sediminis,GCF_017873765.1,Paenibacillus,523C
Paenibacillus senegalensis,GCF_000285515.1,Paenibacillus,523C
Paenibacillus senegalimassiliensis,GCF_001486585.1,Paenibacillus,523C
Paenibacillus silviterrae,GCF_030167925.1,Paenibacillus,"523C, 913G, 523C, 913G"
Paenibacillus solanacearum,GCF_910593845.1,Paenibacillus,523C
Paenibacillus spongiae,GCF_024734895.1,Paenibacillus,"885A, 885A, 885A, 885A, 885A"
Paenibacillus stellifer,GCF_000758685.1,Paenibacillus,523C
Paenibacillus swuensis,GCF_001644605.1,Paenibacillus,"523C, 885A, 523C, 885A, 523C, 885A, 523C, 885A, 523C, 885A, 523C, 885A, 523C, 885A, 523C, 885A, 523C, 885A, 523C, 885A"
Paenibacillus thalictri,GCF_004307995.1,Paenibacillus,"523C, 885A"
Paenibacillus thiaminolyticus,GCF_007066085.1,Paenibacillus,523C
Paenibacillus tuaregi,GCF_900086655.1,Paenibacillus,"523C, 523C, 523C, 523C"
Paenibacillus urinalis,GCF_028747985.1,Paenibacillus,"523C, 523C, 523C, 523C, 523C, 523C, 523C, 523C"
Paenibacillus wenxiniae,GCF_039822605.1,Paenibacillus,885A
Paenibacillus whitsoniae,GCF_003955665.1,Paenibacillus,"885A, 912G"
Paenibacillus yonginensis,GCF_001685395.1,Paenibacillus,"523C, 523C, 523C, 523C, 523C, 523C, 523C, 523C, 523C, 523C"
Paenibacillus zeisoli,GCF_003994465.1,Paenibacillus,523C
Palleniella intestinalis,GCF_013166595.1,Palleniella,"885A, 885A, 885A"
Paludibacterium denitrificans,GCF_009707705.1,Paludibacterium,"885A, 912G"
Paludisphaera borealis,GCF_001956985.1,Paludisphaera,"885A, 912G, 885A, 912G, 885A, 912G"
Paludisphaera mucosa,GCF_029589435.1,Paludisphaera,"885A, 912G, 885A, 912G, 885A, 912G"
Paludisphaera rhizosphaerae,GCF_011065895.1,Paludisphaera,912G
Paludisphaera soli,GCF_011064595.1,Paludisphaera,912G
Pandoraea terrae,GCF_902459695.1,Pandoraea,523C
Pantoea eucalypti,GCF_009646115.1,Pantoea,"885A, 913G, 912G"
Parabacteroides distasonis,GCF_018279895.1,Parabacteroides,"912G, 912G"
Parabacteroides pacaensis,GCF_900292045.1,Parabacteroides,912G
Paraburkholderia dioscoreae,GCF_902459535.1,Paraburkholderia,"912G, 912G, 912G, 912G, 912G, 912G"
Paraburkholderia gardini,GCF_907164545.1,Paraburkholderia,912G
Paraburkholderia kirstenboschensis,GCF_032806925.1,Paraburkholderia,912G
Paraburkholderia lacunae,GCF_003353175.1,Paraburkholderia,912G
Paraburkholderia metrosideri,GCF_904848625.1,Paraburkholderia,912G
Paraburkholderia pallida,GCF_004524855.1,Paraburkholderia,"885A, 912G, 912G"
Paraburkholderia phenoliruptrix,GCF_000300095.1,Paraburkholderia,912G
Paraburkholderia polaris,GCF_012927345.1,Paraburkholderia,912G
Paraburkholderia saeva,GCF_907164555.1,Paraburkholderia,912G
Paraburkholderia sartisoli,GCF_900107685.1,Paraburkholderia,912G
Paraburkholderia youngii,GCF_013366925.1,Paraburkholderia,"912G, 912G"
Paracholeplasma morum,GCF_016907055.1,Paracholeplasma,885A
Paracidobacterium acidisoli,GCF_003428625.2,Paracidobacterium,523C
Paracidovorax konjaci,GCF_900112675.1,Paracidovorax,523C
Paracidovorax wautersii,GCF_900113035.1,Paracidovorax,523C
Paraclostridium ghonii,GCF_023653455.2,Paraclostridium,"523C, 523C, 523C, 523C, 523C, 523C, 523C, 523C, 523C, 523C, 523C, 523C, 523C, 523C, 523C, 523C"
Paracnuella aquatica,GCF_003332885.2,Paracnuella,"885A, 912G, 913G"
Paraconexibacter antarcticus,GCF_024220175.1,Paraconexibacter,885A
Paractinoplanes ovalisporus,GCF_016834655.1,Paractinoplanes,523C
Paractinoplanes rhizophilus,GCF_042664765.1,Paractinoplanes,"885A, 912G, 913G"
Paraeggerthella hominis,GCF_021044775.1,Paraeggerthella,"912G, 913G"
Paraeggerthella hongkongensis,GCF_003726035.1,Paraeggerthella,912G
Paraherbaspirillum soli,GCF_042654985.1,Paraherbaspirillum,912G
Paramicrobacterium agarici,GCF_006788875.1,Paramicrobacterium,"523C, 523C"
Paramicrobacterium chengjingii,GCF_011751765.2,Paramicrobacterium,"912G, 912G"
Paramicrobacterium fandaimingii,GCF_011751745.2,Paramicrobacterium,"523C, 523C"
Paramicrobacterium humi,GCF_900105715.1,Paramicrobacterium,"885A, 912G, 913G, 885A, 912G, 913G"
Paraoerskovia sediminicola,GCF_030296575.1,Paraoerskovia,"912G, 912G, 912G"
Paraphotobacterium marinum,GCF_002216855.1,Paraphotobacterium,912G
Paraprevotella clara,GCF_000233955.1,Paraprevotella,"523C, 885A"
Paraprevotella xylaniphila,GCF_900683745.1,Paraprevotella,"885A, 912G, 913G, 885A, 912G, 913G, 885A, 912G, 913G, 885A, 912G, 913G, 885A, 912G, 913G, 885A, 912G, 913G"
Parasulfitobacter algicola,GCF_013315265.1,Parasulfitobacter,"885A, 913G"
Parasulfuritortus cantonensis,GCF_004337445.1,Parasulfuritortus,912G
Parasutterella excrementihominis,GCF_000205025.1,Parasutterella,912G
Parvibacter caecicola,GCF_003725335.1,Parvibacter,"912G, 913G"
Parvibium lacunae,GCF_003335215.1,Parvibium,"523C, 523C"
Parvimonas parva,GCF_045866535.1,Parvimonas,"885A, 885A, 885A"
Pasteurella atlantica,GCF_963693435.1,Pasteurella,"885A, 912G, 913G"
Pasteurella bettyae,GCF_000262245.1,Pasteurella,"912G, 913G"
Pasteurella oralis,GCF_042681465.1,Pasteurella,"912G, 913G"
Patiriisocius hiemis,GCF_031846325.1,Patiriisocius,"912G, 913G"
Patiriisocius marinistellae,GCF_009014635.1,Patiriisocius,"885A, 912G, 913G"
Patulibacter americanus,GCF_000420025.1,Patulibacter,885A
Paucilactobacillus hokkaidonensis,GCF_000829395.1,Paucilactobacillus,"912G, 913G, 912G, 913G, 912G, 913G, 912G, 913G"
Paucilactobacillus kaifaensis,GCF_005405145.1,Paucilactobacillus,"912G, 913G"
Paucilactobacillus wasatchensis,GCF_000876205.1,Paucilactobacillus,"912G, 913G"
Pectobacterium actinidiae,GCF_000803315.1,Pectobacterium,"912G, 912G, 912G"
Pectobacterium brasiliense,GCF_009873295.1,Pectobacterium,912G
Pectobacterium carotovorum,GCF_013488025.1,Pectobacterium,"913G, 912G, 912G"
Pectobacterium colocasium,GCF_020181655.1,Pectobacterium,"912G, 912G"
Pectobacterium punjabense,GCF_012427845.1,Pectobacterium,523C
Pectobacterium quasiaquaticum,GCF_014946775.2,Pectobacterium,912G
Pedococcus dokdonensis,GCF_900104525.1,Pedococcus,523C
Pelistega europaea,GCF_013133775.1,Pelistega,523C
Pelistega ratti,GCF_009833965.1,Pelistega,"912G, 912G, 912G"
Pelistega suis,GCF_013133795.1,Pelistega,912G
Pelodictyon luteolum,GCF_000012485.1,Pelodictyon,913G
Pelosinus baikalensis,GCF_020819555.1,Pelosinus,"912G, 913G"
Pelosinus fermentans,GCF_000271485.2,Pelosinus,"912G, 913G, 912G, 913G, 912G, 913G, 912G, 913G"
Pelotomaculum propionicicum,GCF_004369225.1,Pelotomaculum,"912G, 913G"
Pelotomaculum schinkii,GCF_004369205.1,Pelotomaculum,"885A, 913G, 523C"
Pengzhenrongella frigida,GCF_004168625.1,Pengzhenrongella,"885A, 912G, 913G"
Pengzhenrongella phosphoraccumulans,GCF_045689905.1,Pengzhenrongella,"885A, 912G, 913G, 885A, 912G, 913G"
Peptacetobacter hiranonis,GCF_008151785.1,Peptacetobacter,"885A, 885A, 885A, 885A, 885A, 885A, 885A, 885A"
Peptoclostridium acidaminophilum,GCF_000597865.1,Peptoclostridium,"885A, 885A, 885A, 885A, 885A, 885A, 885A"
Peptoclostridium litorale,GCF_000699585.2,Peptoclostridium,"885A, 885A"
Peptoniphilus genitalis,GCF_023614525.1,Peptoniphilus,"523C, 523C, 523C"
Peptoniphilus harei,GCF_016726485.1,Peptoniphilus,"523C, 523C, 523C"
Peptoniphilus lacydonensis,GCF_900106515.1,Peptoniphilus,"523C, 523C"
Peptoniphilus phoceensis,GCF_001517665.2,Peptoniphilus,523C
Peptoniphilus porci,GCF_001940285.1,Peptoniphilus,"523C, 523C, 523C"
Peptoniphilus rachelemmaiella,GCF_943169845.1,Peptoniphilus,885A
Peptoniphilus rhinitidis,GCF_000246925.1,Peptoniphilus,523C
Peptoniphilus timonensis,GCF_000312025.1,Peptoniphilus,523C
Peptoniphilus vaginalis,GCF_900176605.1,Peptoniphilus,523C
Peptostreptococcus faecalis,GCF_900240845.1,Peptostreptococcus,"913G, 913G"
Peptostreptococcus stomatis,GCF_000147675.1,Peptostreptococcus,523C
Peredibacter starrii,GCF_034259205.1,Peredibacter,"885A, 885A"
Periweissella cryptocerci,GCF_004358325.1,Periweissella,"912G, 913G, 913G"
Permianibacter aggregans,GCF_009756665.1,Permianibacter,523C
Persicitalea jodogahamensis,GCF_014651615.1,Persicitalea,"912G, 913G"
Peterkaempfera bronchialis,GCF_003258605.2,Peterkaempfera,885A
Peterkaempfera griseoplana,GCF_001418575.1,Peterkaempfera,885A
Peterkaempfera podocarpi,GCF_042466665.1,Peterkaempfera,"885A, 885A, 885A, 885A, 885A, 885A, 885A, 885A"
Peteryoungia algae,GCF_030369675.1,Peteryoungia,523C
Petrimonas sulfuriphila,GCF_051201015.1,Petrimonas,"912G, 913G"
Petroclostridium xylanilyticum,GCF_002252565.1,Petroclostridium,912G
Petropleomorpha daqingensis,GCF_013408985.1,Petropleomorpha,"885A, 885A, 885A"
Petrotoga mexicana,GCF_002895565.1,Petrotoga,"912G, 913G"
Petrotoga mobilis,GCF_000018605.1,Petrotoga,"885A, 912G, 885A, 912G"
Petrotoga olearia,GCF_002895525.1,Petrotoga,523C
Phaeocystidibacter marisrubri,GCF_008933165.1,Phaeocystidibacter,"912G, 913G, 912G, 913G"
Phocaeicola abscessus,GCF_000312445.1,Phocaeicola,"885A, 912G"
Phocaeicola coprophilus,GCF_016888945.1,Phocaeicola,"885A, 885A, 885A, 885A, 885A, 885A, 885A"
Phocaeicola oris,GCF_021295095.1,Phocaeicola,"912G, 913G"
Phocaeicola salanitronis,GCF_000190575.1,Phocaeicola,885A
Phocicoccus pinnipedialis,GCF_903994035.1,Phocicoccus,"912G, 913G"
Phosphitispora fastidiosa,GCF_019008365.1,Phosphitispora,912G
Photobacterium kishitanii,GCF_000613045.3,Photobacterium,912G
Photobacterium piscicola,GCF_046058925.1,Photobacterium,"912G, 912G, 912G, 912G, 912G, 912G, 912G, 912G, 912G, 912G, 912G, 912G, 912G, 912G, 912G, 912G, 912G, 912G, 912G, 912G, 912G, 912G, 912G"
Photobacterium toruni,GCF_024529955.1,Photobacterium,"912G, 912G, 912G, 912G, 912G, 912G, 912G, 912G, 912G, 912G, 912G, 912G"
Phragmitibacter flavus,GCF_005780165.1,Phragmitibacter,"912G, 913G"
Phycicoccus sonneratiae,GCF_016887965.1,Phycicoccus,523C
Phytoactinopolyspora halophila,GCF_003287285.1,Phytoactinopolyspora,"912G, 913G"
Phytohabitans kaempferiae,GCF_042433955.1,Phytohabitans,"885A, 912G, 913G"
Pigmentibacter ruber,GCF_009792895.1,Pigmentibacter,523C
Pigmentiphaga aceris,GCF_008119665.1,Pigmentiphaga,"913G, 913G, 913G"
Pigmentiphaga kullae,GCF_004216695.1,Pigmentiphaga,912G
Pinirhizobacter soli,GCF_015905305.1,Pinirhizobacter,523C
Pirellulimonas nuda,GCF_007750855.1,Pirellulimonas,"912G, 913G"
Piscinibacter gummiphilus,GCF_002762215.1,Piscinibacter,"885A, 913G, 885A, 913G, 885A, 913G"
Piscinibacter koreensis,GCF_013366375.1,Piscinibacter,912G
Planctomicrobium piriforme,GCF_900113665.1,Planctomicrobium,913G
Planctopirus ephydatiae,GCF_007752345.1,Planctopirus,"913G, 913G"
Planctopirus hydrillae,GCF_001707835.1,Planctopirus,913G
Planctopirus limnophila,GCF_000092105.1,Planctopirus,"913G, 913G"
Planktosalinus lacus,GCF_014640155.1,Planktosalinus,885A
Planktotalea frisia,GCF_001890925.1,Planktotalea,523C
Planktothrix mougeotii,GCF_015207485.1,Planktothrix,912G
Planococcus beigongshangi,GCF_016820495.1,Planococcus,523C
Planococcus chinensis,GCF_042681545.1,Planococcus,523C
Planococcus citreus,GCF_003664125.1,Planococcus,523C
Planococcus faecalis,GCF_002009235.1,Planococcus,"523C, 523C, 523C, 523C, 523C, 523C"
Planococcus halotolerans,GCF_003289955.1,Planococcus,523C
Planococcus kocurii,GCF_001465835.2,Planococcus,"523C, 523C, 523C, 523C, 523C, 523C, 523C, 523C"
Planococcus notacanthi,GCF_030407825.1,Planococcus,523C
Planococcus plakortidis,GCF_001687605.2,Planococcus,"523C, 523C, 523C, 523C, 523C, 523C, 523C, 523C, 523C"
Planococcus rifietoensis,GCF_001465795.2,Planococcus,"523C, 523C, 523C, 523C, 523C, 523C, 523C, 523C, 523C"
Planococcus soli,GCF_007004635.1,Planococcus,523C
Planococcus versutus,GCF_001186155.3,Planococcus,"523C, 523C, 523C, 523C, 523C, 523C, 523C, 523C, 523C, 885A"
Planococcus wigleyi,GCF_014836985.1,Planococcus,523C
Plantibacter auratus,GCF_050587365.1,Plantibacter,912G
Plantibacter flavus,GCF_003755125.1,Plantibacter,"912G, 912G"
Pleionea sediminis,GCF_007570825.1,Pleionea,912G
Polaribacter aestuariivivens,GCF_005885675.1,Polaribacter,"912G, 913G"
Polaribacter aquimarinus,GCF_003129485.1,Polaribacter,"912G, 913G"
Polaribacter batillariae,GCF_017498485.1,Polaribacter,"912G, 913G, 912G, 913G"
Polaribacter cellanae,GCF_017569185.1,Polaribacter,"912G, 913G, 912G, 913G"
Polaribacter dokdonensis,GCF_024362345.1,Polaribacter,"912G, 913G, 912G, 913G"
Polaribacter haliotis,GCF_014784055.1,Polaribacter,"912G, 913G, 912G, 913G"
Polaribacter huanghezhanensis,GCF_030444335.1,Polaribacter,"912G, 913G, 912G, 913G"
Polaribacter marinivivus,GCF_042651285.1,Polaribacter,"912G, 913G"
Polaribacter pectinis,GCF_014352875.1,Polaribacter,"912G, 913G, 912G, 913G"
Polaribacter porphyrae,GCF_002954685.1,Polaribacter,"912G, 913G"
Polaribacter reichenbachii,GCF_001975665.1,Polaribacter,"912G, 913G, 912G, 913G, 912G, 913G"
Polaromonas jejuensis,GCF_001598235.1,Polaromonas,912G
Pollutimonas subterranea,GCF_002849655.1,Pollutimonas,523C
Pollutimonas thiosulfatoxidans,GCF_004022565.1,Pollutimonas,523C
Polycyclovorans algicola,GCF_000711245.1,Polycyclovorans,"912G, 912G"
Pontibacter liquoris,GCF_022758235.1,Pontibacter,"885A, 913G"
Pontibacter pudoricolor,GCF_010092985.1,Pontibacter,"885A, 913G"
Pontibacter silvestris,GCF_020907275.1,Pontibacter,912G
Pontiella agarivorans,GCF_034531395.1,Pontiella,523C
Pontiella desulfatans,GCF_900890425.1,Pontiella,"523C, 523C"
Pontimonas salivibrio,GCF_002950575.1,Pontimonas,523C
Porphyromonas crevioricanis,GCF_900476255.1,Porphyromonas,"912G, 913G, 912G, 913G, 912G, 913G, 912G, 913G"
Porphyromonas miyakawae,GCF_045865415.1,Porphyromonas,"912G, 913G"
Porphyromonas somerae,GCF_022845615.1,Porphyromonas,"913G, 913G"
Porticoccus hydrocarbonoclasticus,GCF_000744735.1,Porticoccus,912G
Poseidonibacter antarcticus,GCF_003667345.1,Poseidonibacter,885A
Poseidonibacter lekithochrous,GCF_013283835.1,Poseidonibacter,"885A, 885A, 885A, 885A, 885A, 885A, 885A, 885A"
Poseidonibacter ostreae,GCF_009208055.1,Poseidonibacter,885A
Poseidonibacter parvus,GCF_001956695.1,Poseidonibacter,"885A, 885A, 885A, 885A, 885A, 885A"
Postechiella marina,GCF_039538365.1,Postechiella,"885A, 912G, 913G"
Prauserella alba,GCF_024171735.1,Prauserella,523C
Prescottella defluvii,GCF_000738775.1,Prescottella,523C
Prevotella bivia,GCF_000262545.1,Prevotella,"885A, 885A, 885A, 885A"
Prevotella brunnea,GCF_008016795.1,Prevotella,885A
Prevotella denticola,GCF_018128205.1,Prevotella,"885A, 885A"
Prevotella disiens,GCF_900454955.1,Prevotella,"885A, 885A, 885A"
Prevotella fusca,GCF_001262015.1,Prevotella,"885A, 885A, 885A, 885A"
Prevotella histicola,GCF_018128125.1,Prevotella,"885A, 885A, 885A, 885A"
Prevotella jejuni,GCF_002849795.1,Prevotella,"885A, 885A, 885A, 885A"
Prevotella melaninogenica,GCF_000144405.1,Prevotella,"885A, 885A, 885A, 885A"
Prevotella micans,GCF_000243035.1,Prevotella,"885A, 912G, 913G"
Prevotella multiformis,GCF_018127985.1,Prevotella,"885A, 912G, 913G"
Prevotella nigrescens,GCF_018127825.1,Prevotella,"885A, 885A, 885A"
Prevotella pallens,GCF_900454935.1,Prevotella,"885A, 885A, 885A, 885A"
Prevotella rectalis,GCF_900607215.1,Prevotella,"885A, 885A"
Prevotella scopos,GCF_018127785.1,Prevotella,"885A, 885A, 885A, 885A"
Prevotella veroralis,GCF_018127765.1,Prevotella,"885A, 885A"
Prevotellamassilia timonensis,GCF_900106785.1,Prevotellamassilia,885A
Promicromonospora citrea,GCF_042660925.1,Promicromonospora,885A
Propionibacterium acidifaciens,GCF_003798325.1,Propionibacterium,"885A, 912G, 885A, 912G"
Propionibacterium freudenreichii,GCF_900087655.1,Propionibacterium,"523C, 885A, 912G, 523C, 885A, 912G"
Propionicicella superfundia,GCF_000423465.1,Propionicicella,"912G, 913G"
Propioniciclava tarda,GCF_900182665.1,Propioniciclava,523C
Prosthecochloris vibrioformis,GCF_006265245.1,Prosthecochloris,"912G, 913G, 912G, 913G"
Protaetiibacter intestinalis,GCF_003627075.1,Protaetiibacter,523C
Protaetiibacter mangrovi,GCF_024752305.1,Protaetiibacter,523C
Proteinivorax hydrogeniformans,GCF_040515995.1,Proteinivorax,"523C, 912G, 913G"
Proteus penneri,GCF_022369495.1,Proteus,"912G, 913G"
Providencia alcalifaciens,GCF_002393505.1,Providencia,"885A, 913G"
Pseudacidobacterium ailaaui,GCF_000688455.1,Pseudacidobacterium,523C
Pseudaminobacter salicylatoxidans,GCF_003148475.1,Pseudaminobacter,523C
Pseudaquabacterium inlustre,GCF_038066595.1,Pseudaquabacterium,523C
Pseudaquabacterium pictum,GCF_005403045.1,Pseudaquabacterium,523C
Pseudaquabacterium rugosum,GCF_038066575.1,Pseudaquabacterium,523C
Pseudarthrobacter humi,GCF_024294965.1,Pseudarthrobacter,912G
Pseudazoarcus pumilus,GCF_002872475.1,Pseudazoarcus,"523C, 913G, 523C"
Pseudemcibacter aquimaris,GCF_028869115.1,Pseudemcibacter,"912G, 913G, 912G, 913G"
Pseudidiomarina aestuarii,GCF_003987355.1,Pseudidiomarina,"885A, 912G, 913G"
Pseudidiomarina homiensis,GCF_003987225.1,Pseudidiomarina,"885A, 912G, 913G"
Pseudidiomarina indica,GCF_900104245.1,Pseudidiomarina,"885A, 912G, 913G"
Pseudidiomarina insulisalsae,GCF_003987065.1,Pseudidiomarina,"885A, 912G, 913G"
Pseudidiomarina piscicola,GCF_902806985.1,Pseudidiomarina,"912G, 913G"
Pseudidiomarina salinarum,GCF_003987105.1,Pseudidiomarina,912G
Pseudidiomarina terrestris,GCF_030466375.1,Pseudidiomarina,523C
Pseudidiomarina woesei,GCF_001418345.1,Pseudidiomarina,"885A, 912G, 913G"
Pseudobacteroides cellulosolvens,GCF_001262605.1,Pseudobacteroides,"885A, 885A, 885A, 885A, 885A"
Pseudocalidococcus azoricus,GCF_031729055.1,Pseudocalidococcus,"912G, 913G"
Pseudoclavibacter caeni,GCF_008831125.1,Pseudoclavibacter,"912G, 913G"
Pseudoclavibacter chungangensis,GCF_013410545.1,Pseudoclavibacter,"912G, 913G"
Pseudoclavibacter terrae,GCF_008831075.1,Pseudoclavibacter,523C
Pseudocnuella soli,GCF_004347775.1,Pseudocnuella,"885A, 912G, 913G, 885A, 912G, 913G, 885A, 912G, 913G"
Pseudodesulfovibrio aespoeensis,GCF_000176915.2,Pseudodesulfovibrio,"523C, 523C"
Pseudoduganella danionis,GCF_042658625.1,Pseudoduganella,912G
Pseudoduganella dura,GCF_009727155.1,Pseudoduganella,"912G, 912G, 912G, 912G, 912G, 912G, 912G, 912G"
Pseudoduganella flava,GCF_009789595.1,Pseudoduganella,"912G, 912G, 912G, 912G, 912G, 912G"
Pseudoduganella rivuli,GCF_009674485.1,Pseudoduganella,912G
Pseudoflavonifractor capillosus,GCF_000169255.2,Pseudoflavonifractor,"885A, 912G, 913G"
Pseudoflavonifractor gallinarum,GCF_014982855.1,Pseudoflavonifractor,"885A, 912G, 913G"
Pseudoflavonifractor hominis,GCF_014288125.1,Pseudoflavonifractor,"885A, 912G, 913G"
Pseudofulvibacter geojedonensis,GCF_042675745.1,Pseudofulvibacter,885A
Pseudogemmatithrix spongiicola,GCF_030623445.1,Pseudogemmatithrix,"912G, 913G"
Pseudogulbenkiania subflava,GCF_900177275.1,Pseudogulbenkiania,912G
Pseudolactococcus carnosus,GCF_006770265.1,Pseudolactococcus,"912G, 913G, 912G, 913G, 912G, 913G, 912G, 913G"
Pseudolactococcus paracarnosus,GCF_006770285.1,Pseudolactococcus,"912G, 913G, 912G, 913G, 912G, 913G, 912G, 913G, 912G, 913G"
Pseudolactococcus piscium,GCF_002441695.1,Pseudolactococcus,"912G, 913G"
Pseudolactococcus plantarum,GCF_001591745.1,Pseudolactococcus,"912G, 913G"
Pseudomonas berkeleyensis,GCF_014109765.1,Pseudomonas,912G
Pseudomonas canadensis,GCF_030980095.1,Pseudomonas,885A
Pseudomonas carboxydohydrogena,GCF_029030725.1,Pseudomonas,"885A, 913G"
Pseudomonas ficuserectae,GCF_024584585.1,Pseudomonas,"885A, 885A, 885A, 885A"
Pseudomonas folii,GCF_014357575.1,Pseudomonas,912G
Pseudomonas hefeiensis,GCF_030687835.1,Pseudomonas,912G
Pseudomonas huanghezhanensis,GCF_026810445.1,Pseudomonas,"885A, 885A"
Pseudomonas lutea,GCF_000759445.1,Pseudomonas,"912G, 913G"
Pseudomonas maioricensis,GCF_022790535.1,Pseudomonas,885A
Pseudomonas purpurea,GCF_039908635.1,Pseudomonas,"885A, 885A, 885A, 885A, 885A, 885A, 885A"
Pseudomonas rossensis,GCF_039888995.1,Pseudomonas,885A
Pseudomonas syringae group genomosp. 7,GCF_022557255.1,Pseudomonas,"885A, 885A, 885A, 885A, 885A"
Pseudonocardia acaciae,GCF_000620785.1,Pseudonocardia,885A
Pseudonocardia adelaidensis,GCF_039543345.1,Pseudonocardia,885A
Pseudonocardia ailaonensis,GCF_039531635.1,Pseudonocardia,885A
Pseudonocardia alni,GCF_013408715.1,Pseudonocardia,"912G, 913G, 912G, 913G, 912G, 913G, 912G, 913G"
Pseudonocardia asaccharolytica,GCF_000423625.1,Pseudonocardia,"523C, 885A"
Pseudonocardia bannensis,GCF_012911875.1,Pseudonocardia,"523C, 885A"
Pseudonocardia eucalypti,GCF_039543365.1,Pseudonocardia,523C
Pseudonocardia hierapolitana,GCF_007994075.1,Pseudonocardia,"885A, 885A"
Pseudonocardia humida,GCF_023898865.1,Pseudonocardia,"523C, 885A"
Pseudonocardia lacus,GCF_018531445.1,Pseudonocardia,"523C, 885A"
Pseudonocardia nematodicida,GCF_040105385.1,Pseudonocardia,"912G, 913G"
Pseudonocardia petroleophila,GCF_014235185.1,Pseudonocardia,885A
Pseudonocardia pini,GCF_013870575.1,Pseudonocardia,"912G, 913G"
Pseudonocardia sediminis,GCF_004217185.1,Pseudonocardia,"912G, 913G, 912G, 913G, 912G, 913G"
Pseudonocardia terrae,GCF_021343995.1,Pseudonocardia,"912G, 913G"
Pseudonocardia tropica,GCF_040105315.1,Pseudonocardia,"912G, 913G"
Pseudonocardia zijingensis,GCF_042657305.1,Pseudonocardia,885A
Pseudooctadecabacter jejudonensis,GCF_900172275.1,Pseudooctadecabacter,912G
Pseudopropionibacterium massiliense,GCF_900607225.1,Pseudopropionibacterium,523C
Pseudotamlana carrageenivorans,GCF_002893765.1,Pseudotamlana,"912G, 913G, 912G, 913G, 912G, 913G"
Pseudotamlana haliotis,GCF_008806375.1,Pseudotamlana,"912G, 913G"
Pseudothermotoga elfii,GCF_000504085.1,Pseudothermotoga,"912G, 913G"
Pseudothermotoga lettingae,GCF_000017865.1,Pseudothermotoga,"912G, 913G"
Pseudothermotoga thermarum,GCF_000217815.1,Pseudothermotoga,"912G, 913G"
Pseudoxanthomonas beigongshangi,GCF_016820515.1,Pseudoxanthomonas,"912G, 913G"
Pseudoxanthomonas indica,GCF_900167565.1,Pseudoxanthomonas,"912G, 913G, 912G, 913G"
Pseudozobellia thermophila,GCF_900141855.1,Pseudozobellia,"885A, 912G, 913G, 885A, 912G, 913G"
Psychrobacter aestuarii,GCF_904846035.1,Psychrobacter,912G
Psychrobacter alimentarius,GCF_001606025.1,Psychrobacter,"912G, 912G, 912G, 912G, 912G"
Psychrobacter aquaticus,GCF_000471625.1,Psychrobacter,912G
Psychrobacter aquimaris,GCF_904845885.1,Psychrobacter,"912G, 912G, 912G"
Psychrobacter communis,GCF_014836505.1,Psychrobacter,"912G, 913G"
Psychrobacter faecalis,GCF_904845915.1,Psychrobacter,"912G, 913G"
Psychrobacter fulvigenes,GCF_904846155.1,Psychrobacter,912G
Psychrobacter namhaensis,GCF_904846355.1,Psychrobacter,"912G, 912G"
Psychrobacter nivimaris,GCF_043419765.1,Psychrobacter,912G
Psychrobacter pulmonis,GCF_904846465.1,Psychrobacter,"912G, 913G"
Psychrobacter vallis,GCF_904846715.1,Psychrobacter,912G
Psychroflexus gondwanensis,GCF_000355905.1,Psychroflexus,"912G, 913G"
Psychroflexus halocasei,GCF_900107595.1,Psychroflexus,912G
Psychroflexus longus,GCF_020164595.1,Psychroflexus,"912G, 913G"
Psychroflexus salarius,GCF_900129035.1,Psychroflexus,"912G, 913G"
Psychromicrobium lacuslunae,GCF_000950575.1,Psychromicrobium,"523C, 523C"
Psychromicrobium silvestre,GCF_013408295.1,Psychromicrobium,"523C, 523C"
Psychromonas ingrahamii,GCF_000015285.1,Psychromonas,885A
Psychrosphaera algicola,GCF_028401425.1,Psychrosphaera,885A
Psychrosphaera ytuae,GCF_017638545.1,Psychrosphaera,"885A, 912G, 913G, 885A, 912G, 913G, 885A, 912G, 913G, 885A, 912G, 913G, 885A, 912G, 913G, 885A, 912G, 913G"
Pumilibacter muris,GCF_943193045.1,Pumilibacter,523C
Puniceicoccus vermicola,GCF_014230055.1,Puniceicoccus,912G
Pusillimonas caeni,GCF_003545815.1,Pusillimonas,523C
Pusillimonas minor,GCF_014237865.1,Pusillimonas,523C
Radiobacillus deserti,GCF_007301515.1,Radiobacillus,"523C, 523C, 523C, 523C, 523C, 523C"
Radiobacillus kanasensis,GCF_021049245.1,Radiobacillus,913G
Ramlibacter albus,GCF_014297445.1,Ramlibacter,912G
Ramlibacter aquaticus,GCF_015159745.1,Ramlibacter,912G
Ramlibacter aurantiacus,GCF_016722895.1,Ramlibacter,912G
Ramlibacter cellulosilyticus,GCF_014297465.1,Ramlibacter,912G
Ramlibacter ginsenosidimutans,GCF_016654015.1,Ramlibacter,"912G, 912G"
Ramlibacter humi,GCF_004681975.1,Ramlibacter,912G
Ramlibacter lithotrophicus,GCF_012184415.1,Ramlibacter,"912G, 912G"
Ramlibacter montanisoli,GCF_013087525.1,Ramlibacter,"912G, 912G"
Ramlibacter monticola,GCF_016722785.1,Ramlibacter,"912G, 912G"
Ramlibacter pallidus,GCF_015070875.1,Ramlibacter,"912G, 912G"
Ramlibacter pinisoli,GCF_009758015.1,Ramlibacter,912G
Ramlibacter tataouinensis,GCF_000215705.1,Ramlibacter,912G
Rapidithrix thailandica,GCF_039710355.1,Rapidithrix,912G
Rappaport israeli,GCF_001888055.1,Rappaport,"912G, 913G"
Rarispira pelagica,GCF_039023545.1,Rarispira,"912G, 913G"
Rasiella rasia,GCF_011044175.1,Rasiella,"885A, 912G, 913G, 885A, 912G, 913G"
Rathayibacter agropyri,GCF_013249015.1,Rathayibacter,523C
Rathayibacter caricis,GCF_003044275.1,Rathayibacter,"523C, 523C"
Rathayibacter festucae,GCF_004011135.1,Rathayibacter,"523C, 523C"
Rathayibacter iranicus,GCF_004011115.1,Rathayibacter,"523C, 523C"
Rathayibacter oskolensis,GCF_900177245.1,Rathayibacter,523C
Rathayibacter rathayi,GCF_004011095.1,Rathayibacter,"523C, 523C"
Rathayibacter rubneri,GCF_023743255.1,Rathayibacter,523C
Rathayibacter tanaceti,GCF_009834165.1,Rathayibacter,"523C, 523C"
Rathayibacter tritici,GCF_001641005.1,Rathayibacter,"523C, 523C"
Reichenbachiella versicolor,GCF_003171675.1,Reichenbachiella,913G
Reticulibacter mediterranei,GCF_016587455.1,Reticulibacter,885A
Rhabdobacter roseus,GCF_014202275.1,Rhabdobacter,"885A, 912G, 913G"
Rheinheimera mangrovi,GCF_003990335.1,Rheinheimera,"912G, 912G"
Rhizobium indicum,GCF_005862305.2,Rhizobium,913G
Rhizobium lemnae,GCF_022968395.1,Rhizobium,913G
Rhizosphaericola mali,GCF_004337365.2,Rhizosphaericola,"912G, 913G, 912G, 913G, 912G, 913G, 912G, 913G"
Rhodanobacter geophilus,GCF_040812275.1,Rhodanobacter,523C
Rhodanobacter humi,GCF_041107455.1,Rhodanobacter,"523C, 523C"
Rhodanobacter hydrolyticus,GCF_044904645.1,Rhodanobacter,"523C, 523C, 523C"
Rhodanobacter lycopersici,GCF_040812335.1,Rhodanobacter,523C
Rhodococcus cerastii,GCF_033042195.1,Rhodococcus,523C
Rhodococcus cercidiphylli,GCF_033042225.1,Rhodococcus,523C
Rhodococcus globerulus,GCF_019334125.1,Rhodococcus,"523C, 523C, 523C, 523C, 523C"
Rhodococcus koreensis,GCF_017068375.1,Rhodococcus,"523C, 523C, 523C"
Rhodococcus kronopolitis,GCF_042654025.1,Rhodococcus,"912G, 913G"
Rhodococcus oxybenzonivorans,GCF_003130705.1,Rhodococcus,523C
Rhodococcus sacchari,GCF_025837095.1,Rhodococcus,"912G, 913G"
Rhodocyclus purpureus,GCF_016653115.1,Rhodocyclus,912G
Rhodocyclus tenuis,GCF_009469755.1,Rhodocyclus,912G
Rhodoferax bucti,GCF_005876985.1,Rhodoferax,912G
Rhodoferax koreensis,GCF_001955695.1,Rhodoferax,"912G, 912G, 912G"
Rhodoferax lacus,GCF_003415675.1,Rhodoferax,912G
Rhodoferax mekongensis,GCF_032191775.1,Rhodoferax,"912G, 912G, 912G, 912G"
Rhodoferax potami,GCF_032193765.1,Rhodoferax,"912G, 912G, 912G, 912G, 912G, 912G"
Rhodoferax saidenbachensis,GCF_001955715.1,Rhodoferax,"912G, 912G"
Rhodoferax sediminis,GCF_006970865.1,Rhodoferax,912G
Rhodoglobus aureus,GCF_039527955.1,Rhodoglobus,912G
Rhodoluna lacicola,GCF_000699505.1,Rhodoluna,523C
Rhodoluna limnophila,GCF_005845365.1,Rhodoluna,523C
Rhodopirellula sallentina,GCF_000346505.1,Rhodopirellula,"912G, 913G"
Rhodothermus bifroesti,GCF_017908595.1,Rhodothermus,"912G, 913G"
Rhodothermus marinus,GCF_000024845.1,Rhodothermus,"885A, 912G, 913G"
Rhodothermus profundi,GCF_900142415.1,Rhodothermus,"885A, 912G, 913G"
Rickettsia australis,GCF_000284155.1,Rickettsia,"912G, 913G"
Rickettsia endosymbiont of Culicoides newsteadi,GCF_002259525.1,Rickettsia,"912G, 913G"
Rickettsia endosymbiont of Gonocerus acuteangulatus,GCF_964026435.1,Rickettsia,"912G, 913G"
Rickettsia endosymbiont of Oedothorax gibbosus,GCF_936269705.1,Rickettsia,"912G, 913G"
Rikenella microfusus,GCF_000427365.1,Rikenella,885A
Rippkaea orientalis,GCF_000021805.1,Rippkaea,"912G, 913G, 912G, 913G"
Rivibacter subsaxonicus,GCF_004217215.1,Rivibacter,"912G, 912G"
Rivihabitans pingtungensis,GCF_003201855.1,Rivihabitans,912G
Robbsia andropogonis,GCF_034047095.1,Robbsia,"912G, 912G, 912G"
Robertkochia aurantiaca,GCF_020166495.1,Robertkochia,523C
Robertkochia sediminum,GCF_016786255.1,Robertkochia,523C
Robiginitalea biformata,GCF_000024125.1,Robiginitalea,885A
Robiginitalea sediminis,GCF_002198115.1,Robiginitalea,523C
Romboutsia faecis,GCF_014323405.1,Romboutsia,"523C, 885A"
Romboutsia hominis,GCF_900074625.1,Romboutsia,"885A, 885A, 885A, 523C"
Romboutsia ilealis,GCF_900015215.1,Romboutsia,"523C, 885A, 523C, 885A, 523C, 885A, 523C, 885A, 523C, 885A, 523C, 885A, 523C, 885A, 523C, 885A, 523C, 885A, 523C, 885A, 523C, 885A, 523C, 885A, 523C, 885A, 523C, 885A"
Romboutsia maritimum,GCF_002251085.2,Romboutsia,523C
Romboutsia timonensis,GCF_900106845.1,Romboutsia,"523C, 885A, 523C, 885A"
Roseateles amylovorans,GCF_025398155.2,Roseateles,"523C, 523C, 523C, 523C, 523C"
Roseateles aquatilis,GCF_002205645.1,Roseateles,523C
Roseateles chitinivorans,GCF_002761755.1,Roseateles,523C
Roseateles depolymerans,GCF_001483865.1,Roseateles,"523C, 523C, 523C, 523C"
Roseateles noduli,GCF_050626985.1,Roseateles,"523C, 523C, 523C, 523C"
Roseateles terrae,GCF_014192155.1,Roseateles,523C
Roseburia amylophila,GCF_025567465.1,Roseburia,912G
Roseburia zhanii,GCF_014287635.1,Roseburia,523C
Roseibacillus ishigakijimensis,GCF_016595415.1,Roseibacillus,912G
Roseicitreum antarcticum,GCF_014681765.1,Roseicitreum,523C
Roseiconus lacunae,GCF_008312935.1,Roseiconus,913G
Roseiconus nitratireducens,GCF_008629675.1,Roseiconus,"912G, 913G, 912G, 913G"
Roseicyclus elongatus,GCF_000590925.1,Roseicyclus,"523C, 523C"
Roseicyclus sediminis,GCF_025515305.1,Roseicyclus,"885A, 912G, 913G"
Roseospira goensis,GCF_014197795.1,Roseospira,"885A, 912G, 913G"
Roseospira navarrensis,GCF_009601025.1,Roseospira,"885A, 912G, 913G"
Rosistilla carotiformis,GCF_007753095.1,Rosistilla,"523C, 885A"
Rothia mucilaginosa,GCF_000175615.1,Rothia,523C
Ruania alba,GCF_900105765.1,Ruania,"912G, 913G, 912G, 913G"
Ruania albidiflava,GCF_000421225.1,Ruania,523C
Ruania suaedae,GCF_021049265.1,Ruania,"885A, 885A"
Ruania zhangjianzhongii,GCF_008000995.1,Ruania,"523C, 523C, 885A"
Rubinisphaera brasiliensis,GCF_000165715.2,Rubinisphaera,"913G, 913G"
Rubinisphaera margarita,GCF_022267515.1,Rubinisphaera,912G
Rubneribacter badeniensis,GCF_002899695.1,Rubneribacter,885A
Rubrivivax albus,GCF_004016515.1,Rubrivivax,523C
Rubrivivax gelatinosus,GCF_047946925.1,Rubrivivax,"523C, 523C"
Rugosibacter aromaticivorans,GCF_000934545.1,Rugosibacter,"523C, 523C"
Rummeliibacillus pycnus,GCF_002884495.1,Rummeliibacillus,"912G, 913G, 912G, 913G, 912G, 913G, 912G, 913G, 912G, 913G, 912G, 913G, 912G, 913G, 912G, 913G, 912G, 913G, 912G, 913G, 912G, 913G"
Saccharopolyspora rosea,GCF_025643595.1,Saccharopolyspora,912G
Salegentibacter salegens,GCF_900142975.1,Salegentibacter,"912G, 913G, 912G, 913G, 912G, 913G"
Salegentibacter salinarum,GCF_002833365.1,Salegentibacter,885A
Salibacter halophilus,GCF_008806325.1,Salibacter,"885A, 913G"
Salicibibacter cibi,GCF_016495865.1,Salicibibacter,"912G, 913G, 912G, 913G, 912G, 913G, 912G, 913G, 912G, 913G"
Salicibibacter halophilus,GCF_006740705.1,Salicibibacter,"523C, 523C, 912G, 913G"
Salimicrobium humidisoli,GCF_002295105.1,Salimicrobium,885A
Salimicrobium jeotgali,GCF_001685435.2,Salimicrobium,"885A, 912G"
Salinactinospora qingdaonensis,GCF_039539445.1,Salinactinospora,912G
Salinibacillus kushneri,GCF_900111405.1,Salinibacillus,"885A, 912G"
Salinibacter grassmerensis,GCF_947077765.1,Salinibacter,"912G, 913G"
Salinibacter pepae,GCF_947077775.1,Salinibacter,"912G, 913G"
Salinibacter ruber,GCF_003491405.1,Salinibacter,"912G, 913G"
Salinicoccus hispanicus,GCF_009831115.1,Salinicoccus,523C
Salinicoccus siamensis,GCF_042652505.1,Salinicoccus,885A
Salinimicrobium soli,GCF_048323655.1,Salinimicrobium,"912G, 913G"
Salinimicrobium tongyeongense,GCF_026109735.1,Salinimicrobium,"912G, 913G, 912G, 913G, 912G, 913G"
Salinisphaera japonica,GCF_003788585.1,Salinisphaera,"912G, 913G"
Salinisphaera orenii,GCF_003788635.1,Salinisphaera,"912G, 913G"
Salinivibrio kushneri,GCF_027286345.1,Salinivibrio,"885A, 912G, 913G, 885A, 912G, 913G, 885A, 912G, 913G, 885A, 912G, 913G"
Salinivibrio socompensis,GCF_000513715.1,Salinivibrio,885A
Salipaludibacillus agaradhaerens,GCF_002019735.1,Salipaludibacillus,"523C, 523C, 523C, 523C, 523C, 523C, 523C"
Salisaeta longa,GCF_000419585.1,Salisaeta,"912G, 913G"
Salsuginibacillus halophilus,GCF_003014715.1,Salsuginibacillus,523C
Saltatorellus ferox,GCF_007751475.1,Saltatorellus,"885A, 885A"
Sanyastnella coralliicola,GCF_030845195.1,Sanyastnella,912G
Schleiferilactobacillus shenzhenensis,GCF_000469325.1,Schleiferilactobacillus,"912G, 913G"
Schumannella luteola,GCF_013408685.1,Schumannella,"523C, 912G, 523C, 912G, 523C, 912G"
Schumannella soli,GCF_006517435.1,Schumannella,912G
Scrofimicrobium appendicitidis,GCF_040256745.1,Scrofimicrobium,"912G, 912G"
Sediminitomix flava,GCF_003149185.1,Sediminitomix,885A
Segniliparus rugosus,GCF_000185725.2,Segniliparus,523C
Segnochrobactrum spirostomi,GCF_009600605.1,Segnochrobactrum,"523C, 523C"
Selenomonas dianae,GCF_030644225.1,Selenomonas,"885A, 912G"
Senegalia massiliensis,GCF_900626135.1,Senegalia,"523C, 523C"
Senegalimassilia anaerobia,GCF_000236865.1,Senegalimassilia,912G
Senegalimassilia faecalis,GCF_004135645.1,Senegalimassilia,"885A, 885A, 885A, 885A, 885A, 885A, 885A"
Serinibacter salmoneus,GCF_002563925.1,Serinibacter,"523C, 523C, 523C"
Serinicoccus sediminis,GCF_004153545.1,Serinicoccus,885A
Serpentinicella alkaliphila,GCF_018141405.1,Serpentinicella,"523C, 912G, 885A"
Serpentinimonas barnesii,GCF_000696225.1,Serpentinimonas,912G
Serpentinimonas maccroryi,GCF_000828915.1,Serpentinimonas,"912G, 912G"
Serratia entomophila,GCF_021462285.1,Serratia,"912G, 885A, 885A, 885A"
Serratia rubidaea,GCF_016026735.1,Serratia,912G
Shewanella aegiceratis,GCF_019457495.1,Shewanella,885A
Shewanella alkalitolerans,GCF_019457575.1,Shewanella,"885A, 885A"
Shewanella carassii,GCF_019670705.1,Shewanella,912G
Shewanella goraebulensis,GCF_030252245.1,Shewanella,"523C, 523C, 885A, 523C, 885A, 523C, 523C, 885A, 523C, 523C, 523C, 885A, 523C, 885A"
Shewanella halotolerans,GCF_019457535.1,Shewanella,"885A, 885A, 885A, 885A"
Shewanella holmiensis,GCF_025370255.1,Shewanella,"523C, 885A"
Shewanella japonica,GCF_002075795.1,Shewanella,"523C, 523C"
Shewanella khirikhana,GCF_003957745.1,Shewanella,"912G, 912G, 912G, 912G, 912G, 912G, 912G, 912G"
Shewanella litorisediminis,GCF_016834455.1,Shewanella,912G
Shewanella loihica,GCF_000016065.1,Shewanella,"912G, 912G, 885A, 912G, 912G, 912G"
Shewanella mangrovisoli,GCF_019457635.1,Shewanella,912G
Shewanella marisflavi,GCF_002215585.1,Shewanella,912G
Shewanella oncorhynchi,GCF_030848765.1,Shewanella,"912G, 912G, 912G, 912G"
Shewanella phaeophyticola,GCF_025398315.1,Shewanella,"912G, 913G, 912G, 913G, 523C, 523C, 885A"
Shewanella psychropiezotolerans,GCF_007197555.1,Shewanella,912G
Shewanella rhizosphaerae,GCF_019457655.1,Shewanella,"912G, 912G, 912G, 912G, 912G, 912G"
Shewanella spartinae,GCF_019457555.1,Shewanella,"885A, 885A, 885A"
Shewanella woodyi,GCF_000019525.1,Shewanella,912G
Shewanella zhangzhouensis,GCF_019457615.1,Shewanella,"912G, 912G, 912G, 912G, 912G, 912G, 912G, 912G"
Shewanella zhuhaiensis,GCF_022484835.1,Shewanella,912G
Shouchella clausii,GCF_034479305.1,Shouchella,"885A, 912G, 885A, 912G, 885A, 912G, 885A, 912G, 885A, 912G, 885A, 912G"
Shouchella hunanensis,GCF_028735875.1,Shouchella,"885A, 912G, 885A, 912G, 885A, 912G, 885A, 912G, 885A, 912G, 885A, 912G, 885A, 912G, 885A, 912G"
Shouchella lehensis,GCF_004375095.1,Shouchella,"885A, 912G, 885A, 912G, 885A, 912G, 885A, 912G, 885A, 912G, 885A, 912G, 885A, 912G"
Shouchella miscanthi,GCF_007725405.1,Shouchella,"885A, 912G, 885A, 912G, 885A, 912G, 885A, 912G, 885A, 912G"
Shouchella rhizosphaerae,GCF_036700015.1,Shouchella,"885A, 912G, 885A, 912G, 885A, 912G"
Shuttleworthella satelles,GCF_000160115.1,Shuttleworthella,912G
Siansivirga zeaxanthinifaciens,GCF_000941055.1,Siansivirga,"912G, 913G"
Silvibacterium bohemicum,GCF_001006305.1,Silvibacterium,523C
Silvibacterium dinghuense,GCF_004123295.1,Silvibacterium,523C
Silvimonas soli,GCF_030035605.1,Silvimonas,912G
Simplicispira psychrophila,GCF_000688255.1,Simplicispira,912G
Simplicispira suum,GCF_003008595.1,Simplicispira,"912G, 912G, 912G"
Sinomonas atrocyanea,GCF_001577305.1,Sinomonas,"523C, 523C, 523C, 523C"
Sinomonas cyclohexanicum,GCF_020886775.1,Sinomonas,"912G, 912G, 912G, 912G"
Sinomonas flava,GCF_039531875.1,Sinomonas,912G
Sinomonas halotolerans,GCF_039615075.1,Sinomonas,"885A, 885A, 885A, 885A, 885A, 885A"
Sinomonas puerhi,GCF_041022165.1,Sinomonas,"885A, 885A, 885A, 885A"
Sinomonas terricola,GCF_034931225.1,Sinomonas,523C
Skermania pinensis,GCF_019285775.1,Skermania,"523C, 523C"
Slackia heliotrinireducens,GCF_900637575.1,Slackia,"912G, 913G, 912G, 913G"
Slackia isoflavoniconvertens,GCF_014192995.1,Slackia,"912G, 913G, 912G, 913G, 912G, 913G, 912G, 913G, 912G, 913G"
Snuella lapsa,GCF_039539345.1,Snuella,912G
Snuella sedimenti,GCF_016428595.1,Snuella,"912G, 913G"
Sodaliphilus pleomorphus,GCF_009676955.1,Sodaliphilus,"885A, 885A, 885A, 885A"
Sodalis praecaptivus,GCF_039646275.1,Sodalis,"912G, 912G"
Soehngenia longivitae,GCF_004684055.1,Soehngenia,523C
Solibacillus daqui,GCF_028747805.1,Solibacillus,"912G, 912G, 912G"
Solidesulfovibrio alcoholivorans,GCF_000702665.1,Solidesulfovibrio,912G
Solidesulfovibrio carbinoliphilus,GCF_000177215.2,Solidesulfovibrio,"912G, 912G, 912G"
Solilutibacter oculi,GCF_003293695.1,Solilutibacter,885A
Solilutibacter pythonis,GCF_003697345.1,Solilutibacter,885A
Solimonas flava,GCF_000426685.1,Solimonas,912G
Sorangium cellulosum,GCF_000067165.1,Sorangium,912G
Speluncibacter jeojiensis,GCF_029589495.1,Speluncibacter,523C
Sphaerisporangium siamense,GCF_014205275.1,Sphaerisporangium,"523C, 912G"
Sphaerospermopsis torques-reginae,GCF_019598945.1,Sphaerospermopsis,912G
Sphaerotilus natans,GCF_900156335.1,Sphaerotilus,912G
Sphaerotilus sulfidivorans,GCF_008329925.1,Sphaerotilus,"912G, 912G"
Sphaerotilus uruguayifluvii,GCF_013294065.1,Sphaerotilus,"912G, 912G"
Sphingobacterium corticibacter,GCF_003076635.1,Sphingobacterium,"912G, 913G"
Sphingobacterium corticis,GCF_042684745.1,Sphingobacterium,"912G, 913G"
Sphingobacterium haloxyli,GCF_002980525.1,Sphingobacterium,"912G, 913G"
Sphingobacterium phlebotomi,GCF_008180195.1,Sphingobacterium,"912G, 913G"
Sphingobium aromaticivastans,GCF_037154195.1,Sphingobium,523C
Sphingomonas aerophila,GCF_014199305.1,Sphingomonas,523C
Sphingomonas montana,GCF_001956315.1,Sphingomonas,"885A, 912G, 913G"
Sphingomonas yabuuchiae,GCF_017052455.1,Sphingomonas,523C
Sphingomonas zeae,GCF_014197135.1,Sphingomonas,523C
Sphingorhabdus arenilitoris,GCF_042651485.1,Sphingorhabdus,523C
Spiractinospora alimapuensis,GCF_018437505.1,Spiractinospora,"912G, 912G, 912G"
Spirobacillus cienkowskii,GCF_037081835.1,Spirobacillus,523C
Spirochaeta africana,GCF_000242595.2,Spirochaeta,"912G, 913G"
Spiroplasma cantharicola,GCF_001281045.1,Spiroplasma,885A
Spiroplasma chinense,GCF_008086545.1,Spiroplasma,"912G, 913G, 912G, 913G"
Spiroplasma clarkii,GCF_002795265.1,Spiroplasma,"912G, 913G, 912G, 913G"
Spiroplasma corruscae,GCF_002237575.1,Spiroplasma,"912G, 913G"
Spiroplasma culicicola,GCF_000565175.1,Spiroplasma,"912G, 913G"
Spiroplasma diminutum,GCF_000439455.1,Spiroplasma,885A
Spiroplasma endosymbiont of Agriotes lineatus,GCF_964019485.1,Spiroplasma,"912G, 913G"
Spiroplasma endosymbiont of Aleiodes alternator,GCF_964031135.1,Spiroplasma,885A
Spiroplasma endosymbiont of Anurida maritima,GCF_042465095.1,Spiroplasma,"912G, 913G"
Spiroplasma endosymbiont of Aspidapion aeneum,GCF_964031045.1,Spiroplasma,885A
Spiroplasma endosymbiont of Atherix ibis,GCF_964020005.1,Spiroplasma,"912G, 913G"
Spiroplasma endosymbiont of Cantharis lateralis,GCF_964030855.1,Spiroplasma,885A
Spiroplasma endosymbiont of Cantharis nigra,GCF_964019925.1,Spiroplasma,885A
Spiroplasma endosymbiont of Cantharis rufa,GCF_964019665.1,Spiroplasma,885A
Spiroplasma endosymbiont of Crioceris asparagi,GCF_964020035.1,Spiroplasma,"912G, 913G"
Spiroplasma endosymbiont of Dilophus febrilis,GCF_964030685.1,Spiroplasma,"912G, 913G"
Spiroplasma endosymbiont of Dioctria linearis,GCF_964030865.1,Spiroplasma,885A
Spiroplasma endosymbiont of Diplazon laetatorius,GCF_964019625.1,Spiroplasma,"912G, 913G"
Spiroplasma endosymbiont of Eupeodes luniger,GCF_964019525.1,Spiroplasma,"912G, 913G"
Spiroplasma endosymbiont of Labia minor,GCF_964019845.1,Spiroplasma,912G
Spiroplasma endosymbiont of Lasioglossum villosulum,GCF_964020195.1,Spiroplasma,885A
Spiroplasma endosymbiont of Lonchoptera lutea,GCF_964019715.1,Spiroplasma,"912G, 913G"
Spiroplasma endosymbiont of Nephrotoma flavescens,GCF_964030835.1,Spiroplasma,"912G, 913G"
Spiroplasma endosymbiont of Notiophilus biguttatus,GCF_964030985.1,Spiroplasma,"885A, 912G, 913G"
Spiroplasma endosymbiont of Polydrusus cervinus,GCF_964019755.1,Spiroplasma,"912G, 913G"
Spiroplasma endosymbiont of Thecophora atra,GCF_964019735.1,Spiroplasma,885A
Spiroplasma endosymbiont of Tipula paludosa,GCF_964264785.1,Spiroplasma,"912G, 913G"
Spiroplasma endosymbiont of Virgichneumon dumeticola,GCF_964264745.1,Spiroplasma,"885A, 885A"
Spiroplasma floricola,GCF_002813555.1,Spiroplasma,"912G, 913G"
Spiroplasma gladiatoris,GCF_004379335.1,Spiroplasma,"912G, 913G"
Spiroplasma helicoides,GCF_001715535.1,Spiroplasma,"912G, 913G"
Spiroplasma litorale,GCF_001267155.1,Spiroplasma,"912G, 913G"
Spiroplasma monobiae,GCF_002865545.1,Spiroplasma,"912G, 913G"
Spiroplasma phoeniceum,GCF_003339775.1,Spiroplasma,523C
Spiroplasma tabanidicola,GCF_009730595.1,Spiroplasma,"912G, 913G"
Spiroplasma taiwanense,GCF_000439435.1,Spiroplasma,"523C, 912G, 913G"
Spiroplasma turonicum,GCF_001262715.1,Spiroplasma,"912G, 913G"
Spirosoma agri,GCF_010747415.1,Spirosoma,912G
Spirosoma linguale,GCF_000024525.1,Spirosoma,"912G, 912G, 912G, 912G"
Spirosoma panaciterrae,GCF_000374025.1,Spirosoma,"885A, 912G, 913G"
Spirosoma rhododendri,GCF_012849055.1,Spirosoma,"912G, 912G"
Spongiibacter tropicus,GCF_000420325.1,Spongiibacter,"523C, 912G"
Spongisporangium articulatum,GCF_044465595.1,Spongisporangium,523C
Sporofaciens musculi,GCF_009830285.1,Sporofaciens,885A
Sporolactobacillus inulinus,GCF_006539285.1,Sporolactobacillus,"912G, 913G"
Sporolactobacillus laevolacticus,GCF_000497245.1,Sporolactobacillus,"912G, 913G"
Sporolactobacillus mangiferae,GCF_023336505.1,Sporolactobacillus,"912G, 913G"
Sporolactobacillus pectinivorans,GCF_002802965.1,Sporolactobacillus,"912G, 913G, 912G, 913G"
Sporolactobacillus shoreae,GCF_004684935.1,Sporolactobacillus,"912G, 913G"
Sporolactobacillus shoreicorticis,GCF_024125445.1,Sporolactobacillus,"912G, 913G"
Sporolactobacillus terrae,GCF_019930545.1,Sporolactobacillus,"912G, 913G, 912G, 913G, 912G, 913G, 912G, 913G, 912G, 913G, 912G, 913G, 912G, 913G"
Sporolactobacillus vineae,GCF_000246965.1,Sporolactobacillus,523C
Sporomusa ovata,GCF_000445445.2,Sporomusa,"885A, 912G, 913G, 885A, 912G, 913G, 885A, 912G, 885A, 912G, 913G, 885A, 912G, 885A, 912G, 913G, 885A, 912G, 913G, 885A, 912G, 913G, 885A, 912G"
Sporomusa paucivorans,GCF_041428605.1,Sporomusa,"912G, 913G, 912G, 913G"
Sporomusa silvacetica,GCF_002257705.2,Sporomusa,"885A, 912G, 913G, 885A, 912G, 913G, 885A, 912G, 913G, 885A, 912G, 913G, 885A, 912G, 913G, 885A, 912G, 913G, 885A, 912G, 913G"
Sporomusa termitida,GCF_007641255.1,Sporomusa,"912G, 913G, 912G, 913G, 912G"
Stackebrandtia soli,GCF_965137155.1,Stackebrandtia,"912G, 913G"
Staphylococcus devriesei,GCF_900458355.1,Staphylococcus,"885A, 885A, 885A"
Stella humosa,GCF_006738645.1,Stella,"885A, 912G"
Stenotrophomonas acidaminiphila,GCF_014109845.1,Stenotrophomonas,"523C, 523C, 523C"
Stenotrophomonas lacuserhaii,GCF_014836545.1,Stenotrophomonas,523C
Stenotrophomonas mori,GCF_023556335.1,Stenotrophomonas,"912G, 913G"
Stenotrophomonas nematodicola,GCF_009467805.1,Stenotrophomonas,523C
Stenotrophomonas panacihumi,GCF_003046775.1,Stenotrophomonas,"523C, 523C"
Stenotrophomonas pictorum,GCF_001431585.1,Stenotrophomonas,523C
Stenotrophomonas rhizophila,GCF_000661955.1,Stenotrophomonas,"523C, 523C, 523C"
Stenotrophomonas terrae,GCF_001431465.1,Stenotrophomonas,523C
Stenotrophomonas tumulicola,GCF_014117215.1,Stenotrophomonas,523C
Streptacidiphilus anmyonensis,GCF_000787855.1,Streptacidiphilus,885A
Streptacidiphilus jiangxiensis,GCF_900109465.1,Streptacidiphilus,885A
Streptantibioticus silvisoli,GCF_027947535.2,Streptantibioticus,885A
Streptobacillus canis,GCF_009733925.1,Streptobacillus,523C
Streptobacillus felis,GCF_013421525.1,Streptobacillus,523C
Streptococcus acidominimus,GCF_900459045.1,Streptococcus,"912G, 913G, 912G, 913G, 912G, 913G, 912G, 913G"
Streptococcus agalactiae,GCF_001552035.1,Streptococcus,"912G, 913G, 912G, 913G, 912G, 913G, 912G, 913G, 912G, 913G, 912G, 913G, 912G, 913G"
Streptococcus australis,GCF_900476055.1,Streptococcus,"912G, 913G, 912G, 913G, 912G, 913G, 912G, 913G"
Streptococcus bouchesdurhonensis,GCF_948472335.1,Streptococcus,"523C, 523C"
Streptococcus bovimastitidis,GCF_001885095.1,Streptococcus,"912G, 913G"
Streptococcus caledonicus,GCF_042656225.1,Streptococcus,"912G, 913G"
Streptococcus castoreus,GCF_000425025.1,Streptococcus,"912G, 913G"
Streptococcus catagoni,GCF_011421425.1,Streptococcus,"912G, 913G"
Streptococcus criceti,GCF_900459215.1,Streptococcus,"912G, 913G, 912G, 913G, 912G, 913G, 912G, 913G, 912G, 913G, 912G, 913G"
Streptococcus dysgalactiae,GCF_016128095.1,Streptococcus,"912G, 913G, 912G, 913G, 912G, 913G, 912G, 913G, 912G, 913G, 912G, 913G"
Streptococcus equi,GCF_015689395.1,Streptococcus,"912G, 913G, 912G, 913G, 912G, 913G, 912G, 913G, 912G, 913G, 912G, 913G"
Streptococcus equinus,GCF_900102715.1,Streptococcus,"912G, 913G"
Streptococcus gallinaceus,GCF_040545695.1,Streptococcus,"912G, 913G"
Streptococcus gallolyticus,GCF_013267695.1,Streptococcus,"912G, 913G, 912G, 913G, 912G, 913G, 912G, 913G, 912G, 913G, 912G, 913G"
Streptococcus gingivalis,GCF_035544715.1,Streptococcus,"912G, 913G"
Streptococcus halichoeri,GCF_019774635.1,Streptococcus,"912G, 913G, 912G, 913G, 912G, 913G, 912G, 913G, 912G, 913G, 912G, 913G"
Streptococcus halitosis,GCF_003143695.2,Streptococcus,"912G, 913G"
Streptococcus handemini,GCF_040984445.1,Streptococcus,"912G, 913G"
Streptococcus hepaticus,GCF_043656315.1,Streptococcus,"912G, 913G"
Streptococcus hillyeri,GCF_041081565.1,Streptococcus,"912G, 913G, 912G, 913G, 912G, 913G, 912G, 913G, 912G, 913G, 912G, 913G"
Streptococcus hyointestinalis,GCF_050314295.1,Streptococcus,"912G, 913G"
Streptococcus ictaluri,GCF_000188015.2,Streptococcus,"912G, 913G, 912G, 913G, 912G, 913G"
Streptococcus ilei,GCF_000479335.1,Streptococcus,"912G, 913G, 912G, 913G"
Streptococcus infantarius,GCF_016127275.1,Streptococcus,"912G, 913G, 912G, 913G, 912G, 913G, 912G, 913G, 912G, 913G, 912G, 913G, 912G, 913G"
Streptococcus iniae,GCF_000831485.1,Streptococcus,"912G, 913G"
Streptococcus koreensis,GCF_003627135.1,Streptococcus,"912G, 913G, 912G, 913G, 912G, 913G, 912G, 913G"
Streptococcus lactarius,GCF_018127725.1,Streptococcus,"912G, 913G, 912G, 913G, 912G, 913G, 912G, 913G"
Streptococcus loxodontisalivarius,GCF_016908645.1,Streptococcus,"912G, 913G"
Streptococcus lutetiensis,GCF_900475675.1,Streptococcus,"912G, 913G, 912G, 913G, 912G, 913G, 912G, 913G, 912G, 913G, 912G, 913G, 912G, 913G"
Streptococcus macedonicus,GCF_029866925.1,Streptococcus,"912G, 913G, 912G, 913G, 912G, 913G, 912G, 913G, 912G, 913G, 912G, 913G"
Streptococcus nidrosiense,GCF_042140045.1,Streptococcus,523C
Streptococcus oralis,GCF_900637025.1,Streptococcus,"912G, 913G, 912G, 913G, 912G, 913G, 912G, 913G"
Streptococcus oricebi,GCF_017883985.1,Streptococcus,"912G, 913G"
Streptococcus panodentis,GCF_017884005.1,Streptococcus,"912G, 913G"
Streptococcus pantholopis,GCF_001642085.1,Streptococcus,"912G, 913G, 912G, 913G, 912G, 913G, 912G, 913G, 912G, 913G"
Streptococcus parauberis,GCF_000187935.1,Streptococcus,"912G, 913G, 912G, 913G, 912G, 913G, 912G, 913G, 912G, 913G"
Streptococcus pasteurianus,GCF_004843545.1,Streptococcus,"912G, 913G, 912G, 913G, 912G, 913G, 912G, 913G, 912G, 913G, 912G, 913G"
Streptococcus porcinus,GCF_900475415.1,Streptococcus,"912G, 913G, 912G, 913G, 912G, 913G, 912G, 913G, 912G, 913G, 912G, 913G"
Streptococcus porcorum,GCF_040545265.1,Streptococcus,"912G, 913G"
Streptococcus raffinosi,GCF_030284685.1,Streptococcus,"912G, 913G"
Streptococcus respiraculi,GCF_003595525.1,Streptococcus,"912G, 913G, 912G, 913G, 912G, 913G, 912G, 913G"
Streptococcus rubneri,GCF_004785935.1,Streptococcus,"912G, 913G"
Streptococcus ruminicola,GCF_011387195.1,Streptococcus,"912G, 913G, 912G, 913G, 912G, 913G, 912G, 913G, 912G, 913G, 912G, 913G, 912G, 913G"
Streptococcus salivarius,GCF_000253315.1,Streptococcus,"912G, 913G, 912G, 913G, 912G, 913G, 912G, 913G, 912G, 913G, 912G, 913G"
Streptococcus saliviloxodontae,GCF_016908655.1,Streptococcus,"912G, 913G"
Streptococcus sciuri,GCF_024814375.1,Streptococcus,"885A, 912G, 913G"
Streptococcus suis,GCF_000026745.1,Streptococcus,"912G, 913G, 912G, 913G, 912G, 913G, 912G, 913G"
Streptococcus thermophilus,GCF_903886475.1,Streptococcus,"912G, 913G, 912G, 913G, 912G, 913G, 912G, 913G, 912G, 913G, 912G, 913G"
Streptococcus uberis,GCF_900475595.1,Streptococcus,"912G, 912G, 912G, 912G, 912G, 912G"
Streptococcus vestibularis,GCF_900636445.1,Streptococcus,"912G, 913G, 912G, 913G, 912G, 913G, 912G, 913G, 912G, 913G, 912G, 913G"
Streptococcus vicugnae,GCF_016461705.1,Streptococcus,"912G, 913G"
Streptococcus vulneris,GCF_019218685.1,Streptococcus,"912G, 913G"
Streptococcus xiaochunlingii,GCF_006385805.1,Streptococcus,"912G, 913G"
Streptomonospora litoralis,GCF_004323735.1,Streptomonospora,"912G, 912G, 912G, 912G, 912G"
Streptomonospora wellingtoniae,GCF_031845375.1,Streptomonospora,912G
Streptomyces albus,GCF_024752535.1,Streptomyces,"885A, 885A, 885A, 885A, 885A, 885A"
Streptomyces alfalfae,GCF_018141485.1,Streptomyces,"885A, 885A, 885A, 885A, 885A"
Streptomyces aurantiacus,GCF_014701115.1,Streptomyces,"885A, 885A, 885A, 885A, 885A, 885A"
Streptomyces avidinii,GCF_045161815.1,Streptomyces,885A
Streptomyces cangkringensis,GCF_019059395.1,Streptomyces,885A
Streptomyces changanensis,GCF_024600715.1,Streptomyces,"885A, 885A, 885A"
Streptomyces chlorus,GCF_042655885.1,Streptomyces,885A
Streptomyces coffeae,GCF_016741875.1,Streptomyces,885A
Streptomyces composti,GCF_012034205.1,Streptomyces,885A
Streptomyces filamentosus,GCF_008634015.1,Streptomyces,885A
Streptomyces fimbriatus,GCF_039533005.1,Streptomyces,885A
Streptomyces flavusporus,GCF_046267975.1,Streptomyces,"885A, 885A, 885A, 885A"
Streptomyces fodineus,GCF_001735805.1,Streptomyces,885A
Streptomyces griseoaurantiacus,GCF_037099765.1,Streptomyces,"912G, 912G"
Streptomyces griseofuscus,GCF_014673495.1,Streptomyces,"885A, 885A, 885A, 885A, 885A, 885A, 885A"
Streptomyces hirsutus,GCF_035918035.1,Streptomyces,"885A, 885A, 885A, 885A"
Streptomyces hoynatensis,GCF_003626535.1,Streptomyces,885A
Streptomyces iakyrus,GCF_036287475.1,Streptomyces,"523C, 523C, 523C"
Streptomyces johnsoniae,GCF_031845565.1,Streptomyces,523C
Streptomyces leeuwenhoekii,GCF_001013905.1,Streptomyces,885A
Streptomyces malaysiensis,GCF_002591335.1,Streptomyces,"885A, 885A, 885A, 885A, 885A, 885A"
Streptomyces mangrovisoli,GCF_000974985.2,Streptomyces,523C
Streptomyces marincola,GCF_020410765.1,Streptomyces,"885A, 885A, 885A, 885A, 885A"
Streptomyces marispadix,GCF_022524345.1,Streptomyces,"912G, 912G, 912G"
Streptomyces mirabilis,GCF_036073155.1,Streptomyces,885A
Streptomyces murinus,GCF_025231465.1,Streptomyces,"885A, 885A, 885A, 885A, 885A, 885A, 885A"
Streptomyces oceani,GCF_001751245.1,Streptomyces,523C
Streptomyces parvulus,GCF_001660045.1,Streptomyces,"885A, 912G, 913G"
Streptomyces phaeochromogenes,GCF_035957715.1,Streptomyces,"885A, 885A"
Streptomyces poriferorum,GCF_030719255.1,Streptomyces,885A
Streptomyces pristinaespiralis,GCF_014070435.1,Streptomyces,885A
Streptomyces profundus,GCF_020740535.1,Streptomyces,"523C, 523C, 523C, 523C, 523C"
Streptomyces puniciscabiei,GCF_006715785.1,Streptomyces,885A
Streptomyces rochei,GCF_030863865.1,Streptomyces,912G
Streptomyces samsunensis,GCF_024519315.1,Streptomyces,885A
Streptomyces showdoensis,GCF_039535475.1,Streptomyces,885A
Streptomyces solicavernae,GCF_029968095.1,Streptomyces,885A
Streptomyces solincola,GCF_002982015.1,Streptomyces,885A
Streptomyces solisilvae,GCF_015689475.1,Streptomyces,"885A, 885A, 885A, 885A"
Streptomyces spinosirectus,GCF_021441825.1,Streptomyces,"912G, 913G, 912G, 913G"
Streptomyces sulfonofaciens,GCF_014656295.1,Streptomyces,523C
Streptomyces synnematoformans,GCF_039531005.1,Streptomyces,"912G, 913G"
Streptomyces thermolineatus,GCF_044987285.1,Streptomyces,"885A, 912G, 913G"
Streptomyces xinghaiensis,GCF_000220705.2,Streptomyces,"912G, 913G, 912G, 913G, 912G, 913G, 912G, 913G"
Streptomyces yatensis,GCF_018069625.1,Streptomyces,"885A, 885A"
Streptomyces yunnanensis,GCF_029011865.1,Streptomyces,885A
Streptosporangium lutulentum,GCF_030811455.1,Streptosporangium,"523C, 912G, 913G"
Streptosporangium oxazolinicum,GCF_039537505.1,Streptosporangium,"523C, 912G, 913G"
Sulfobacillus thermotolerans,GCF_039623705.1,Sulfobacillus,"885A, 885A, 912G, 913G"
Sulfuriflexus mobilis,GCF_003967195.1,Sulfuriflexus,912G
Sulfurospirillum multivorans,GCF_000568815.1,Sulfurospirillum,885A
Sulfurovum zhangzhouensis,GCF_030347965.1,Sulfurovum,912G
Sunxiuqinia elliptica,GCF_900113005.1,Sunxiuqinia,"523C, 885A"
Sutterella megalosphaeroides,GCF_003609995.1,Sutterella,"523C, 523C, 523C, 523C, 523C, 523C, 523C"
Suttonella indologenes,GCF_900460215.1,Suttonella,"912G, 912G, 912G"
Svornostia abyssi,GCF_024666565.1,Svornostia,"912G, 913G"
Syntrophobacter fumaroxidans,GCF_000014965.1,Syntrophobacter,"912G, 912G"
Syntrophotalea acetylenivorans,GCF_001887775.1,Syntrophotalea,"523C, 523C"
Syntrophus aciditrophicus,GCF_000013405.1,Syntrophus,"912G, 913G"
Syntrophus gentianae,GCF_900109885.1,Syntrophus,912G
Tangfeifania diversioriginum,GCF_900141875.1,Tangfeifania,"523C, 912G, 913G"
Tanticharoenia sakaeratensis,GCF_000963885.1,Tanticharoenia,"912G, 913G"
Taurinivorans muris,GCF_025232395.1,Taurinivorans,"885A, 912G, 885A, 912G, 885A, 912G, 885A, 912G"
Tautonia marina,GCF_009177065.1,Tautonia,885A
Tautonia plasticadhaerens,GCF_007752535.1,Tautonia,"885A, 885A, 885A"
Tautonia rosea,GCF_012958305.1,Tautonia,"885A, 912G, 913G"
Tautonia sociabilis,GCF_003977685.1,Tautonia,"885A, 912G, 913G"
Telluribacter humicola,GCF_017355935.1,Telluribacter,885A
Tenacibaculum agarivorans,GCF_001936575.1,Tenacibaculum,"885A, 912G, 913G"
Tenacibaculum halocynthiae,GCF_964512825.1,Tenacibaculum,"912G, 913G"
Tenacibaculum insulae,GCF_964512435.1,Tenacibaculum,"885A, 912G, 885A"
Tenacibaculum maritimum,GCF_900119795.1,Tenacibaculum,"912G, 913G, 912G, 913G, 912G, 913G, 912G, 913G, 912G, 913G, 912G, 913G"
Tenuibacillus multivorans,GCF_900103915.1,Tenuibacillus,912G
Tepidibacillus fermentans,GCF_004342885.1,Tepidibacillus,885A
Tepidibacillus infernus,GCF_048898065.1,Tepidibacillus,885A
Tepidibacillus marianensis,GCF_037949505.1,Tepidibacillus,"885A, 885A, 885A, 885A, 885A, 885A, 885A, 885A"
Tepidibacter aestuarii,GCF_934924865.1,Tepidibacter,912G
Tepidimonas alkaliphilus,GCF_007556595.1,Tepidimonas,523C
Terriglobus albidus,GCF_025685425.1,Terriglobus,523C
Terriglobus aquaticus,GCF_025685415.1,Terriglobus,523C
Terriglobus roseus,GCF_000265425.1,Terriglobus,"523C, 523C"
Terriglobus tenax,GCF_025685395.1,Terriglobus,523C
Terrisporobacter glycolicus,GCF_036812735.1,Terrisporobacter,"885A, 885A, 885A, 885A, 885A, 885A, 885A, 885A, 885A, 885A, 885A, 885A"
Terrisporobacter hibernicus,GCF_020809405.1,Terrisporobacter,"885A, 885A, 523C, 885A, 885A, 523C, 885A, 523C, 523C"
Terrisporobacter mayombei,GCF_031202285.1,Terrisporobacter,"885A, 885A, 885A, 885A, 885A, 885A, 885A, 885A, 885A, 885A, 885A, 885A"
Terrisporobacter muris,GCF_024621905.1,Terrisporobacter,523C
Terrisporobacter othiniensis,GCF_000808015.1,Terrisporobacter,523C
Terrisporobacter petrolearius,GCF_032598785.1,Terrisporobacter,"885A, 885A, 523C, 885A, 885A, 885A, 885A, 885A, 885A, 885A, 885A, 885A"
Terrisporobacter vanillatitrophus,GCF_051148895.1,Terrisporobacter,"885A, 885A, 885A, 885A, 885A, 885A, 885A, 885A, 885A, 885A, 885A, 885A"
Tessaracoccus aquimaris,GCF_001997345.1,Tessaracoccus,523C
Tessaracoccus coleopterorum,GCF_011174705.1,Tessaracoccus,523C
Tessaracoccus flavus,GCF_001997295.1,Tessaracoccus,"523C, 523C"
Tessaracoccus lubricantis,GCF_039544535.1,Tessaracoccus,523C
Tessaracoccus massiliensis,GCF_000826065.2,Tessaracoccus,523C
Tessaracoccus rhinocerotis,GCF_007197885.1,Tessaracoccus,523C
Tessaracoccus timonensis,GCF_900343145.1,Tessaracoccus,523C
Texcoconibacillus texcoconensis,GCF_014202575.1,Texcoconibacillus,885A
Thalassobacillus cyri,GCF_900107755.1,Thalassobacillus,"885A, 912G"
Thaumasiovibrio subtropicus,GCF_019703835.1,Thaumasiovibrio,913G
Thermanaerothrix daxensis,GCF_001306145.1,Thermanaerothrix,523C
Thermanaerothrix solaris,GCF_032334255.1,Thermanaerothrix,523C
Thermanaerovibrio velox,GCF_000237825.1,Thermanaerovibrio,"523C, 523C, 523C"
Thermoactinospora rubra,GCF_002093975.1,Thermoactinospora,"912G, 913G"
Thermoanaerobacter brockii,GCF_000175295.2,Thermoanaerobacter,"912G, 913G, 912G, 913G, 912G, 913G"
Thermoanaerobacter ethanolicus,GCF_003722315.1,Thermoanaerobacter,"912G, 913G, 912G, 913G, 912G, 913G, 912G, 913G"
Thermoanaerobacter kivui,GCF_000763575.1,Thermoanaerobacter,"885A, 885A, 885A, 885A"
Thermoanaerobacter pseudethanolicus,GCF_000019085.1,Thermoanaerobacter,"912G, 913G, 912G, 913G"
Thermoanaerobacter siderophilus,GCF_000262445.1,Thermoanaerobacter,"912G, 913G"
Thermoanaerobacter wiegelii,GCF_000147695.2,Thermoanaerobacter,"912G, 913G, 912G, 913G"
Thermoanaerobaculum aquaticum,GCF_000687145.1,Thermoanaerobaculum,912G
Thermobifida alba,GCF_023208015.1,Thermobifida,912G
Thermobifida cellulosilytica,GCF_001517975.1,Thermobifida,912G
Thermobifida fusca,GCF_000012405.1,Thermobifida,"912G, 912G, 912G, 912G"
Thermobifida halotolerans,GCF_003574835.2,Thermobifida,"912G, 912G, 912G, 912G"
Thermoclostridium caenicola,GCF_900142095.1,Thermoclostridium,"912G, 913G"
Thermocrinis albus,GCF_000025605.1,Thermocrinis,913G
Thermocrispum agreste,GCF_000427905.1,Thermocrispum,"912G, 912G, 912G"
Thermodesulfatator atlanticus,GCF_000421585.1,Thermodesulfatator,523C
Thermodesulfobium narugense,GCF_000212395.1,Thermodesulfobium,"912G, 913G, 912G, 913G"
Thermodesulfovibrio aggregans,GCF_001514535.1,Thermodesulfovibrio,"912G, 913G"
Thermodesulfovibrio obliviosus,GCF_040451425.1,Thermodesulfovibrio,"912G, 913G"
Thermoflavifilum aggregans,GCF_002797735.1,Thermoflavifilum,"523C, 912G, 913G"
Thermoflavifilum thermophilum,GCF_900116565.1,Thermoflavifilum,"523C, 912G, 913G"
Thermogutta terrifontis,GCF_002277955.1,Thermogutta,"912G, 913G"
Thermoleptolyngbya oregonensis,GCF_032705245.1,Thermoleptolyngbya,"912G, 912G"
Thermoleptolyngbya sichuanensis,GCF_013177315.1,Thermoleptolyngbya,"912G, 912G"
Thermomicrobium roseum,GCF_000021685.1,Thermomicrobium,"885A, 885A"
Thermomonas paludicola,GCF_024498955.1,Thermomonas,"523C, 523C"
Thermomonospora amylolytica,GCF_003589885.1,Thermomonospora,"912G, 912G, 912G, 912G"
Thermomonospora curvata,GCF_000024385.1,Thermomonospora,"912G, 912G, 912G, 912G"
Thermomonospora umbrina,GCF_003386555.1,Thermomonospora,"913G, 913G, 913G, 913G"
Thermonema lapsum,GCF_011761635.1,Thermonema,"885A, 912G, 913G"
Thermopolyspora flexuosa,GCF_006716785.1,Thermopolyspora,"523C, 912G, 913G, 523C, 912G, 913G, 523C, 912G, 913G"
Thermosipho africanus,GCF_000021285.1,Thermosipho,"523C, 523C, 523C"
Thermosipho atlanticus,GCF_900129985.1,Thermosipho,523C
Thermosipho ferrireducens,GCF_017358165.1,Thermosipho,523C
Thermosipho melanesiensis,GCF_000016905.1,Thermosipho,"523C, 523C, 523C, 523C"
Thermostaphylospora chromogena,GCF_900099985.1,Thermostaphylospora,"912G, 912G, 912G"
Thermostichus vulcanus,GCF_022848905.1,Thermostichus,912G
Thermosulfurimonas marina,GCF_012317585.1,Thermosulfurimonas,912G
Thermosulfuriphilus ammonigenes,GCF_011207455.1,Thermosulfuriphilus,912G
Thermosynechococcus sichuanensis,GCF_003555505.1,Thermosynechococcus,912G
Thermosynechococcus vestitus,GCF_000011345.1,Thermosynechococcus,912G
Thermotoga caldifontis,GCF_000828655.1,Thermotoga,"912G, 913G"
Thermotoga neapolitana,GCF_000018945.1,Thermotoga,523C
Thermus altitudinis,GCF_022760835.1,Thermus,912G
Thermus aquaticus,GCF_001399775.1,Thermus,"912G, 912G"
Thermus caldifontis,GCF_003336745.1,Thermus,912G
Thermus composti,GCF_014647535.1,Thermus,912G
Thermus filiformis,GCF_000771745.2,Thermus,912G
Thermus neutrinimicus,GCF_022760955.1,Thermus,912G
Thermus oshimai,GCF_000309885.1,Thermus,"912G, 912G"
Thermus parvatiensis,GCF_001535545.1,Thermus,"912G, 912G"
Thermus sediminis,GCF_003426945.1,Thermus,"912G, 912G"
Thermus tengchongensis,GCF_021462405.1,Thermus,912G
Thermus thermophilus,GCF_000091545.1,Thermus,"912G, 912G"
Thiobaca trueperi,GCF_004342175.1,Thiobaca,523C
Thiobacillus sedimenti,GCF_035621355.1,Thiobacillus,"523C, 523C"
Thiocapsa imhoffii,GCF_016583985.1,Thiocapsa,"885A, 912G, 913G"
Thiorhodospira sibirica,GCF_000227725.2,Thiorhodospira,912G
Thiothrix eikelboomii,GCF_900167255.1,Thiothrix,"912G, 913G, 912G, 913G, 912G, 913G, 912G, 913G"
Thomasclavelia cocleata,GCF_900102365.1,Thomasclavelia,912G
Thomasclavelia ramosa,GCF_016728785.1,Thomasclavelia,"912G, 912G, 912G"
Thomasclavelia spiroformis,GCF_025149465.1,Thomasclavelia,912G
Tigheibacillus jepli,GCF_030732005.2,Tigheibacillus,885A
Tindallia magadiensis,GCF_900113635.1,Tindallia,913G
Tissierella creatinophila,GCF_001940565.1,Tissierella,523C
Tissierella praeacuta,GCF_900460335.1,Tissierella,"523C, 523C, 523C, 523C"
Treponema berlinense,GCF_900167025.1,Treponema,"912G, 913G"
Treponema brennaborense,GCF_000212415.1,Treponema,"885A, 885A"
Treponema parvum,GCF_017893965.1,Treponema,"523C, 912G, 913G, 523C, 912G, 913G"
Treponema pedis,GCF_000447675.1,Treponema,"523C, 912G, 913G, 523C, 912G, 913G"
Trinickia acidisoli,GCF_017315725.1,Trinickia,"912G, 912G, 912G, 912G"
Trinickia dabaoshanensis,GCF_002879885.1,Trinickia,912G
Trinickia diaoshuihuensis,GCF_003390925.1,Trinickia,912G
Trinickia soli,GCF_902859815.1,Trinickia,912G
Trueperella pecoris,GCF_014926385.1,Trueperella,"885A, 912G, 913G, 885A, 912G, 913G, 885A, 912G, 913G, 885A, 912G, 913G"
Tsukamurella conjunctivitidis,GCF_007858475.1,Tsukamurella,523C
Tsukamurella hominis,GCF_965137015.1,Tsukamurella,523C
Tsukamurella paurometabola,GCF_000092225.1,Tsukamurella,"523C, 523C"
Tsukamurella pulmonis,GCF_900460155.1,Tsukamurella,"523C, 523C"
Tsukamurella sputi,GCF_007858445.1,Tsukamurella,523C
Tsukamurella tyrosinosolvens,GCF_001623895.2,Tsukamurella,"523C, 523C"
Tumebacillus avium,GCF_002162355.1,Tumebacillus,523C
Tunturiibacter empetritectus,GCF_040358985.1,Tunturiibacter,523C
Tunturiibacter gelidiferens,GCF_040358255.1,Tunturiibacter,523C
Tunturiibacter lichenicola,GCF_025264645.1,Tunturiibacter,523C
Tunturiibacter psychrotolerans,GCF_040359615.1,Tunturiibacter,523C
Turicimonas muris,GCF_016696765.1,Turicimonas,"885A, 912G, 885A, 912G, 885A, 912G, 885A, 912G, 885A, 912G, 885A, 912G"
Turneriella parva,GCF_000266885.1,Turneriella,"912G, 913G, 912G, 913G"
Undibacterium curvum,GCF_014284235.1,Undibacterium,912G
Undibacterium griseum,GCF_014284195.1,Undibacterium,912G
Undibacterium luofuense,GCF_018139685.1,Undibacterium,523C
Undibacterium oligocarboniphilum,GCF_013377855.1,Undibacterium,912G
Undibacterium rugosum,GCF_014284365.1,Undibacterium,912G
Ureibacillus terrenus,GCF_006569205.1,Ureibacillus,912G
Vagococcus acidifermentans,GCF_003987655.1,Vagococcus,"885A, 912G"
Vagococcus elongatus,GCF_003987645.1,Vagococcus,"885A, 912G"
Vagococcus fessus,GCF_003987565.1,Vagococcus,"912G, 913G"
Vagococcus proximus,GCF_029143285.1,Vagococcus,"912G, 913G"
Vagococcus xieshaowenii,GCF_004792515.1,Vagococcus,"912G, 913G, 912G, 913G, 912G, 913G, 912G, 913G, 912G, 913G, 912G, 913G, 912G, 913G"
Vagococcus zengguangii,GCF_005145005.1,Vagococcus,"912G, 913G, 912G, 913G, 912G, 913G, 912G, 913G, 912G, 913G, 912G, 913G, 912G, 913G"
Varibaculum cambriense,GCF_000420065.1,Varibaculum,"912G, 913G, 912G, 913G"
Varibaculum prostatecancerukia,GCF_943169825.2,Varibaculum,"912G, 913G, 912G, 913G"
Varibaculum vaginae,GCF_900604285.1,Varibaculum,"912G, 913G, 912G, 913G"
Variimorphobacter saccharofermentans,GCF_014174405.1,Variimorphobacter,885A
Variovorax beijingensis,GCF_003951285.1,Variovorax,"912G, 912G"
Variovorax boronicumulans,GCF_009811375.1,Variovorax,912G
Variovorax defluvii,GCF_039541515.1,Variovorax,912G
Variovorax dokdonensis,GCF_030316895.1,Variovorax,912G
Variovorax ginsengisoli,GCF_030486595.1,Variovorax,912G
Variovorax gossypii,GCF_003965815.1,Variovorax,912G
Variovorax guangxiensis,GCF_003952165.1,Variovorax,912G
Variovorax humicola,GCF_037889915.1,Variovorax,"912G, 912G"
Variovorax paradoxus,GCF_048305125.1,Variovorax,"912G, 912G"
Variovorax rhizosphaerae,GCF_037889975.1,Variovorax,912G
Variovorax robiniae,GCF_037889955.1,Variovorax,912G
Variovorax soli,GCF_042657085.1,Variovorax,912G
Variovorax terrae,GCF_022809125.1,Variovorax,"912G, 912G"
Variovorax ureilyticus,GCF_037889935.1,Variovorax,912G
Veillonella agrestimuris,GCF_943193065.1,Veillonella,"885A, 912G, 913G"
Veillonella atypica,GCF_902375065.1,Veillonella,"885A, 912G, 913G, 885A, 912G, 913G, 885A, 912G, 913G"
Veillonella caviae,GCF_003992125.1,Veillonella,"885A, 912G, 913G"
Veillonella criceti,GCF_900460315.1,Veillonella,"912G, 912G, 912G, 912G, 912G"
Veillonella denticariosi,GCF_002959855.1,Veillonella,"885A, 912G, 913G"
Veillonella dispar,GCF_900637515.1,Veillonella,"885A, 912G, 913G, 885A, 912G, 913G, 885A, 912G, 913G, 885A, 912G, 913G"
Veillonella infantium,GCF_002959895.1,Veillonella,"885A, 912G, 913G"
Veillonella nakazawae,GCF_013393365.1,Veillonella,"885A, 912G, 913G, 885A, 912G, 913G, 885A, 912G, 913G, 885A, 912G, 913G"
Veillonella orientalis,GCF_018406505.1,Veillonella,"885A, 912G, 913G, 885A, 912G, 913G, 885A, 912G, 913G, 885A, 912G, 913G"
Veillonella parvula,GCF_900186885.1,Veillonella,"885A, 912G, 913G, 885A, 912G, 913G, 885A, 912G, 913G"
Veillonella tobetsuensis,GCF_002959935.1,Veillonella,"885A, 912G, 913G"
Verticiella sediminum,GCF_007558815.1,Verticiella,"913G, 913G, 913G, 913G"
Vibrio algicola,GCF_009601765.2,Vibrio,912G
Vibrio gallicus,GCF_024346875.1,Vibrio,912G
Vibrio hippocampi,GCF_921292975.1,Vibrio,"912G, 913G"
Vibrio natriegens,GCF_001456255.1,Vibrio,912G
Vibrio nigripulchritudo,GCF_027924785.1,Vibrio,912G
Vibrio owensii,GCF_002021755.1,Vibrio,885A
Vibrio penaeicida,GCF_019977755.1,Vibrio,885A
Vibrio renipiscarius,GCF_000827885.1,Vibrio,"523C, 523C"
Vibrio salilacus,GCF_002811245.1,Vibrio,"912G, 913G"
Vibrio salinus,GCF_021272385.1,Vibrio,"912G, 913G, 913G"
Vibrio taketomensis,GCF_009938185.1,Vibrio,523C
Vibrio vulnificus,GCF_002224265.1,Vibrio,"885A, 913G"
Vitreoscilla filiformis,GCF_002222655.1,Vitreoscilla,523C
Vogesella amnigena,GCF_042648905.1,Vogesella,912G
Vogesella aquatica,GCF_028548455.1,Vogesella,912G
Vogesella indigofera,GCF_003633895.1,Vogesella,912G
Vogesella oryzae,GCF_902829295.1,Vogesella,912G
Vreelandella populi,GCF_003989825.1,Vreelandella,"912G, 913G, 912G, 913G"
Vreelandella sedimenti,GCF_013416325.1,Vreelandella,"912G, 913G"
Vulcanococcus limneticus,GCF_002252705.1,Vulcanococcus,912G
Vulgatibacter incomptus,GCF_001263175.1,Vulgatibacter,"912G, 912G, 912G"
Wandonia haliotis,GCF_039523435.1,Wandonia,"885A, 912G, 913G"
Weissella fangxianensis,GCF_024718545.1,Weissella,"912G, 913G"
Weissella hellenica,GCF_012396435.1,Weissella,"912G, 913G"
Weissella sagaensis,GCF_010306265.1,Weissella,"912G, 913G"
Wenjunlia tyrosinilytica,GCF_014646055.1,Wenjunlia,885A
Wigglesworthia glossinidia,GCF_000247565.1,Wigglesworthia,"885A, 912G, 913G, 885A, 912G, 913G"
Williamsia limnetica,GCF_003217475.1,Williamsia,523C
Williamsia soli,GCF_017377795.1,Williamsia,523C
Winogradskyella costae,GCF_013403865.1,Winogradskyella,"885A, 912G, 913G"
Winogradskyella pacifica,GCF_003386275.1,Winogradskyella,"885A, 912G, 913G"
Winogradskyella psychrotolerans,GCF_000427335.1,Winogradskyella,"885A, 912G, 913G"
Winogradskyella undariae,GCF_013285155.1,Winogradskyella,"885A, 912G, 913G"
Winogradskyella wichelsiae,GCF_013403925.1,Winogradskyella,"885A, 912G, 913G"
Wohlfahrtiimonas chitiniclastica,GCF_002252325.1,Wohlfahrtiimonas,"885A, 912G"
Wolbachia endosymbiont (group A) of Acrocera orbiculus,GCF_947250015.1,Wolbachia,"912G, 913G"
Wolbachia endosymbiont (group A) of Aleiodes leptofemur,GCF_964028465.1,Wolbachia,"912G, 913G"
Wolbachia endosymbiont (group A) of Alloplasta piceator,GCF_964028505.1,Wolbachia,"912G, 913G"
Wolbachia endosymbiont (group A) of Ancistrocerus nigricornis,GCF_947250785.1,Wolbachia,"912G, 913G"
Wolbachia endosymbiont (group A) of Andrena bucephala,GCF_964026715.1,Wolbachia,"912G, 913G"
Wolbachia endosymbiont (group A) of Andrena carantonica,GCF_964027085.1,Wolbachia,"912G, 913G"
Wolbachia endosymbiont (group A) of Andrena dorsata,GCF_947251765.1,Wolbachia,"912G, 913G"
Wolbachia endosymbiont (group A) of Andrena fulva,GCF_964026815.1,Wolbachia,"912G, 913G"
Wolbachia endosymbiont (group A) of Andrena haemorrhoa,GCF_947250565.1,Wolbachia,"912G, 913G"
Wolbachia endosymbiont (group A) of Andrena helvola,GCF_964028415.1,Wolbachia,"912G, 913G"
Wolbachia endosymbiont (group A) of Aporus unicolor,GCF_964277365.1,Wolbachia,"912G, 913G"
Wolbachia endosymbiont (group A) of Apotomis capreana,GCF_964027025.1,Wolbachia,"912G, 913G"
Wolbachia endosymbiont (group A) of Bombylius major,GCF_947251895.1,Wolbachia,"912G, 913G"
Wolbachia endosymbiont (group A) of Brachyopa scutellaris,GCF_964026995.1,Wolbachia,"912G, 913G"
Wolbachia endosymbiont (group A) of Calamotropha paludella,GCF_947251935.1,Wolbachia,"912G, 913G"
Wolbachia endosymbiont (group A) of Campoletis raptor,GCF_964026755.1,Wolbachia,"912G, 913G"
Wolbachia endosymbiont (group A) of Cephus spinipes,GCF_964026895.1,Wolbachia,"912G, 913G"
Wolbachia endosymbiont (group A) of Chalcis sispes,GCF_964026765.1,Wolbachia,"912G, 913G"
Wolbachia endosymbiont (group A) of Cheilosia soror,GCF_947250625.1,Wolbachia,"912G, 913G"
Wolbachia endosymbiont (group A) of Coremacera marginata,GCF_947251955.1,Wolbachia,"912G, 913G"
Wolbachia endosymbiont (group A) of Crataerina pallida,GCF_964028475.1,Wolbachia,"912G, 913G"
Wolbachia endosymbiont (group A) of Cydia amplana,GCF_964028495.1,Wolbachia,"912G, 913G"
Wolbachia endosymbiont (group A) of Cydia splendana,GCF_947179475.1,Wolbachia,"912G, 913G"
Wolbachia endosymbiont (group A) of Cydia strobilella,GCF_964026745.1,Wolbachia,"912G, 913G"
Wolbachia endosymbiont (group A) of Dendrolimus pini,GCF_964026835.1,Wolbachia,"912G, 913G"
Wolbachia endosymbiont (group A) of Ectemnius continuus,GCF_947251695.1,Wolbachia,"912G, 913G"
Wolbachia endosymbiont (group A) of Endotricha flammealis,GCF_947250805.1,Wolbachia,"912G, 913G"
Wolbachia endosymbiont (group A) of Epagoge grotiana,GCF_947251775.1,Wolbachia,"912G, 913G"
Wolbachia endosymbiont (group A) of Epirrhoe alternata,GCF_947251475.1,Wolbachia,"912G, 913G"
Wolbachia endosymbiont (group A) of Epistrophe grossularia,GCF_947251435.1,Wolbachia,"912G, 913G"
Wolbachia endosymbiont (group A) of Eristalinus aeneus,GCF_964026915.1,Wolbachia,"912G, 913G"
Wolbachia endosymbiont (group A) of Eupithecia tripunctaria,GCF_947251595.1,Wolbachia,"912G, 913G"
Wolbachia endosymbiont (group A) of Gastracanthus pulcherrimus,GCF_964028265.1,Wolbachia,"912G, 913G"
Wolbachia endosymbiont (group A) of Gymnosoma rotundatum,GCF_947250765.1,Wolbachia,"912G, 913G"
Wolbachia endosymbiont (group A) of Hylaeus communis,GCF_947251915.1,Wolbachia,"912G, 913G"
Wolbachia endosymbiont (group A) of Icerya purchasi,GCF_947251635.1,Wolbachia,"912G, 913G"
Wolbachia endosymbiont (group A) of Ischnus inquisitorius,GCF_964026985.1,Wolbachia,"912G, 913G"
Wolbachia endosymbiont (group A) of Lasioglossum fulvicorne,GCF_964028605.1,Wolbachia,"912G, 913G"
Wolbachia endosymbiont (group A) of Lasioglossum malachurum,GCF_947179405.1,Wolbachia,"912G, 913G"
Wolbachia endosymbiont (group A) of Lasioglossum morio,GCF_947250585.1,Wolbachia,"912G, 913G"
Wolbachia endosymbiont (group A) of Lasioglossum villosulum,GCF_964026955.1,Wolbachia,"912G, 913G"
Wolbachia endosymbiont (group A) of Lypha dubia,GCF_964028575.1,Wolbachia,"912G, 913G"
Wolbachia endosymbiont (group A) of Melieria omissa,GCF_964031125.1,Wolbachia,"912G, 913G"
Wolbachia endosymbiont (group A) of Melitta haemorrhoidalis,GCF_964273365.1,Wolbachia,"912G, 913G"
Wolbachia endosymbiont (group A) of Merzomyia westermanni,GCF_947251675.1,Wolbachia,"912G, 913G"
Wolbachia endosymbiont (group A) of Microdon myrmicae,GCF_964031025.1,Wolbachia,"912G, 913G"
Wolbachia endosymbiont (group A) of Nomada fabriciana,GCF_947250795.1,Wolbachia,"912G, 913G"
Wolbachia endosymbiont (group A) of Nomada ferruginata,GCF_964027105.1,Wolbachia,"912G, 913G"
Wolbachia endosymbiont (group A) of Nomada flava,GCF_964027055.1,Wolbachia,"912G, 913G"
Wolbachia endosymbiont (group A) of Nomada fucata,GCF_964028175.1,Wolbachia,"912G, 913G"
Wolbachia endosymbiont (group A) of Nomada hirtipes,GCF_963966195.1,Wolbachia,"912G, 913G"
Wolbachia endosymbiont (group A) of Nomada rufipes,GCF_964277465.1,Wolbachia,"912G, 913G"
Wolbachia endosymbiont (group A) of Ophion costatus,GCF_963969245.1,Wolbachia,"912G, 913G"
Wolbachia endosymbiont (group A) of Ophion ellenae,GCF_964019365.1,Wolbachia,"912G, 913G"
Wolbachia endosymbiont (group A) of Opomyza germinationis,GCF_964264765.1,Wolbachia,"912G, 913G"
Wolbachia endosymbiont (group A) of Oxytorus armatus,GCF_964027005.1,Wolbachia,"912G, 913G"
Wolbachia endosymbiont (group A) of Phalera bucephala,GCF_947250505.1,Wolbachia,"912G, 913G"
Wolbachia endosymbiont (group A) of Phasia obesa,GCF_964028125.1,Wolbachia,"912G, 913G"
Wolbachia endosymbiont (group A) of Pheosia gnoma,GCF_947251565.1,Wolbachia,"912G, 913G"
Wolbachia endosymbiont (group A) of Pherbina coryleti,GCF_964026875.1,Wolbachia,"912G, 913G"
Wolbachia endosymbiont (group A) of Philonthus cognatus,GCF_947251755.1,Wolbachia,"912G, 913G"
Wolbachia endosymbiont (group A) of Platycheirus albimanus,GCF_947179415.1,Wolbachia,"912G, 913G"
Wolbachia endosymbiont (group A) of Protocalliphora azurea,GCF_947251425.1,Wolbachia,"912G, 913G"
Wolbachia endosymbiont (group A) of Rhorus exstirpatorius,GCF_964028425.1,Wolbachia,"912G, 913G"
Wolbachia endosymbiont (group A) of Scambus nigricans,GCF_947251485.1,Wolbachia,"912G, 913G"
Wolbachia endosymbiont (group A) of Scoparia ambigualis,GCF_964030675.1,Wolbachia,"912G, 913G"
Wolbachia endosymbiont (group A) of Sphecodes ephippius,GCF_947179545.1,Wolbachia,"912G, 913G"
Wolbachia endosymbiont (group A) of Sphecodes monilicornis,GCF_947251965.1,Wolbachia,"912G, 913G"
Wolbachia endosymbiont (group A) of Sturmia bella,GCF_964030905.1,Wolbachia,"912G, 913G"
Wolbachia endosymbiont (group A) of Therophilus tumidulus,GCF_964277345.1,Wolbachia,"912G, 913G"
Wolbachia endosymbiont (group A) of Tromatobia lineatoria,GCF_964028565.1,Wolbachia,"912G, 913G"
Wolbachia endosymbiont (group A) of Trypoxylon clavicerum,GCF_947251665.1,Wolbachia,"912G, 913G"
Wolbachia endosymbiont (group A) of Udea olivalis,GCF_964028365.1,Wolbachia,"912G, 913G"
Wolbachia endosymbiont (group A) of Volucella bombylans,GCF_964026965.1,Wolbachia,"912G, 913G"
Wolbachia endosymbiont (group A) of Volucella inflata,GCF_947179175.1,Wolbachia,"912G, 913G"
Wolbachia endosymbiont (group B) of Schoenobius gigantella,GCF_964031005.1,Wolbachia,"912G, 913G"
Wolbachia endosymbiont of Aedes aegypti,GCF_017896245.1,Wolbachia,"912G, 913G"
Wolbachia endosymbiont of Cardiocondyla obscurior,GCF_902713635.1,Wolbachia,"912G, 913G"
Wolbachia endosymbiont of Carposina sasakii,GCF_006542295.1,Wolbachia,"912G, 913G"
Wolbachia endosymbiont of Ceratitis capitata,GCF_018454455.1,Wolbachia,"912G, 913G"
Wolbachia endosymbiont of Ceratosolen solmsi,GCF_017869155.1,Wolbachia,"912G, 913G"
Wolbachia endosymbiont of Delia radicum,GCF_021609905.1,Wolbachia,"912G, 913G"
Wolbachia endosymbiont of Dipetalonema caudispina,GCF_013365495.1,Wolbachia,912G
Wolbachia endosymbiont of Drosophila ananassae,GCF_008033215.1,Wolbachia,"912G, 913G"
Wolbachia endosymbiont of Drosophila auraria,GCF_017916175.1,Wolbachia,"912G, 913G"
Wolbachia endosymbiont of Drosophila baimaii,GCF_028982185.1,Wolbachia,"912G, 913G"
Wolbachia endosymbiont of Drosophila barbarae,GCF_044752445.1,Wolbachia,"912G, 913G"
Wolbachia endosymbiont of Drosophila bicornuta,GCF_028982105.1,Wolbachia,"912G, 913G"
Wolbachia endosymbiont of Drosophila bocki,GCF_028982005.1,Wolbachia,"912G, 913G"
Wolbachia endosymbiont of Drosophila burlai,GCF_028981925.1,Wolbachia,"912G, 913G"
Wolbachia endosymbiont of Drosophila incompta,GCF_001758565.1,Wolbachia,"912G, 913G"
Wolbachia endosymbiont of Drosophila innubila,GCF_021378375.1,Wolbachia,"912G, 913G"
Wolbachia endosymbiont of Drosophila leontia,GCF_028981785.1,Wolbachia,"912G, 913G"
Wolbachia endosymbiont of Drosophila melanogaster,GCF_016584425.1,Wolbachia,"912G, 913G"
Wolbachia endosymbiont of Drosophila santomea,GCF_018467135.1,Wolbachia,"912G, 913G"
Wolbachia endosymbiont of Drosophila sechellia,GCF_014354315.1,Wolbachia,"912G, 913G, 912G, 913G"
Wolbachia endosymbiont of Drosophila simulans,GCF_000376605.1,Wolbachia,"912G, 913G"
Wolbachia endosymbiont of Drosophila subpulchrella,GCF_002300525.1,Wolbachia,"912G, 913G"
Wolbachia endosymbiont of Drosophila suzukii,GCF_000333795.1,Wolbachia,"912G, 913G"
Wolbachia endosymbiont of Drosophila teissieri,GCF_005862135.1,Wolbachia,"912G, 913G"
Wolbachia endosymbiont of Drosophila tristis,GCF_028981745.1,Wolbachia,"912G, 913G"
Wolbachia endosymbiont of Drosophila willistoni,GCF_040084705.1,Wolbachia,"912G, 913G"
Wolbachia endosymbiont of Drosophila yakuba,GCF_018467115.1,Wolbachia,"912G, 913G"
Wolbachia endosymbiont of Glossina morsitans morsitans,GCF_000689175.1,Wolbachia,"912G, 913G"
Wolbachia endosymbiont of Kradibia gibbosae,GCF_016031645.1,Wolbachia,"912G, 913G, 912G, 913G"
Wolbachia endosymbiont of Liriomyza huidobrensis,GCF_042928915.1,Wolbachia,"912G, 913G"
Wolbachia endosymbiont of Nasonia oneida,GCF_009012935.1,Wolbachia,"912G, 913G"
Wolbachia endosymbiont of Nomada ferruginata,GCF_001675785.1,Wolbachia,"912G, 913G"
Wolbachia endosymbiont of Nomada flava,GCF_001675695.1,Wolbachia,"912G, 913G"
Wolbachia endosymbiont of Nomada leucophthalma,GCF_001675715.1,Wolbachia,"912G, 913G"
Wolbachia endosymbiont of Nomada panzeri,GCF_001675775.1,Wolbachia,"912G, 913G"
Wolbachia endosymbiont of Phyllotreta cruciferae,GCF_918697765.1,Wolbachia,"912G, 913G"
Wolbachia endosymbiont of Rhagoletis cingulata,GCF_048537655.1,Wolbachia,"912G, 913G"
Wolbachia endosymbiont of Scaptomyza pallida,GCF_032584115.1,Wolbachia,"912G, 913G"
Wolbachia endosymbiont of Wiebesia pumilae,GCF_017869285.1,Wolbachia,"912G, 913G"
Wolbachia endosymbiont of Zaprionus taronus,GCF_033042245.1,Wolbachia,"912G, 913G"
Wolbachia pipientis,GCF_007971685.1,Wolbachia,"912G, 913G"
Wukongibacter baidiensis,GCF_050888315.1,Wukongibacter,"523C, 885A, 523C, 885A, 523C, 885A, 523C, 885A, 523C, 885A, 523C, 885A, 523C, 885A, 523C, 885A, 523C, 885A, 523C, 885A, 523C, 885A, 523C, 885A"
Xanthomarina gelatinilytica,GCF_000348685.1,Xanthomarina,"912G, 913G"
Xanthomonas arboricola,GCF_905367715.1,Xanthomonas,"523C, 523C"
Xanthomonas axonopodis,GCF_041519315.1,Xanthomonas,"523C, 523C"
Xanthomonas bromi,GCF_900092025.1,Xanthomonas,523C
Xanthomonas campestris,GCF_013388375.1,Xanthomonas,"523C, 523C"
Xanthomonas cannabis,GCF_040616535.1,Xanthomonas,"523C, 523C"
Xanthomonas cassavae,GCF_000454545.1,Xanthomonas,523C
Xanthomonas chitinilytica,GCF_026107455.2,Xanthomonas,523C
Xanthomonas cissicola,GCF_002019225.1,Xanthomonas,523C
Xanthomonas citri,GCF_000961215.1,Xanthomonas,"523C, 523C"
Xanthomonas codiaei,GCF_002939785.1,Xanthomonas,523C
Xanthomonas cucurbitae,GCF_009883735.1,Xanthomonas,"523C, 523C"
Xanthomonas dyei,GCF_032698475.1,Xanthomonas,"523C, 523C"
Xanthomonas euroxanthea,GCF_903989455.1,Xanthomonas,"523C, 523C"
Xanthomonas euvesicatoria,GCF_017724035.1,Xanthomonas,"523C, 523C"
Xanthomonas floridensis,GCF_001642575.1,Xanthomonas,523C
Xanthomonas fragariae,GCF_900183975.1,Xanthomonas,"523C, 523C"
Xanthomonas hortorum,GCF_002285515.1,Xanthomonas,"523C, 523C"
Xanthomonas hydrangeae,GCF_032697525.1,Xanthomonas,"523C, 523C"
Xanthomonas melonis,GCF_020783655.1,Xanthomonas,523C
Xanthomonas nasturtii,GCF_023337365.3,Xanthomonas,"523C, 523C"
Xanthomonas oryzae,GCF_008370835.2,Xanthomonas,"523C, 523C"
Xanthomonas perforans,GCF_013112235.1,Xanthomonas,"523C, 523C"
Xanthomonas phaseoli,GCF_008639345.1,Xanthomonas,"523C, 523C"
Xanthomonas pisi,GCF_002940045.1,Xanthomonas,523C
Xanthomonas populi,GCF_002940065.1,Xanthomonas,523C
Xanthomonas prunicola,GCF_025266575.1,Xanthomonas,"523C, 523C"
Xanthomonas vasicola,GCF_000277895.2,Xanthomonas,"523C, 523C"
Xanthomonas vesicatoria,GCF_001908725.1,Xanthomonas,"523C, 523C"
Xiamenia xianingshaonis,GCF_017945865.1,Xiamenia,"523C, 885A, 523C, 885A, 523C, 885A"
Xylanibacillus composti,GCF_018403685.1,Xylanibacillus,523C
Xylanimonas allomyrinae,GCF_004135345.1,Xylanimonas,"523C, 523C, 523C"
Xylanimonas cellulosilytica,GCF_000024965.1,Xylanimonas,"523C, 523C"
Yeosuana aromativorans,GCF_014646655.1,Yeosuana,"912G, 913G"
Yinghuangia soli,GCF_021502675.1,Yinghuangia,885A
Zhenhengia yiwuensis,GCF_014384995.1,Zhenhengia,"885A, 912G"
Zhenpiania hominis,GCF_014333425.1,Zhenpiania,885A
Zhihengliuella alba,GCF_039538765.1,Zhihengliuella,885A
Zobellia galactanivorans,GCF_000973105.1,Zobellia,"885A, 912G, 913G, 885A, 912G, 913G"
Zobellia laminariae,GCF_030553095.1,Zobellia,"912G, 913G, 912G, 913G, 885A"
Zophobihabitans entericus,GCF_011745665.1,Zophobihabitans,"912G, 912G"
Zunongwangia mangrovi,GCF_900112105.1,Zunongwangia,"912G, 913G"
Zunongwangia pacifica,GCF_023499215.1,Zunongwangia,"912G, 913G"
Zunongwangia profunda,GCF_000023465.1,Zunongwangia,"912G, 913G, 912G, 913G, 912G, 913G"
bacterium endosymbiont of Pedicinus badii,GCF_002075085.1,bacterium,"912G, 912G, 912G, 912G"
endosymbiont of Sipalinus gigas,GCF_004296475.1,endosymbiont,"885A, 885A"
